cik,accession,td,date_filed,filer_cik,filer_name,subject_name,extraction_status,window_coverage,bid12,first_bid_date,first_bid_form,first_bid_route,first_bid_accession,n_bid_events,filer_own_bid,ambiguous,n_ambiguous_events,excluded_prior_bid,prior_bid_any,prior_bid_last_date
0000002178,0001104659-24-075608,2024-06-26,2024-06-27,0001827454,"THG Securities Fund, L.P.","ADAMS RESOURCES & ENERGY, INC.",ok,full,1.0,2024-11-12,8-K,A,0000002178-24-000090,4,0,0,0,0,0,
0000002230,0001062993-23-017384,2023-08-31,2023-09-01,0001510281,"Saba Capital Management, L.P.","ADAMS DIVERSIFIED EQUITY FUND, INC.",ok,full,1.0,2024-05-24,SC TO-C,A+B,0000898432-24-000440,1,0,0,0,0,0,
0000006176,0000921895-22-000091,2021-12-28,2022-01-07,0001446114,"Ancora Advisors, LLC",AMPCO PITTSBURGH CORP,ok,full,0.0,,,,,0,0,0,0,0,0,
0000006176,0001731122-25-001701,2025-12-17,2025-12-19,0001991451,"Galloway Capital Partners, LLC",AMPCO PITTSBURGH CORP,ok,full,0.0,,,,,0,0,0,0,0,0,
0000007039,0000807249-22-000071,2022-05-27,2022-06-06,0000807249,"GAMCO INVESTORS, INC. ET AL",TRECORA RESOURCES,ok,full,1.0,2022-06-27,8-K,A,0001193125-22-182819,1,0,0,0,1,1,2022-05-26
0000008063,0001214659-22-004136,2022-03-10,2022-03-21,0001873893,325 CAPITAL LLC,ASTRONICS CORP,ok,full,0.0,,,,,0,0,0,0,0,0,
0000008146,0001171520-22-000566,2022-12-05,2022-12-13,0000937541,Kamin Peter,"AstroNova, Inc.",ok,full,0.0,,,,,0,0,0,0,0,0,
0000008146,0001815572-25-000007,2025-03-17,2025-03-17,0001815572,ASKELADDEN CAPITAL MANAGEMENT LLC,"AstroNova, Inc.",ok,full,0.0,,,,,0,0,0,0,0,0,
0000008328,0001575872-22-000814,2022-08-09,2022-08-22,0001943231,BMI Minerals Co,"Applied Minerals, Inc.",ok,full,0.0,,,,,0,0,0,0,0,0,
0000008328,0001575872-22-000822,2022-08-09,2022-08-23,0001943750,Fox Richard Brian,"Applied Minerals, Inc.",ok,full,0.0,,,,,0,0,0,0,0,0,
0000009389,0000892712-25-000043,2025-03-24,2025-03-24,0000948669,"PARNASSUS INVESTMENTS, LLC",BALL Corp,ok,full,0.0,,,,,0,0,0,0,0,0,
0000009521,0001062993-25-002363,2025-02-11,2025-02-13,0001510281,"Saba Capital Management, L.P.",BANCROFT FUND LTD,ok,full,0.0,,,,,0,0,0,0,0,0,
0000009984,0000921895-24-000155,2024-01-18,2024-01-29,0001929389,Irenic Capital Management LP,BARNES GROUP INC,ok,full,1.0,2024-10-07,8-K,A,0001140361-24-042932,3,0,0,0,0,0,
0000010048,0000929638-25-002512,2025-06-26,2025-07-03,0002074670,"Barnwell Industries, Inc. Employees' Pension Plan Trust",BARNWELL INDUSTRIES INC,ok,full,0.0,,,,,0,0,0,0,0,0,
0000010048,0000921895-25-003243,2025-11-24,2025-12-02,0001380585,Radoff Bradley Louis,BARNWELL INDUSTRIES INC,ok,full,0.0,,,,,0,0,0,0,0,0,
0000010254,0000899140-22-000470,2022-04-14,2022-04-22,0001923166,"Cypress Investments, LLC",EARTHSTONE ENERGY INC,ok,full,0.0,,,,,0,0,0,0,0,0,
0000010329,0001437749-24-014887,2024-04-29,2024-05-06,0001813065,"Auto Services Company, Inc.",BASSETT FURNITURE INDUSTRIES INC,ok,full,0.0,,,,,0,0,0,0,0,0,
0000011544,0001193125-25-316177,2025-12-04,2025-12-11,0001142206,MITSUI SUMITOMO INSURANCE CO LTD,BERKLEY W R CORP,ok,full,0.0,,,,,0,0,0,0,0,0,
0000011544,0001193125-25-316616,2025-12-05,2025-12-11,0000918186,BERKLEY WILLIAM R,BERKLEY W R CORP,ok,full,0.0,,,,,0,0,0,0,0,0,
0000012239,0001213900-22-083244,2022-12-19,2022-12-28,0001856536,Wool Kyle Michael,Dominari Holdings Inc.,ok,full,0.0,,,,,0,0,0,0,0,0,
0000012239,0001213900-23-099249,2023-12-20,2023-12-28,0001538372,Hayes Anthony,Dominari Holdings Inc.,ok,full,0.0,,,,,0,0,0,0,0,0,
0000013156,0001839882-22-007258,2022-03-23,2022-04-01,0001920194,Brown Tice,"Galaxy Gaming, Inc.",ok,full,0.0,,,,,0,0,0,0,0,0,
0000016859,0001213900-23-094576,2023-12-11,2023-12-11,0001201333,SUBIN NEIL S,Scully Royalty Ltd.,ok,full,0.0,,,,,0,0,0,0,0,0,
0000019871,0002056058-25-000003,2025-12-11,2025-12-12,0000944502,MORRISSEY JOHN A,CHICAGO RIVET & MACHINE CO,ok,full,0.0,,,,,0,0,0,0,0,0,
0000019871,0001731122-25-001730,2025-12-26,2025-12-29,0001991451,"Galloway Capital Partners, LLC",CHICAGO RIVET & MACHINE CO,ok,full,0.0,,,,,0,0,0,0,0,0,
0000020520,0001104659-23-065438,2023-05-26,2023-05-26,0001259313,ARES MANAGEMENT LLC,"Frontier Communications Parent, Inc.",ok,full,0.0,,,,,0,0,0,0,0,0,
0000020520,0001493152-23-039512,2023-10-26,2023-11-06,0001525907,"Cerberus Capital Management, L.P.","Frontier Communications Parent, Inc.",ok,full,1.0,2024-09-05,8-K,A,0001140361-24-040148,3,0,0,0,0,0,
0000020520,0001104659-24-110213,2024-10-14,2024-10-21,0001604350,Glendon Capital Management LP,"Frontier Communications Parent, Inc.",ok,full,0.0,,,,,0,0,0,0,1,1,2024-10-07
0000021175,0000060086-23-000140,2023-08-02,2023-08-02,0000060086,LOEWS CORP,CNA FINANCIAL CORP,ok,full,0.0,,,,,0,0,0,0,0,0,
0000022701,0000897101-22-000382,2022-03-28,2022-04-06,0001920590,"NORTHERN PACIFIC GROWTH INVESTMENT ADVISORS, LLC","Pineapple Holdings, Inc.",ok,full,,,,,,0,0,1,1,1,1,2021-12-20
0000022701,0000897101-23-000347,2022-11-09,2023-08-07,0001954316,Maskin Scott,Pineapple Energy Inc.,ok,full,0.0,,,,,0,0,0,0,1,1,2021-12-20
0000022701,0000807249-24-000036,2024-03-20,2024-03-20,0000807249,"GAMCO INVESTORS, INC. ET AL",Pineapple Energy Inc.,ok,full,0.0,,,,,0,0,0,0,0,1,2021-12-20
0000022701,0001493152-24-041340,2024-10-09,2024-10-16,0002040809,Conroy Jeffrey J.,Pineapple Energy Inc.,ok,full,0.0,,,,,0,0,0,0,0,1,2021-12-20
0000022701,0001104659-25-035437,2025-04-09,2025-04-16,0000800177,DANSKE BANK A/S,"SUNation Energy, Inc.",ok,full,0.0,,,,,0,0,0,0,0,1,2021-12-20
0000023111,0001815572-23-000003,2023-03-03,2023-03-10,0001815572,ASKELADDEN CAPITAL MANAGEMENT LLC,COMPUTER TASK GROUP INC,ok,full,1.0,2023-08-09,8-K,A,0001193125-23-206851,5,0,0,0,0,0,
0000023197,0000902664-24-000532,2024-01-22,2024-01-24,0002005699,White Hat Capital Partners LP,COMTECH TELECOMMUNICATIONS CORP /DE/,ok,full,0.0,,,,,0,0,0,0,0,0,
0000023197,0000921895-24-002155,2024-09-13,2024-09-20,0001210707,PORCELAIN MICHAEL,COMTECH TELECOMMUNICATIONS CORP /DE/,ok,full,0.0,,,,,0,0,0,0,0,0,
0000025743,0001104659-22-087294,2022-08-04,2022-08-08,0001687509,Rubric Capital Management LP,"TherapeuticsMD, Inc.",ok,full,0.0,,,,,0,0,0,0,1,1,2022-07-14
0000026780,0001539497-22-000021,2021-12-28,2022-01-07,0000921669,ICAHN CARL C,DANA INC,ok,full,0.0,,,,,0,0,0,0,0,0,
0000028823,0000899140-23-000905,2023-08-11,2023-08-21,0001826937,Hein Park Capital Management LP,"DIEBOLD NIXDORF, Inc",ok,full,0.0,,,,,0,0,0,0,0,0,
0000028823,0000929638-23-002318,2023-08-11,2023-08-21,0001590729,Millstreet Capital Management LLC,"DIEBOLD NIXDORF, Inc",ok,full,0.0,,,,,0,0,0,0,0,0,
0000028823,0001140361-23-040516,2023-08-11,2023-08-18,0001453885,Beach Point Capital Management LP,"DIEBOLD NIXDORF, Inc",ok,full,0.0,,,,,0,0,0,0,0,0,
0000028823,0001422849-23-000154,2023-08-11,2023-08-21,0001422849,Capital World Investors,"DIEBOLD NIXDORF, Inc",ok,full,0.0,,,,,0,0,0,0,0,0,
0000029332,0000029332-22-000058,2022-04-19,2022-04-19,0000029332,DIXIE GROUP INC,DIXIE GROUP INC,ok,full,0.0,,,,,0,0,0,0,0,0,
0000029332,0000029332-23-000065,2023-07-11,2023-07-12,0000029332,DIXIE GROUP INC,DIXIE GROUP INC,ok,full,0.0,,,,,0,0,0,0,0,0,
0000029332,0000029332-24-000015,2024-03-18,2024-03-19,0000029332,DIXIE GROUP INC,DIXIE GROUP INC,ok,full,0.0,,,,,0,0,0,0,0,0,
0000030305,0001493152-24-013403,2024-04-01,2024-04-08,0001982492,Albion River Management LLC,DUCOMMUN INC /DE/,ok,full,0.0,,,,,0,0,0,0,0,0,
0000033992,0001213900-22-040578,2022-07-21,2022-07-21,0001212542,FORTUNOFF GREGORY,"KINGSTONE COMPANIES, INC.",ok,full,0.0,,,,,0,0,0,0,0,0,
0000034067,0000921895-24-001414,2024-06-06,2024-06-13,0000914712,"Steel Connect, Inc.",DMC Global Inc.,ok,full,1.0,2024-09-17,SC TO-C,A+B,0000921895-24-002141,1,1,0,1,0,0,
0000034563,0000921895-22-002665,2022-09-09,2022-09-19,0001461945,"JCP Investment Management, LLC",FARMER BROTHERS CO,ok,full,0.0,,,,,0,0,0,0,0,0,
0000034563,0000921895-22-002792,2022-09-30,2022-10-07,0001640809,"22NW Fund, LP",FARMER BROTHERS CO,ok,full,0.0,,,,,0,0,0,0,0,0,
0000037472,0001214659-23-014895,2023-11-02,2023-11-14,0001569866,GLOBAL VALUE INVESTMENT CORP.,FLEXSTEEL INDUSTRIES INC,ok,full,0.0,,,,,0,0,0,0,0,0,
0000038264,0001104659-25-091229,2025-09-11,2025-09-18,0002017172,"Multicoin Capital Management, LLC","Forward Industries, Inc.",ok,full,0.0,,,,,0,0,0,0,0,0,
0000038264,0001193125-25-207730,2025-09-11,2025-09-18,0001813689,"Galaxy Digital, LP","Forward Industries, Inc.",ok,full,0.0,,,,,0,0,0,0,0,0,
0000038264,0002086701-25-000004,2025-09-11,2025-09-18,0002086701,J Digital 6 Cayman Ltd.,"Forward Industries, Inc.",ok,full,0.0,,,,,0,0,0,0,0,0,
0000040417,0001062993-24-018004,2024-10-25,2024-10-28,0001510281,"Saba Capital Management, L.P.",GENERAL AMERICAN INVESTORS CO INC,ok,full,0.0,,,,,0,0,0,0,0,0,
0000040570,0001214659-23-004528,2023-03-30,2023-03-31,0001325533,"Red Oak Partners, LLC",GEE Group Inc.,ok,full,0.0,,,,,0,0,0,0,0,0,
0000040570,0001062993-23-016502,2023-08-08,2023-08-15,0001989386,Goldenwise Capital Group Ltd,GEE Group Inc.,ok,full,0.0,,,,,0,0,0,0,0,0,
0000041719,0000921895-24-002785,2024-11-14,2024-11-21,0001580320,"ENGINE CAPITAL, L.P.",Magnera Corp,ok,full,0.0,,,,,0,0,0,0,0,0,
0000045876,0001415889-24-030253,2024-12-27,2024-12-30,0001465109,Neuberger Berman Group LLC,ENVIRI Corp,ok,full,1.0,2025-11-21,8-K,A,0001193125-25-290738,1,0,0,0,0,0,
0000045876,0001104659-25-117433,2025-11-21,2025-12-01,0001009268,"D. E. SHAW & CO, L.P.",ENVIRI Corp,ok,full,1.0,2025-11-21,8-K,A,0001193125-25-290738,4,0,0,0,0,0,
0000045919,0000902664-25-002600,2023-04-17,2025-05-30,0002069791,Rosenbach Gary Stephen,HARTE HANKS INC,ok,full,0.0,,,,,0,0,0,0,0,0,
0000045919,0000921895-24-002895,2024-12-04,2024-12-06,0001380585,Radoff Bradley Louis,HARTE HANKS INC,ok,full,0.0,,,,,0,0,0,0,0,0,
0000046129,0001214659-24-018485,2024-10-30,2024-11-06,0001794034,"Juniper Investment Company, LLC",ALLIENT INC,ok,full,0.0,,,,,0,0,0,0,0,0,
0000046207,0001213900-24-006962,2024-01-16,2024-01-26,0001993057,Barnes Kevin,HAWAIIAN ELECTRIC CO INC,ok,full,0.0,,,,,0,0,0,0,0,0,
0000050292,0001531612-23-000018,2023-05-16,2023-05-16,0001531612,"Cove Street Capital, LLC",IEH Corp,ok,full,0.0,,,,,0,0,0,0,0,0,
0000050725,0001193805-22-001168,2022-08-12,2022-08-15,0001730145,"Voss Capital, LLC",GRIFFON CORP,ok,full,0.0,,,,,0,0,0,0,0,0,
0000055067,0001341004-24-000139,2024-08-13,2024-08-19,0002033686,"Acquiror 10VB8, LLC",KELLANOVA,ok,full,1.0,2024-09-11,PREM14A,A,0001193125-24-217313,2,0,0,2,0,0,
0000055529,0001171520-22-000039,2022-01-24,2022-01-25,0000937541,Kamin Peter,KEWAUNEE SCIENTIFIC CORP /DE/,ok,full,0.0,,,,,0,0,0,0,0,0,
0000056868,0001437749-24-002788,2024-02-01,2024-02-01,0001018124,FONG GIFFORD,PRIMEENERGY RESOURCES CORP,ok,full,0.0,,,,,0,0,0,0,0,0,
0000056868,0000912282-25-000128,2025-01-14,2025-02-04,0001015878,DE ROTHSCHILD ROBERT,PRIMEENERGY RESOURCES CORP,ok,full,0.0,,,,,0,0,0,0,0,0,
0000058361,0001062993-22-010019,2022-04-11,2022-04-11,0001058854,CANNELL CAPITAL LLC,"LEE ENTERPRISES, Inc",ok,full,0.0,,,,,0,0,0,0,0,0,
0000058361,0001104659-22-102604,2022-09-20,2022-09-23,0001079093,SLAINE MASON P,"LEE ENTERPRISES, Inc",ok,full,0.0,,,,,0,0,0,0,0,0,
0000058361,0000807249-24-000046,2024-04-15,2024-04-19,0000807249,"GAMCO INVESTORS, INC. ET AL","LEE ENTERPRISES, Inc",ok,full,0.0,,,,,0,0,0,0,0,0,
0000059558,0000950170-25-085594,2025-06-05,2025-06-12,0002067353,"Bain Capital Prairie, LLC",LINCOLN NATIONAL CORP,ok,full,0.0,,,,,0,0,0,0,0,0,
0000060714,0001140361-23-038327,2023-07-28,2023-08-07,0001105838,ROBOTTI ROBERT,"LSB INDUSTRIES, INC.",ok,full,0.0,,,,,0,0,0,0,0,0,
0000062234,0000807249-25-000176,2025-12-09,2025-12-09,0000807249,"GAMCO INVESTORS, INC. ET AL",MARCUS CORP,ok,full,0.0,,,,,0,0,0,0,0,0,
0000063296,0000807249-25-000083,2025-06-06,2025-06-13,0000807249,"GAMCO INVESTORS, INC. ET AL",MATTHEWS INTERNATIONAL CORP,ok,full,0.0,,,,,0,0,0,0,0,0,
0000064463,0001235126-23-000032,2023-07-19,2023-08-01,0001987877,Boos Wayne W,"Soluna Holdings, Inc",ok,full,0.0,,,,,0,0,0,0,0,1,2021-11-04
0000065433,0001062993-25-013144,2025-07-24,2025-07-24,0001510281,"Saba Capital Management, L.P.",MEXICO FUND INC,ok,full,0.0,,,,,0,0,0,0,0,0,
0000065596,0001213900-23-044009,2023-05-18,2023-05-30,0001971612,Kakaopay Corp,SIEBERT FINANCIAL CORP,ok,full,0.0,,,,,0,0,0,0,0,0,
0000071691,0001418812-22-000049,2022-08-02,2022-08-11,0001418812,"VA Partners I, LLC",NEW YORK TIMES CO,ok,full,0.0,,,,,0,0,0,0,0,0,
0000071829,0000921895-22-000398,2021-11-30,2022-02-09,0001380585,Radoff Bradley Louis,NEWPARK RESOURCES INC,ok,full,0.0,,,,,0,0,0,0,0,0,
0000072333,0001104659-24-051481,2024-04-22,2024-04-25,0002019280,Riley Charles W Jr,NORDSTROM INC,ok,full,1.0,2025-03-04,PREM14A,A,0001213900-25-019772,2,0,0,1,0,0,
0000072333,0001193125-24-212653,2024-08-30,2024-09-04,0001946901,"El Puerto de Liverpool, S.A.B. de C.V.",NORDSTROM INC,ok,full,1.0,2025-03-04,PREM14A,A,0001213900-25-019772,3,1,0,1,0,0,
0000072333,0001104659-24-096646,2024-09-03,2024-09-04,0001183469,NORDSTROM ERIK B,NORDSTROM INC,ok,full,1.0,2025-03-04,PREM14A,A,0001213900-25-019772,3,0,0,1,0,0,
0000072333,0001104659-24-131447,2024-12-22,2024-12-23,0001183469,NORDSTROM ERIK B,NORDSTROM INC,ok,full,1.0,2025-03-04,PREM14A,A,0001213900-25-019772,3,0,0,1,0,0,
0000074925,0001140361-22-000857,2021-12-30,2022-01-06,0001890862,QUARTZVIEW CORP,ORIGINAL SIXTEEN TO ONE MINE INC /CA/,ok,full,0.0,,,,,0,0,0,0,0,0,
0000075252,0001193125-25-282986,2025-11-12,2025-11-14,0001409751,"Coliseum Capital Management, LLC",OWENS & MINOR INC/VA/,ok,full,0.0,,,,,0,0,0,0,0,0,
0000077159,0001104659-23-059474,2023-05-12,2023-05-12,0001352851,Magnetar Financial LLC,Ranger Oil Corp,ok,full,1.0,2023-05-18,DEFM14A,A,0001104659-23-062323,2,0,0,0,1,1,2023-02-28
0000077281,0001193805-22-000186,2022-01-31,2022-02-10,0001823527,"Cygnus Capital, Inc.",PENNSYLVANIA REAL ESTATE INVESTMENT TRUST,ok,full,0.0,,,,,0,0,0,0,0,0,
0000078814,0001193805-22-001587,2022-11-14,2022-11-21,0001456565,HESTIA CAPITAL PARTNERS LP,PITNEY BOWES INC /DE/,ok,full,0.0,,,,,0,0,0,0,0,0,
0000080172,0001493152-25-026280,2025-11-28,2025-12-05,0001982492,Albion River Management LLC,NATIONAL PRESTO INDUSTRIES INC,ok,full,0.0,,,,,0,0,0,0,0,0,
0000084129,0000919574-24-005455,2024-08-30,2024-09-09,0001421306,"BRIGADE CAPITAL MANAGEMENT, LP","NEW RITE AID, LLC",ok,full,0.0,,,,,0,0,0,0,0,0,
0000084129,0000950142-24-002364,2024-08-30,2024-09-12,0000019617,JPMORGAN CHASE & CO,"NEW RITE AID, LLC",ok,full,0.0,,,,,0,0,0,0,0,0,
0000084129,0001214659-24-016267,2024-08-30,2024-09-09,0001525362,"HG Vora Capital Management, LLC","NEW RITE AID, LLC",ok,full,0.0,,,,,0,0,0,0,0,0,
0000084129,0002033916-24-000006,2024-08-30,2024-09-09,0001393825,Hudson Bay Capital Management LP,"NEW RITE AID, LLC",ok,full,0.0,,,,,0,0,0,0,0,0,
0000084748,0001193805-23-000094,2023-01-25,2023-02-06,0001517137,Starboard Value LP,ROGERS CORP,ok,full,0.0,,,,,0,0,0,0,0,1,2021-12-16
0000084748,0000921895-25-002118,2025-07-30,2025-08-06,0001517137,Starboard Value LP,ROGERS CORP,ok,full,0.0,,,,,0,0,0,0,0,1,2021-12-16
0000085961,0001214659-22-006766,2022-05-13,2022-05-13,0001525362,"HG Vora Capital Management, LLC",RYDER SYSTEM INC,ok,full,0.0,,,,,0,0,0,0,0,0,
0000087802,0001781002-23-000049,2023-12-13,2023-12-15,0001781002,Bleichroeder LP,SCIENTIFIC INDUSTRIES INC,ok,full,0.0,,,,,0,0,0,0,0,0,
0000087802,0001772351-23-000005,2023-12-19,2023-12-29,0001772351,Veradace Capital Management LLC,SCIENTIFIC INDUSTRIES INC,ok,full,0.0,,,,,0,0,0,0,0,0,
0000088000,0001961261-23-000001,2022-12-30,2023-01-11,0001961261,Granovitz Aaron,Scott's Liquid Gold - Inc.,ok,full,0.0,,,,,0,0,0,0,0,0,
0000088000,0002033370-24-000001,2024-08-01,2024-08-09,0002033370,Horizon Common Inc,Horizon Kinetics Holding Corp,ok,full,,,,,,0,0,1,1,0,0,
0000089140,0001398344-22-010184,2022-04-25,2022-05-23,0001598207,"Wax Asset Management, LLC",SERVOTRONICS INC /DE/,ok,full,0.0,,,,,0,0,0,0,0,0,
0000089140,0001559841-22-000002,2022-08-02,2022-08-03,0001559841,Trbovich Kenneth D,SERVOTRONICS INC /DE/,ok,full,0.0,,,,,0,0,0,0,0,0,
0000089140,0001559841-22-000003,2022-12-06,2022-12-12,0001956845,"Estate of Nicholas D. Trbovich, Sr.",SERVOTRONICS INC /DE/,ok,full,0.0,,,,,0,0,0,0,0,0,
0000089140,0001956845-22-000003,2022-12-06,2022-12-12,0001940403,Trbovich Michael,SERVOTRONICS INC /DE/,ok,full,0.0,,,,,0,0,0,0,0,0,
0000091576,0000950157-25-000042,2024-12-27,2025-01-06,0000009631,BANK OF NOVA SCOTIA,KEYCORP /NEW/,ok,full,0.0,,,,,0,0,0,0,0,0,
0000092380,0000902664-24-004970,2024-07-29,2024-08-05,0001791786,Elliott Investment Management L.P.,SOUTHWEST AIRLINES CO,ok,full,0.0,,,,,0,0,0,0,0,0,
0000093389,0000807249-24-000095,2024-08-12,2024-08-16,0000807249,"GAMCO INVESTORS, INC. ET AL","STANDARD MOTOR PRODUCTS, INC.",ok,full,0.0,,,,,0,0,0,0,0,0,
0000095029,0001213900-25-090272,2025-09-15,2025-09-22,0002086731,Beretta Holdings S.A.,STURM RUGER & CO INC,ok,full,1.0,2026-03-25,SC TO-C,A+B,0001193805-26-000344,3,1,0,0,0,0,
0000095552,0001140361-25-032112,2025-08-13,2025-08-20,0002080221,"SUP Parent Holdings, LLC",SUPERIOR INDUSTRIES INTERNATIONAL INC,ok,full,1.0,2025-08-15,DEFM14A,A,0001140361-25-031532,2,1,0,0,1,1,2025-07-30
0000095953,0000921895-25-001719,2025-05-30,2025-06-06,0002036142,Jumana Capital Investments LLC,ASCENT INDUSTRIES CO.,ok,full,0.0,,,,,0,0,0,0,0,0,
0000098222,0001140361-24-050146,2024-12-13,2024-12-20,0001105838,ROBOTTI ROBERT,TIDEWATER INC,ok,full,0.0,,,,,0,0,0,0,0,0,
0000100726,0000950170-23-046488,2023-08-28,2023-09-05,0000905874,LANGONE KENNETH G,UNIFI INC,ok,full,0.0,,,,,0,0,0,0,0,0,
0000101594,0001493152-22-000977,2022-01-05,2022-01-12,0001903570,Synergy Offshore LLC,US ENERGY CORP,ok,full,0.0,,,,,0,0,0,0,0,0,
0000101594,0001493152-22-001504,2022-01-05,2022-01-18,0001903548,Batchelor Joshua Lane,US ENERGY CORP,ok,full,0.0,,,,,0,0,0,0,0,0,
0000101594,0001493152-22-002759,2022-01-05,2022-01-31,0001377295,Weinzierl John A,US ENERGY CORP,ok,full,0.0,,,,,0,0,0,0,0,0,
0000101594,0001493152-22-021513,2022-07-19,2022-08-05,0001377295,Weinzierl John A,US ENERGY CORP,ok,full,0.0,,,,,0,0,0,0,0,0,
0000101984,0001193805-23-000935,2023-06-21,2023-07-03,0001970265,TORO 18 HOLDINGS LLC,UNIVERSAL ELECTRONICS INC,ok,full,0.0,,,,,0,0,0,0,0,0,
0000101984,0001539497-25-001074,2025-03-27,2025-03-27,0002037231,Kent Lake PR LLC,UNIVERSAL ELECTRONICS INC,ok,full,0.0,,,,,0,0,0,0,0,0,
0000102109,0000921895-24-003013,2024-12-16,2024-12-23,0001734770,"Ault & Company, Inc.",UNIVERSAL SECURITY INSTRUMENTS INC,ok,full,1.0,2024-12-23,DEFM14A,A,0001104659-24-131120,1,0,0,0,1,1,2024-11-27
0000102109,0000921895-25-001941,2025-06-05,2025-07-02,0001704898,"JLA Realty Associates, LLC","UNIVERSAL SAFETY PRODUCTS, INC.",ok,full,0.0,,,,,0,0,0,0,1,1,2024-12-23
0000104169,0000104169-22-000040,2022-06-07,2022-06-17,0000104169,Walmart Inc.,Walmart Inc.,ok,full,0.0,,,,,0,0,0,0,0,0,
0000104169,0001140361-24-049960,2024-12-18,2024-12-19,0001535243,"Walton Enterprises, LLC",Walmart Inc.,ok,full,0.0,,,,,0,0,0,0,0,0,
0000104889,0000950157-24-000736,2023-03-07,2024-05-10,0001621362,O'Shaughnessy Timothy J,Graham Holdings Co,ok,full,0.0,,,,,0,0,0,0,0,0,
0000104889,0000950157-24-001186,2024-09-03,2024-09-05,0001813477,O'Shaughnessy Laura,Graham Holdings Co,ok,full,0.0,,,,,0,0,0,0,0,0,
0000105319,0001731122-25-000604,2025-04-25,2025-04-25,0001991451,"Galloway Capital Partners, LLC","WW INTERNATIONAL, INC.",ok,full,0.0,,,,,0,0,0,0,0,0,
0000202947,0001193125-22-054586,2022-02-15,2022-02-25,0001913678,Eder 2022 Community Property Trust,CAPITAL PROPERTIES INC /RI/,ok,full,0.0,,,,,0,0,0,0,0,0,
0000216851,0001062993-23-016244,2023-08-09,2023-08-11,0001510281,"Saba Capital Management, L.P.","ADAMS NATURAL RESOURCES FUND, INC.",ok,full,0.0,,,,,0,0,0,0,0,0,
0000276720,0001829240-25-000003,2025-11-17,2025-11-19,0001829240,"Maran Capital Management, LLC",PURE CYCLE CORP,ok,full,0.0,,,,,0,0,0,0,0,0,
0000313364,0002030533-24-000001,2024-07-12,2024-07-19,0002030533,A. Gile & Co. LLC,MESA ROYALTY TRUST/TX,ok,full,0.0,,,,,0,0,0,0,0,0,
0000314590,0000928785-25-000015,2025-07-31,2025-08-01,0000928785,STANDARD BANK OF SOUTH AFRICA LTD,SASOL LTD,ok,full,0.0,,,,,0,0,0,0,0,0,
0000314590,0000928785-25-000016,2025-08-01,2025-08-04,0000928785,STANDARD BANK OF SOUTH AFRICA LTD,SASOL LTD,ok,full,0.0,,,,,0,0,0,0,0,0,
0000315131,0001062993-24-019152,2024-11-13,2024-11-14,0001666682,"Edenbrook Capital, LLC",PHX MINERALS INC.,ok,full,1.0,2025-05-09,SC TO-C,A+B,0001104659-25-046341,4,0,0,1,0,0,
0000315131,0001104659-25-049002,2025-05-08,2025-05-15,0001921603,WhiteHawk Income Corp,PHX MINERALS INC.,ok,full,1.0,2025-05-09,SC TO-C,A+B,0001104659-25-046341,4,1,0,1,0,0,
0000315545,0001493152-24-026262,2024-06-26,2024-07-03,0001689739,Pershing Edward,"PROVECTUS BIOPHARMACEUTICALS, INC.",ok,full,0.0,,,,,0,0,0,0,0,0,
0000315545,0001493152-25-026550,2025-12-02,2025-12-08,0001703719,Rodrigues Dominic,"PROVECTUS BIOPHARMACEUTICALS, INC.",ok,full,0.0,,,,,0,0,0,0,0,0,
0000316253,0001415889-25-018509,2025-06-23,2025-06-30,0001912746,"Battery Ventures XIV, L.P.",ENZO BIOCHEM INC,ok,full,1.0,2025-07-07,PREM14A,A,0001213900-25-061587,3,0,0,1,0,1,2023-04-24
0000319654,0001104659-25-098559,2025-10-09,2025-10-10,0001803391,"SoftVest Advisors, LLC",PERMIAN BASIN ROYALTY TRUST,ok,full,0.0,,,,,0,0,0,0,0,0,
0000350737,0001140361-22-024794,2022-06-21,2022-07-01,0001772921,OneWater Marine Inc.,OCEAN BIO CHEM INC,ok,full,1.0,2022-06-22,8-K,A,0001213900-22-034130,2,1,0,0,0,0,
0000351789,0001437749-24-004055,2021-12-30,2024-02-14,0001788568,Peterson Paul Rodney,ELECTRO SENSORS INC,ok,full,,,,,,0,0,1,1,0,0,
0000351789,0001437749-24-004057,2021-12-30,2024-02-14,0001785942,Peterson John Eberhart,ELECTRO SENSORS INC,ok,full,,,,,,0,0,1,1,0,0,
0000351789,0001437749-24-004059,2021-12-30,2024-02-14,0001514241,Peterson Jeffrey Dean,ELECTRO SENSORS INC,ok,full,,,,,,0,0,1,1,0,0,
0000351789,0001437749-24-004061,2021-12-30,2024-02-14,0001832739,Peterson Patricia Nancy,ELECTRO SENSORS INC,ok,full,,,,,,0,0,1,1,0,0,
0000351789,0001437749-24-004064,2021-12-30,2024-02-14,0001788256,Peterson Lynne Elizabeth,ELECTRO SENSORS INC,ok,full,,,,,,0,0,1,1,0,0,
0000351789,0001829126-22-000920,2022-01-04,2022-01-14,0001817604,Activist Investing LLC,ELECTRO SENSORS INC,ok,full,,,,,,0,0,1,1,0,0,
0000351817,0000902664-22-004350,2022-09-20,2022-09-23,0001706220,"Kimmeridge Energy Management Company, LLC","SILVERBOW RESOURCES, INC.",ok,full,0.0,,,,,0,0,0,0,1,1,2022-05-09
0000351817,0001672355-23-000006,2023-06-13,2023-06-14,0001672355,RIPOSTE CAPITAL LLC,"SILVERBOW RESOURCES, INC.",ok,full,1.0,2024-05-16,8-K,A,0001193125-24-140112,1,0,0,0,0,1,2022-05-09
0000352825,0000921895-22-000291,2022-01-27,2022-02-01,0001640809,"22NW Fund, LP",FOSTER L B CO,ok,full,0.0,,,,,0,0,0,0,0,0,
0000354963,0000921895-24-001274,2024-04-01,2024-05-17,0001743984,"GCM Investments GP, LLC",SHENANDOAH TELECOMMUNICATIONS CO/VA/,ok,full,0.0,,,,,0,0,0,0,0,0,
0000354963,0001493152-24-013789,2024-04-01,2024-04-08,0001707921,"ECP ControlCo, LLC",SHENANDOAH TELECOMMUNICATIONS CO/VA/,ok,full,0.0,,,,,0,0,0,0,0,0,
0000355019,0001731122-25-000961,2025-07-07,2025-07-11,0001949366,Damadian Timothy Raymond,FONAR CORP,ok,full,1.0,2025-12-30,8-K,A,0001731122-25-001734,4,0,0,0,0,0,
0000355356,0001731122-23-001628,2023-08-30,2023-08-30,0001991451,"Galloway Capital Partners, LLC",IMPERIAL PETROLEUM INC,ok,full,0.0,,,,,0,0,0,0,0,0,
0000356037,0001214659-24-014893,2024-08-19,2024-08-19,0000925974,NERGES JOSEPH R,CSP INC /MA/,ok,full,0.0,,,,,0,0,0,0,0,0,
0000701288,0001104659-24-066266,2014-03-18,2024-05-29,0001400964,Battat David A,ATRION CORP,ok,partial,0.0,,,,,0,0,0,0,0,0,
0000701288,0001193125-24-149933,2024-05-28,2024-05-30,0000072331,NORDSON CORP,ATRION CORP,ok,full,1.0,2024-05-29,8-K,A,0000947871-24-000536,4,1,0,0,0,0,
0000701347,0001193805-25-001231,2025-08-15,2025-08-22,0001724246,"HoldCo Asset Management, LP",CENTRAL PACIFIC FINANCIAL CORP,ok,full,0.0,,,,,0,0,0,0,0,0,
0000701985,0000899140-22-000826,2022-11-30,2022-12-08,0001040273,Third Point LLC,"Bath & Body Works, Inc.",ok,full,0.0,,,,,0,0,0,0,0,0,
0000707179,0002064726-25-000001,2025-05-01,2025-05-07,0002064726,Otto Bremer Trust,OLD NATIONAL BANCORP /IN/,ok,full,1.0,2025-05-01,8-K,A,0001628280-25-021536,1,1,0,0,0,1,2023-10-31
0000707605,0000921895-22-003096,2022-11-08,2022-11-18,0001756372,Driver Management Co LLC,AMERISERV FINANCIAL INC /PA/,ok,full,0.0,,,,,0,0,0,0,0,0,
0000707605,0001437749-24-012669,2024-04-18,2024-04-22,0001988062,"SB Value Partners, L.P.",AMERISERV FINANCIAL INC /PA/,ok,full,0.0,,,,,0,0,0,0,0,0,
0000707605,0001239944-25-000013,2025-09-23,2025-09-23,0001082769,BAIRD BRENT D,AMERISERV FINANCIAL INC /PA/,ok,full,0.0,,,,,0,0,0,0,0,0,
0000709005,0001477932-22-008910,2022-11-17,2022-11-28,0001718224,"BT Brands, Inc.",NOBLE ROMANS INC,ok,full,0.0,,,,,0,0,0,0,0,0,
0000709283,0000902664-25-000053,2024-12-27,2025-01-06,0002050998,Blue Torch Capital LP,QUANTUM CORP /DE/,ok,full,0.0,,,,,0,0,0,0,0,0,
0000709283,0000947871-25-000896,2025-09-23,2025-10-10,0002055322,Dialectic Technology SPV LLC,QUANTUM CORP /DE/,ok,full,0.0,,,,,0,0,0,0,0,0,
0000712515,0001140361-25-036418,2025-09-25,2025-09-29,0001767640,PUBLIC INVESTMENT FUND,ELECTRONIC ARTS INC.,ok,full,1.0,2025-11-10,PREM14A,A,0001140361-25-041416,2,0,0,2,0,0,
0000714310,0000950103-22-006243,2022-04-01,2022-04-11,0000947357,BANK LEUMI LE ISRAEL BM,VALLEY NATIONAL BANCORP,ok,full,1.0,2022-04-01,8-K,A,0001193125-22-092782,1,0,0,0,1,1,2021-12-03
0000715446,0001493152-24-017664,2024-04-30,2024-05-03,0001689394,Catelani Michael,Anixa Biosciences Inc,ok,full,0.0,,,,,0,0,0,0,0,0,
0000716643,0001731122-23-002293,2023-12-28,2023-12-28,0001991451,"Galloway Capital Partners, LLC",REGIS CORP,ok,full,0.0,,,,,0,0,0,0,0,0,
0000716643,0001013594-24-000022,2024-01-09,2024-01-09,0002006935,Charters William,REGIS CORP,ok,full,0.0,,,,,0,0,0,0,0,0,
0000717806,0001654954-24-000245,2023-12-26,2024-01-05,0000901213,ANDERSON CHARLES C,"FIRST US BANCSHARES, INC.",ok,full,0.0,,,,,0,0,0,0,0,0,
0000717826,0001140361-24-026954,2024-05-16,2024-05-21,0000889232,INVESTOR AB,ERICSSON LM TELEPHONE CO,ok,full,0.0,,,,,0,0,0,0,0,0,
0000717954,0001341401-25-000039,2025-11-14,2025-11-17,0001341401,"River Road Asset Management, LLC",UNIFIRST CORP,ok,full,1.0,2026-05-11,DEFM14A,A,0001140361-26-020380,1,0,0,1,0,0,
0000718332,0001099910-23-000190,2023-10-23,2023-10-30,0001998914,IMA value LLP,"RAVE RESTAURANT GROUP, INC.",ok,full,0.0,,,,,0,0,0,0,0,0,
0000718937,0001193125-25-210003,2025-09-19,2025-09-22,0001912273,Yunqi Capital Ltd,STAAR SURGICAL CO,ok,full,,,,,,0,0,1,2,1,1,2025-09-16
0000719135,0001140361-24-016912,2024-03-25,2024-04-01,0001559834,Vizirgianakis Stavros G.,Apyx Medical Corp,ok,full,0.0,,,,,0,0,0,0,0,0,
0000719135,0000921895-24-000805,2024-03-29,2024-04-05,0001398825,Archon Capital Management LLC,Apyx Medical Corp,ok,full,0.0,,,,,0,0,0,0,0,0,
0000719274,0001214659-22-011271,2022-09-08,2022-09-19,0000896493,"BitNile Holdings, Inc.",GIGA TRONICS INC,ok,full,0.0,,,,,0,0,0,0,1,1,2022-08-02
0000719402,0001437749-22-007518,2022-03-22,2022-03-29,0001415023,Smith Gerald F JR,FIRST NATIONAL CORP /VA/,ok,full,0.0,,,,,0,0,0,0,0,0,
0000723603,0000921895-24-000833,2024-04-05,2024-04-12,0001640809,"22NW Fund, LP",CULP INC,ok,full,0.0,,,,,0,0,0,0,0,0,
0000724742,0000902664-24-001961,2024-02-14,2024-02-22,0001595082,DAVIDSON KEMPNER CAPITAL MANAGEMENT LP,Trinity Place Holdings Inc.,ok,full,0.0,,,,,0,0,0,0,0,0,
0000724742,0000921895-25-000568,2025-02-18,2025-02-21,0001452857,STEEL PARTNERS HOLDINGS L.P.,Trinity Place Holdings Inc.,ok,full,0.0,,,,,0,0,0,0,0,0,
0000725929,0001683168-23-000687,2019-10-09,2023-02-09,0001790729,Bell Gregory Phelps,"B2Digital, Inc.",ok,partial,0.0,,,,,0,0,0,0,0,0,
0000727207,0001104659-23-072981,2023-06-09,2023-06-20,0001524362,"Indaba Capital Management, L.P.","Accelerate Diagnostics, Inc",ok,full,0.0,,,,,0,0,0,0,0,0,
0000729217,0001193805-22-001682,2022-11-29,2022-12-09,0001559771,Engaged Capital LLC,RENT A CENTER INC,ok,full,0.0,,,,,0,0,0,0,0,0,
0000730255,0000902664-22-003109,2022-05-12,2022-05-26,0001841077,"B. Riley Asset Management, LLC",CalAmp Corp.,ok,full,0.0,,,,,0,0,0,0,0,0,
0000730255,0000902664-22-003682,2022-07-12,2022-07-22,0001841077,"B. Riley Asset Management, LLC",CalAmp Corp.,ok,full,0.0,,,,,0,0,0,0,0,0,
0000730263,0001085146-23-000831,2023-02-08,2023-02-09,0000863748,ROYAL LONDON ASSET MANAGEMENT LTD,THOR INDUSTRIES INC,ok,full,0.0,,,,,0,0,0,0,0,0,
0000730263,0001085146-23-001487,2023-03-24,2023-03-27,0000863748,ROYAL LONDON ASSET MANAGEMENT LTD,THOR INDUSTRIES INC,ok,full,0.0,,,,,0,0,0,0,0,0,
0000730263,0001085146-23-001491,2023-03-27,2023-03-28,0000863748,ROYAL LONDON ASSET MANAGEMENT LTD,THOR INDUSTRIES INC,ok,full,0.0,,,,,0,0,0,0,0,0,
0000730263,0001085146-23-002028,2023-05-02,2023-05-03,0000863748,ROYAL LONDON ASSET MANAGEMENT LTD,THOR INDUSTRIES INC,ok,full,0.0,,,,,0,0,0,0,0,0,
0000730669,0001477932-23-003124,2023-03-29,2023-05-05,0001843851,He Huijun,FCCC INC,ok,full,0.0,,,,,0,0,0,0,0,0,
0000733590,0001010549-22-000187,2022-07-27,2022-08-01,0001924473,PHILLIPS CLIFTON E,TRANSCONTINENTAL REALTY INVESTORS INC,ok,full,0.0,,,,,0,0,0,0,0,0,
0000740664,0001104659-22-002789,2021-12-31,2022-01-10,0001095155,Holdsworth Mark Keith,R F INDUSTRIES LTD,ok,full,0.0,,,,,0,0,0,0,0,0,
0000740971,0001174947-22-000677,2022-05-04,2022-05-12,0000703904,SOUTHERN BANCSHARES NC INC,OLD POINT FINANCIAL CORP,ok,full,0.0,,,,,0,0,0,0,0,0,
0000742112,0000902664-24-000980,2024-01-31,2024-02-02,0001595082,DAVIDSON KEMPNER CAPITAL MANAGEMENT LP,INVACARE HOLDINGS Corp,ok,full,0.0,,,,,0,0,0,0,0,0,
0000743758,0001213900-22-001155,2021-10-19,2022-01-07,0001626546,"Hug, Gerard Francis","AiAdvertising, Inc.",ok,full,0.0,,,,,0,0,0,0,0,0,
0000743758,0001213900-23-031351,2023-04-10,2023-04-20,0001973236,"Hexagon Partners, Ltd.","AiAdvertising, Inc.",ok,full,0.0,,,,,0,0,0,0,0,0,
0000744825,0001185185-24-001162,2024-11-20,2024-11-20,0001434993,Zucker Anita G,AMERICAN SHARED HOSPITAL SERVICES,ok,full,0.0,,,,,0,0,0,0,0,0,
0000748592,0001140361-22-046379,2022-12-02,2022-12-20,0001828224,Singer Nicholas Jason,Eterna Therapeutics Inc.,ok,full,0.0,,,,,0,0,0,0,0,0,
0000748790,0000950103-22-007497,2022-02-23,2022-04-29,0000034088,EXXON MOBIL CORP,"Global Clean Energy Holdings, Inc.",ok,full,0.0,,,,,0,0,0,0,0,0,
0000750574,0001193125-25-203287,2025-09-11,2025-09-15,0001195608,MAY ANNE M,"AUBURN NATIONAL BANCORPORATION, INC",ok,full,0.0,,,,,0,0,0,0,0,0,
0000750574,0001193125-25-203298,2025-09-11,2025-09-15,0002085543,Spencer Bruce Steven,"AUBURN NATIONAL BANCORPORATION, INC",ok,full,0.0,,,,,0,0,0,0,0,0,
0000761648,0001504304-22-000012,2022-05-31,2022-06-01,0000810943,HIGH INCOME SECURITIES FUND,"CEDAR REALTY TRUST, INC.",ok,full,1.0,2022-08-25,8-K,A,0001213900-22-051139,1,0,0,1,1,1,2022-04-21
0000764897,0000895345-22-000798,2022-11-22,2022-11-29,0001380393,Fortress Investment Group LLC,"Broad Street Realty, Inc.",ok,full,0.0,,,,,0,0,0,0,0,0,
0000764897,0001341004-24-000100,2024-05-14,2024-05-21,0002024046,"FIG Buyer GP, LLC","Broad Street Realty, Inc.",ok,full,0.0,,,,,0,0,0,0,0,0,
0000766011,0001171843-23-000295,2023-01-06,2023-01-17,0001961667,Toziyana Trust,Caledonia Mining Corp Plc,ok,full,0.0,,,,,0,0,0,0,0,0,
0000766792,0001104659-24-066057,2024-05-28,2024-05-29,0001256239,AFRICK ANDREW,CVD EQUIPMENT CORP,ok,full,0.0,,,,,0,0,0,0,0,0,
0000768411,0000807249-22-000100,2022-08-12,2022-08-22,0000807249,"GAMCO INVESTORS, INC. ET AL",CYBEROPTICS CORP,ok,full,1.0,2022-09-12,PREM14A,A,0001104659-22-099251,3,0,0,0,1,1,2022-08-08
0000768835,0001193125-22-075867,2022-03-07,2022-03-15,0001767199,"Mill Road Capital III, L.P.",BIG LOTS INC,ok,full,0.0,,,,,0,0,0,0,0,0,
0000769520,0001213900-25-045048,2025-05-09,2025-05-16,0002044217,"Garden Investment Management, L.P.",MIDDLEBY Corp,ok,full,0.0,,,,,0,0,0,0,0,0,
0000774415,0001683168-22-004195,2022-05-25,2022-06-07,0001932492,Fu Wah,"KING RESOURCES, INC.",ok,full,0.0,,,,,0,0,0,0,0,0,
0000774415,0001683168-22-004196,2022-05-25,2022-06-07,0001932489,Silver Bloom Properties Ltd,"KING RESOURCES, INC.",ok,full,0.0,,,,,0,0,0,0,0,0,
0000778164,0000921895-25-000585,2025-02-18,2025-02-24,0001380585,Radoff Bradley Louis,"Alto Ingredients, Inc.",ok,full,0.0,,,,,0,0,0,0,0,0,
0000783324,0000919574-23-002137,2023-03-03,2023-03-13,0001280493,SUN VALLEY GOLD LLC,VISTA GOLD CORP,ok,full,0.0,,,,,0,0,0,0,0,0,
0000784199,0001214659-22-011485,2022-09-23,2022-09-26,0001794034,"Juniper Investment Company, LLC","ARTIVION, INC.",ok,full,0.0,,,,,0,0,0,0,0,0,
0000788611,0001493152-25-022041,2024-12-31,2025-11-12,0001563607,Monaco Donald P,"NextTrip, Inc.",ok,full,0.0,,,,,0,0,0,0,0,0,
0000788611,0001493152-25-021815,2025-03-26,2025-11-12,0001447019,KERBY WILLIAM,"NextTrip, Inc.",ok,full,0.0,,,,,0,0,0,0,0,0,
0000788611,0001493152-25-022050,2025-07-14,2025-11-12,0002090185,Jiang David T,"NextTrip, Inc.",ok,full,0.0,,,,,0,0,0,0,0,0,
0000788965,0001437749-22-015512,2022-06-09,2022-06-21,0001167757,HARDIE STEVEN,HALLADOR ENERGY CO,ok,full,0.0,,,,,0,0,0,0,0,0,
0000793040,0000807249-22-000086,2022-07-01,2022-07-11,0000807249,"GAMCO INVESTORS, INC. ET AL",ELLSWORTH GROWTH & INCOME FUND LTD,ok,full,0.0,,,,,0,0,0,0,0,0,
0000793040,0001062993-24-009962,2024-05-08,2024-05-13,0001510281,"Saba Capital Management, L.P.",ELLSWORTH GROWTH & INCOME FUND LTD,ok,full,0.0,,,,,0,0,0,0,0,0,
0000793171,0001493152-22-034325,2022-11-20,2022-12-02,0001953885,Furman Christopher,"Vitro Biopharma, Inc.",ok,full,0.0,,,,,0,0,0,0,0,0,
0000794172,0000921895-22-000341,2022-01-25,2022-02-04,0001786767,Impactive Capital LP,MERIDIAN BIOSCIENCE INC,ok,full,1.0,2022-08-25,PREM14A,A,0001193125-22-230084,3,0,0,1,0,0,
0000797564,0001812409-25-000004,2025-10-31,2025-11-10,0001812409,Field Michael L,"HST Global, Inc.",ok,full,0.0,,,,,0,0,0,0,0,0,
0000797721,0001839882-23-015225,2023-05-30,2023-06-09,0000937567,ONTARIO TEACHERS PENSION PLAN BOARD,VIASAT INC,ok,full,0.0,,,,,0,0,0,0,0,1,2022-05-20
0000798081,0001193125-25-328908,2025-12-17,2025-12-22,0001569866,GLOBAL VALUE INVESTMENT CORP.,LAKELAND INDUSTRIES INC,ok,full,0.0,,,,,0,0,0,0,0,0,
0000799850,0001104659-24-102454,2024-09-19,2024-09-24,0001472322,"Nantahala Capital Management, LLC",AMERICAS CARMART INC,ok,full,0.0,,,,,0,0,0,0,0,0,
0000802257,0001185185-25-000056,2024-12-31,2025-01-29,0002005542,Mitchell John Gormer Jr.,"Mitesco, Inc.",ok,full,0.0,,,,,0,0,0,0,0,0,
0000802257,0001185185-25-000097,2025-02-03,2025-02-07,0001696942,Balencic Jordan Paul,"Mitesco, Inc.",ok,full,0.0,,,,,0,0,0,0,0,0,
0000802257,0001185185-25-000102,2025-02-03,2025-02-07,0001613148,Leath Mack Rimmer Jr.,"Mitesco, Inc.",ok,full,0.0,,,,,0,0,0,0,0,0,
0000802257,0001185185-25-000107,2025-02-03,2025-02-10,0001843099,Anglo Irish Management LLC,"Mitesco, Inc.",ok,full,0.0,,,,,0,0,0,0,0,0,
0000802257,0001185185-25-000354,2025-04-24,2025-04-28,0001843099,Anglo Irish Management LLC,"Mitesco, Inc.",ok,full,0.0,,,,,0,0,0,0,0,0,
0000802257,0001185185-25-000363,2025-04-29,2025-04-29,0001696942,Balencic Jordan Paul,"Mitesco, Inc.",ok,full,0.0,,,,,0,0,0,0,0,0,
0000802257,0001185185-25-000379,2025-04-30,2025-05-01,0001613148,Leath Mack Rimmer Jr.,"Mitesco, Inc.",ok,full,0.0,,,,,0,0,0,0,0,0,
0000802257,0001185185-25-001171,2025-08-25,2025-09-11,0001843099,Anglo Irish Management LLC,"Mitesco, Inc.",ok,full,0.0,,,,,0,0,0,0,0,0,
0000803578,0001437749-22-000856,2021-08-26,2022-01-13,0001880436,BENOIT GERALD JAMES JR,"WAVEDANCER, INC.",ok,full,0.0,,,,,0,0,0,0,0,0,
0000804123,0001504304-22-000013,2022-07-05,2022-07-06,0001504304,"Bulldog Investors, LLP",TAIWAN FUND INC,ok,full,0.0,,,,,0,0,0,0,0,0,
0000804123,0001007280-24-000008,2024-11-14,2024-11-14,0001007280,PUBLIC EMPLOYEES RETIREMENT SYSTEM OF OHIO,TAIWAN FUND INC,ok,full,0.0,,,,,0,0,0,0,0,0,
0000805267,0001062993-24-006470,2024-03-12,2024-03-15,0001510281,"Saba Capital Management, L.P.",abrdn Healthcare Investors,ok,full,0.0,,,,,0,0,0,0,0,0,
0000807707,0000355811-23-000049,2023-10-06,2023-10-11,0000355811,GENTEX CORP,VOXX International Corp,ok,full,0.0,,,,,0,0,0,0,0,0,
0000807707,0000950170-24-139801,2024-12-17,2024-12-23,0000903634,SHALAM JOHN J,VOXX International Corp,ok,full,1.0,2024-12-18,8-K,A,0000950170-24-137633,4,0,0,0,0,0,
0000807707,0000807249-25-000031,2025-02-19,2025-02-26,0000807249,"GAMCO INVESTORS, INC. ET AL",VOXX International Corp,ok,full,1.0,2025-03-03,DEFM14A,A,0001104659-25-019805,2,0,0,0,1,1,2025-01-27
0000807882,0001193805-25-001000,2025-07-10,2025-07-10,0001726173,Biglari Holdings Inc.,JACK IN THE BOX INC,ok,full,0.0,,,,,0,0,0,0,0,0,
0000807882,0000902664-25-005102,2025-11-17,2025-11-18,0002096490,GreenWood Investors LLC,JACK IN THE BOX INC,ok,full,0.0,,,,,0,0,0,0,0,0,
0000808326,0001062993-22-010017,2022-04-01,2022-04-11,0001058854,CANNELL CAPITAL LLC,EMCORE CORP,ok,full,0.0,,,,,0,0,0,0,0,0,
0000808326,0000921895-23-002068,2023-08-17,2023-08-24,0001380585,Radoff Bradley Louis,EMCORE CORP,ok,full,0.0,,,,,0,0,0,0,0,0,
0000809248,0000807249-24-000045,2024-04-15,2024-04-19,0000807249,"GAMCO INVESTORS, INC. ET AL","CARROLS RESTAURANT GROUP, INC.",ok,full,1.0,2024-05-16,8-K,A,0001140361-24-026400,1,0,0,0,1,1,2024-04-12
0000809844,0001062993-23-008960,2023-04-05,2023-04-10,0001510281,"Saba Capital Management, L.P.",MFS HIGH YIELD MUNICIPAL TRUST,ok,full,1.0,2023-08-25,SC TO-C,A+B,0000912938-23-000398,1,0,0,0,0,0,
0000810332,0001140361-23-002444,2023-01-13,2023-01-23,0000100517,"United Airlines Holdings, Inc.",MESA AIR GROUP INC,ok,full,0.0,,,,,0,0,0,0,0,0,
0000810332,0001193125-25-326955,2025-11-25,2025-12-19,0000006201,American Airlines Group Inc.,REPUBLIC AIRWAYS HOLDINGS INC.,ok,full,1.0,2025-12-01,8-K,A,0001193125-25-303961,1,0,0,0,1,1,2025-04-08
0000811641,0001744329-24-000003,2024-05-22,2024-05-22,0001744329,"SRK FUND I, LP",IMMUCELL CORP /DE/,ok,full,0.0,,,,,0,0,0,0,0,0,
0000813298,0000921895-24-001466,2024-06-26,2024-06-26,0001959730,"Fund 1 Investments, LLC","DESTINATION XL GROUP, INC.",ok,full,0.0,,,,,0,0,0,0,0,0,
0000814052,0000950103-24-005228,2024-04-05,2024-04-12,0002018922,"CRITERIA CAIXA, S.A.U.",TELEFONICA S A,ok,full,0.0,,,,,0,0,0,0,0,0,
0000814052,0001493152-24-015612,2024-04-17,2024-04-22,0002020804,State Industrial Participation Co,TELEFONICA S A,ok,full,0.0,,,,,0,0,0,0,0,0,
0000814052,0001104659-25-005688,2025-01-17,2025-01-23,0002052174,Green Bridge Investment Co SCS,TELEFONICA S A,ok,full,0.0,,,,,0,0,0,0,0,0,
0000814586,0000950170-24-141152,2024-12-30,2024-12-30,0001825471,Danone S.A.,"Lifeway Foods, Inc.",ok,full,0.0,,,,,0,0,0,0,0,0,
0000814676,0001193125-25-239221,2025-10-07,2025-10-14,0001569866,GLOBAL VALUE INVESTMENT CORP.,CPS TECHNOLOGIES CORP/DE/,ok,full,0.0,,,,,0,0,0,0,0,0,
0000816761,0001415889-25-008727,2025-03-14,2025-03-21,0001734341,Lynrock Lake LP,TERADATA CORP /DE/,ok,full,0.0,,,,,0,0,0,0,0,0,
0000818033,0000921895-23-000284,2023-01-25,2023-02-06,0001687509,Rubric Capital Management LP,"HERON THERAPEUTICS, INC. /DE/",ok,full,0.0,,,,,0,0,0,0,0,0,
0000818972,0001140361-23-035766,2023-07-12,2023-07-24,0000070858,BANK OF AMERICA CORP /DE/,"BNY MELLON STRATEGIC MUNICIPALS, INC.",ok,full,0.0,,,,,0,0,0,0,0,0,
0000818972,0001062993-24-012445,2024-06-07,2024-06-12,0001510281,"Saba Capital Management, L.P.","BNY MELLON STRATEGIC MUNICIPALS, INC.",ok,full,0.0,,,,,0,0,0,0,0,0,
0000819050,0001213900-24-040846,2024-05-01,2024-05-08,0002003514,"Exploration Capital, LLC","Fresh Tracks Therapeutics, Inc.",ok,full,0.0,,,,,0,0,0,0,0,0,
0000819926,0001640334-22-002155,2022-04-14,2022-09-30,0001947324,Chan Pak Hei Jefferson,SHARING ECONOMY INTERNATIONAL INC.,ok,full,0.0,,,,,0,0,0,0,0,0,
0000823546,0001493152-24-003985,2024-01-18,2024-01-26,0001939150,GK Partners ApS,"ROCKETFUEL BLOCKCHAIN, INC.",ok,full,0.0,,,,,0,0,0,0,0,0,
0000825313,0000950170-24-122379,2024-11-04,2024-11-06,0001333986,"Equitable Holdings, Inc.",ALLIANCEBERNSTEIN HOLDING L.P.,ok,full,1.0,2025-02-24,SC TO-T,B,0001193125-25-032774,2,1,0,0,0,0,
0000825313,0000950170-24-139133,2024-12-19,2024-12-20,0001333986,"Equitable Holdings, Inc.",ALLIANCEBERNSTEIN HOLDING L.P.,ok,full,1.0,2025-02-24,SC TO-T,B,0001193125-25-032774,2,1,0,0,0,0,
0000825322,0001493152-22-004633,2022-02-09,2022-02-15,0001693901,Bhatnagar Anshu,"MPHASE TECHNOLOGIES, INC.",ok,full,0.0,,,,,0,0,0,0,0,0,
0000825345,0001062993-23-020829,2023-11-14,2023-11-14,0001510281,"Saba Capital Management, L.P.",NEW AMERICA HIGH INCOME FUND INC,ok,full,0.0,,,,,0,0,0,0,0,0,
0000827187,0001193805-23-001215,2023-08-22,2023-08-25,0001105087,STADIUM CAPITAL MANAGEMENT LLC,Sleep Number Corp,ok,full,0.0,,,,,0,0,0,0,0,0,
0000827773,0000769317-23-000073,2023-10-02,2023-10-02,0000769317,SIT INVESTMENT ASSOCIATES INC,PUTNAM PREMIER INCOME TRUST,ok,full,0.0,,,,,0,0,0,0,0,0,
0000827871,0001104659-24-024047,2024-02-12,2024-02-14,0001339978,Graves Michael,"EAGLE PHARMACEUTICALS, INC.",ok,full,0.0,,,,,0,0,0,0,0,0,
0000828803,0000038777-22-000162,2022-08-31,2022-09-12,0000038777,FRANKLIN RESOURCES INC,TEMPLETON GLOBAL INCOME FUND,ok,full,0.0,,,,,0,0,0,0,1,1,2021-10-13
0000829365,0000902664-22-002499,2022-04-04,2022-04-11,0001317904,Oasis Management Co Ltd.,NAM TAI PROPERTY INC.,ok,full,0.0,,,,,0,0,0,0,0,0,
0000830524,0001389404-23-000004,2023-07-21,2023-08-02,0001389404,Edward L. Chase Revocable Trust,CHASE CORP,ok,full,1.0,2023-07-24,8-K,A,0001558370-23-012094,4,0,0,0,0,0,
0000830622,0000769317-23-000072,2023-10-02,2023-10-02,0000769317,SIT INVESTMENT ASSOCIATES INC,PUTNAM MASTER INTERMEDIATE INCOME TRUST,ok,full,0.0,,,,,0,0,0,0,0,0,
0000831547,0001213900-22-004782,2022-01-24,2022-02-01,0001904921,"Hanmi Pharmaceutical Co., Ltd.",SPECTRUM PHARMACEUTICALS INC,ok,full,0.0,,,,,0,0,0,0,0,0,
0000832327,0000897101-24-000604,2024-11-25,2024-11-26,0000769317,SIT INVESTMENT ASSOCIATES INC,"BLACKROCK INCOME TRUST, INC.",ok,full,0.0,,,,,0,0,0,0,0,0,
0000832428,0001971213-25-000079,2025-11-07,2025-11-17,0001971213,"Sinclair, Inc.",E.W. SCRIPPS Co,ok,full,0.0,,,,,0,0,0,0,0,0,
0000832988,0001104659-25-018553,2025-02-26,2025-02-27,0001592643,"Select Equity Group, L.P.",SIGNET JEWELERS LTD,ok,full,0.0,,,,,0,0,0,0,0,0,
0000835662,0001493152-23-004406,2023-02-13,2023-02-13,0001746374,Lin Quanzhong,"AiXin Life International, Inc.",ok,full,0.0,,,,,0,0,0,0,0,0,
0000835662,0001493152-23-004408,2023-02-13,2023-02-13,0001746373,Wang Yao-Te,"AiXin Life International, Inc.",ok,full,0.0,,,,,0,0,0,0,0,0,
0000836147,0001446114-23-000002,2022-12-01,2023-01-05,0001446114,"Ancora Advisors, LLC",MIDDLEFIELD BANC CORP,ok,full,,,,,,0,0,1,1,0,0,
0000836690,0001104659-22-130438,2022-03-17,2022-12-28,0001959736,Estate of Geoffrey S. M. Hedrick,INNOVATIVE SOLUTIONS & SUPPORT INC,ok,full,,,,,,0,0,1,1,0,0,
0000836690,0000895345-22-000689,2022-08-29,2022-09-13,0001946479,Harborne Christopher,INNOVATIVE SOLUTIONS & SUPPORT INC,ok,full,,,,,,0,0,1,1,0,0,
0000839122,0001140361-23-035768,2023-07-12,2023-07-24,0000070858,BANK OF AMERICA CORP /DE/,"BNY MELLON MUNICIPAL INCOME, INC.",ok,full,0.0,,,,,0,0,0,0,0,0,
0000839122,0001062993-23-019931,2023-10-30,2023-11-01,0001510281,"Saba Capital Management, L.P.","BNY MELLON MUNICIPAL INCOME, INC.",ok,full,0.0,,,,,0,0,0,0,0,0,
0000839533,0000769317-23-000076,2023-10-06,2023-10-06,0000769317,SIT INVESTMENT ASSOCIATES INC,DWS MUNICIPAL INCOME TRUST,ok,full,0.0,,,,,0,0,0,0,0,0,
0000839533,0001062993-23-020590,2023-11-06,2023-11-13,0001510281,"Saba Capital Management, L.P.",DWS MUNICIPAL INCOME TRUST,ok,full,0.0,,,,,0,0,0,0,0,0,
0000840715,0001753926-25-001049,2025-06-20,2025-07-01,0002057383,First Finance Ltd.,CLEARONE INC,ok,full,0.0,,,,,0,0,0,0,0,0,
0000842518,0000897069-22-000616,2022-11-14,2022-11-14,0001569147,"PL Capital Advisors, LLC",EVANS BANCORP INC,ok,full,0.0,,,,,0,0,0,0,0,0,
0000842633,0000902664-24-005842,2024-10-07,2024-10-15,0002040467,Trend International Holding AG,TRIMAS CORP,ok,full,0.0,,,,,0,0,0,0,0,0,
0000842717,0001104659-24-045947,2024-04-03,2024-04-10,0001868329,"Castle Creek Capital Partners VIII, LP","BLUE RIDGE BANKSHARES, INC.",ok,full,0.0,,,,,0,0,0,0,0,1,2021-07-15
0000842717,0001170549-24-000006,2024-04-03,2024-04-10,0001170549,LEHMAN KENNETH R,"BLUE RIDGE BANKSHARES, INC.",ok,full,0.0,,,,,0,0,0,0,0,1,2021-07-15
0000843006,0001654954-25-000109,2024-12-31,2025-01-03,0001563674,"Yorkmont Capital Partners, LP",ISSUER DIRECT CORP,ok,full,0.0,,,,,0,0,0,0,0,0,
0000843006,0002053119-25-000002,2025-08-12,2025-08-19,0002053119,2717 Partners LP,ACCESS Newswire Inc.,ok,full,0.0,,,,,0,0,0,0,0,0,
0000844965,0001361570-25-000008,2025-04-15,2025-04-15,0001361570,PICTET ASSET MANAGEMENT SA,TETRA TECHNOLOGIES INC,ok,full,0.0,,,,,0,0,0,0,0,0,
0000845606,0001062993-23-015074,2023-07-17,2023-07-19,0001510281,"Saba Capital Management, L.P.",MFS HIGH INCOME MUNICIPAL TRUST,ok,full,0.0,,,,,0,0,0,0,0,0,
0000845611,0000807249-23-000009,2022-12-29,2023-02-07,0000807249,"GAMCO INVESTORS, INC. ET AL",GABELLI CONVERTIBLE & INCOME SECURITIES FUND INC,ok,full,0.0,,,,,0,0,0,0,0,0,
0000845982,0000902664-24-004633,2024-07-02,2024-07-09,0001365341,Cevian Capital II GP LTD,SMITH & NEPHEW PLC,ok,full,0.0,,,,,0,0,0,0,0,0,
0000846596,0001062993-23-003905,2023-02-15,2023-02-17,0001510281,"Saba Capital Management, L.P.",DWS STRATEGIC MUNICIPAL INCOME TRUST,ok,full,0.0,,,,,0,0,0,0,0,0,
0000846596,0000769317-23-000091,2023-11-15,2023-11-15,0000769317,SIT INVESTMENT ASSOCIATES INC,DWS STRATEGIC MUNICIPAL INCOME TRUST,ok,full,0.0,,,,,0,0,0,0,0,0,
0000847411,0001062993-23-015234,2023-07-21,2023-07-24,0001510281,"Saba Capital Management, L.P.",MFS INVESTMENT GRADE MUNICIPAL TRUST,ok,full,1.0,2023-08-25,SC TO-C,A+B,0000912938-23-000399,1,0,0,0,0,0,
0000847942,0001393905-22-000342,2022-09-01,2022-09-06,0001945418,Exworth Management LLC,STRATEGIC ACQUISITIONS INC /NV/,ok,full,0.0,,,,,0,0,0,0,0,0,
0000849146,0001851734-22-000538,2022-08-26,2022-09-06,0001554334,"Sudbury Capital Fund, LP",Lifevantage Corp,ok,full,0.0,,,,,0,0,0,0,0,0,
0000849146,0000921895-23-001213,2023-05-05,2023-05-15,0001380585,Radoff Bradley Louis,Lifevantage Corp,ok,full,0.0,,,,,0,0,0,0,0,0,
0000849399,0001213900-23-060435,2022-09-12,2023-07-28,0001911036,Baudis Pavel,Gen Digital Inc.,ok,full,0.0,,,,,0,0,0,0,1,1,2021-10-04
0000849997,0001477932-25-006270,2025-07-31,2025-08-26,0001829200,PXP Energy Corp,FEC Resources Inc.,ok,full,0.0,,,,,0,0,0,0,0,0,
0000850027,0001140361-23-046248,2023-08-28,2023-10-02,0001401612,Sims David C,"EAGLE CAPITAL GROWTH FUND, INC.",ok,full,0.0,,,,,0,0,0,0,0,0,
0000851310,0000921895-23-002203,2023-09-15,2023-09-21,0001279150,SCOPIA CAPITAL MANAGEMENT LP,HARMONIC INC,ok,full,0.0,,,,,0,0,0,0,0,0,
0000851310,0000921895-24-000953,2024-04-19,2024-04-26,0001279150,SCOPIA CAPITAL MANAGEMENT LP,HARMONIC INC,ok,full,0.0,,,,,0,0,0,0,0,0,
0000852772,0000921895-25-002580,2025-09-08,2025-09-15,0001461945,"JCP Investment Management, LLC",DENNY'S Corp,ok,full,1.0,2025-11-04,8-K,A,0001193125-25-263393,4,0,0,0,0,0,
0000855787,0001437749-22-014747,2016-10-11,2022-06-10,0001719430,AEI Acquisition Co LLC,ALPHA ENERGY INC,ok,partial,0.0,,,,,0,0,0,0,0,0,
0000855887,0001140361-23-035773,2023-07-12,2023-07-24,0000070858,BANK OF AMERICA CORP /DE/,"BNY MELLON STRATEGIC MUNICIPAL BOND FUND, INC.",ok,full,0.0,,,,,0,0,0,0,0,0,
0000855887,0001062993-23-023266,2023-12-20,2023-12-29,0001510281,"Saba Capital Management, L.P.","BNY MELLON STRATEGIC MUNICIPAL BOND FUND, INC.",ok,full,0.0,,,,,0,0,0,0,0,0,
0000858706,0001062993-24-016317,2024-09-06,2024-09-09,0001510281,"Saba Capital Management, L.P.",NEW GERMANY FUND INC,ok,full,0.0,,,,,0,0,0,0,0,0,
0000859796,0001062993-25-005057,2025-03-06,2025-03-10,0001510281,"Saba Capital Management, L.P.",JAPAN SMALLER CAPITALIZATION FUND INC,ok,full,0.0,,,,,0,0,0,0,0,0,
0000861838,0001185185-23-000265,2022-09-28,2023-03-28,0001946240,Chopra Atul,"Aceragen, Inc.",ok,full,,,,,,0,0,1,1,0,0,
0000861838,0001104659-23-004635,2023-01-17,2023-01-18,0001949248,"NovaQuest Co-Investment Fund XV, L.P.","Aceragen, Inc.",ok,full,0.0,,,,,0,0,0,0,0,0,
0000862831,0000897069-25-000660,2025-03-12,2025-03-18,0001569147,"PL Capital Advisors, LLC",FINANCIAL INSTITUTIONS INC,ok,full,0.0,,,,,0,0,0,0,0,0,
0000866095,0001062993-25-000996,2025-01-21,2025-01-22,0001510281,"Saba Capital Management, L.P.","ABRDN JAPAN EQUITY FUND, INC.",ok,full,0.0,,,,,0,0,0,0,0,0,
0000866439,0001683168-22-004779,2022-06-24,2022-07-05,0001763085,O'Leary Dennis M,"DarkPulse, Inc.",ok,full,1.0,2022-12-15,8-K,A,0001683168-22-008440,1,0,0,0,0,0,
0000866729,0000950170-24-045983,2024-04-18,2024-04-19,0001676522,Lucchese Iole,SCHOLASTIC CORP,ok,full,0.0,,,,,0,0,0,0,0,1,2022-10-24
0000866829,0001140361-23-024384,2023-05-02,2023-05-12,0001041815,KRATZ OWEN E,HELIX ENERGY SOLUTIONS GROUP INC,ok,full,0.0,,,,,0,0,0,0,0,0,
0000867028,0001493152-22-006227,2022-03-03,2022-03-08,0001838103,Szoradi Charles Attila,FOMO CORP.,ok,full,0.0,,,,,0,0,0,0,0,0,
0000867773,0001104659-22-098925,2022-09-06,2022-09-09,0001747194,"Global Infrastructure Investors III, LLC",SUNPOWER CORP,ok,full,0.0,,,,,0,0,0,0,0,0,
0000867840,0001683168-23-002417,2021-10-04,2023-04-17,0001888951,Anania Peter V.,"PRECISION OPTICS CORPORATION, INC.",ok,full,0.0,,,,,0,0,0,0,0,0,
0000870780,0001062993-23-007448,2023-03-20,2023-03-22,0001510281,"Saba Capital Management, L.P.",NUVEEN PENNSYLVANIA QUALITY MUNICIPAL INCOME FUND,ok,full,0.0,,,,,0,0,0,0,0,0,
0000870780,0000897101-24-000224,2024-06-05,2024-06-05,0000769317,SIT INVESTMENT ASSOCIATES INC,NUVEEN PENNSYLVANIA QUALITY MUNICIPAL INCOME FUND,ok,full,0.0,,,,,0,0,0,0,0,0,
0000873860,0000904853-22-000002,2022-09-12,2022-09-23,0000904853,Amster Howard,OCWEN FINANCIAL CORP,ok,full,0.0,,,,,0,0,0,0,0,0,
0000875355,0001829126-22-012198,2022-05-23,2022-05-31,0001817604,Activist Investing LLC,INSIGNIA SYSTEMS INC/MN,ok,full,0.0,,,,,0,0,0,0,0,0,
0000876427,0000807249-25-000101,2025-07-31,2025-08-01,0000807249,"GAMCO INVESTORS, INC. ET AL","MONRO, INC.",ok,full,0.0,,,,,0,0,0,0,0,0,
0000876427,0001539497-25-002847,2025-10-29,2025-11-05,0000921669,ICAHN CARL C,"MONRO, INC.",ok,full,0.0,,,,,0,0,0,0,0,0,
0000876883,0000950170-25-058891,2025-04-04,2025-04-25,0000902015,BALLMER STEVEN A,Stagwell Inc,ok,full,0.0,,,,,0,0,0,0,0,0,
0000877463,0001654954-22-009918,2020-10-08,2022-07-21,0001344146,"Toronto Dominion Investments, Inc.",Invesco Municipal Trust,ok,partial,0.0,,,,,0,0,0,0,0,0,
0000877463,0001062993-24-008825,2024-04-22,2024-04-26,0001510281,"Saba Capital Management, L.P.",Invesco Municipal Trust,ok,full,0.0,,,,,0,0,0,0,0,0,
0000879407,0000950170-25-021481,2025-02-07,2025-02-14,0000873303,"Sarepta Therapeutics, Inc.","ARROWHEAD PHARMACEUTICALS, INC.",ok,full,0.0,,,,,0,0,0,0,0,0,
0000879585,0000929638-24-001739,2023-04-11,2024-05-07,0000922147,PRIOR CORNELIUS B JR,"ATN International, Inc.",ok,full,0.0,,,,,0,0,0,0,0,1,2021-01-04
0000880631,0000921895-22-000221,2022-01-12,2022-01-24,0001520619,ETFS Capital Limited.,"WisdomTree Investments, Inc.",ok,full,,,,,,0,0,1,1,0,0,
0000880892,0001062993-24-008824,2024-04-22,2024-04-26,0001510281,"Saba Capital Management, L.P.",Invesco Trust for Investment Grade Municipals,ok,full,0.0,,,,,0,0,0,0,0,0,
0000882150,0001654954-22-009234,2022-06-22,2022-07-05,0001344146,"Toronto Dominion Investments, Inc.","BLACKROCK MUNIYIELD NEW YORK QUALITY FUND, INC.",ok,full,0.0,,,,,0,0,0,0,0,0,
0000882150,0001062993-23-021194,2023-11-13,2023-11-20,0001510281,"Saba Capital Management, L.P.","BLACKROCK MUNIYIELD NEW YORK QUALITY FUND, INC.",ok,full,0.0,,,,,0,0,0,0,0,0,
0000882300,0001062993-23-001543,2023-01-26,2023-01-30,0001510281,"Saba Capital Management, L.P.",WESTERN ASSET INTERMEDIATE MUNI FUND INC.,ok,full,0.0,,,,,0,0,0,0,0,0,
0000882361,0001213900-23-075818,2023-09-06,2023-09-12,0001904921,"Hanmi Pharmaceutical Co., Ltd.",Aptose Biosciences Inc.,ok,full,0.0,,,,,0,0,0,0,0,0,
0000883265,0001062993-23-019508,2023-10-17,2023-10-18,0001510281,"Saba Capital Management, L.P.",Invesco Trust for Investment Grade New York Municipals,ok,full,1.0,2024-06-13,SC TO-C,A+B,0001137439-24-001069,1,0,0,0,0,0,
0000883265,0000769317-24-000059,2024-03-28,2024-03-28,0000769317,SIT INVESTMENT ASSOCIATES INC,Invesco Trust for Investment Grade New York Municipals,ok,full,1.0,2024-06-13,SC TO-C,A+B,0001137439-24-001069,2,0,0,0,0,0,
0000883412,0001654954-22-009236,2022-06-22,2022-07-05,0001344146,"Toronto Dominion Investments, Inc.","BLACKROCK MUNIYIELD QUALITY FUND III, INC.",ok,full,0.0,,,,,0,0,0,0,0,0,
0000883945,0001104659-22-077956,2022-06-29,2022-07-07,0001352851,Magnetar Financial LLC,USA TRUCK INC,ok,full,1.0,2022-07-18,PREM14A,A,0001008886-22-000080,3,0,0,0,1,1,2022-06-24
0000883984,0000950127-22-000003,2022-01-06,2022-01-12,0001901425,Smiths Group International Holdings Ltd,ICU MEDICAL INC/DE,ok,full,0.0,,,,,0,0,0,0,0,0,
0000884121,0001062993-23-023268,2023-12-20,2023-12-29,0001510281,"Saba Capital Management, L.P.",abrdn Life Sciences Investors,ok,full,0.0,,,,,0,0,0,0,0,0,
0000884152,0001062993-24-001198,2024-01-18,2024-01-24,0001510281,"Saba Capital Management, L.P.",Invesco Municipal Opportunity Trust,ok,full,0.0,,,,,0,0,0,0,0,0,
0000884624,0000921895-23-002456,2023-10-24,2023-11-03,0001580320,"ENGINE CAPITAL, L.P.",Orthofix Medical Inc.,ok,full,0.0,,,,,0,0,0,0,0,0,
0000884624,0001214659-25-000281,2024-12-30,2025-01-07,0001794034,"Juniper Investment Company, LLC",Orthofix Medical Inc.,ok,full,0.0,,,,,0,0,0,0,0,0,
0000884650,0001654954-22-002576,2021-09-16,2022-03-04,0001621361,Hoyen Andrew T.,INFINITE GROUP INC,ok,full,0.0,,,,,0,0,0,0,0,0,
0000884650,0001654954-22-001276,2021-11-02,2022-02-08,0001894175,Popper Richard,INFINITE GROUP INC,ok,full,0.0,,,,,0,0,0,0,0,0,
0000885307,0001217160-22-000038,2021-03-10,2022-10-21,0001787245,OREGON COMMUNITY FOUNDATION,JEWETT CAMERON TRADING CO LTD,ok,full,0.0,,,,,0,0,0,0,0,0,
0000885550,0001104659-22-100898,2022-08-14,2022-09-16,0001473482,Donald A. Foss 2009 Annuity Trust,CREDIT ACCEPTANCE CORP,ok,full,0.0,,,,,0,0,0,0,0,0,
0000885590,0000902664-25-001705,2025-03-31,2025-04-07,0001075186,MERUELO ALEX,Bausch Health Companies Inc.,ok,full,1.0,2025-07-29,SC TO-C,A+B,0001193125-25-167139,1,0,0,4,0,0,
0000886136,0001387131-22-012310,2022-12-02,2022-12-12,0001360554,"Hoak Public Equities, LP",SAGA COMMUNICATIONS INC,ok,full,0.0,,,,,0,0,0,0,0,0,
0000886136,0001398344-25-000406,2024-12-31,2025-01-08,0001705447,"GATE CITY CAPITAL MANAGEMENT, LLC",SAGA COMMUNICATIONS INC,ok,full,0.0,,,,,0,0,0,0,0,0,
0000886158,0001193805-22-000426,2022-02-24,2022-03-07,0001822844,RC Ventures LLC,BED BATH & BEYOND INC,ok,full,0.0,,,,,0,0,0,0,0,0,
0000886977,0000950170-25-057182,2025-04-23,2025-04-23,0000922898,M&G INVESTMENT MANAGEMENT LTD,METHANEX CORP,ok,full,0.0,,,,,0,0,0,0,0,0,
0000887247,0001839882-23-014903,2023-05-25,2023-06-05,0001979074,Versi Group LLC,Adamis Pharmaceuticals Corp,ok,full,0.0,,,,,0,0,0,0,1,1,2023-04-13
0000888721,0001341004-22-000364,2022-05-03,2022-12-08,0001952094,"MiCo IVD Holdings, LLC",TRINITY BIOTECH PLC,ok,full,0.0,,,,,0,0,0,0,0,0,
0000888721,0000950170-24-140566,2024-12-20,2024-12-26,0002049455,"New Main Equity Co., Ltd.",TRINITY BIOTECH PLC,ok,full,0.0,,,,,0,0,0,0,0,0,
0000888981,0001829126-22-006962,2022-03-29,2022-03-30,0001766109,Liebowitz Michael,NOCOPI TECHNOLOGIES INC/MD/,ok,full,0.0,,,,,0,0,0,0,0,0,
0000888981,0001104659-23-101250,2023-09-11,2023-09-15,0000898860,FROST PHILLIP MD ET AL,NOCOPI TECHNOLOGIES INC/MD/,ok,full,0.0,,,,,0,0,0,0,0,0,
0000889971,0001654954-25-001914,2025-02-18,2025-02-25,0002052913,"North Run Strategic Opportunities Fund I, LP",LIGHTPATH TECHNOLOGIES INC,ok,full,0.0,,,,,0,0,0,0,0,0,
0000890393,0001654954-22-009235,2020-06-16,2022-07-05,0001344146,"Toronto Dominion Investments, Inc.","BLACKROCK MUNIYIELD MICHIGAN QUALITY FUND, INC.",ok,partial,0.0,,,,,0,0,0,0,0,0,
0000890447,0001140361-24-042504,2024-09-24,2024-10-01,0001755295,CrowdOut Credit Opportunities Fund LLC,Vertex Energy Inc.,ok,full,0.0,,,,,0,0,0,0,0,1,2021-09-08
0000890447,0001140361-24-042513,2024-09-24,2024-10-01,0001257391,WHITEBOX ADVISORS LLC,Vertex Energy Inc.,ok,full,0.0,,,,,0,0,0,0,0,1,2021-09-08
0000890447,0001493152-24-039047,2024-09-24,2024-10-01,0001390947,Straumins Jennifer,Vertex Energy Inc.,ok,full,0.0,,,,,0,0,0,0,0,1,2021-09-08
0000890447,0000950170-25-007970,2025-01-21,2025-01-22,0002012383,"BlackRock, Inc.",Vertex Energy Inc.,ok,full,0.0,,,,,0,0,0,0,0,1,2021-09-08
0000891038,0001654954-22-009310,2022-06-22,2022-07-06,0001344146,"Toronto Dominion Investments, Inc.",BLACKROCK MUNIYIELD PENNSYLVANIA QUALITY FUND,ok,full,0.0,,,,,0,0,0,0,0,0,
0000891038,0001062993-23-001545,2023-01-26,2023-01-30,0001510281,"Saba Capital Management, L.P.",BLACKROCK MUNIYIELD PENNSYLVANIA QUALITY FUND,ok,full,0.0,,,,,0,0,0,0,0,0,
0000891166,0000950170-25-051626,2024-02-28,2025-04-07,0001492959,Donaghy Stephen,"UNIVERSAL INSURANCE HOLDINGS, INC.",ok,full,0.0,,,,,0,0,0,0,0,0,
0000892992,0001062993-24-010575,2024-05-13,2024-05-17,0001510281,"Saba Capital Management, L.P.",NUVEEN ARIZONA QUALITY MUNICIPAL INCOME FUND,ok,full,0.0,,,,,0,0,0,0,0,0,
0000893739,0001013594-25-000491,2025-04-08,2025-04-15,0001786993,"Marlton Partners, L.P.",180 DEGREE CAPITAL CORP. /NY/,ok,full,1.0,2025-07-11,DEFM14A,A,0000893739-25-000068,1,0,0,0,1,1,2025-03-24
0000893847,0000897069-22-000124,2022-02-15,2022-02-17,0001569147,"PL Capital Advisors, LLC","HAWTHORN BANCSHARES, INC.",ok,full,0.0,,,,,0,0,0,0,0,0,
0000894501,0001091818-23-000177,2023-10-02,2023-10-10,0001994009,Daley Marcus,"GOLD ROCK HOLDINGS, INC.",ok,full,0.0,,,,,0,0,0,0,0,0,
0000894501,0001091818-24-000107,2024-08-26,2024-08-27,0001994009,Daley Marcus,"GOLD ROCK HOLDINGS, INC.",ok,full,0.0,,,,,0,0,0,0,0,0,
0000894556,0000950170-25-043952,2025-03-17,2025-03-24,0002061007,BoltRock Holdings LLC,"General Enterprise Ventures, Inc.",ok,full,0.0,,,,,0,0,0,0,0,0,
0000894556,0001640334-25-000475,2025-03-17,2025-03-24,0001011076,RALSTON TED,"General Enterprise Ventures, Inc.",ok,full,0.0,,,,,0,0,0,0,0,0,
0000894556,0001640334-25-000650,2025-03-17,2025-04-15,0001514881,Conboy Stephen,"General Enterprise Ventures, Inc.",ok,full,0.0,,,,,0,0,0,0,0,0,
0000894871,0001493152-23-044080,2023-12-01,2023-12-07,0001845071,"Simplify Inventions, LLC","Arena Group Holdings, Inc.",ok,full,1.0,2024-07-17,8-K,A,0001493152-24-028161,1,1,0,2,0,0,
0000895528,0001062993-23-011036,2023-05-11,2023-05-15,0001510281,"Saba Capital Management, L.P.",Invesco Pennsylvania Value Municipal Income Trust,ok,full,0.0,,,,,0,0,0,0,0,0,
0000895528,0000769317-24-000058,2024-03-28,2024-03-28,0000769317,SIT INVESTMENT ASSOCIATES INC,Invesco Pennsylvania Value Municipal Income Trust,ok,full,1.0,2024-06-13,SC TO-C,A+B,0001137439-24-001068,2,0,0,0,0,0,
0000895574,0001062993-22-004433,2022-02-14,2022-02-15,0001510281,"Saba Capital Management, L.P.",Delaware Investments National Municipal Income Fund,ok,full,1.0,2022-10-28,SC TO-C,A+B,0001137439-22-001052,1,0,0,0,0,0,
0000897269,0001193125-24-000783,2023-12-20,2024-01-02,0000019617,JPMORGAN CHASE & CO,"BLACKROCK MUNIVEST FUND II, INC.",ok,full,0.0,,,,,0,0,0,0,0,0,
0000897322,0001178913-24-000505,2023-03-17,2024-02-13,0001679543,Phoenix Holdings Ltd.,GILAT SATELLITE NETWORKS LTD,ok,full,0.0,,,,,0,0,0,0,0,0,
0000897419,0001062993-24-000345,2023-12-28,2024-01-04,0001510281,"Saba Capital Management, L.P.",NUVEEN MASSACHUSETTS QUALITY MUNICIPAL INCOME FUND,ok,full,0.0,,,,,0,0,0,0,0,0,
0000897448,0000899140-22-000088,2022-01-13,2022-01-24,0001577524,Sarissa Capital Management LP,AMARIN CORP PLC\UK,ok,full,0.0,,,,,0,0,0,0,0,0,
0000898437,0000902664-23-004496,2023-08-09,2023-08-17,0001727492,Caligan Partners LP,"Anika Therapeutics, Inc.",ok,full,0.0,,,,,0,0,0,0,0,0,
0000898770,0001140361-22-032039,2022-08-22,2022-09-01,0001938041,"Raven Buyer, Inc.",SHARPS COMPLIANCE CORP,ok,full,1.0,2022-08-25,8-K,A,0001140361-22-030856,1,1,0,0,1,1,2022-07-25
0000899751,0001140361-24-011951,2024-02-29,2024-03-07,0002014556,"AIPCF V (Cayman), Ltd.",TITAN INTERNATIONAL INC,ok,full,0.0,,,,,0,0,0,0,0,0,
0000899782,0001062993-24-008038,2024-04-02,2024-04-04,0001510281,"Saba Capital Management, L.P.",NUVEEN MISSOURI QUALITY MUNICIPAL INCOME FUND,ok,full,0.0,,,,,0,0,0,0,0,0,
0000907654,0000921895-22-000996,2022-03-18,2022-03-28,0001752618,"Funicular Fund, LP","ARCA biopharma, Inc.",ok,full,0.0,,,,,0,0,0,0,0,0,
0000907654,0000902664-24-002769,2024-04-03,2024-04-05,0001535978,"Adage Capital Management, L.P.","ARCA biopharma, Inc.",ok,full,,,,,,0,0,1,1,0,0,
0000907654,0001213900-24-076599,2024-08-29,2024-09-06,0001802528,Fairmount Funds Management LLC,"Oruka Therapeutics, Inc.",ok,full,0.0,,,,,0,0,0,0,0,0,
0000908311,0001193805-23-000307,2023-02-24,2023-03-13,0001659522,Negari Daniel Moshe,Creative Media & Community Trust Corp,ok,full,0.0,,,,,0,0,0,0,0,0,
0000908937,0001104659-24-098259,2024-09-09,2024-09-09,0000908937,SIRIUS XM HOLDINGS INC.,SIRIUS XM HOLDINGS INC.,ok,full,0.0,,,,,0,0,0,0,0,0,
0000909494,0000919574-22-007135,2022-12-20,2022-12-20,0001800249,Blacksheep Fund Management Ltd,TUCOWS INC /PA/,ok,full,0.0,,,,,0,0,0,0,0,0,
0000909724,0001086763-23-000019,2023-01-31,2023-08-04,0001086763,FIRST FOUNDATION ADVISORS,TANDY LEATHER FACTORY INC,ok,full,0.0,,,,,0,0,0,0,0,0,
0000909724,0001086763-23-000013,2023-04-27,2023-05-25,0001086763,FIRST FOUNDATION ADVISORS,TANDY LEATHER FACTORY INC,ok,full,0.0,,,,,0,0,0,0,0,0,
0000910073,0000950142-24-000702,2024-03-07,2024-03-14,0001905374,Liberty 77 Capital L.P.,"NEW YORK COMMUNITY BANCORP, INC.",ok,full,0.0,,,,,0,0,0,0,0,0,
0000910267,0001829126-22-008677,2022-04-14,2022-04-25,0001817604,Activist Investing LLC,TITAN PHARMACEUTICALS INC,ok,full,0.0,,,,,0,0,0,0,0,0,
0000910267,0001493152-23-025154,2023-06-21,2023-07-21,0001986021,Choong Choon Hau,TITAN PHARMACEUTICALS INC,ok,full,0.0,,,,,0,0,0,0,0,0,
0000910612,0000904853-23-000005,2023-03-01,2023-03-14,0000904853,Amster Howard,CBL & ASSOCIATES PROPERTIES INC,ok,full,0.0,,,,,0,0,0,0,0,0,
0000912463,0001173879-22-000002,2022-03-22,2022-03-28,0001173879,MARCIANO PAUL,GUESS INC,ok,full,0.0,,,,,0,0,0,0,0,0,
0000912463,0001167503-22-000002,2022-03-24,2022-03-28,0001167503,MARCIANO MAURICE,GUESS INC,ok,full,0.0,,,,,0,0,0,0,0,0,
0000912463,0001167503-22-000007,2022-06-24,2022-07-01,0001167503,MARCIANO MAURICE,GUESS INC,ok,full,0.0,,,,,0,0,0,0,0,0,
0000912463,0001173879-22-000005,2022-06-24,2022-07-01,0001173879,MARCIANO PAUL,GUESS INC,ok,full,0.0,,,,,0,0,0,0,0,0,
0000912463,0001104659-25-031351,2025-03-27,2025-04-02,0001173879,MARCIANO PAUL,GUESS INC,ok,full,1.0,2025-08-20,8-K,A,0001193125-25-183789,3,0,0,1,0,0,
0000912603,0001104659-25-035353,2025-04-09,2025-04-16,0001352851,Magnetar Financial LLC,"RADIUS RECYCLING, INC.",ok,full,1.0,2025-04-14,PREM14A,A,0001140361-25-013575,4,0,0,0,1,1,2025-03-14
0000912728,0001140361-24-037374,2024-08-14,2024-08-14,0001688282,"CLEARLAKE CAPITAL GROUP, L.P.",FORWARD AIR CORP,ok,full,,,,,,0,0,1,1,0,0,
0000912892,0000807249-25-000152,2025-02-10,2025-11-05,0000807249,"GAMCO INVESTORS, INC. ET AL","GRUPO TELEVISA, S.A.B.",ok,full,0.0,,,,,0,0,0,0,0,0,
0000912892,0001999371-25-017906,2025-10-30,2025-11-14,0002096305,Tricio Haro Eduardo,"GRUPO TELEVISA, S.A.B.",ok,full,0.0,,,,,0,0,0,0,0,0,
0000912958,0001104659-23-025321,2023-02-24,2023-02-24,0001952901,Atlas Investissement,MILLICOM INTERNATIONAL CELLULAR SA,ok,full,0.0,,,,,0,0,0,0,0,0,
0000914139,0001437749-25-035862,2025-11-17,2025-11-20,0001499254,Titterton Lewis H jr,PARKERVISION INC,ok,full,0.0,,,,,0,0,0,0,0,0,
0000914208,0000950170-24-073806,2024-06-12,2024-06-14,0001345471,"TRIAN FUND MANAGEMENT, L.P.",Invesco Ltd.,ok,full,0.0,,,,,0,0,0,0,0,0,
0000914712,0000921895-25-000067,2025-01-02,2025-01-06,0001452857,STEEL PARTNERS HOLDINGS L.P.,"Steel Connect, Inc.",ok,full,0.0,,,,,0,0,0,0,0,1,2022-08-23
0000915779,0001193805-23-000076,2023-01-20,2023-01-26,0001734916,"Alta Fox Opportunities Fund, LP",DAKTRONICS INC /SD/,ok,full,0.0,,,,,0,0,0,0,0,0,
0000915779,0001539497-24-002570,2024-11-25,2024-12-02,0001734916,"Alta Fox Opportunities Fund, LP",DAKTRONICS INC /SD/,ok,full,0.0,,,,,0,0,0,0,0,0,
0000915840,0001193125-25-294130,2025-11-17,2025-11-24,0001239441,MERRILL ALLAN P,BEAZER HOMES USA INC,ok,full,1.0,2026-08-07,8-K,A,0001104659-26-092299,1,0,0,0,0,0,
0000916618,0001062993-24-015101,2024-08-13,2024-08-14,0001510281,"Saba Capital Management, L.P.","MORGAN STANLEY INDIA INVESTMENT FUND, INC.",ok,full,0.0,,,,,0,0,0,0,0,0,
0000917491,0001104659-25-049256,2025-05-08,2025-05-15,0001352851,Magnetar Financial LLC,FARO TECHNOLOGIES INC,ok,full,1.0,2025-05-30,PREM14A,A,0001193125-25-132201,3,0,0,0,1,1,2025-05-07
0000918251,0001214659-22-004138,2022-03-10,2022-03-21,0001873893,325 CAPITAL LLC,MOTORCAR PARTS AMERICA INC,ok,full,0.0,,,,,0,0,0,0,0,0,
0000918251,0001214659-22-008978,2022-07-18,2022-07-19,0001588456,"Private Capital Management, LLC",MOTORCAR PARTS AMERICA INC,ok,full,0.0,,,,,0,0,0,0,0,0,
0000918251,0001214659-23-008382,2023-05-18,2023-06-09,0001873893,325 CAPITAL LLC,MOTORCAR PARTS OF AMERICA INC,ok,full,0.0,,,,,0,0,0,0,0,0,
0000918251,0001140361-23-031758,2023-06-23,2023-06-28,0001900556,"BISON CAPITAL PARTNERS VI, L.P.",MOTORCAR PARTS OF AMERICA INC,ok,full,0.0,,,,,0,0,0,0,0,0,
0000919864,0000897069-24-000736,2024-03-18,2024-03-21,0001569147,"PL Capital Advisors, LLC",Finward Bancorp,ok,full,0.0,,,,,0,0,0,0,0,1,2021-07-29
0000919893,0001072613-23-000578,2023-11-14,2023-11-15,0001034546,CITY OF LONDON INVESTMENT MANAGEMENT CO LTD,TEMPLETON DRAGON FUND INC,ok,full,1.0,2023-11-14,SC TO-C,A+B,0001137439-23-001358,1,0,0,0,0,0,
0000919893,0001007280-25-000002,2025-03-13,2025-03-13,0001007280,PUBLIC EMPLOYEES RETIREMENT SYSTEM OF OHIO,TEMPLETON DRAGON FUND INC,ok,full,0.0,,,,,0,0,0,0,0,1,2023-11-14
0000920465,0000941560-22-000010,2022-08-16,2022-08-29,0000941560,GARDNER LEWIS ASSET MANAGEMENT L P,LA JOLLA PHARMACEUTICAL CO,ok,full,1.0,2022-08-22,8-K,A,0001193125-22-226110,1,0,0,0,1,1,2022-07-25
0000921557,0001104659-22-023678,2022-02-11,2022-02-15,0001909211,Trager Trust of 2012,REPUBLIC BANCORP INC /KY/,ok,full,0.0,,,,,0,0,0,0,0,0,
0000921738,0001214659-23-016937,2023-12-18,2023-12-28,0001525362,"HG Vora Capital Management, LLC","PENN Entertainment, Inc.",ok,full,0.0,,,,,0,0,0,0,0,0,
0000922247,0001213900-23-038578,2023-05-02,2023-05-11,0001713863,"Rafael Holdings, Inc.","Cyclo Therapeutics, Inc.",ok,full,0.0,,,,,0,0,0,0,0,0,
0000922864,0001193805-22-001461,2022-10-20,2022-10-28,0001536520,"Land & Buildings Investment Management, LLC",APARTMENT INVESTMENT & MANAGEMENT CO,ok,full,0.0,,,,,0,0,0,0,0,0,
0000923571,0000807249-23-000039,2023-03-31,2023-04-10,0000807249,"GAMCO INVESTORS, INC. ET AL",US XPRESS ENTERPRISES INC,ok,full,1.0,2023-04-20,PREM14A,A,0001104659-23-047357,2,0,0,0,1,1,2023-03-21
0000923601,0001214659-22-007975,2022-06-02,2022-06-13,0000896493,"BitNile Holdings, Inc.",SINGING MACHINE CO INC,ok,full,0.0,,,,,0,0,0,0,0,0,
0000923601,0001493152-23-043228,2023-11-21,2023-11-30,0002002363,Regalia Ventures LLC,SINGING MACHINE CO INC,ok,full,0.0,,,,,0,0,0,0,0,0,
0000924168,0001628280-25-059164,2023-01-17,2025-12-31,0001964786,Huang Chiao Chieh,"ENERGY FOCUS, INC/DE",ok,full,0.0,,,,,0,0,0,0,0,0,
0000924396,0000921895-25-001280,2025-04-09,2025-05-05,0002063950,Jakota Capital AG,"OpenLocker Holdings, Inc.",ok,full,0.0,,,,,0,0,0,0,0,0,
0000924396,0001641172-25-020570,2025-06-27,2025-07-22,0002075957,Jakota Games & Reels,"OpenLocker Holdings, Inc.",ok,full,0.0,,,,,0,0,0,0,0,0,
0000924396,0001641172-25-019890,2025-07-11,2025-07-16,0002067253,Digital Knight Finance S.a r.l.,"OpenLocker Holdings, Inc.",ok,full,0.0,,,,,0,0,0,0,0,0,
0000924396,0001493152-25-017495,2025-10-01,2025-10-08,0002071769,Aurion Prime Holdings Ltd,Crisp Momentum Inc.,ok,full,0.0,,,,,0,0,0,0,0,0,
0000924396,0001493152-25-017669,2025-10-01,2025-10-09,0002090098,STOCKACCESS SP INC.,Crisp Momentum Inc.,ok,full,0.0,,,,,0,0,0,0,0,0,
0000924717,0000807249-25-000041,2025-03-12,2025-03-19,0000807249,"GAMCO INVESTORS, INC. ET AL",SURMODICS INC,ok,full,1.0,2025-11-19,8-K,A,0001193125-25-288169,1,0,0,0,1,1,2024-07-08
0000925528,0000921895-25-003302,2025-12-08,2025-12-10,0001597857,"Hartree Partners, LP",HUDSON TECHNOLOGIES INC /NY,ok,full,0.0,,,,,0,0,0,0,0,0,
0000925741,0001332596-23-000001,2023-05-22,2023-05-25,0001332596,Daly Joseph Patrick,"BioCardia, Inc.",ok,full,0.0,,,,,0,0,0,0,0,0,
0000925741,0001437749-25-018224,2025-04-23,2025-05-22,0001789894,Blank Andrew Scott,"BioCardia, Inc.",ok,full,0.0,,,,,0,0,0,0,0,0,
0000926282,0001731122-22-001233,2022-07-15,2022-07-20,0001930886,Protiva Brian,"ADTRAN Holdings, Inc.",ok,full,1.0,2022-07-15,8-K,A,0001193125-22-195093,1,0,0,0,1,1,2021-12-02
0000928054,0001193125-22-042152,2022-02-02,2022-02-14,0001911179,"ProFrac Holdings, LLC",FLOTEK INDUSTRIES INC/CN/,ok,full,0.0,,,,,0,0,0,0,0,0,
0000929351,0000950142-23-002337,2023-08-24,2023-09-05,0001905374,Liberty 77 Capital L.P.,LIONS GATE ENTERTAINMENT CORP /CN/,ok,full,1.0,2024-05-15,8-K,A,0001193125-24-139373,1,0,0,2,0,0,
0000930245,0001472375-24-000054,2024-07-03,2024-07-05,0000930245,GLOBAL ACQUISITIONS Corp,GLOBAL ACQUISITIONS Corp,ok,full,0.0,,,,,0,0,0,0,0,0,
0000930245,0001999371-24-008312,2024-07-03,2024-07-05,0001487588,Askew James M.,GLOBAL ACQUISITIONS Corp,ok,full,0.0,,,,,0,0,0,0,0,0,
0000930775,0001493152-25-009535,2025-02-18,2025-03-07,0002059475,Thalassa Holdings Ltd,ENCISION INC,ok,full,0.0,,,,,0,0,0,0,0,0,
0000930775,0001263239-25-000005,2025-08-19,2025-08-26,0001263239,FRIES ROBERT H,ENCISION INC,ok,full,0.0,,,,,0,0,0,0,0,0,
0000930775,0001263239-25-000007,2025-08-19,2025-08-26,0001594965,Trudel Gregory J.,ENCISION INC,ok,full,0.0,,,,,0,0,0,0,0,0,
0000930775,0001263239-25-000009,2025-08-19,2025-08-26,0002039195,Shepard Brandon Jason,ENCISION INC,ok,full,0.0,,,,,0,0,0,0,0,0,
0000931148,0001080368-24-000006,2024-02-02,2024-02-12,0001944761,Undavia Nilesh,GRAFTECH INTERNATIONAL LTD,ok,full,0.0,,,,,0,0,0,0,0,0,
0000931148,0001214659-24-003433,2024-02-02,2024-02-23,0001944761,Undavia Nilesh,GRAFTECH INTERNATIONAL LTD,ok,full,0.0,,,,,0,0,0,0,0,0,
0000933034,0001398344-23-021149,2023-11-27,2023-11-27,0001705447,"GATE CITY CAPITAL MANAGEMENT, LLC",STRATTEC SECURITY CORP,ok,full,0.0,,,,,0,0,0,0,0,0,
0000933036,0001193805-22-001686,2022-11-29,2022-12-09,0001559771,Engaged Capital LLC,RENT A CENTER INC DE,ok,full,0.0,,,,,0,0,0,0,0,0,
0000933972,0001654954-25-013917,2025-12-10,2025-12-12,0001861377,Nagar Yaacov,374Water Inc.,ok,full,0.0,,,,,0,0,0,0,0,0,
0000933974,0001104659-23-100860,2023-09-08,2023-09-14,0001885245,Politan Capital Management LP,"Azenta, Inc.",ok,full,0.0,,,,,0,0,0,0,0,0,
0000934549,0000921895-22-002925,2022-10-30,2022-11-08,0001517137,Starboard Value LP,ACACIA RESEARCH CORP,ok,full,0.0,,,,,0,0,0,0,0,0,
0000937556,0000914121-22-004079,2022-08-10,2022-08-16,0001885245,Politan Capital Management LP,MASIMO CORP,ok,full,0.0,,,,,0,0,0,0,0,0,
0000939767,0000902664-23-002313,2023-03-09,2023-03-20,0001727492,Caligan Partners LP,"EXELIXIS, INC.",ok,full,0.0,,,,,0,0,0,0,0,0,
0000939767,0001175707-23-000096,2023-03-09,2023-03-20,0001175707,"Farallon Capital Partners, L.P.","EXELIXIS, INC.",ok,full,0.0,,,,,0,0,0,0,0,0,
0000939930,0001604350-24-000007,2024-06-11,2024-06-13,0001604350,Glendon Capital Management LP,"PYXUS INTERNATIONAL, INC.",ok,full,0.0,,,,,0,0,0,0,0,0,
0000944075,0000944075-23-000041,2023-05-26,2023-06-05,0001192160,MILLS KEVIN J,"SOCKET MOBILE, INC.",ok,full,0.0,,,,,0,0,0,0,0,0,
0000944075,0000944075-24-000068,2024-08-21,2024-08-27,0000944075,"SOCKET MOBILE, INC.","SOCKET MOBILE, INC.",ok,full,0.0,,,,,0,0,0,0,0,0,
0000944075,0000944075-25-000049,2025-05-30,2025-06-12,0002073198,Mills Enrico Kevin,"SOCKET MOBILE, INC.",ok,full,0.0,,,,,0,0,0,0,0,0,
0000944480,0000944480-24-000039,2024-03-31,2024-05-06,0001649892,Loudermilk Kyle Justin,GSE SYSTEMS INC,ok,full,1.0,2024-08-08,8-K,A,0001140361-24-036301,6,0,0,0,0,0,
0000944480,0001104659-24-108166,2024-10-10,2024-10-11,0001380585,Radoff Bradley Louis,GSE SYSTEMS INC,ok,full,1.0,2024-10-21,8-K,A,0001140361-24-043749,2,0,0,0,1,1,2024-09-18
0000944809,0001478398-22-000004,2022-05-09,2022-06-29,0001478398,Zerhouni Elias A.,"OPKO HEALTH, INC.",ok,full,0.0,,,,,0,0,0,0,0,0,
0000946936,0001174947-24-000765,2024-05-22,2024-05-29,0002025014,Lau Wai Ming,DESWELL INDUSTRIES INC,ok,full,0.0,,,,,0,0,0,0,0,0,
0000948708,0001437749-25-035480,2025-11-07,2025-11-17,0001251368,SMITH WILLIAM W JR,"SMITH MICRO SOFTWARE, INC.",ok,full,0.0,,,,,0,0,0,0,0,0,
0000949858,0000921895-23-000151,2023-01-19,2023-01-20,0001411512,"DIALECTIC CAPITAL MANAGEMENT, LP","ACHIEVE LIFE SCIENCES, INC.",ok,full,0.0,,,,,0,0,0,0,0,0,
0001000045,0001104659-25-089649,2017-09-07,2025-09-12,0000850401,TCW GROUP INC,OLD MARKET CAPITAL Corp,ok,partial,0.0,,,,,0,0,0,0,0,0,
0001000209,0000904853-24-000009,2024-12-10,2024-12-18,0000904853,Amster Howard,MEDALLION FINANCIAL CORP,ok,full,0.0,,,,,0,0,0,0,0,0,
0001000228,0001140361-25-009053,2025-03-10,2025-03-17,0002060445,KKR Hawaii Aggregator L.P.,HENRY SCHEIN INC,ok,full,0.0,,,,,0,0,0,0,0,0,
0001000694,0001398344-23-007941,2023-04-26,2023-04-27,0001383838,SHAH CAPITAL MANAGEMENT,NOVAVAX INC,ok,full,0.0,,,,,0,0,0,0,0,0,
0001000694,0001398344-24-007144,2024-04-10,2024-04-15,0001383838,SHAH CAPITAL MANAGEMENT,NOVAVAX INC,ok,full,0.0,,,,,0,0,0,0,0,0,
0001001250,0001140361-25-040863,2025-11-03,2025-11-06,0002093607,"Roaring Fork Trust Company, Inc.",ESTEE LAUDER COMPANIES INC,ok,full,0.0,,,,,0,0,0,0,0,0,
0001001601,0001493152-24-044359,2024-11-01,2024-11-08,0002039927,Project Nickel LLC,"MGT CAPITAL INVESTMENTS, INC.",ok,full,0.0,,,,,0,0,0,0,0,0,
0001001601,0001493152-25-016538,2025-09-23,2025-10-01,0001547396,Onghai Michael,"MGT CAPITAL INVESTMENTS, INC.",ok,full,0.0,,,,,0,0,0,0,0,0,
0001001902,0000807249-23-000104,2023-08-11,2023-08-18,0000807249,"GAMCO INVESTORS, INC. ET AL",INTEVAC INC,ok,full,0.0,,,,,0,0,0,0,0,0,
0001003078,0000950142-23-000274,2023-01-31,2023-02-06,0001008015,JACOBSON MITCHELL,MSC INDUSTRIAL DIRECT CO INC,ok,full,0.0,,,,,0,0,0,0,0,0,
0001003972,0001213900-24-029812,2024-03-27,2024-04-03,0001450664,Casino Guichard Perrachon SA / ADR,COMPANHIA BRASILEIRA DE DISTRIBUICAO /ADR/,ok,full,0.0,,,,,0,0,0,0,0,0,
0001004724,0001193805-25-001211,2025-08-14,2025-08-19,0001402258,Frischer Charles L,"REGIONAL HEALTH PROPERTIES, INC",ok,full,1.0,2025-08-14,8-K,A,0001641172-25-024187,1,0,0,0,1,1,2025-08-01
0001004724,0001641172-25-025108,2025-08-14,2025-08-21,0001137608,THORNTON ROBERT M JR,"REGIONAL HEALTH PROPERTIES, INC",ok,full,1.0,2025-08-14,8-K,A,0001641172-25-024187,1,0,0,0,1,1,2025-08-01
0001005286,0000921895-23-000084,2023-01-09,2023-01-10,0001640809,"22NW Fund, LP","LIFECORE BIOMEDICAL, INC. \DE\",ok,full,0.0,,,,,0,0,0,0,0,0,
0001005286,0001531612-23-000002,2023-01-12,2023-01-12,0001531612,"Cove Street Capital, LLC","LIFECORE BIOMEDICAL, INC. \DE\",ok,full,0.0,,,,,0,0,0,0,0,0,
0001006045,0001193125-22-247613,2022-09-07,2022-09-20,0001947246,Roland Brent Alexander,IRIDEX CORP,ok,full,0.0,,,,,0,0,0,0,0,0,
0001007587,0001140361-22-031102,2022-08-19,2022-08-26,0001282197,"BLACK DIAMOND CAPITAL MANAGEMENT, L.L.C.",KVH INDUSTRIES INC \DE\,ok,full,,,,,,0,0,1,1,0,0,
0001008586,0001095449-24-000051,2024-02-07,2024-07-17,0001790497,Ferayorni Justin John,STREAMLINE HEALTH SOLUTIONS INC.,ok,full,0.0,,,,,0,0,0,0,0,0,
0001008586,0001095449-24-000098,2024-11-13,2024-11-22,0001661462,"Tamarack Advisers, LP",STREAMLINE HEALTH SOLUTIONS INC.,ok,full,1.0,2025-05-29,8-K,A,0001437749-25-018850,5,0,0,0,0,0,
0001008848,0000902664-22-003257,2022-06-02,2022-06-10,0001595082,DAVIDSON KEMPNER CAPITAL MANAGEMENT LP,ACORDA THERAPEUTICS INC,ok,full,0.0,,,,,0,0,0,0,0,0,
0001009829,0001019056-23-000073,2022-04-11,2023-01-26,0001759132,Rosen Lawrence I,JAKKS PACIFIC INC,ok,full,0.0,,,,,0,0,0,0,0,0,
0001009891,0001213900-22-044259,2022-08-01,2022-08-03,0001353439,TAGLICH ROBERT,AIR INDUSTRIES GROUP,ok,full,0.0,,,,,0,0,0,0,0,0,
0001009891,0001213900-22-044262,2022-08-01,2022-08-03,0001024533,TAGLICH MICHAEL N,AIR INDUSTRIES GROUP,ok,full,0.0,,,,,0,0,0,0,0,0,
0001011060,0001493152-22-007335,2022-03-17,2022-03-21,0001641138,Rouf Henrik,EKIMAS Corp,ok,full,0.0,,,,,0,0,0,0,0,0,
0001011060,0001493152-22-019968,2022-05-17,2022-07-21,0001939150,Gk Partners ApS,EKIMAS Corp,ok,full,0.0,,,,,0,0,0,0,0,0,
0001011060,0001493152-22-025358,2022-05-17,2022-09-08,0001607712,Oerbekker Henrik,EKIMAS Corp,ok,full,0.0,,,,,0,0,0,0,0,0,
0001011060,0001493152-24-022675,2024-05-14,2024-06-05,0002025932,JE Pitzner Holding ApS,Nordicus Partners Corp,ok,full,0.0,,,,,0,0,0,0,0,0,
0001011060,0001493152-24-022778,2024-05-14,2024-06-05,0002026040,Alteral Therapeutics ApS,Nordicus Partners Corp,ok,full,0.0,,,,,0,0,0,0,0,0,
0001011060,0001493152-24-049434,2024-11-12,2024-12-10,0002046957,ABCHill Holding ApS,Nordicus Partners Corp,ok,full,0.0,,,,,0,0,0,0,0,0,
0001011060,0001493152-24-049435,2024-11-12,2024-12-10,0002046935,AC Nordic ApS,Nordicus Partners Corp,ok,full,0.0,,,,,0,0,0,0,0,0,
0001011060,0001493152-25-017947,2024-12-19,2025-10-14,0001939150,GK Partners ApS,Nordicus Partners Corp,ok,full,0.0,,,,,0,0,0,0,0,0,
0001011060,0001493152-25-017944,2025-02-17,2025-10-14,0002046957,ABCHill Holding ApS,Nordicus Partners Corp,ok,full,0.0,,,,,0,0,0,0,0,0,
0001013488,0001013594-24-000055,2024-01-18,2024-01-18,0001959730,"Fund 1 Investments, LLC",BJs RESTAURANTS INC,ok,full,0.0,,,,,0,0,0,0,0,0,
0001013488,0001104659-24-031497,2024-03-04,2024-03-06,0002014483,PW Partners Atlas Fund IV LP,BJs RESTAURANTS INC,ok,full,0.0,,,,,0,0,0,0,0,0,
0001013706,0000921895-24-002823,2024-11-20,2024-11-26,0001504325,"Steel Partners, Ltd.","Wilhelmina International, Inc.",ok,full,0.0,,,,,0,0,0,0,0,0,
0001014111,0001437749-23-027753,2023-10-05,2023-10-05,0001906177,Tacora Capital LP,"GlassBridge Enterprises, Inc.",ok,full,0.0,,,,,0,0,0,0,0,0,
0001014763,0000950103-24-006446,2024-05-03,2024-05-08,0001122411,"ASE Technology Holding Co., Ltd.","Ainos, Inc.",ok,full,0.0,,,,,0,0,0,0,0,0,
0001014763,0001493152-24-033474,2024-08-15,2024-08-21,0002034617,Taiwan Carbon Nano Technology Corp,"Ainos, Inc.",ok,full,0.0,,,,,0,0,0,0,0,0,
0001014763,0001641172-25-003929,2025-04-08,2025-04-11,0001859363,tsai chun-hsien,"Ainos, Inc.",ok,full,0.0,,,,,0,0,0,0,0,0,
0001014763,0001641172-25-003930,2025-04-08,2025-04-11,0001859311,lee ting-chuan,"Ainos, Inc.",ok,full,0.0,,,,,0,0,0,0,0,0,
0001014763,0001493152-25-025349,2025-11-25,2025-11-28,0001859356,TSAI CHUN-JUNG,"Ainos, Inc.",ok,full,0.0,,,,,0,0,0,0,0,0,
0001015155,0001973064-23-000001,2023-04-06,2023-04-11,0001973064,Valadez Carlos Daniel,CHARLES & COLVARD LTD,ok,full,0.0,,,,,0,0,0,0,0,0,
0001015155,0002015561-24-000002,2024-08-19,2024-08-19,0002015561,Riverstyx Capital Management LLC,CHARLES & COLVARD LTD,ok,full,0.0,,,,,0,0,0,0,0,0,
0001015155,0001376474-25-000764,2025-08-20,2025-08-22,0002079212,Pham Duc Hoang,CHARLES & COLVARD LTD,ok,full,0.0,,,,,0,0,0,0,0,0,
0001015155,0001104659-25-088365,2025-08-29,2025-09-08,0002082192,Bhanderi Ruten,CHARLES & COLVARD LTD,ok,full,0.0,,,,,0,0,0,0,0,0,
0001016169,0001104659-22-053860,2022-04-20,2022-05-02,0001352851,Magnetar Financial LLC,"ANTARES PHARMA, INC.",ok,full,1.0,2022-04-26,SC 14D9,A,0001140361-22-015844,3,0,0,0,1,1,2022-04-14
0001016178,0001607062-22-000735,2022-12-12,2022-12-12,0001914524,Dream Chasers Capital Group LLC,CARVER BANCORP INC,ok,full,0.0,,,,,0,0,0,0,0,0,
0001016178,0001607062-22-000737,2022-12-12,2022-12-12,0001955984,WINTERS KEVIN SCOTT,CARVER BANCORP INC,ok,full,0.0,,,,,0,0,0,0,0,0,
0001016178,0001607062-22-000739,2022-12-12,2022-12-12,0001955721,HERRERA SHAWN PAUL,CARVER BANCORP INC,ok,full,0.0,,,,,0,0,0,0,0,0,
0001016178,0001607062-22-000756,2022-12-20,2022-12-20,0001955714,BAILEY JEFFREY JOHN,CARVER BANCORP INC,ok,full,0.0,,,,,0,0,0,0,0,0,
0001016178,0001104659-24-110637,2024-10-18,2024-10-22,0001914524,Dream Chasers Capital Group LLC,CARVER BANCORP INC,ok,full,0.0,,,,,0,0,0,0,0,0,
0001016178,0002085652-25-000001,2025-10-06,2025-10-06,0002085652,Mann Barry James,CARVER BANCORP INC,ok,full,0.0,,,,,0,0,0,0,0,0,
0001016178,0002099845-25-000001,2025-12-08,2025-12-08,0002099845,Detyga LLC,CARVER BANCORP INC,ok,full,0.0,,,,,0,0,0,0,0,0,
0001016504,0001437749-23-031869,2023-03-20,2023-11-14,0001016504,INTEGRATED BIOPHARMA INC,INTEGRATED BIOPHARMA INC,ok,full,0.0,,,,,0,0,0,0,0,0,
0001016504,0001437749-23-032344,2023-03-20,2023-11-16,0001016504,INTEGRATED BIOPHARMA INC,INTEGRATED BIOPHARMA INC,ok,full,0.0,,,,,0,0,0,0,0,0,
0001016838,0001104659-24-071115,2024-02-01,2024-06-13,0002026830,Zisapel Michael,RADCOM LTD,ok,full,0.0,,,,,0,0,0,0,0,0,
0001017303,0001213900-22-018462,2022-04-01,2022-04-06,0001464790,"B. Riley Financial, Inc.",TRANSACT TECHNOLOGIES INC,ok,full,0.0,,,,,0,0,0,0,0,0,
0001017303,0001477932-24-000090,2024-01-03,2024-01-09,0001118118,"ACCRETIVE CAPITAL PARTNERS, LLC",TRANSACT TECHNOLOGIES INC,ok,full,0.0,,,,,0,0,0,0,0,0,
0001017480,0000921895-24-001410,2024-06-10,2024-06-13,0001471085,Bronte Capital Management Pty Ltd.,HIBBETT INC,ok,full,1.0,2024-06-13,DEFM14A,A,0001140361-24-030010,2,0,0,0,1,1,2024-05-30
0001018399,0001018399-23-000105,2023-06-28,2023-12-08,0001282759,ANSIN KEN S,ENTERPRISE BANCORP INC /MA/,ok,full,0.0,,,,,0,0,0,0,0,0,
0001021096,0001477932-22-001631,2022-03-21,2022-03-25,0001909982,Marianacci Thomas,"Troika Media Group, Inc.",ok,full,0.0,,,,,0,0,0,0,0,0,
0001021917,0001493152-22-006786,2021-11-23,2022-03-14,0001910376,Harthorne Capital Inc.,"JV GROUP, INC.",ok,full,0.0,,,,,0,0,0,0,0,0,
0001022505,0001493152-22-018561,2022-07-01,2022-07-05,0001932358,Haugli Brian Wayne,CIPHERLOC Corp,ok,full,0.0,,,,,0,0,0,0,0,0,
0001022652,0000950142-24-002787,2024-11-06,2024-11-14,0001633979,"North Sound Trading, LP",INSEEGO CORP.,ok,full,0.0,,,,,0,0,0,0,0,0,
0001023512,0000869178-24-000028,2024-09-30,2024-11-14,0000869178,VAN ECK ASSOCIATES CORP,DRDGOLD LTD,ok,full,0.0,,,,,0,0,0,0,0,0,
0001023731,0001085146-23-002486,2023-05-25,2023-05-26,0001627436,Sylebra Capital Ltd,8X8 INC /DE/,ok,full,0.0,,,,,0,0,0,0,0,0,
0001023731,0001085146-25-005959,2025-10-14,2025-10-16,0002003074,SYLEBRA CAPITAL LLC,8X8 INC /DE/,ok,full,0.0,,,,,0,0,0,0,0,0,
0001023994,0001213900-23-023792,2022-11-28,2023-03-29,0001969685,Shaw John William,SAFE & GREEN HOLDINGS CORP.,ok,full,0.0,,,,,0,0,0,0,0,0,
0001029145,0000919574-25-001904,2025-03-04,2025-03-11,0001604481,CMB.TECH NV,Golden Ocean Group Ltd,ok,full,0.0,,,,,0,0,0,0,0,0,
0001031029,0000930413-23-000069,2023-01-06,2023-01-13,0001736804,"MCI, LC","Startek, Inc.",ok,full,1.0,2023-10-10,8-K,A,0001140361-23-047592,2,0,0,0,1,1,2022-12-06
0001031316,0000902664-24-006230,2024-10-29,2024-11-05,0002043653,Converium Capital Inc.,FRANKLIN STREET PROPERTIES CORP /MA/,ok,full,0.0,,,,,0,0,0,0,0,0,
0001031316,0000902664-25-001603,2025-03-24,2025-03-26,0002043653,Converium Capital Inc.,FRANKLIN STREET PROPERTIES CORP /MA/,ok,full,0.0,,,,,0,0,0,0,0,0,
0001032033,0000921895-22-000821,2022-02-28,2022-03-10,0001786767,Impactive Capital LP,SLM Corp,ok,full,0.0,,,,,0,0,0,0,0,0,
0001034760,0001731122-23-001969,2023-10-26,2023-10-26,0001991451,"Galloway Capital Partners, LLC",WIDEPOINT CORP,ok,full,0.0,,,,,0,0,0,0,0,0,
0001036044,0001781002-23-000034,2023-04-28,2023-05-08,0001781002,Bleichroeder LP,"Identiv, Inc.",ok,full,0.0,,,,,0,0,0,0,0,0,
0001036044,0001140361-24-019699,2024-04-02,2024-04-12,0002019065,"Hawk Acquisition, Inc.","Identiv, Inc.",ok,full,1.0,2024-04-30,PREM14A,A,0001193125-24-125251,2,0,0,0,0,0,
0001036044,0000921895-25-000830,2025-03-20,2025-03-20,0001380585,Radoff Bradley Louis,"Identiv, Inc.",ok,full,0.0,,,,,0,0,0,0,1,1,2024-05-13
0001036262,0001214659-22-011815,2022-09-27,2022-10-03,0001794034,"Juniper Investment Company, LLC",INTEST CORP,ok,full,0.0,,,,,0,0,0,0,0,0,
0001036262,0001214659-23-004392,2023-03-27,2023-03-29,0001794034,"Juniper Investment Company, LLC",INTEST CORP,ok,full,0.0,,,,,0,0,0,0,0,0,
0001037643,0001437749-23-007913,2023-03-16,2023-03-27,0001957368,"NexPoint Real Estate Opportunities, LLC",PARATEK PHARMACEUTICALS INC,ok,full,0.0,,,,,0,0,0,0,0,0,
0001038186,0001062993-23-019676,2023-10-20,2023-10-25,0001510281,"Saba Capital Management, L.P.","BLACKROCK MUNIHOLDINGS NEW YORK QUALITY FUND, INC.",ok,full,0.0,,,,,0,0,0,0,0,0,
0001038572,0001213900-24-029876,2024-03-27,2024-04-03,0001450664,Casino Guichard Perrachon SA / ADR,BRAZILIAN DISTRIBUTION CO COMPANHIA BRASILEIRA DE DISTR CBD,ok,full,0.0,,,,,0,0,0,0,0,0,
0001039280,0001493152-23-025513,2023-07-24,2023-07-26,0001135216,GHAURI NAJEEB,NETSOL TECHNOLOGIES INC,ok,full,0.0,,,,,0,0,0,0,0,0,
0001039466,0001185185-24-000627,2024-05-17,2024-06-11,0002026479,Sumner David,NovAccess Global Inc.,ok,full,0.0,,,,,0,0,0,0,0,0,
0001040130,0001903596-25-000277,2025-05-18,2025-05-20,0002059711,Silvercape Investments Ltd,PETMED EXPRESS INC,ok,full,0.0,,,,,0,0,0,0,0,0,
0001041368,0001013594-24-000674,2024-08-19,2024-08-21,0001282683,"Nierenberg Investment Management Company, Inc.",RIVERVIEW BANCORP INC,ok,full,0.0,,,,,0,0,0,0,0,0,
0001041859,0001104659-24-025002,2024-02-09,2024-02-16,0001834600,Mithaq Capital SPC,"Childrens Place, Inc.",ok,full,0.0,,,,,0,0,0,0,0,0,
0001042893,0000807249-22-000074,2022-06-13,2022-06-23,0000807249,"GAMCO INVESTORS, INC. ET AL",DRIL-QUIP INC,ok,full,0.0,,,,,0,0,0,0,0,0,
0001043894,0001213900-22-056618,2022-09-06,2022-09-16,0001437491,"Ecoark Holdings, Inc.","ENVIRO TECHNOLOGIES U.S., INC.",ok,full,0.0,,,,,0,0,0,0,0,0,
0001044777,0001493152-22-033146,2022-11-10,2022-11-21,0001478982,"Altai Capital Management, L.P.",OneSpan Inc.,ok,full,1.0,2023-11-08,SC TO-C,A+B,0001628280-23-037819,1,0,0,0,0,0,
0001044896,0000947871-23-000337,2023-03-10,2023-03-17,0001919779,NORTHWEST BUILDING,Industrias Bachoco S.A.B. de C.V.,ok,full,0.0,,,,,0,0,0,0,1,1,2022-10-19
0001045942,0001214659-25-000866,2025-01-16,2025-01-16,0001705119,Smith Denver Johnson,"Track Group, Inc.",ok,full,0.0,,,,,0,0,0,0,0,0,
0001047716,0001104659-22-118707,2022-11-03,2022-11-14,0001301912,"Strategic Value Partners, LLC",LATAM AIRLINES GROUP S.A.,ok,full,0.0,,,,,0,0,0,0,0,0,
0001047716,0001839882-22-026435,2022-11-03,2022-11-14,0001812095,"Sixth Street Partners Management Company, L.P.",LATAM AIRLINES GROUP S.A.,ok,full,0.0,,,,,0,0,0,0,0,0,
0001050825,0000950103-25-010123,2025-08-03,2025-08-08,0000048287,HNI CORP,STEELCASE INC,ok,full,1.0,2025-08-04,8-K,A,0001193125-25-172239,3,0,0,0,0,0,
0001051004,0001193125-24-133464,2024-05-03,2024-05-07,0000072971,WELLS FARGO & COMPANY/MN,"BLACKROCK MUNIHOLDINGS CALIFORNIA QUALITY FUND, INC.",ok,full,0.0,,,,,0,0,0,0,0,0,
0001052054,0001171520-22-000432,2022-07-28,2022-08-01,0000749038,"CCUR Holdings, Inc.","Symbolic Logic, Inc.",ok,full,0.0,,,,,0,0,0,0,1,1,2021-11-30
0001053691,0001437749-23-024725,2023-08-16,2023-08-28,0001197014,ALAM JOHN J,CervoMed Inc.,ok,full,0.0,,,,,0,0,0,0,0,0,
0001053691,0001437749-23-024727,2023-08-16,2023-08-28,0001652169,ZAVRL FRANK,CervoMed Inc.,ok,full,0.0,,,,,0,0,0,0,0,0,
0001053691,0001437749-24-003657,2023-08-16,2024-02-09,0001197023,BOGER JOSHUA S,CervoMed Inc.,ok,full,0.0,,,,,0,0,0,0,0,0,
0001054721,0001477932-22-003302,2022-05-06,2022-05-13,0001104815,Karp Richard Alan,BSQUARE CORP /WA,ok,full,0.0,,,,,0,0,0,0,0,0,
0001054721,0001477932-22-005478,2022-07-19,2022-07-29,0001104815,Karp Richard Alan,BSQUARE CORP /WA,ok,full,0.0,,,,,0,0,0,0,0,0,
0001054721,0001140361-23-049102,2023-10-11,2023-10-23,0001996612,"Kontron Merger Sub., Inc.",BSQUARE CORP /WA,ok,full,1.0,2023-10-11,SC TO-C,A+B,0001140361-23-047897,7,1,0,0,0,0,
0001054721,0000941560-23-000008,2023-11-08,2023-11-13,0000941560,GARDNER LEWIS ASSET MANAGEMENT L P,BSQUARE CORP /WA,ok,full,1.0,2023-11-22,SC 14D9,A,0001140361-23-054352,2,0,0,0,1,1,2023-10-24
0001056285,0001140361-22-016364,2022-04-28,2022-04-28,0001316729,"Osmium Partners, LLC","KIRKLAND'S, INC",ok,full,0.0,,,,,0,0,0,0,0,0,
0001056285,0001140361-24-044419,2024-10-21,2024-10-28,0001130713,"BEYOND, INC.","KIRKLAND'S, INC",ok,full,0.0,,,,,0,0,0,0,0,0,
0001057060,0001213900-23-043557,2023-05-16,2023-05-26,0001788137,PPF Group N.V.,MARINEMAX INC,ok,full,0.0,,,,,0,0,0,0,0,0,
0001057861,0001062993-23-022136,2023-11-29,2023-12-08,0001510281,"Saba Capital Management, L.P.",BNY MELLON HIGH YIELD STRATEGIES FUND,ok,full,0.0,,,,,0,0,0,0,0,0,
0001058307,0001493152-22-003492,2022-01-05,2022-02-08,0001509529,Fernandez Charles M.,NextPlat Corp,ok,full,0.0,,,,,0,0,0,0,0,0,
0001058307,0001104659-23-045693,2023-04-11,2023-04-14,0000898860,FROST PHILLIP MD ET AL,NextPlat Corp,ok,full,0.0,,,,,0,0,0,0,0,0,
0001058623,0000897069-24-000197,2023-01-22,2024-01-24,0001925808,Renew Group Private Ltd,CUMULUS MEDIA INC,ok,full,0.0,,,,,0,0,0,0,1,1,2022-05-05
0001058623,0000897069-23-001029,2023-07-21,2023-07-28,0001925808,Renew Group Private Ltd,CUMULUS MEDIA INC,ok,full,0.0,,,,,0,0,0,0,0,1,2022-05-05
0001058811,0001193125-25-262739,2025-11-03,2025-11-03,0002022157,Irrevocable Larson Family Investment Trust,IMMERSION CORP,ok,full,0.0,,,,,0,0,0,0,0,0,
0001059262,0001104659-23-120991,2023-11-03,2023-11-24,0001352851,Magnetar Financial LLC,SP Plus Corp,ok,full,1.0,2023-12-18,PREM14A,A,0001193125-23-297724,3,0,0,0,1,1,2023-10-05
0001061894,0000921895-24-000066,2023-12-29,2024-01-08,0001825564,BROWNING WEST LP,Gildan Activewear Inc.,ok,full,0.0,,,,,0,0,0,0,0,0,
0001063537,0001213900-23-094777,2023-12-01,2023-12-11,0001937147,"Funicular Funds, LP",RiceBran Technologies,ok,full,0.0,,,,,0,0,0,0,0,0,
0001066194,0000921895-23-000931,2023-04-14,2023-04-24,0001688522,"Philotimo Fund, LP",EGAIN Corp,ok,full,0.0,,,,,0,0,0,0,0,0,
0001066605,0001019056-25-000233,2025-10-27,2025-11-05,0001385702,MAK CAPITAL ONE LLC,HEIDRICK & STRUGGLES INTERNATIONAL INC,ok,full,1.0,2025-11-03,DEFM14A,A,0001193125-25-261675,2,0,0,0,1,1,2025-10-24
0001066764,0001493152-24-018725,2024-04-24,2024-05-10,0002022872,Johnson Cole Wayne,Bitech Technologies Corp,ok,full,0.0,,,,,0,0,0,0,0,0,
0001066923,0001213900-24-016172,2023-08-03,2024-02-22,0001718826,Xue Zeyao,Future FinTech Group Inc.,ok,full,0.0,,,,,0,0,0,0,0,0,
0001066923,0001213900-25-090447,2025-09-16,2025-09-23,0001513689,Huang Shanchun,Future FinTech Group Inc.,ok,full,0.0,,,,,0,0,0,0,0,0,
0001068689,0002051172-25-000002,2025-01-07,2025-01-07,0002051172,Reid Rexford,"Data443 Risk Mitigation, Inc.",ok,full,0.0,,,,,0,0,0,0,0,0,
0001069202,0001139032-25-000002,2024-11-06,2025-02-04,0001139032,NORRIS JOHN W III,LENNOX INTERNATIONAL INC,ok,full,0.0,,,,,0,0,0,0,0,0,
0001069394,0001068238-22-000115,2022-04-17,2022-04-27,0001518601,"LYGOS, INC.",FLEXIBLE SOLUTIONS INTERNATIONAL INC,ok,full,,,,,,0,0,1,1,0,0,
0001069533,0000807249-23-000126,2023-10-02,2023-10-05,0000807249,"GAMCO INVESTORS, INC. ET AL",RGC RESOURCES INC,ok,full,0.0,,,,,0,0,0,0,0,0,
0001070050,0001683168-25-004921,2025-02-04,2025-07-03,0001065138,LORD ALBERT L,AppTech Payments Corp.,ok,full,0.0,,,,,0,0,0,0,0,0,
0001071058,0000807249-23-000089,2023-07-13,2023-07-21,0000807249,"GAMCO INVESTORS, INC. ET AL",ABSOLUTE SOFTWARE CORP,ok,full,0.0,,,,,0,0,0,0,0,0,
0001071255,0000807249-25-000139,2025-10-09,2025-10-10,0000807249,"GAMCO INVESTORS, INC. ET AL","GOLDEN ENTERTAINMENT, INC.",ok,full,1.0,2025-12-05,PREM14A,A,0001193125-25-309856,2,0,0,0,0,0,
0001072627,0001104659-25-031155,2025-03-26,2025-04-02,0001569725,"David Capital Partners, LLC",KINGSWAY FINANCIAL SERVICES INC,ok,full,0.0,,,,,0,0,0,0,0,0,
0001072627,0001104659-25-031164,2025-03-26,2025-04-02,0001726497,Palm Management (US) LLC,KINGSWAY FINANCIAL SERVICES INC,ok,full,0.0,,,,,0,0,0,0,0,0,
0001074692,0001062993-23-020160,2023-11-03,2023-11-06,0001510281,"Saba Capital Management, L.P.",EATON VANCE CALIFORNIA MUNICIPAL INCOME TRUST,ok,full,0.0,,,,,0,0,0,0,0,0,
0001074692,0000769317-24-000055,2024-03-20,2024-03-20,0000769317,SIT INVESTMENT ASSOCIATES INC,EATON VANCE CALIFORNIA MUNICIPAL INCOME TRUST,ok,full,0.0,,,,,0,0,0,0,0,0,
0001074828,0001013762-23-006726,2023-10-16,2023-10-26,0001922670,Baszucki Todd,"KNOW LABS, INC.",ok,full,0.0,,,,,0,0,0,0,0,0,
0001074828,0001161697-25-000262,2025-08-06,2025-08-13,0002079514,Kidd Robert Gregory,"KNOW LABS, INC.",ok,full,0.0,,,,,0,0,0,0,0,0,
0001074952,0001062993-23-019264,2023-10-09,2023-10-12,0001510281,"Saba Capital Management, L.P.",Nuveen California Quality Municipal Income Fund,ok,full,0.0,,,,,0,0,0,0,0,0,
0001075415,0000921895-23-001335,2023-05-17,2023-05-23,0001799456,Flat Footed LLC,DIVERSIFIED HEALTHCARE TRUST,ok,full,1.0,2023-07-21,DEFM14A,A,0001104659-23-082930,1,0,0,0,0,0,
0001075415,0001019056-23-000301,2023-06-30,2023-06-30,0001687639,H/2 Special Opportunities IV L.P.,DIVERSIFIED HEALTHCARE TRUST,ok,full,1.0,2023-07-21,DEFM14A,A,0001104659-23-082930,1,0,0,0,0,0,
0001075736,0001955621-22-000002,2022-11-01,2022-11-29,0001955621,Dancer Bryan J,"Crexendo, Inc.",ok,full,0.0,,,,,0,0,0,0,0,0,
0001077688,0000950170-25-040487,2025-03-10,2025-03-17,0001569866,GLOBAL VALUE INVESTMENT CORP.,HOOKER FURNISHINGS Corp,ok,full,0.0,,,,,0,0,0,0,0,0,
0001078207,0001999901-23-000001,2023-10-31,2023-11-07,0001999901,"SAFE ASSET GROUP, LIMITED PARTNERSHIP","NAUTILUS, INC.",ok,full,0.0,,,,,0,0,0,0,0,0,
0001080014,0000038777-24-000072,2024-04-30,2024-05-08,0000038777,FRANKLIN RESOURCES INC,"Innoviva, Inc.",ok,full,0.0,,,,,0,0,0,0,0,0,
0001080657,0000921895-23-002806,2023-12-19,2023-12-28,0001538439,Zuma Capital Management,"Presidio Property Trust, Inc.",ok,full,0.0,,,,,0,0,0,0,0,0,
0001080657,0001493152-24-008747,2024-01-05,2024-03-04,0001437208,Heilbron Jack Kendrick,"Presidio Property Trust, Inc.",ok,full,0.0,,,,,0,0,0,0,0,0,
0001080657,0001493152-24-008748,2024-01-05,2024-03-04,0001764243,KATZ GARY MORRIS,"Presidio Property Trust, Inc.",ok,full,0.0,,,,,0,0,0,0,0,0,
0001080657,0000921895-24-001121,2024-05-09,2024-05-10,0001538439,Zuma Capital Management,"Presidio Property Trust, Inc.",ok,full,0.0,,,,,0,0,0,0,0,0,
0001080657,0000921895-24-002946,2024-12-10,2024-12-13,0001380585,Radoff Bradley Louis,"Presidio Property Trust, Inc.",ok,full,0.0,,,,,0,0,0,0,0,0,
0001082324,0000921895-22-003278,2022-12-19,2022-12-29,0001380585,Radoff Bradley Louis,VirnetX Holding Corp,ok,full,0.0,,,,,0,0,0,0,0,0,
0001083301,0001628280-23-035010,2023-10-20,2023-10-25,0001877476,Khan Nazar M.,TERAWULF INC.,ok,full,0.0,,,,,0,0,0,0,0,1,2021-12-09
0001083743,0001398344-23-019942,2023-04-14,2023-10-31,0001592613,"Formidable Asset Management, LLC","Flux Power Holdings, Inc.",ok,full,0.0,,,,,0,0,0,0,0,0,
0001084201,0001104659-25-027613,2025-03-18,2025-03-25,0001650757,Advantech Capital L.P.,SINOVAC BIOTECH LTD,ok,full,0.0,,,,,0,0,0,0,0,1,2024-01-18
0001084267,0001683168-22-002249,2021-12-31,2022-04-01,0001592481,Salkind Gene,"Mobiquity Technologies, Inc.",ok,full,0.0,,,,,0,0,0,0,0,0,
0001084765,0001398344-25-016326,2025-08-20,2025-08-21,0001588273,POPLAR POINT CAPITAL MANAGEMENT LLC,"RESOURCES CONNECTION, INC.",ok,full,0.0,,,,,0,0,0,0,0,0,
0001084991,0001387131-22-011869,2022-11-18,2022-11-28,0001360554,"Hoak Public Equities, LP",NATURAL GAS SERVICES GROUP INC,ok,full,0.0,,,,,0,0,0,0,0,0,
0001084991,0001084991-24-000128,2024-11-21,2024-11-25,0001316004,Taylor Stephen Charles,NATURAL GAS SERVICES GROUP INC,ok,full,0.0,,,,,0,0,0,0,0,0,
0001086303,0001213900-23-049802,2023-05-17,2023-06-20,0001981148,Hooi Pheng Ang,Heyu Biological Technology Corp,ok,full,0.0,,,,,0,0,0,0,0,0,
0001086303,0001213900-23-074985,2023-09-01,2023-09-07,0001991791,Lin Zengqiang,Heyu Biological Technology Corp,ok,full,0.0,,,,,0,0,0,0,0,0,
0001086303,0001213900-23-074986,2023-09-01,2023-09-07,0001991727,Lin Zhenzhu,Heyu Biological Technology Corp,ok,full,0.0,,,,,0,0,0,0,0,0,
0001086745,0002025175-24-000001,2024-06-03,2024-06-10,0002025175,Rea Natale,"AYRO, Inc.",ok,full,0.0,,,,,0,0,0,0,0,0,
0001086745,0001641172-25-021514,2025-07-29,2025-07-30,0002076786,Diveroli Investment Group LLC,"AYRO, Inc.",ok,full,0.0,,,,,0,0,0,0,0,0,
0001087786,0001062993-23-008962,2023-04-05,2023-04-10,0001510281,"Saba Capital Management, L.P.",NUVEEN NEW JERSEY QUALITY MUNICIPAL INCOME FUND,ok,full,0.0,,,,,0,0,0,0,0,0,
0001087786,0000897101-24-000225,2024-06-05,2024-06-05,0000769317,SIT INVESTMENT ASSOCIATES INC,NUVEEN NEW JERSEY QUALITY MUNICIPAL INCOME FUND,ok,full,0.0,,,,,0,0,0,0,0,0,
0001089297,0001096906-22-001718,2022-07-19,2022-07-28,0001860428,Chen Wei Qun,NOVAGANT CORP,ok,full,0.0,,,,,0,0,0,0,0,0,
0001089815,0001140361-23-056352,2023-11-27,2023-12-05,0001999391,jeereddi Prasad Anjaneya,"U.S. NeuroSurgical Holdings, Inc.",ok,full,0.0,,,,,0,0,0,0,0,0,
0001089815,0001437749-25-038869,2025-11-04,2025-12-29,0001999391,jeereddi Prasad Anjaneya,Elite Health Systems Inc.,ok,full,0.0,,,,,0,0,0,0,0,0,
0001089872,0001140361-22-020490,2019-06-19,2022-05-25,0001809109,Colquhoun James,"GAIA, INC",ok,partial,0.0,,,,,0,0,0,0,0,0,
0001091596,0001437749-22-016502,2020-10-05,2022-07-05,0001313516,JORDEN DAVID EMERSON,"Nuo Therapeutics, Inc.",ok,partial,0.0,,,,,0,0,0,0,0,0,
0001092662,0001140361-23-021893,2023-04-27,2023-05-01,0001964166,Biosynex SA,"CHEMBIO DIAGNOSTICS, INC.",ok,full,1.0,2023-04-27,8-K,A,0001140361-23-021050,1,1,0,0,1,1,2023-02-14
0001095348,0001171843-22-004125,2022-05-20,2022-06-03,0001932490,Kuo Chuan-Chiung,O2MICRO INTERNATIONAL LTD,ok,full,0.0,,,,,0,0,0,0,0,0,
0001095651,0001341004-23-000109,2023-03-31,2023-04-11,0000936828,GIC Private Ltd,Safehold Inc.,ok,full,,,,,,0,0,1,1,0,0,
0001096296,0002001629-25-000002,2025-05-04,2025-05-07,0002001629,Burgauer James,MINERALRITE Corp,ok,full,0.0,,,,,0,0,0,0,0,0,
0001096296,0002001629-25-000003,2025-05-04,2025-05-07,0002001629,Burgauer James,MINERALRITE Corp,ok,full,0.0,,,,,0,0,0,0,0,0,
0001096296,0002001629-25-000007,2025-05-04,2025-05-07,0002001629,Burgauer James,MINERALRITE Corp,ok,full,0.0,,,,,0,0,0,0,0,0,
0001096691,0001178913-22-001405,2022-04-04,2022-04-05,0001918016,Amphissa Holdings Limited Partnership,PARTNER COMMUNICATIONS CO LTD,ok,full,0.0,,,,,0,0,0,0,0,0,
0001096938,0001477932-24-008199,2024-12-17,2024-12-19,0002048420,Wendy Beplate Irrevocable Trust,"United Health Products, Inc.",ok,full,0.0,,,,,0,0,0,0,0,0,
0001098146,0002039317-24-000001,2024-09-26,2024-09-30,0002039317,Blackhurst Don,PATRIOT NATIONAL BANCORP INC,ok,full,0.0,,,,,0,0,0,0,0,0,
0001098146,0001437749-25-010539,2025-03-20,2025-04-02,0001504590,Sugarman Steven,PATRIOT NATIONAL BANCORP INC,ok,full,0.0,,,,,0,0,0,0,0,0,
0001098146,0001641172-25-003733,2025-03-20,2025-04-11,0002064425,FHNB LLC,PATRIOT NATIONAL BANCORP INC,ok,full,0.0,,,,,0,0,0,0,0,0,
0001099590,0001437749-24-018325,2024-05-20,2024-05-24,0002012707,Galperin Trust /SD,MERCADOLIBRE INC,ok,full,0.0,,,,,0,0,0,0,0,0,
0001100397,0001178913-23-003115,2023-09-01,2023-09-11,0001652458,"Israel Biotech Fund I, L.P.","Ayala Pharmaceuticals, Inc.",ok,full,,,,,,0,0,1,1,0,1,2021-10-21
0001101026,0001654954-24-000795,2023-12-13,2024-01-22,0001436075,Maggiore Christopher D.,"Zivo Bioscience, Inc.",ok,full,0.0,,,,,0,0,0,0,0,0,
0001101026,0001654954-24-007675,2024-06-05,2024-06-12,0001291432,Marchiando Keith,"Zivo Bioscience, Inc.",ok,full,0.0,,,,,0,0,0,0,0,0,
0001101026,0001654954-24-007676,2024-06-05,2024-06-12,0001582392,PAYNE JOHN BERNARD,"Zivo Bioscience, Inc.",ok,full,0.0,,,,,0,0,0,0,0,0,
0001101026,0001654954-24-007677,2024-06-05,2024-06-12,0001549395,Cornell Alison A,"Zivo Bioscience, Inc.",ok,full,0.0,,,,,0,0,0,0,0,0,
0001101396,0001654954-23-012757,2023-09-29,2023-10-10,0001539281,"Forager Fund, L.P.","DELTA APPAREL, INC",ok,full,0.0,,,,,0,0,0,0,0,0,
0001101680,0001437749-24-001369,2024-01-03,2024-01-16,0002007738,IV Global Fund No. 4,DZS INC.,ok,full,0.0,,,,,0,0,0,0,0,0,
0001102238,0001010549-22-000186,2022-07-27,2022-08-01,0001930027,PHILLIPS RYAN T,AMERICAN REALTY INVESTORS INC,ok,full,0.0,,,,,0,0,0,0,0,0,
0001102993,0001193805-22-000401,2022-02-22,2022-02-28,0001517137,Starboard Value LP,LIVEPERSON INC,ok,full,0.0,,,,,0,0,0,0,0,0,
0001103021,0001104659-22-026456,2022-02-14,2022-02-24,0001352851,Magnetar Financial LLC,BIODELIVERY SCIENCES INTERNATIONAL INC,ok,full,1.0,2022-02-14,SC 14D9,A,0001103021-22-000037,4,0,0,1,0,0,
0001104038,0001214659-23-008365,2023-05-12,2023-06-08,0000925236,GELLER MARSHALL S,"VerifyMe, Inc.",ok,full,0.0,,,,,0,0,0,0,0,0,
0001107421,0001213900-25-043211,2025-05-12,2025-05-14,0002068010,PMGC CAPITAL LLC,"Alaunos Therapeutics, Inc.",ok,full,0.0,,,,,0,0,0,0,0,0,
0001107421,0000921895-25-001912,2025-06-24,2025-07-01,0001827847,Postma Robert W,"Alaunos Therapeutics, Inc.",ok,full,0.0,,,,,0,0,0,0,0,0,
0001107421,0002094682-25-000001,2025-10-30,2025-10-30,0002094682,Price Adrian,"Alaunos Therapeutics, Inc.",ok,full,0.0,,,,,0,0,0,0,0,0,
0001108426,0000950170-25-076981,2025-05-18,2025-05-23,0002068155,Troy TopCo LP,TXNM ENERGY INC,ok,full,1.0,2025-05-19,8-K,A,0001108426-25-000048,5,1,0,0,0,1,2021-01-05
0001108630,0001014108-22-000094,2022-04-22,2022-05-06,0001694911,Leawood Capital Venture Fund LP,Live Current Media Inc.,ok,full,0.0,,,,,0,0,0,0,0,0,
0001108630,0001062993-22-011307,2022-04-22,2022-05-03,0001926493,Ollila Mark,Live Current Media Inc.,ok,full,0.0,,,,,0,0,0,0,0,0,
0001108630,0001062993-22-012947,2022-04-22,2022-05-19,0001928506,Weissberg Justin Andrew,Live Current Media Inc.,ok,full,0.0,,,,,0,0,0,0,0,0,
0001109448,0000950170-24-122382,2024-11-04,2024-11-06,0001333986,"Equitable Holdings, Inc.",ALLIANCEBERNSTEIN L.P.,ok,full,0.0,,,,,0,0,0,0,0,0,
0001110607,0001683168-24-007151,2021-08-11,2024-10-15,0001182567,GOLDMAN NEAL I,"Koil Energy Solutions, Inc.",ok,full,0.0,,,,,0,0,0,0,0,0,
0001110607,0001731122-24-000358,2023-03-06,2024-03-06,0001991451,"Galloway Capital Partners, LLC","Koil Energy Solutions, Inc.",ok,full,0.0,,,,,0,0,0,0,0,0,
0001110607,0001731122-23-002194,2023-11-27,2023-11-27,0001991451,"Galloway Capital Partners, LLC","Koil Energy Solutions, Inc.",ok,full,0.0,,,,,0,0,0,0,0,0,
0001110611,0000921895-22-003251,2022-12-13,2022-12-20,0001524362,"Indaba Capital Management, L.P.",ON24 INC.,ok,full,0.0,,,,,0,0,0,0,0,0,
0001110611,0001104659-23-021704,2023-02-08,2023-02-14,0001734341,Lynrock Lake LP,ON24 INC.,ok,full,0.0,,,,,0,0,0,0,0,0,
0001113256,0001104659-22-032241,2022-02-28,2022-03-10,0001352851,Magnetar Financial LLC,"MERITOR, INC.",ok,full,1.0,2022-03-21,PREM14A,A,0001140361-22-010383,3,0,0,1,1,1,2022-02-22
0001113313,0001607062-22-000434,2022-05-10,2022-06-24,0001101296,LOVIG BRIAN,ARVANA INC,ok,full,0.0,,,,,0,0,0,0,0,0,
0001113313,0001607062-22-000646,2022-09-30,2022-10-28,0001101296,LOVIG BRIAN,ARVANA INC,ok,full,0.0,,,,,0,0,0,0,0,0,
0001113313,0001607062-22-000647,2022-09-30,2022-10-28,0001931377,Bondock LLC,ARVANA INC,ok,full,0.0,,,,,0,0,0,0,0,0,
0001113809,0001058854-22-000033,2022-07-21,2022-07-26,0001058854,CANNELL CAPITAL LLC,BUILD-A-BEAR WORKSHOP INC,ok,full,0.0,,,,,0,0,0,0,0,0,
0001114925,0000919574-23-003607,2023-06-06,2023-06-06,0001829095,Orange River Management L.P.,LANTRONIX INC,ok,full,0.0,,,,,0,0,0,0,0,0,
0001114925,0001104659-25-055609,2025-06-02,2025-06-02,0001762999,"Chain of Lakes Investment Fund, LLC",LANTRONIX INC,ok,full,0.0,,,,,0,0,0,0,0,0,
0001114995,0001085146-24-002696,2024-06-06,2024-06-10,0002003074,SYLEBRA CAPITAL LLC,IMPINJ INC,ok,full,0.0,,,,,0,0,0,0,0,0,
0001116463,0000902664-25-004014,2025-09-02,2025-09-09,0001478982,"Altai Capital Management, L.P.",ORASURE TECHNOLOGIES INC,ok,full,0.0,,,,,0,0,0,0,0,0,
0001117057,0001213900-23-050481,2022-07-20,2023-06-21,0001981262,Xiangtian Aerodynamic Electricity Ltd.,Planet Green Holdings Corp.,ok,full,0.0,,,,,0,0,0,0,0,0,
0001117171,0001213900-25-124070,2025-12-03,2025-12-19,0002102200,Gimli Group Ltd,"CBAK Energy Technology, Inc.",ok,full,0.0,,,,,0,0,0,0,0,0,
0001117480,0001104659-22-117058,2022-11-10,2022-11-10,0001687509,Rubric Capital Management LP,CHIMERIX INC,ok,full,0.0,,,,,0,0,0,0,0,0,
0001119769,0001377789-22-000034,2022-06-24,2022-06-27,0001377789,"AVIAT NETWORKS, INC.",CERAGON NETWORKS LTD,ok,full,0.0,,,,,0,0,0,0,0,0,
0001120193,0001193125-23-270478,2023-11-01,2023-11-03,0001993263,"Adenza Parent, LP","NASDAQ, INC.",ok,full,0.0,,,,,0,0,0,0,0,0,
0001121702,0000908834-23-000122,2023-08-15,2023-10-11,0001021412,SCHULER JACK W,"YIELD10 BIOSCIENCE, INC.",ok,full,0.0,,,,,0,0,0,0,0,0,
0001124105,0001140361-24-040313,2024-09-06,2024-09-06,0001959160,Luo Ying,"GYRE THERAPEUTICS, INC.",ok,full,0.0,,,,,0,0,0,0,0,1,2023-07-20
0001124105,0001140361-24-040318,2024-09-06,2024-09-06,0001985547,Ma Songjiang,"GYRE THERAPEUTICS, INC.",ok,full,0.0,,,,,0,0,0,0,0,1,2023-07-20
0001124804,0001539497-24-001076,2024-05-16,2024-05-16,0001777141,Kent Lake Capital LLC,Veradigm Inc.,ok,full,0.0,,,,,0,0,0,0,0,0,
0001124804,0000950170-25-024556,2025-02-19,2025-02-21,0001266227,STONEHILL CAPITAL MANAGEMENT LLC,Veradigm Inc.,ok,full,0.0,,,,,0,0,0,0,0,0,
0001126234,0001062993-23-003537,2023-02-13,2023-02-15,0001776353,Farb Daniel Stuart,"LUMOS PHARMA, INC.",ok,full,0.0,,,,,0,0,0,0,0,0,
0001127703,0001104659-25-033995,2025-04-04,2025-04-11,0001352851,Magnetar Financial LLC,PROASSURANCE CORP,ok,full,1.0,2025-05-01,PREM14A,A,0001140361-25-016722,2,0,0,0,1,1,2025-03-20
0001128281,0001062993-22-006225,2022-02-16,2022-03-02,0001914162,Desai Ravi Ramesh,"Saker Aviation Services, Inc.",ok,full,0.0,,,,,0,0,0,0,0,0,
0001130166,0000921895-25-000649,2025-02-06,2025-02-28,0001932843,Lazar David E.,"Cyclacel Pharmaceuticals, Inc.",ok,full,0.0,,,,,0,0,0,0,1,1,2025-01-06
0001130166,0001829126-25-001429,2025-02-26,2025-03-04,0001892421,Doris Wong Sing Ee,"Cyclacel Pharmaceuticals, Inc.",ok,full,0.0,,,,,0,0,0,0,1,1,2025-01-06
0001130598,0000929638-24-001418,2024-04-01,2024-04-08,0002017797,"Viriom, Inc.","Traws Pharma, Inc.",ok,full,,,,,,0,0,1,1,0,0,
0001130598,0000947871-24-000770,2024-09-16,2024-09-23,0001055951,ORBIMED ADVISORS LLC,"Traws Pharma, Inc.",ok,full,0.0,,,,,0,0,0,0,0,0,
0001130713,0000921895-22-001834,2022-05-18,2022-05-31,0001633362,"Simcoe Capital Management, LLC","OVERSTOCK.COM, INC",ok,full,0.0,,,,,0,0,0,0,0,0,
0001130713,0001013594-23-000799,2023-10-12,2023-10-16,0001834438,JAT Capital Mgmt LP,"OVERSTOCK.COM, INC",ok,full,0.0,,,,,0,0,0,0,0,0,
0001130781,0001477932-25-009271,2025-05-16,2025-12-31,0002099307,Dobale Vighnesh Harinarayan,"BMP AI Technologies, Inc.",ok,full,0.0,,,,,0,0,0,0,0,0,
0001131903,0001096906-24-001464,2022-01-27,2024-07-02,0002029212,Decus Pro OU,SPECTRAL CAPITAL Corp,ok,full,0.0,,,,,0,0,0,0,0,0,
0001131903,0001096906-24-001451,2024-04-25,2024-06-28,0002028814,SKY Data PLL OU,SPECTRAL CAPITAL Corp,ok,full,0.0,,,,,0,0,0,0,0,0,
0001131903,0001096906-24-001578,2024-06-07,2024-07-24,0002030702,Brehm Sean Michael,SPECTRAL CAPITAL Corp,ok,full,0.0,,,,,0,0,0,0,0,0,
0001131903,0001096906-25-000058,2025-01-15,2025-01-16,0002030702,Brehm Sean Michael,SPECTRAL CAPITAL Corp,ok,full,0.0,,,,,0,0,0,0,0,0,
0001132105,0000807249-22-000118,2022-09-16,2022-09-23,0000807249,"GAMCO INVESTORS, INC. ET AL","SPORTSMAN'S WAREHOUSE HOLDINGS, INC.",ok,full,0.0,,,,,0,0,0,0,1,1,2021-12-02
0001132105,0001058854-23-000024,2023-06-28,2023-06-28,0001058854,CANNELL CAPITAL LLC,"SPORTSMAN'S WAREHOUSE HOLDINGS, INC.",ok,full,0.0,,,,,0,0,0,0,0,1,2021-12-02
0001134982,0001477932-24-003256,2023-03-23,2024-05-23,0002019128,Cres Pty Ltd atf Cres Discretionary Trust No. 2,"Apple iSports Group, Inc.",ok,full,0.0,,,,,0,0,0,0,0,0,
0001137390,0001062993-23-018592,2023-09-27,2023-09-29,0001510281,"Saba Capital Management, L.P.",BLACKROCK NEW YORK MUNICIPAL INCOME TRUST,ok,full,0.0,,,,,0,0,0,0,0,0,
0001137391,0001062993-23-005994,2023-03-02,2023-03-06,0001510281,"Saba Capital Management, L.P.",BLACKROCK CALIFORNIA MUNICIPAL INCOME TRUST,ok,full,0.0,,,,,0,0,0,0,0,0,
0001137391,0001193125-24-133450,2024-05-03,2024-05-07,0000072971,WELLS FARGO & COMPANY/MN,BLACKROCK CALIFORNIA MUNICIPAL INCOME TRUST,ok,full,0.0,,,,,0,0,0,0,0,0,
0001137547,0001137547-23-000062,2023-06-01,2023-06-12,0001981173,GILL JAGROOP,UNITED SECURITY BANCSHARES,ok,full,0.0,,,,,0,0,0,0,0,0,
0001138723,0001104659-25-060187,2025-06-06,2025-06-17,0000850401,TCW GROUP INC,ACCURAY INC,ok,full,0.0,,,,,0,0,0,0,0,0,
0001140215,0000902664-22-002243,2022-03-10,2022-03-22,0001666231,"Union Square Park Capital Management, LLC","REED'S, INC.",ok,full,0.0,,,,,0,0,0,0,0,0,
0001140215,0001493152-23-020380,2023-05-25,2023-06-07,0001693098,Bello John,"REED'S, INC.",ok,full,0.0,,,,,0,0,0,0,0,0,
0001140215,0001493152-25-008594,2024-12-31,2025-02-28,0002053961,Era Regenerative Medicine Ltd,"REED'S, INC.",ok,full,0.0,,,,,0,0,0,0,0,0,
0001140392,0001140361-24-021788,2024-04-17,2024-04-24,0000070858,BANK OF AMERICA CORP /DE/,PIMCO MUNICIPAL INCOME FUND,ok,full,0.0,,,,,0,0,0,0,1,1,2023-08-15
0001140410,0001140361-24-021791,2024-04-17,2024-04-24,0000070858,BANK OF AMERICA CORP /DE/,PIMCO NEW YORK MUNICIPAL INCOME FUND,ok,full,0.0,,,,,0,0,0,0,1,1,2023-08-15
0001140411,0001140361-24-021787,2024-04-17,2024-04-24,0000070858,BANK OF AMERICA CORP /DE/,PIMCO CALIFORNIA MUNICIPAL INCOME FUND,ok,full,0.0,,,,,0,0,0,0,1,1,2023-08-15
0001141103,0000921895-22-002603,2022-08-22,2022-09-01,0001633362,"Simcoe Capital Management, LLC",CROSS COUNTRY HEALTHCARE INC,ok,full,0.0,,,,,0,0,0,0,0,0,
0001141103,0001104659-24-130738,2024-12-13,2024-12-20,0001352851,Magnetar Financial LLC,CROSS COUNTRY HEALTHCARE INC,ok,full,1.0,2025-01-06,PREM14A,A,0001140361-25-000301,2,0,0,0,1,1,2024-12-04
0001141197,0001654954-25-000824,2025-01-23,2025-01-27,0001946705,SGK 2018 REVOCABLE TRUST,PEDEVCO CORP,ok,full,0.0,,,,,0,0,0,0,0,0,
0001141197,0001213900-25-107793,2025-10-31,2025-11-07,0001839103,"Juniper Capital III GP, L.P.",PEDEVCO CORP,ok,full,0.0,,,,,0,0,0,0,0,0,
0001144169,0001079973-22-000593,2022-04-27,2022-05-16,0001927165,Otey-Raudes Julia,"ECO INNOVATION GROUP, INC.",ok,full,0.0,,,,,0,0,0,0,0,0,
0001144879,0001104659-22-047984,2022-04-18,2022-04-21,0001391935,Cummins Wes,"Applied Blockchain, Inc.",ok,full,0.0,,,,,0,0,0,0,0,0,
0001144879,0001144879-23-000237,2023-11-07,2023-11-17,0001900445,ZHANG JASON,Applied Digital Corp.,ok,full,0.0,,,,,0,0,0,0,0,0,
0001144879,0000902664-24-003324,2024-05-01,2024-05-07,0001317904,Oasis Management Co Ltd.,Applied Digital Corp.,ok,full,0.0,,,,,0,0,0,0,0,0,
0001156041,0001845025-22-000002,2022-06-07,2022-06-16,0001845025,Kling Tyler Hayden,HOUSTON AMERICAN ENERGY CORP,ok,full,0.0,,,,,0,0,0,0,0,0,
0001156041,0001641172-25-018471,2025-07-01,2025-07-09,0002075327,Abundia Financial LLC,HOUSTON AMERICAN ENERGY CORP,ok,full,0.0,,,,,0,0,0,0,0,0,
0001156388,0000807249-25-000138,2025-09-25,2025-10-02,0000807249,"GAMCO INVESTORS, INC. ET AL",BIG 5 SPORTING GOODS Corp,ok,full,1.0,2025-10-02,8-K,A,0001193125-25-227537,1,0,0,0,1,1,2025-08-08
0001157601,0001104659-23-072412,2023-06-15,2023-06-20,0001263508,BAKER BROS. ADVISORS LP,"MADRIGAL PHARMACEUTICALS, INC.",ok,full,0.0,,,,,0,0,0,0,0,0,
0001158463,0001539497-24-000264,2024-02-01,2024-02-12,0000921669,ICAHN CARL C,JETBLUE AIRWAYS CORP,ok,full,,,,,,0,0,1,1,0,0,
0001158463,0001376474-24-000494,2024-09-03,2024-09-05,0002020621,Galkin Vladimir,JETBLUE AIRWAYS CORP,ok,full,0.0,,,,,0,0,0,0,0,0,
0001158780,0001213900-23-000847,2022-12-20,2023-01-04,0001402539,YANAY YAKY,Pluri Inc.,ok,full,0.0,,,,,0,0,0,0,0,0,
0001158780,0001213900-25-013082,2025-02-05,2025-02-12,0002055515,Chutzpah Holdings Ltd,Pluri Inc.,ok,full,0.0,,,,,0,0,0,0,0,0,
0001159167,0001104659-22-098884,2022-09-01,2022-09-09,0001352851,Magnetar Financial LLC,IROBOT CORP,ok,full,1.0,2022-09-07,DEFM14A,A,0001193125-22-240062,4,0,0,0,1,1,2022-08-25
0001161582,0001161697-23-000069,2023-01-01,2023-01-18,0001962057,Schwartz Lindsey,"GROWLIFE, INC.",ok,full,0.0,,,,,0,0,0,0,0,0,
0001161582,0001161697-23-000071,2023-01-06,2023-01-18,0001962343,Huebert Trevor,"GROWLIFE, INC.",ok,full,0.0,,,,,0,0,0,0,0,0,
0001162027,0001062993-23-018366,2023-09-19,2023-09-21,0001510281,"Saba Capital Management, L.P.",ALLIANCEBERNSTEIN NATIONAL MUNICIPAL INCOME FUND,ok,full,0.0,,,,,0,0,0,0,0,0,
0001162194,0000950142-22-001358,2022-04-04,2022-04-08,0001534261,"Casdin Capital, LLC",STANDARD BIOTOOLS INC.,ok,full,0.0,,,,,0,0,0,0,0,0,
0001162194,0001140361-23-048351,2023-10-04,2023-10-16,0001103804,VIKING GLOBAL INVESTORS LP,STANDARD BIOTOOLS INC.,ok,full,0.0,,,,,0,0,0,0,0,0,
0001162461,0001104659-23-044843,2023-04-12,2023-04-13,0001590144,"PURA VIDA INVESTMENTS, LLC",CUTERA INC,ok,full,0.0,,,,,0,0,0,0,0,0,
0001162461,0001214659-23-005311,2023-04-12,2023-04-13,0001493215,"RTW INVESTMENTS, LP",CUTERA INC,ok,full,0.0,,,,,0,0,0,0,0,0,
0001162896,0001493152-23-017534,2023-05-03,2023-05-15,0001606277,Kovalik Edward,Prairie Operating Co.,ok,full,,,,,,0,0,1,2,0,0,
0001162896,0001493152-23-042356,2023-11-13,2023-11-21,0002001258,Narrogal Nominees Pty Ltd ATF Gregory K O'Neill Family Trust,Prairie Operating Co.,ok,full,0.0,,,,,0,0,0,0,0,0,
0001163560,0001140361-22-022757,2020-08-19,2022-06-13,0001932718,Serrano Cuevas Vanessa,GRUPO TMM SAB,ok,partial,0.0,,,,,0,0,0,0,0,0,
0001164256,0001923742-22-000001,2022-05-25,2022-05-31,0001923742,Gaelic Resources Ltd,"DAYBREAK OIL & GAS, INC.",ok,full,0.0,,,,,0,0,0,0,1,1,2022-04-21
0001164771,0000930413-24-003094,2023-03-24,2024-11-04,0001599814,"Kopernik Global Investors, LLC",NORTHERN DYNASTY MINERALS LTD,ok,full,0.0,,,,,0,0,0,0,0,0,
0001165002,0001839882-23-033567,2023-12-04,2023-12-13,0001360554,"Hoak Public Equities, LP",WESTWOOD HOLDINGS GROUP INC,ok,full,0.0,,,,,0,0,0,0,0,0,
0001165002,0001104659-25-073420,2025-07-30,2025-08-04,0001911113,Settian Capital LP,WESTWOOD HOLDINGS GROUP INC,ok,full,0.0,,,,,0,0,0,0,0,0,
0001166834,0001213900-23-098599,2023-08-22,2023-12-26,0002005736,Danbar Finance Ltd.,SHL TELEMEDICINE LTD,ok,full,0.0,,,,,0,0,0,0,0,0,
0001166834,0001178913-23-003953,2023-12-14,2023-12-21,0001992355,Value Base Ltd.,SHL TELEMEDICINE LTD,ok,full,0.0,,,,,0,0,0,0,0,0,
0001169034,0001654954-22-009232,2020-06-16,2022-07-05,0001344146,"Toronto Dominion Investments, Inc.",BLACKROCK VIRGINIA MUNICIPAL BOND TRUST,ok,partial,0.0,,,,,0,0,0,0,0,0,
0001169034,0001654954-22-009233,2022-06-22,2022-07-05,0001344146,"Toronto Dominion Investments, Inc.",BLACKROCK VIRGINIA MUNICIPAL BOND TRUST,ok,full,0.0,,,,,0,0,0,0,0,0,
0001169034,0001062993-23-021190,2023-11-13,2023-11-20,0001510281,"Saba Capital Management, L.P.",BLACKROCK VIRGINIA MUNICIPAL BOND TRUST,ok,full,0.0,,,,,0,0,0,0,0,0,
0001169445,0001665159-24-000001,2024-08-09,2024-08-14,0001665159,Ocho Investments LLC,"TruBridge, Inc.",ok,full,0.0,,,,,0,0,0,0,0,0,
0001169652,0001104659-22-102551,2022-09-13,2022-09-23,0001352851,Magnetar Financial LLC,CHANNELADVISOR CORP,ok,full,1.0,2022-09-27,PREM14A,A,0001193125-22-251792,3,0,0,0,1,1,2022-09-06
0001169770,0001140361-23-055832,2023-11-30,2023-12-01,0001162870,WARBURG PINCUS LLC,"BANC OF CALIFORNIA, INC.",ok,full,1.0,2023-12-01,8-K,A,0001140361-23-055744,1,1,0,0,1,1,2023-07-28
0001169987,0001214659-22-009648,2022-07-26,2022-08-05,0000896493,"BitNile Holdings, Inc.","HTG MOLECULAR DIAGNOSTICS, INC",ok,full,0.0,,,,,0,0,0,0,0,0,
0001170299,0001140361-24-021789,2024-04-17,2024-04-24,0000070858,BANK OF AMERICA CORP /DE/,PIMCO MUNICIPAL INCOME FUND II,ok,full,0.0,,,,,0,0,0,0,1,1,2023-08-15
0001170300,0001140361-24-021785,2024-04-17,2024-04-24,0000070858,BANK OF AMERICA CORP /DE/,PIMCO CALIFORNIA MUNICIPAL INCOME FUND II,ok,full,0.0,,,,,0,0,0,0,1,1,2023-08-15
0001170300,0001062993-25-001705,2025-02-04,2025-02-05,0001510281,"Saba Capital Management, L.P.",PIMCO CALIFORNIA MUNICIPAL INCOME FUND II,ok,full,0.0,,,,,0,0,0,0,0,1,2023-08-15
0001170311,0001140361-24-021792,2024-04-17,2024-04-24,0000070858,BANK OF AMERICA CORP /DE/,PIMCO NEW YORK MUNICIPAL INCOME FUND II,ok,full,0.0,,,,,0,0,0,0,1,1,2023-08-15
0001170858,0001292814-24-002966,2024-07-18,2024-08-05,0001219208,SAO PAULO STATE OF,COMPANHIA DE SANEAMENTO BASICO DO ESTADO DE SAO PAULO-SABESP,ok,full,0.0,,,,,0,0,0,0,0,0,
0001170858,0001013762-24-002146,2024-07-22,2024-07-29,0002032066,Equatorial Participations & Investments IV S.A.,COMPANHIA DE SANEAMENTO BASICO DO ESTADO DE SAO PAULO-SABESP,ok,full,0.0,,,,,0,0,0,0,0,0,
0001171759,0000921895-24-002270,2024-10-02,2024-10-09,0001461945,"JCP Investment Management, LLC",RED ROBIN GOURMET BURGERS INC,ok,full,0.0,,,,,0,0,0,0,0,0,
0001172178,0001493152-22-010510,2022-01-05,2022-04-20,0001646066,GROSS BRETT,LIBERTY STAR URANIUM & METALS CORP.,ok,full,0.0,,,,,0,0,0,0,0,0,
0001172178,0001493152-22-010554,2022-01-05,2022-04-20,0001569334,O'HEERON PETE,LIBERTY STAR URANIUM & METALS CORP.,ok,full,0.0,,,,,0,0,0,0,0,0,
0001172178,0001493152-25-027416,2025-03-05,2025-12-12,0001651528,MADARIS PATRICIA,LIBERTY STAR URANIUM & METALS CORP.,ok,full,0.0,,,,,0,0,0,0,0,0,
0001172358,0001104659-24-115320,2024-09-30,2024-11-07,0001730313,"Carrollton Mineral Partners IV, LP","DORCHESTER MINERALS, L.P.",ok,full,0.0,,,,,0,0,0,0,0,0,
0001173281,0001213900-23-072694,2023-08-22,2023-08-31,0001991925,Symetryx Corp,"NeuBase Therapeutics, Inc.",ok,full,0.0,,,,,0,0,0,0,0,0,
0001173313,0001213900-22-038902,2022-05-20,2022-07-12,0001934554,Jiang Shuling,"ABVC BIOPHARMA, INC.",ok,full,0.0,,,,,0,0,0,0,0,0,
0001173313,0001213900-25-050762,2025-05-13,2025-06-03,0001892728,Jiang Eugene,"ABVC BIOPHARMA, INC.",ok,full,0.0,,,,,0,0,0,0,0,0,
0001173382,0001104659-25-014235,2025-02-13,2025-02-14,0000898286,CAISSE DE DEPOT ET PLACEMENT DU QUEBEC,CAE INC,ok,full,0.0,,,,,0,0,0,0,0,0,
0001174169,0001193805-23-000930,2023-06-20,2023-06-30,0001517137,Starboard Value LP,ALGONQUIN POWER & UTILITIES CORP.,ok,full,0.0,,,,,0,0,0,0,0,0,
0001174891,0001493152-24-009918,2023-11-28,2024-03-14,0001892498,FONTENOT SEAN PAUL,"CalEthos, Inc.",ok,full,0.0,,,,,0,0,0,0,0,0,
0001174891,0001641172-25-023537,2025-07-22,2025-08-13,0002081187,Thompson Chauncey Lennis,"CalEthos, Inc.",ok,full,0.0,,,,,0,0,0,0,0,0,
0001174940,0001683168-24-000887,2023-12-28,2024-02-12,0001626644,"Odyssey Health, Inc.",ORAGENICS INC,ok,full,0.0,,,,,0,0,0,0,0,0,
0001175535,0001683168-24-003951,2024-06-03,2024-06-03,0002009447,MCB PR Capital LLC,Whitestone REIT,ok,full,0.0,,,,,0,0,0,0,0,0,
0001176194,0001193125-24-000795,2023-12-20,2024-01-03,0000019617,JPMORGAN CHASE & CO,BLACKROCK MUNICIPAL INCOME TRUST II,ok,full,0.0,,,,,0,0,0,0,0,0,
0001176309,0001213900-24-025263,2024-03-06,2024-03-22,0001351779,KIDRON NADAV,ORAMED PHARMACEUTICALS INC.,ok,full,0.0,,,,,0,0,0,0,0,0,
0001176334,0000950170-24-141277,2024-12-26,2024-12-30,0001203717,MARTIN RESOURCE MANAGEMENT CORP,MARTIN MIDSTREAM PARTNERS L.P.,ok,full,0.0,,,,,0,0,0,0,1,1,2024-11-27
0001176334,0000950170-24-141280,2024-12-26,2024-12-30,0001201198,MARTIN RUBEN S,MARTIN MIDSTREAM PARTNERS L.P.,ok,full,0.0,,,,,0,0,0,0,1,1,2024-11-27
0001176984,0001072613-24-000057,2024-01-18,2024-01-19,0001048703,"Karpus Management, Inc.",EATON VANCE MUNICIPAL BOND FUND,ok,full,1.0,2024-05-06,SC TO-C,A+B,0000940394-24-000620,2,0,0,0,0,0,
0001177161,0001062993-23-015642,2023-08-01,2023-08-02,0001510281,"Saba Capital Management, L.P.",EATON VANCE CALIFORNIA MUNICIPAL BOND FUND,ok,full,0.0,,,,,0,0,0,0,0,0,
0001177161,0000769317-23-000075,2023-10-06,2023-10-06,0000769317,SIT INVESTMENT ASSOCIATES INC,EATON VANCE CALIFORNIA MUNICIPAL BOND FUND,ok,full,0.0,,,,,0,0,0,0,0,0,
0001177162,0001062993-22-023705,2022-12-09,2022-12-12,0001510281,"Saba Capital Management, L.P.",EATON VANCE NEW YORK MUNICIPAL BOND FUND,ok,full,0.0,,,,,0,0,0,0,0,0,
0001177162,0000769317-23-000074,2023-10-06,2023-10-06,0000769317,SIT INVESTMENT ASSOCIATES INC,EATON VANCE NEW YORK MUNICIPAL BOND FUND,ok,full,0.0,,,,,0,0,0,0,0,0,
0001178697,0001493152-22-019850,2022-07-13,2022-07-19,0001932469,"AJP Holding Company, LLC",SONIM TECHNOLOGIES INC,ok,full,0.0,,,,,0,0,0,0,0,0,
0001178697,0001493152-24-041507,2023-07-14,2024-10-18,0001925315,Liu Hao Peter,SONIM TECHNOLOGIES INC,ok,full,0.0,,,,,0,0,0,0,0,0,
0001178711,0001437749-23-008637,2023-03-16,2023-03-30,0001957368,"NexPoint Real Estate Opportunities, LLC","Paratek Pharmaceuticals, Inc.",ok,full,1.0,2023-06-30,PREM14A,A,0001193125-23-179647,2,0,0,2,0,0,
0001178839,0001062993-23-021192,2023-11-13,2023-11-20,0001510281,"Saba Capital Management, L.P.",NEUBERGER BERMAN MUNICIPAL FUND INC.,ok,full,0.0,,,,,0,0,0,0,0,0,
0001178840,0001062993-23-019319,2023-10-11,2023-10-13,0001510281,"Saba Capital Management, L.P.",NEUBERGER BERMAN CALIFORNIA MUNICIPAL FUND INC.,ok,full,0.0,,,,,0,0,0,0,0,0,
0001178841,0001062993-23-019344,2023-10-12,2023-10-16,0001510281,"Saba Capital Management, L.P.",NEUBERGER BERMAN NEW YORK MUNICIPAL FUND INC.,ok,full,0.0,,,,,0,0,0,0,0,0,
0001181504,0001140361-24-021794,2024-04-17,2024-04-24,0000070858,BANK OF AMERICA CORP /DE/,PIMCO CALIFORNIA MUNICIPAL INCOME FUND III,ok,full,0.0,,,,,0,0,0,0,1,1,2023-08-15
0001181505,0001140361-24-021793,2024-04-17,2024-04-24,0000070858,BANK OF AMERICA CORP /DE/,PIMCO NEW YORK MUNICIPAL INCOME FUND III,ok,full,0.0,,,,,0,0,0,0,1,1,2023-08-15
0001181506,0001140361-24-021790,2024-04-17,2024-04-24,0000070858,BANK OF AMERICA CORP /DE/,PIMCO MUNICIPAL INCOME FUND III,ok,full,0.0,,,,,0,0,0,0,1,1,2023-08-15
0001185348,0001193805-23-001584,2023-12-04,2023-12-13,0001559771,Engaged Capital LLC,PRA GROUP INC,ok,full,0.0,,,,,0,0,0,0,0,0,
0001191070,0000902664-25-004537,2025-10-21,2025-10-23,0001910456,Lynx1 Capital Management LP,Neuphoria Therapeutics Inc.,ok,full,1.0,2026-07-24,8-K,A,0001213900-26-081052,1,0,0,0,0,0,
0001195734,0001013594-22-000528,2022-07-19,2022-07-21,0001282683,"Nierenberg Investment Management Company, Inc.",POTBELLY CORP,ok,full,0.0,,,,,0,0,0,0,0,0,
0001195737,0001072613-23-000539,2023-11-07,2023-11-07,0001048703,"Karpus Management, Inc.",Nuveen AMT-Free Quality Municipal Income Fund,ok,full,0.0,,,,,0,0,0,0,0,0,
0001195739,0001072613-23-000536,2023-11-07,2023-11-07,0001048703,"Karpus Management, Inc.",NUVEEN NEW YORK AMT-FREE QUALITY MUNICIPAL INCOME FUND,ok,full,0.0,,,,,0,0,0,0,0,0,
0001199004,0001062993-23-009252,2023-04-14,2023-04-18,0001510281,"Saba Capital Management, L.P.",Federated Hermes Premier Municipal Income Fund,ok,full,0.0,,,,,0,0,0,0,0,0,
0001201792,0000921895-23-000806,2023-03-23,2023-03-31,0001873893,325 CAPITAL LLC,AMERICAN PUBLIC EDUCATION INC,ok,full,0.0,,,,,0,0,0,0,0,0,
0001203464,0000921895-22-000012,2021-12-22,2022-01-03,0001687310,Resource Capital Fund VII L.P.,IAMGOLD CORP,ok,full,0.0,,,,,0,0,0,0,0,0,
0001204413,0000921895-22-001245,2022-04-14,2022-04-14,0001652327,"Harspring Capital Management, LLC",POINTS.COM INC.,ok,full,0.0,,,,,0,0,0,0,0,0,
0001205059,0001085037-22-000077,2022-05-04,2022-09-29,0001948302,MACKAY JAMIE MYLES,REPLICEL LIFE SCIENCES INC.,ok,full,0.0,,,,,0,0,0,0,0,0,
0001207179,0001104659-25-079251,2025-05-20,2025-08-15,0002012185,Naria Inc.,GOLAR LNG LTD,ok,full,0.0,,,,,0,0,0,0,0,0,
0001211805,0001493152-22-033117,2022-09-29,2022-11-21,0001686315,Luzon Ronen,"My Size, Inc.",ok,full,0.0,,,,,0,0,0,0,0,0,
0001213660,0001213900-22-033748,2022-01-24,2022-06-21,0001772614,Tiewei Song,BIMI International Medical Inc.,ok,full,0.0,,,,,0,0,0,0,0,0,
0001213660,0001213900-22-045465,2022-07-20,2022-08-08,0001858293,Oudom Fnu,BIMI International Medical Inc.,ok,full,0.0,,,,,0,0,0,0,0,0,
0001213660,0001858293-24-000006,2024-05-21,2024-06-17,0001858293,Oudom Fnu,BIMI Holdings Inc.,ok,full,0.0,,,,,0,0,0,0,0,0,
0001218683,0001213900-24-059094,2024-07-01,2024-07-03,0001869191,MEWAWALLA RAHUL,Mawson Infrastructure Group Inc.,ok,full,0.0,,,,,0,0,0,0,0,0,
0001218683,0001376474-25-000983,2025-12-19,2025-12-22,0002101945,"Endeavor Blockchain, LLC",Mawson Infrastructure Group Inc.,ok,full,0.0,,,,,0,0,0,0,0,0,
0001219601,0001539497-22-001725,2022-10-25,2022-11-03,0000921669,ICAHN CARL C,CROWN HOLDINGS INC,ok,full,,,,,,0,0,1,1,0,0,
0001220754,0001140361-24-045923,2024-11-07,2024-11-08,0001469588,"Q Global Capital Management, L.P.",ModivCare Inc,ok,full,0.0,,,,,0,0,0,0,0,1,2021-09-14
0001220754,0000950170-25-006492,2025-01-10,2025-01-17,0002036637,"AI Catalyst Fund, LP",ModivCare Inc,ok,full,0.0,,,,,0,0,0,0,0,1,2021-09-14
0001222922,0001140361-22-034530,2022-09-19,2022-09-23,0001103882,Paloma Partners Management Co,EATON VANCE LTD DURATION INCOME FUND,ok,full,0.0,,,,,0,0,0,0,0,0,
0001222922,0000897101-25-000584,2025-10-20,2025-10-20,0000769317,SIT INVESTMENT ASSOCIATES INC,Eaton Vance Ltd Duration Income Fund,ok,full,1.0,2026-04-17,SC TO-C,A,0001133228-26-005657,1,0,0,0,0,0,
0001223026,0001140361-23-028756,2023-05-30,2023-06-07,0000070858,BANK OF AMERICA CORP /DE/,"PIONEER MUNICIPAL HIGH INCOME FUND, INC.",ok,full,0.0,,,,,0,0,0,0,0,0,
0001223026,0001062993-24-000523,2024-01-04,2024-01-05,0001510281,"Saba Capital Management, L.P.","PIONEER MUNICIPAL HIGH INCOME FUND, INC.",ok,full,0.0,,,,,0,0,0,0,0,0,
0001223389,0001014108-22-000030,2021-07-12,2022-01-28,0001427999,"Stephens Group, LLC",CONNS INC,ok,full,0.0,,,,,0,0,0,0,0,0,
0001223389,0001014108-24-000028,2024-05-24,2024-05-29,0001427999,"Stephens Group, LLC",CONNS INC,ok,full,0.0,,,,,0,0,0,0,1,1,2024-05-06
0001223389,0000950170-24-141272,2024-12-26,2024-12-30,0001421836,Stephens Investments Holdings LLC,CONNS INC,ok,full,0.0,,,,,0,0,0,0,1,1,2024-05-06
0001227500,0001140361-25-025432,2025-07-02,2025-07-10,0002076595,Fergeson Capital LLC,EQUITY BANCSHARES INC,ok,full,,,,,,0,0,1,1,0,0,
0001227636,0001058854-22-000031,2022-06-21,2022-06-21,0001058854,CANNELL CAPITAL LLC,"Neuronetics, Inc.",ok,full,0.0,,,,,0,0,0,0,0,0,
0001230524,0001477932-23-006768,2023-08-23,2023-09-11,0001992885,Zenith Energy Ltd,Cyber Apps World,ok,full,0.0,,,,,0,0,0,0,0,0,
0001230869,0001062993-23-019317,2023-10-11,2023-10-13,0001510281,"Saba Capital Management, L.P.",ASA Gold & Precious Metals Ltd,ok,full,0.0,,,,,0,0,0,0,0,0,
0001230869,0001999371-25-004062,2025-04-09,2025-04-09,0001301324,Hoene Mary Joan,ASA Gold & Precious Metals Ltd,ok,full,0.0,,,,,0,0,0,0,0,0,
0001232860,0001140361-22-013734,2022-04-07,2022-04-08,0000070858,BANK OF AMERICA CORP /DE/,"BLACKROCK MUNICIPAL INCOME FUND, INC.",ok,full,0.0,,,,,0,0,0,0,0,0,
0001232860,0001072613-23-000537,2023-11-07,2023-11-07,0001048703,"Karpus Management, Inc.","BLACKROCK MUNICIPAL INCOME FUND, INC.",ok,full,1.0,2024-05-06,SC TO-C,A+B,0001193125-24-130943,4,0,0,0,0,0,
0001232860,0000070858-25-000368,2025-09-17,2025-09-24,0000070858,BANK OF AMERICA CORP /DE/,"BlackRock Municipal Credit Alpha Portfolio, Inc.",ok,full,0.0,,,,,0,0,0,0,1,1,2024-10-08
0001236275,0001214659-22-010464,2022-08-10,2022-08-22,0000896493,"BitNile Holdings, Inc.","SilverSun Technologies, Inc.",ok,full,,,,,,0,0,1,2,0,0,
0001236275,0001140361-23-057505,2023-12-03,2023-12-13,0002003870,"Jacobs Private Equity II, LLC","SilverSun Technologies, Inc.",ok,full,0.0,,,,,0,0,0,0,0,0,
0001236275,0001140361-25-017533,2025-04-29,2025-05-06,0002059583,Affinity Partners GP LP,"QXO, Inc.",ok,full,,,,,,0,0,1,3,0,0,
0001239819,0000902664-23-006050,2023-12-21,2023-12-27,0002005699,White Hat Capital Partners LP,LUNA INNOVATIONS INC,ok,full,0.0,,,,,0,0,0,0,0,0,
0001253689,0000902664-24-006210,2024-10-29,2024-11-04,0001535978,"Adage Capital Management, L.P.",GLYCOMIMETICS INC,ok,full,,,,,,0,0,1,1,0,0,
0001253689,0001104659-25-061806,2025-06-13,2025-06-23,0001802528,Fairmount Funds Management LLC,GLYCOMIMETICS INC,ok,full,0.0,,,,,0,0,0,0,0,0,
0001254370,0001072613-23-000619,2023-12-11,2023-12-13,0001048703,"Karpus Management, Inc.",WESTERN ASSET INFLATION-LINKED INCOME FUND,ok,full,0.0,,,,,0,0,0,0,0,0,
0001258602,0001398344-22-006108,2022-03-17,2022-03-21,0001618333,"MAGNOLIA CAPITAL FUND, LP",NELNET INC,ok,full,0.0,,,,,0,0,0,0,0,0,
0001258943,0001140361-23-028749,2023-05-30,2023-06-07,0000070858,BANK OF AMERICA CORP /DE/,"PIONEER MUNICIPAL HIGH INCOME ADVANTAGE FUND, INC.",ok,full,0.0,,,,,0,0,0,0,0,0,
0001258943,0001062993-23-020265,2023-11-06,2023-11-07,0001510281,"Saba Capital Management, L.P.","PIONEER MUNICIPAL HIGH INCOME ADVANTAGE FUND, INC.",ok,full,0.0,,,,,0,0,0,0,0,0,
0001260563,0001062993-24-012613,2024-06-11,2024-06-14,0001510281,"Saba Capital Management, L.P.","Virtus Dividend, Interest & Premium Strategy Fund",ok,full,0.0,,,,,0,0,0,0,0,0,
0001260729,0001062993-24-014277,2024-07-26,2024-08-01,0001510281,"Saba Capital Management, L.P.",GABELLI DIVIDEND & INCOME TRUST,ok,full,0.0,,,,,0,0,0,0,0,0,
0001260729,0000807249-24-000141,2024-10-11,2024-10-18,0000807249,"GAMCO INVESTORS, INC. ET AL",GABELLI DIVIDEND & INCOME TRUST,ok,full,0.0,,,,,0,0,0,0,0,0,
0001261654,0001193125-25-310146,2025-12-01,2025-12-05,0001409751,"Coliseum Capital Management, LLC",UNIVERSAL TECHNICAL INSTITUTE INC,ok,full,0.0,,,,,0,0,0,0,0,0,
0001262104,0000921895-23-001387,2023-05-19,2023-05-30,0001491072,Anson Funds Management LP,"MEI Pharma, Inc.",ok,full,0.0,,,,,0,0,0,0,0,0,
0001262976,0001641172-25-017892,2025-07-01,2025-07-03,0001543170,SPRUCE HOUSE INVESTMENT MANAGEMENT LLC,CIMPRESS plc,ok,full,0.0,,,,,0,0,0,0,0,0,
0001263364,0000912282-25-000385,2024-11-05,2025-04-08,0002051193,INTERNATIONAL ENERGY & MINERAL RESOURCES INVESTMENT (HONG KONG) Co Ltd,Idaho Copper Corp,ok,full,0.0,,,,,0,0,0,0,0,0,
0001265521,0001663577-23-000438,2023-07-31,2023-08-23,0001848129,Refer Rasmus,Trustfeed Corp.,ok,full,0.0,,,,,0,0,0,0,0,0,
0001265521,0001493152-24-002207,2023-12-29,2024-01-12,0002007346,"CWR 1, LLC",Trustfeed Corp.,ok,full,0.0,,,,,0,0,0,0,0,0,
0001266806,0001753926-22-001198,2022-08-30,2022-09-01,0001940008,Mendelsohn Adam,"Vivani Medical, Inc.",ok,full,0.0,,,,,0,0,0,0,1,1,2022-06-24
0001266806,0001753926-23-000500,2023-04-25,2023-04-25,0001974849,Bolck Joachim Eberhard,"Vivani Medical, Inc.",ok,full,0.0,,,,,0,0,0,0,1,1,2022-06-24
0001267602,0000902664-22-003090,2022-05-19,2022-05-25,0001727492,Caligan Partners LP,ALIMERA SCIENCES INC,ok,full,0.0,,,,,0,0,0,0,0,0,
0001267602,0000921895-23-000801,2023-03-24,2023-03-31,0001848809,Velan Capital Investment Management LP,ALIMERA SCIENCES INC,ok,full,0.0,,,,,0,0,0,0,0,0,
0001268533,0001062993-24-021281,2024-12-23,2024-12-30,0001510281,"Saba Capital Management, L.P.",TORTOISE ENERGY INFRASTRUCTURE CORP,ok,full,0.0,,,,,0,0,0,0,0,1,2023-08-16
0001273441,0001013594-25-001192,2025-09-30,2025-10-06,0000938552,Equinox Partners Investment Management LLC,GRAN TIERRA ENERGY INC.,ok,full,1.0,2026-08-28,PREM14A,A,0001193125-26-374524,1,0,0,0,0,0,
0001273636,0000902664-22-005070,2022-11-28,2022-12-08,0001758892,Tetragon Financial Management LP,APPLIED GENETIC TECHNOLOGIES CORP,ok,full,1.0,2022-12-01,8-K,A,0001193125-22-295981,1,0,0,0,1,1,2022-10-26
0001273685,0000904853-25-000003,2025-02-20,2025-02-26,0000904853,Amster Howard,"NEW YORK MORTGAGE TRUST, INC.",ok,full,0.0,,,,,0,0,0,0,0,0,
0001274173,0001140361-25-046593,2025-12-21,2025-12-23,0000225602,MASSACHUSETTS MUTUAL LIFE INSURANCE CO,JANUS HENDERSON GROUP PLC,ok,full,1.0,2025-12-22,8-K,A,0001104659-25-123536,6,0,0,0,0,0,
0001274494,0000950170-24-134827,2024-12-06,2024-12-10,0001071351,EBRAHIMI FARHAD FRED,"FIRST SOLAR, INC.",ok,full,0.0,,,,,0,0,0,0,0,0,
0001275158,0001387131-23-007740,2023-06-15,2023-06-23,0001360554,"Hoak Public Equities, LP",NOODLES & Co,ok,full,0.0,,,,,0,0,0,0,0,0,
0001275158,0001140361-24-014882,2024-03-15,2024-03-22,0001562452,"Headlands Capital Management, LLC",NOODLES & Co,ok,full,0.0,,,,,0,0,0,0,0,0,
0001275158,0001731122-25-001613,2025-12-01,2025-12-01,0001991451,"Galloway Capital Partners, LLC",NOODLES & Co,ok,full,0.0,,,,,0,0,0,0,0,0,
0001275158,0001493152-25-026081,2025-12-03,2025-12-03,0002076786,Diveroli Investment Group LLC,NOODLES & Co,ok,full,0.0,,,,,0,0,0,0,0,0,
0001275477,0001437749-25-024627,2015-10-05,2025-08-04,0001303609,Jaumot Frank E,"BIMINI CAPITAL MANAGEMENT, INC.",ok,partial,0.0,,,,,0,0,0,0,0,0,
0001276469,0001062993-24-004698,2024-02-23,2024-02-28,0001510281,"Saba Capital Management, L.P.",MACQUARIE/FIRST TRUST GLOBAL INFRASTR/UTIL DIV & INC FUND,ok,full,0.0,,,,,0,0,0,0,0,0,
0001277250,0001104659-23-093833,2023-08-21,2023-08-21,0001699673,Arena Investors LP,"Charge Enterprises, Inc.",ok,full,0.0,,,,,0,0,0,0,0,0,
0001277250,0000921895-24-000509,2024-02-13,2024-02-16,0001384127,Orr Ken,"Charge Enterprises, Inc.",ok,full,0.0,,,,,0,0,0,0,0,0,
0001278211,0001062993-24-006600,2024-03-14,2024-03-18,0001510281,"Saba Capital Management, L.P.",LAZARD GLOBAL TOTAL RETURN & INCOME FUND INC,ok,full,0.0,,,,,0,0,0,0,0,0,
0001280058,0001140361-22-035866,2022-09-26,2022-10-03,0001688282,"CLEARLAKE CAPITAL GROUP, L.P.",BLACKBAUD INC,ok,full,0.0,,,,,0,0,0,0,0,0,
0001283140,0001193125-22-083968,2022-03-14,2022-03-24,0001915467,Sinclair Companies,HOLLY ENERGY PARTNERS LP,ok,full,1.0,2022-03-14,8-K,A,0001193125-22-074385,1,1,0,0,0,0,
0001286973,0001213900-24-112044,2024-12-19,2024-12-23,0001491714,Sprott Eric,Americas Gold & Silver Corp,ok,full,0.0,,,,,0,0,0,0,0,0,
0001287098,0001486180-25-000006,2025-09-23,2025-10-24,0001486180,RIVER GLOBAL INVESTORS LLP,"MAXCYTE, INC.",ok,full,0.0,,,,,0,0,0,0,0,0,
0001287498,0000897101-25-000583,2025-10-20,2025-10-20,0000769317,SIT INVESTMENT ASSOCIATES INC,Eaton Vance Short Duration Diversified Income Fund,ok,full,0.0,,,,,0,0,0,0,0,1,2021-03-09
0001288784,0001014108-24-000063,2024-11-18,2024-12-09,0001955495,Namdar Family Holding LLC,Signature Bank Corp,ok,full,0.0,,,,,0,0,0,0,0,0,
0001288795,0001062993-24-015985,2024-08-28,2024-09-03,0001510281,"Saba Capital Management, L.P.",Clough Global Dividend & Income Fund,ok,full,0.0,,,,,0,0,0,0,0,0,
0001288847,0001361570-25-000007,2025-04-15,2025-04-15,0001361570,PICTET ASSET MANAGEMENT SA,"Five9, Inc.",ok,full,0.0,,,,,0,0,0,0,0,1,2021-08-26
0001289850,0001171520-24-000139,2024-02-13,2024-02-26,0001900526,RS Fund LP,"NeuroMetrix, Inc.",ok,full,1.0,2024-12-17,8-K,A,0001104659-24-129439,2,0,0,0,0,0,
0001289850,0001683168-24-001211,2024-02-23,2024-02-27,0001510865,Fields Ephraim G,"NeuroMetrix, Inc.",ok,full,1.0,2024-12-17,8-K,A,0001104659-24-129439,3,0,0,0,0,0,
0001290900,0000921895-25-001911,2025-06-24,2025-07-01,0001998785,Lakeview Opportunity Fund LLC,"Commercial Vehicle Group, Inc.",ok,full,0.0,,,,,0,0,0,0,0,0,
0001293818,0002034863-24-000003,2024-08-08,2024-10-24,0002033707,Tan Honjian,OPGEN INC,ok,full,0.0,,,,,0,0,0,0,1,1,2024-03-29
0001299969,0001628280-22-032652,2022-12-23,2022-12-28,0001212710,SCHAR DWIGHT C,"Comstock Holding Companies, Inc.",ok,full,0.0,,,,,0,0,0,0,0,0,
0001300524,0001493152-23-012178,2023-02-15,2023-04-13,0001964567,McLaren Michael David,AMERICAN INTERNATIONAL HOLDINGS CORP.,ok,full,0.0,,,,,0,0,0,0,0,0,
0001300734,0001493152-22-024133,2022-07-26,2022-08-26,0001513689,Huang Shanchun,"SHINECO, INC.",ok,full,0.0,,,,,0,0,0,0,0,0,
0001300734,0001493152-24-027141,2024-07-08,2024-07-12,0001513689,Huang Shanchun,"SHINECO, INC.",ok,full,0.0,,,,,0,0,0,0,0,0,
0001301236,0001420506-25-003392,2025-11-14,2025-11-14,0001460559,ROLLINS CAPITAL PARTNERS LP,Sotherly Hotels Inc.,ok,full,1.0,2025-12-01,PREM14A,A,0001193125-25-303842,4,0,0,0,1,1,2025-10-27
0001303523,0000928785-25-000021,2025-08-26,2025-08-28,0000928785,STANDARD BANK OF SOUTH AFRICA LTD,British American Tobacco p.l.c.,ok,full,0.0,,,,,0,0,0,0,0,0,
0001303523,0000928785-25-000024,2025-09-02,2025-09-03,0000928785,STANDARD BANK OF SOUTH AFRICA LTD,British American Tobacco p.l.c.,ok,full,0.0,,,,,0,0,0,0,0,0,
0001303942,0001999371-24-001967,2024-02-07,2024-02-12,0001656345,Strategic Value Investors LP,BankFinancial CORP,ok,full,0.0,,,,,0,0,0,0,0,0,
0001304492,0001013762-24-002223,2024-05-28,2024-07-29,0001796409,Heard Capital LLC,Anterix Inc.,ok,full,0.0,,,,,0,0,0,0,0,0,
0001305168,0001493152-24-025694,2024-06-27,2024-06-28,0001315130,Suriyakumar Kumarakulasingam,"ARC DOCUMENT SOLUTIONS, INC.",ok,full,1.0,2024-08-28,8-K,A,0001628280-24-038612,4,0,0,1,0,0,
0001305253,0001140361-23-049040,2023-10-18,2023-10-20,0001969764,"Propel Bio Management, LLC","Eiger BioPharmaceuticals, Inc.",ok,full,0.0,,,,,0,0,0,0,0,0,
0001305253,0001178913-23-003782,2023-11-14,2023-11-24,0001321178,Arkin Moshe,"Eiger BioPharmaceuticals, Inc.",ok,full,0.0,,,,,0,0,0,0,0,0,
0001307579,0001781002-24-000055,2024-11-12,2024-11-19,0001781002,Bleichroeder LP,LIQTECH INTERNATIONAL INC,ok,full,0.0,,,,,0,0,0,0,0,0,
0001311673,0001493152-22-007678,2022-03-22,2022-03-24,0001276711,KLING ARNOLD P,"Yacht Finders, Inc.",ok,full,0.0,,,,,0,0,0,0,0,0,
0001311673,0001493152-22-007681,2022-03-22,2022-03-24,0001008382,LEDECKY JONATHAN J,"Yacht Finders, Inc.",ok,full,0.0,,,,,0,0,0,0,0,0,
0001311673,0001493152-22-010004,2022-03-22,2022-04-15,0001920853,"Dakota Group, Ltd.","Yale Transaction Finders, Inc.",ok,full,0.0,,,,,0,0,0,0,0,0,
0001314196,0001213900-25-071705,2025-06-02,2025-08-04,0001807237,Smith Patrick G,"OLB GROUP, INC.",ok,full,0.0,,,,,0,0,0,0,0,0,
0001315399,0001493152-24-008886,2024-02-28,2024-03-05,0002013218,"Alphabeta AI Multi Strategy, LP","PARKE BANCORP, INC.",ok,full,0.0,,,,,0,0,0,0,0,0,
0001316463,0001062993-25-017244,2025-12-08,2025-12-09,0001510281,"Saba Capital Management, L.P.",Clough Global Equity Fund,ok,full,0.0,,,,,0,0,0,0,0,0,
0001317833,0001213900-22-020819,2022-04-06,2022-04-20,0001924633,Zhang Xiaoping,"SIGNET INTERNATIONAL HOLDINGS, INC.",ok,full,0.0,,,,,0,0,0,0,0,0,
0001317833,0001213900-22-020823,2022-04-06,2022-04-20,0001924772,Taucoin Asset Management LLC,"SIGNET INTERNATIONAL HOLDINGS, INC.",ok,full,0.0,,,,,0,0,0,0,0,0,
0001318268,0001753926-23-001277,2023-09-29,2023-09-29,0001699673,Arena Investors LP,Madison Technologies Inc.,ok,full,0.0,,,,,0,0,0,0,0,0,
0001318484,0000929638-23-002611,2023-09-28,2023-09-28,0001959730,"Fund 1 Investments, LLC",Citi Trends Inc,ok,full,0.0,,,,,0,0,0,0,0,0,
0001318885,0001104659-25-058747,2025-06-06,2025-06-12,0002037831,F. Laeisz GmbH,DIANA SHIPPING INC.,ok,full,,,,,,0,0,1,1,0,0,
0001319643,0001199835-25-000062,2025-02-14,2025-03-06,0001589645,WALMESLEY MARK,"FinTrade Sherpa, Inc.",ok,full,0.0,,,,,0,0,0,0,0,0,
0001320414,0000950157-25-000967,2025-11-24,2025-11-24,0000918697,ORTENZIO ROBERT A,SELECT MEDICAL HOLDINGS CORP,ok,full,1.0,2026-03-03,8-K,A,0001104659-26-022577,4,0,0,0,0,0,
0001321834,0000897069-22-000528,2022-06-07,2022-09-08,0001255259,DUFFEY SAMUEL S,"MyMD Pharmaceuticals, Inc.",ok,full,0.0,,,,,0,0,0,0,0,0,
0001321834,0001683168-24-003883,2024-05-23,2024-05-30,0001157075,"PharmaCyte Biotech, Inc.","MyMD Pharmaceuticals, Inc.",ok,full,0.0,,,,,0,0,0,0,0,0,
0001321851,0001104659-25-101661,2024-10-31,2025-10-23,0002065712,Ausgood Lifestyle Co Ltd,Origin Agritech LTD,ok,full,0.0,,,,,0,0,0,0,0,0,
0001321851,0001104659-25-104946,2025-09-29,2025-10-31,0002092826,Agriflag Co Ltd,Origin Agritech LTD,ok,full,0.0,,,,,0,0,0,0,0,0,
0001322439,0001104659-23-078775,2023-06-26,2023-07-06,0001369241,Danaos Corp,Eagle Bulk Shipping Inc.,ok,full,1.0,2023-12-14,8-K,A,0001193125-23-294598,3,1,0,0,0,0,
0001325670,0001104659-25-080130,2025-08-12,2025-08-19,0001703298,"PATRIOT FINANCIAL PARTNERS III, L.P.",Primis Financial Corp.,ok,full,0.0,,,,,0,0,0,0,0,0,
0001325702,0000921895-25-003167,2025-11-13,2025-11-20,0002096092,Byreforge LLC,MAGNACHIP SEMICONDUCTOR Corp,ok,full,0.0,,,,,0,0,0,0,0,1,2022-04-06
0001326200,0001104659-23-130212,2023-12-20,2023-12-29,0002005646,GK Investor LLC,GENCO SHIPPING & TRADING LTD,ok,full,0.0,,,,,0,0,0,0,0,0,
0001326200,0000919574-25-004119,2025-07-10,2025-07-17,0001318885,DIANA SHIPPING INC.,GENCO SHIPPING & TRADING LTD,ok,full,1.0,2026-05-04,SC TO-T,B,0001104659-26-054931,2,1,0,0,0,0,
0001326205,0001185185-24-000580,2024-03-22,2024-05-21,0002022777,Bradbury Strategic Investment Fund A (Cayman Islands Registration No. CR-359857),"IGC Pharma, Inc.",ok,full,0.0,,,,,0,0,0,0,0,0,
0001327318,0001193125-25-307237,2025-11-25,2025-12-03,0000350698,"AUTONATION, INC.","TrueCar, Inc.",ok,full,1.0,2026-01-22,8-K,A,0001104659-26-005627,1,1,0,0,1,1,2025-11-24
0001328792,0001104659-24-077375,2024-07-02,2024-07-02,0001251565,WYNNEFIELD PARTNERS SMALL CAP VALUE LP I,TECHPRECISION CORP,ok,full,0.0,,,,,0,0,0,0,0,0,
0001328919,0001140361-22-044665,2022-12-05,2022-12-07,0001166573,TOWERVIEW LLC,StealthGas Inc.,ok,full,0.0,,,,,0,0,0,0,0,0,
0001331284,0000919574-25-000562,2025-01-22,2025-01-29,0001483934,Scorpio Tankers Inc.,"DHT Holdings, Inc.",ok,full,0.0,,,,,0,0,0,0,0,0,
0001331421,0001756125-23-001385,2023-07-12,2023-08-30,0001746671,Bent Bruce,"HALLMARK VENTURE GROUP, INC.",ok,full,0.0,,,,,0,0,0,0,0,0,
0001331863,0000928785-25-000019,2025-08-20,2025-08-22,0000928785,STANDARD BANK OF SOUTH AFRICA LTD,Nedbank Group LTD,ok,full,0.0,,,,,0,0,0,0,0,0,
0001331863,0000928785-25-000020,2025-08-21,2025-08-22,0000928785,STANDARD BANK OF SOUTH AFRICA LTD,Nedbank Group LTD,ok,full,0.0,,,,,0,0,0,0,0,0,
0001332943,0001062993-23-019939,2023-10-27,2023-11-01,0001510281,"Saba Capital Management, L.P.",Voya Global Advantage & Premium Opportunity Fund,ok,full,0.0,,,,,0,0,0,0,0,1,2021-02-22
0001333172,0000900440-23-000082,2023-09-19,2023-10-31,0001942681,"Natural Selection Fund I, LP",Navios Maritime Holdings Inc.,ok,full,0.0,,,,,0,0,0,0,0,0,
0001333822,0000950170-24-004393,2024-01-05,2024-01-16,0001333822,SemiLEDs Corp,SemiLEDs Corp,ok,full,0.0,,,,,0,0,0,0,0,0,
0001334388,0000921895-24-002519,2024-10-31,2024-11-07,0001430308,FrontFour Capital Group LLC,OBSIDIAN ENERGY LTD.,ok,full,0.0,,,,,0,0,0,0,0,0,
0001334978,0000921895-23-001235,2023-05-09,2023-05-16,0001560207,"Legion Partners Asset Management, LLC","Clear Channel Outdoor Holdings, Inc.",ok,full,0.0,,,,,0,0,0,0,0,0,
0001335112,0001477932-23-001122,2023-01-26,2023-02-17,0001966111,Safavi Amir Mehdi,"LOGIQ, INC.",ok,full,1.0,2023-09-29,PREM14A,A,0001575872-23-001534,2,0,0,4,0,0,
0001335112,0001477932-23-001214,2023-01-30,2023-02-23,0001966715,Wong Timothy,"LOGIQ, INC.",ok,full,1.0,2023-09-29,PREM14A,A,0001575872-23-001534,2,0,0,4,0,0,
0001335258,0001104659-25-122173,2025-12-15,2025-12-17,0002078416,"Liberty Live Holdings, Inc.","Live Nation Entertainment, Inc.",ok,full,0.0,,,,,0,0,0,0,0,0,
0001337619,0001193805-22-000591,2022-03-31,2022-04-06,0001786767,Impactive Capital LP,"ENVESTNET, INC.",ok,full,0.0,,,,,0,0,0,0,0,0,
0001338940,0001178913-25-001368,2025-04-21,2025-04-21,0001992355,Value Base Ltd.,Perion Network Ltd.,ok,full,0.0,,,,,0,0,0,0,0,0,
0001338940,0001178913-25-002264,2025-06-26,2025-06-30,0001679543,Phoenix Financial Ltd.,Perion Network Ltd.,ok,full,0.0,,,,,0,0,0,0,0,0,
0001339005,0001683168-23-008419,2023-11-14,2023-11-22,0001157075,"PharmaCyte Biotech, Inc.",FEMASYS INC,ok,full,0.0,,,,,0,0,0,0,0,0,
0001340243,0001104659-24-048774,2024-04-12,2024-04-18,0001114448,NOVARTIS AG,MorphoSys AG,ok,full,1.0,2024-06-20,SC TO-C,A+B,0001104659-24-073362,3,1,0,0,1,1,2024-04-11
0001342219,0001683168-22-006439,2022-09-13,2022-09-16,0001945724,Unicorn Global Inc.,"Namliong SkyCosmos, Inc.",ok,full,0.0,,,,,0,0,0,0,0,0,
0001342958,0001104659-25-050163,2025-05-14,2025-05-19,0000800177,DANSKE BANK A/S,"DIGITAL ALLY, INC.",ok,full,0.0,,,,,0,0,0,0,0,1,2023-06-06
0001345126,0001104659-24-002996,2023-12-31,2024-01-10,0002006920,CGI Magyar Holdings LLC,Compass Diversified Holdings,ok,full,0.0,,,,,0,0,0,0,0,0,
0001347242,0001753926-22-001650,2022-12-19,2022-12-29,0001959360,Chancellor Michael B,LIPELLA PHARMACEUTICALS INC,ok,full,0.0,,,,,0,0,0,0,0,0,
0001347242,0001753926-22-001652,2022-12-19,2022-12-29,0001959250,Kaufman Jonathan H,LIPELLA PHARMACEUTICALS INC,ok,full,0.0,,,,,0,0,0,0,0,0,
0001347426,0001104659-24-088307,2023-09-01,2024-08-12,0002031652,JHB BMA Guarantee Trust,Macro Bank Inc.,ok,full,0.0,,,,,0,0,0,0,0,0,
0001348362,0001987877-23-000002,2023-09-01,2023-09-18,0001987877,Boos Wayne W,Lexaria Bioscience Corp.,ok,full,0.0,,,,,0,0,0,0,0,0,
0001349706,0000921895-25-002640,2025-09-23,2025-09-30,0001399887,Caspi Steven,"TurnOnGreen, Inc.",ok,full,0.0,,,,,0,0,0,0,0,1,2022-09-14
0001350102,0001079973-23-000482,2023-04-06,2023-04-17,0001970358,ARION AGROPHOTOVOLTAIC PRIVATE LTD,"Ascent Solar Technologies, Inc.",ok,full,,,,,,0,0,1,1,0,0,
0001350869,0001062993-24-014681,2024-08-06,2024-08-08,0001510281,"Saba Capital Management, L.P.",Clough Global Opportunities Fund,ok,full,0.0,,,,,0,0,0,0,0,0,
0001352081,0001352081-22-000007,2021-01-01,2022-02-14,0001425074,Dersch David Mathew Sr.,Cardinal Ethanol LLC,ok,full,0.0,,,,,0,0,0,0,0,0,
0001352952,0001096906-22-001880,2021-08-25,2022-08-15,0001935872,Zingarelli Anthony,CFN Enterprises Inc.,ok,full,0.0,,,,,0,0,0,0,0,0,
0001354272,0000928785-25-000007,2025-06-11,2025-06-20,0000928785,STANDARD BANK OF SOUTH AFRICA LTD,Investec PLC,ok,full,0.0,,,,,0,0,0,0,0,0,
0001354272,0000928785-25-000009,2025-06-30,2025-07-01,0000928785,STANDARD BANK OF SOUTH AFRICA LTD,Investec PLC,ok,full,0.0,,,,,0,0,0,0,0,0,
0001354272,0000928785-25-000010,2025-07-01,2025-07-03,0000928785,STANDARD BANK OF SOUTH AFRICA LTD,Investec PLC,ok,full,0.0,,,,,0,0,0,0,0,0,
0001354272,0000928785-25-000025,2025-09-02,2025-09-03,0000928785,STANDARD BANK OF SOUTH AFRICA LTD,Investec PLC,ok,full,0.0,,,,,0,0,0,0,0,0,
0001354866,0001437749-23-034588,2022-05-27,2023-12-15,0001318455,Ganz Bryan,Byrna Technologies Inc.,ok,full,0.0,,,,,0,0,0,0,0,0,
0001356093,0001437749-24-004352,2015-10-15,2024-02-15,0001076128,MILLS RICHARD C,"CREATIVE REALITIES, INC.",ok,partial,0.0,,,,,0,0,0,0,0,0,
0001356093,0001437749-24-004375,2015-10-15,2024-02-15,0001076128,MILLS RICHARD C,"CREATIVE REALITIES, INC.",ok,partial,0.0,,,,,0,0,0,0,0,0,
0001356093,0001922424-22-000003,2022-04-12,2022-04-13,0001922424,Sheldon Kevin Michael,"CREATIVE REALITIES, INC.",ok,full,0.0,,,,,0,0,0,0,0,0,
0001356093,0001437749-25-035255,2025-11-06,2025-11-14,0002052913,"North Run Strategic Opportunities Fund I, LP","CREATIVE REALITIES, INC.",ok,full,0.0,,,,,0,0,0,0,0,0,
0001358356,0001157523-23-000269,2022-12-31,2023-02-14,0001378490,Hogan W Glenn,"LIMESTONE BANCORP, INC.",ok,full,1.0,2023-01-10,DEFM14A,A,0001193125-23-005716,1,0,0,0,0,0,
0001358403,0001628280-22-030420,2022-09-30,2022-11-18,0001358403,"BELLICUM PHARMACEUTICALS, INC","BELLICUM PHARMACEUTICALS, INC",ok,full,0.0,,,,,0,0,0,0,0,0,
0001358403,0001104659-23-056574,2023-05-05,2023-05-05,0001263508,BAKER BROS. ADVISORS LP,"BELLICUM PHARMACEUTICALS, INC",ok,full,0.0,,,,,0,0,0,0,0,0,
0001359841,0001140361-25-030628,2025-08-12,2025-08-12,0000060086,LOEWS CORP,Hanesbrands Inc.,ok,full,1.0,2025-08-13,8-K,A,0001193125-25-179967,2,0,0,1,0,0,
0001360604,0001193805-24-001416,2024-11-20,2024-11-26,0001517137,Starboard Value LP,Healthcare Realty Trust Inc,ok,full,0.0,,,,,0,0,0,0,0,0,
0001362481,0001062993-24-014083,2024-07-19,2024-07-25,0001510281,"Saba Capital Management, L.P.",abrdn Global Dynamic Dividend Fund,ok,full,0.0,,,,,0,0,0,0,0,0,
0001362705,0001140361-23-033480,2023-06-26,2023-07-06,0001984146,Stonepeak GP Investors Holdings Manager LLC,Evolve Transition Infrastructure LP,ok,full,0.0,,,,,0,0,0,0,0,0,
0001363438,0001062993-22-017726,2022-08-10,2022-08-11,0001510281,"Saba Capital Management, L.P.",FIRST TRUST/ABRDN EMERGING OPPORTUNITY FUND,ok,full,0.0,,,,,0,0,0,0,0,0,
0001363829,0001104659-24-084959,2024-07-28,2024-08-01,0001387738,Silvester Dominic Francis Michael,Enstar Group LTD,ok,full,1.0,2024-09-04,PREM14A,A,0001104659-24-096640,4,0,0,1,0,0,
0001363829,0001104659-24-085373,2024-07-28,2024-08-02,0001041196,Flowers J. Christopher,Enstar Group LTD,ok,full,1.0,2024-09-04,PREM14A,A,0001104659-24-096640,4,0,0,1,0,0,
0001368514,0000902664-22-001112,2022-02-03,2022-02-04,0001727492,Caligan Partners LP,"ADMA BIOLOGICS, INC.",ok,full,0.0,,,,,0,0,0,0,0,0,
0001368622,0001104659-25-046333,2025-05-01,2025-05-08,0002066762,"Altitude V Holdings, LLC",AeroVironment Inc,ok,full,0.0,,,,,0,0,0,0,0,0,
0001369290,0001161697-25-000476,2025-12-24,2025-12-29,0001575443,"Horton Capital Partners, LLC","MYOMO, INC.",ok,full,0.0,,,,,0,0,0,0,0,0,
0001370450,0001654954-23-007663,2023-06-06,2023-06-06,0001539281,"Forager Fund, L.P.","Willdan Group, Inc.",ok,full,0.0,,,,,0,0,0,0,0,0,
0001372183,0001140361-23-042385,2021-06-30,2023-09-01,0001907129,Tree Roots Entertainment Group Co Ltd,NextPlay Technologies Inc.,ok,full,0.0,,,,,0,0,0,0,1,1,2021-03-04
0001374339,0001493152-25-020081,2025-10-22,2025-10-29,0001832106,ABG Management Ltd.,ProMIS Neurosciences Inc.,ok,full,0.0,,,,,0,0,0,0,0,0,
0001375195,0001437749-24-028910,2024-08-21,2024-09-10,0002036285,Core SS LLC,CORETEC GROUP INC.,ok,full,0.0,,,,,0,0,0,0,0,0,
0001376339,0000921895-22-001398,2022-04-20,2022-04-28,0001765316,Prescience Investment Group LLC,"MIMEDX GROUP, INC.",ok,full,0.0,,,,,0,0,0,0,0,0,
0001377149,0001387131-22-011639,2022-11-14,2022-11-22,0001276619,EPSTEIN STEVEN B,CareView Communications Inc,ok,full,0.0,,,,,0,0,0,0,0,0,
0001378140,0001104659-23-079128,2023-07-07,2023-07-07,0000090045,"Paragon Technologies, Inc.","Ocean Power Technologies, Inc.",ok,full,0.0,,,,,0,0,0,0,0,0,
0001378239,0001068238-22-000254,2022-12-07,2022-12-16,0001951716,VINCI SA,Central North Airport Group,ok,full,0.0,,,,,0,0,0,0,0,1,2021-06-08
0001378453,0000807249-23-000052,2023-04-25,2023-05-05,0000807249,"GAMCO INVESTORS, INC. ET AL",TravelCenters of America Inc. /MD/,ok,full,1.0,2023-05-15,8-K,A,0001104659-23-060301,1,0,0,0,1,1,2023-04-03
0001378590,0001437749-22-021511,2022-08-16,2022-08-30,0001651542,Kahn Roger E.,"Bridgeline Digital, Inc.",ok,full,0.0,,,,,0,0,0,0,0,0,
0001379400,0001062993-24-014350,2024-07-29,2024-08-02,0001510281,"Saba Capital Management, L.P.",abrdn Total Dynamic Dividend Fund,ok,full,0.0,,,,,0,0,0,0,0,0,
0001380106,0001380106-25-000185,2024-03-28,2025-08-19,0001853904,Spignesi Robert G. Jr.,"RAPID MICRO BIOSYSTEMS, INC.",ok,full,0.0,,,,,0,0,0,0,0,0,
0001381074,0001213900-24-095454,2022-12-23,2024-11-07,0002042571,Nuan Nuan Ltd,Baijiayun Group Ltd,ok,full,0.0,,,,,0,0,0,0,0,0,
0001381074,0001213900-24-097742,2022-12-23,2024-11-13,0002042570,Duo Duo International Ltd,Baijiayun Group Ltd,ok,full,0.0,,,,,0,0,0,0,0,0,
0001381074,0001213900-24-029083,2024-01-22,2024-04-02,0001875009,Li Gangjiang,Baijiayun Group Ltd,ok,full,0.0,,,,,0,0,0,0,0,0,
0001381202,0000928785-25-000004,2025-06-10,2025-06-12,0000928785,STANDARD BANK OF SOUTH AFRICA LTD,BARLOWORLD LTD,ok,full,0.0,,,,,0,0,0,0,0,0,
0001381202,0000928785-25-000005,2025-06-11,2025-06-12,0000928785,STANDARD BANK OF SOUTH AFRICA LTD,BARLOWORLD LTD,ok,full,0.0,,,,,0,0,0,0,0,0,
0001383395,0000902664-22-002279,2022-03-15,2022-03-24,0001841077,"B. Riley Asset Management, LLC",SEQUANS COMMUNICATIONS,ok,full,0.0,,,,,0,0,0,0,0,0,
0001384195,0001214659-22-001879,2022-01-31,2022-02-04,0001690137,Kruse William R,"RING ENERGY, INC.",ok,full,0.0,,,,,0,0,0,0,0,0,
0001384195,0001104659-22-099294,2022-08-31,2022-09-12,0001944796,"STRONGHOLD ENERGY II OPERATING, LLC","RING ENERGY, INC.",ok,full,0.0,,,,,0,0,0,0,0,0,
0001384905,0001085146-23-002488,2023-05-25,2023-05-26,0001627436,Sylebra Capital Ltd,"RingCentral, Inc.",ok,full,0.0,,,,,0,0,0,0,0,0,
0001385632,0001062993-25-008894,2025-05-07,2025-05-08,0001510281,"Saba Capital Management, L.P.",Voya Asia Pacific High Dividend Equity Income Fund,ok,full,0.0,,,,,0,0,0,0,0,0,
0001386278,0000921895-25-000712,2025-02-28,2025-03-07,0001452857,STEEL PARTNERS HOLDINGS L.P.,GREEN DOT CORP,ok,full,,,,,,0,0,1,1,0,0,
0001386301,0001531612-23-000026,2023-08-15,2023-08-15,0001531612,"Cove Street Capital, LLC","Research Solutions, Inc.",ok,full,1.0,2023-11-27,8-K,A,0001104659-23-121108,2,0,0,0,1,1,2023-07-31
0001386716,0001140361-24-019704,2024-04-09,2024-04-12,0001623261,OCM Opps EB Holdings Ltd.,Star Bulk Carriers Corp.,ok,full,0.0,,,,,0,0,0,0,0,0,
0001386716,0000919574-25-005987,2025-10-03,2025-10-06,0001560220,Famatown Finance Ltd,Star Bulk Carriers Corp.,ok,full,0.0,,,,,0,0,0,0,0,0,
0001389545,0001398344-25-011237,2025-06-03,2025-06-04,0001588273,POPLAR POINT CAPITAL MANAGEMENT LLC,"NovaBay Pharmaceuticals, Inc.",ok,full,0.0,,,,,0,0,0,0,1,1,2024-10-16
0001389545,0001829126-25-006736,2025-08-19,2025-08-26,0001932843,Lazar David E.,"NovaBay Pharmaceuticals, Inc.",ok,full,0.0,,,,,0,0,0,0,1,1,2024-10-16
0001389545,0001829126-25-008155,2025-10-09,2025-10-15,0002028474,Framework Ventures IV L.P.,"NovaBay Pharmaceuticals, Inc.",ok,full,0.0,,,,,0,0,0,0,1,1,2024-10-16
0001389545,0001829126-25-008156,2025-10-09,2025-10-15,0001990517,R01 Fund LP,"NovaBay Pharmaceuticals, Inc.",ok,full,0.0,,,,,0,0,0,0,1,1,2024-10-16
0001391437,0001062993-24-013647,2024-07-09,2024-07-10,0001510281,"Saba Capital Management, L.P.",Gabelli Healthcare & WellnessRx Trust,ok,full,0.0,,,,,0,0,0,0,0,0,
0001392326,0001341004-24-000004,2023-12-27,2024-01-03,0002006116,Yoda PLC,Capital Product Partners L.P.,ok,full,0.0,,,,,0,0,0,0,0,0,
0001392994,0001062993-24-008943,2024-04-24,2024-04-29,0001510281,"Saba Capital Management, L.P.",FIRST TRUST SPECIALTY FINANCE & FINANCIAL OPPORTUNITIES FUND,ok,full,0.0,,,,,0,0,0,0,0,0,
0001393726,0001085146-25-005770,2025-09-26,2025-09-30,0001499674,Inayatullah Arif,TIPTREE INC.,ok,full,1.0,2025-10-17,PREM14A,A,0001140361-25-038514,2,0,0,2,0,0,
0001393726,0001085146-25-005771,2025-09-26,2025-09-30,0001498811,Barnes Michael Gene,TIPTREE INC.,ok,full,1.0,2025-10-17,PREM14A,A,0001140361-25-038514,2,0,0,2,0,0,
0001393726,0001193125-25-276183,2025-11-04,2025-11-12,0001772447,Veradace Partners LP,TIPTREE INC.,ok,full,,,,,,0,0,1,1,1,1,2025-10-31
0001393781,0001213900-24-106581,2024-11-26,2024-12-06,0001819794,Fusion Fuel Green PLC,Quality Industrial Corp.,ok,full,0.0,,,,,0,0,0,0,0,0,
0001396033,0001785675-23-000004,2023-05-16,2023-05-25,0001785675,F9 Investments LLC,"LL Flooring Holdings, Inc.",ok,full,0.0,,,,,0,0,0,0,0,0,
0001396033,0001785675-23-000006,2023-05-26,2023-05-30,0001785675,F9 Investments LLC,"LL Flooring Holdings, Inc.",ok,full,0.0,,,,,0,0,0,0,0,0,
0001396033,0001785675-23-000007,2023-06-09,2023-06-12,0001785675,F9 Investments LLC,"LL Flooring Holdings, Inc.",ok,full,0.0,,,,,0,0,0,0,0,0,
0001396167,0001504304-22-000015,2022-08-16,2022-08-22,0001504304,"Bulldog Investors, LLP",Delaware Enhanced Global Dividend & Income Fund,ok,full,1.0,2022-12-01,SC TO-C,A,0001137439-22-001146,2,0,0,0,1,1,2022-05-19
0001396814,0001962221-25-000003,2025-08-01,2025-08-08,0001962221,Doma Perpetual Capital Management LLC,"Pacira BioSciences, Inc.",ok,full,0.0,,,,,0,0,0,0,0,0,
0001397702,0001104659-24-088365,2024-08-05,2024-08-12,0001352851,Magnetar Financial LLC,Silk Road Medical Inc,ok,full,,,,,,0,0,1,1,1,1,2024-07-29
0001398805,0001193125-22-190577,2022-03-04,2022-07-08,0001593506,"Townsend Battery Partners, LLC",Beam Global,ok,full,0.0,,,,,0,0,0,0,0,0,
0001399249,0000807249-22-000094,2022-07-28,2022-08-08,0000807249,"GAMCO INVESTORS, INC. ET AL","Pzena Investment Management, Inc.",ok,full,1.0,2022-08-22,PREM14A,A,0001193125-22-225571,3,0,0,1,0,0,
0001399249,0000807249-22-000099,2022-08-12,2022-08-22,0000807249,"GAMCO INVESTORS, INC. ET AL","Pzena Investment Management, Inc.",ok,full,1.0,2022-08-22,PREM14A,A,0001193125-22-225571,3,0,0,0,0,0,
0001399249,0000892712-22-000181,2022-09-01,2022-09-01,0001238990,"PUNCH & ASSOCIATES INVESTMENT MANAGEMENT, INC.","Pzena Investment Management, Inc.",ok,full,1.0,2022-09-27,DEFM14A,A,0001193125-22-251938,2,0,0,0,1,1,2022-08-22
0001400810,0000950170-22-004914,2021-10-19,2022-03-29,0001439934,Patel Paresh,"HCI Group, Inc.",ok,full,0.0,,,,,0,0,0,0,0,0,
0001401395,0001193125-22-312715,2022-12-21,2022-12-27,0001959583,Sumar Shohaib Kassam,Neptune Wellness Solutions Inc.,ok,full,0.0,,,,,0,0,0,0,0,0,
0001401395,0001997608-23-000001,2023-10-11,2023-10-17,0001997608,Neptune Securities Settlement Fund,Neptune Wellness Solutions Inc.,ok,full,0.0,,,,,0,0,0,0,0,0,
0001401708,0001140361-23-045575,2023-09-27,2023-09-28,0000905448,WYGOD MARTIN J,NanoString Technologies Inc,ok,full,0.0,,,,,0,0,0,0,0,0,
0001402388,0001104659-22-011141,2022-01-24,2022-02-03,0001900235,Banasino Investments Ltd,"WEST FRASER TIMBER CO., LTD",ok,full,0.0,,,,,0,0,0,0,0,0,
0001402945,0001493152-22-025410,2022-09-08,2022-09-09,0001058307,NextPlat Corp,Progressive Care Inc.,ok,full,0.0,,,,,0,0,0,0,0,0,
0001403256,0001140361-23-048215,2023-10-12,2023-10-13,0001556593,Rithm Capital Corp.,"Sculptor Capital Management, Inc.",ok,full,1.0,2023-10-12,DEFM14A,A,0001140361-23-047968,2,1,0,2,1,1,2023-08-21
0001403475,0000921895-22-001150,2022-03-31,2022-04-06,0001921018,Devlin Shawn,Bank of Marin Bancorp,ok,full,0.0,,,,,0,0,0,0,1,1,2021-04-19
0001403708,0001104659-24-101777,2024-09-20,2024-09-20,0001472322,"Nantahala Capital Management, LLC",Evoke Pharma Inc,ok,full,0.0,,,,,0,0,0,0,0,0,
0001403708,0001651175-25-000007,2025-11-04,2025-11-12,0001651175,Klein Roger M.,Evoke Pharma Inc,ok,full,1.0,2025-11-04,8-K,A,0001193125-25-263544,5,0,0,0,0,0,
0001403752,0001104659-22-049068,2022-04-12,2022-04-22,0001925178,All Blue Falcons FZE,Zymeworks Inc.,ok,full,1.0,2022-09-02,DEFM14A,A,0001193125-22-237912,1,0,0,0,0,0,
0001404644,0001104659-23-084840,2023-07-17,2023-07-27,0001425738,"Redmile Group, LLC","Neoleukin Therapeutics, Inc.",ok,full,,,,,,0,0,1,1,0,0,
0001408100,0001104659-22-115972,2022-11-02,2022-11-08,0000915191,FAIRFAX FINANCIAL HOLDINGS LTD/ CAN,"Kennedy-Wilson Holdings, Inc.",ok,full,0.0,,,,,0,0,0,0,0,0,
0001408201,0001398344-24-000843,2024-01-17,2024-01-22,0001504304,"Bulldog Investors, LLP",TORTOISE POWER & ENERGY INFRASTRUCTURE FUND INC,ok,full,0.0,,,,,0,0,0,0,1,1,2023-08-16
0001408443,0000921895-23-002543,2023-11-06,2023-11-09,0001641604,Alta Fundamental Advisers LLC,Milestone Pharmaceuticals Inc.,ok,full,0.0,,,,,0,0,0,0,0,0,
0001408534,0001437749-23-003350,2022-12-31,2023-02-14,0001409022,Smith Edgar R. III,"First Guaranty Bancshares, Inc.",ok,full,,,,,,0,0,1,1,0,0,
0001408534,0001437749-23-003352,2022-12-31,2023-02-14,0001409120,Hood William K,"First Guaranty Bancshares, Inc.",ok,full,,,,,,0,0,1,1,0,0,
0001408534,0001437749-23-003386,2022-12-31,2023-02-14,0001057350,REYNOLDS MARSHALL T,"First Guaranty Bancshares, Inc.",ok,full,,,,,,0,0,1,1,0,0,
0001409036,0001217160-23-000060,2023-08-08,2023-08-09,0001523297,Brown Mark Thomas,Alianza Minerals Ltd.,ok,full,0.0,,,,,0,0,0,0,0,0,
0001409036,0001217160-23-000062,2023-08-09,2023-08-10,0001987618,FruitExpress Grabher,Alianza Minerals Ltd.,ok,full,0.0,,,,,0,0,0,0,0,0,
0001409375,0000921895-22-002735,2022-09-20,2022-09-30,0001688522,"Philotimo Fund, LP","ORION ENERGY SYSTEMS, INC.",ok,full,0.0,,,,,0,0,0,0,0,0,
0001409430,0001903596-22-000564,2022-09-01,2022-09-06,0001945609,Igwealor Frank I,All American Gold Corp.,ok,full,0.0,,,,,0,0,0,0,0,0,
0001409624,0001493152-22-024212,2021-07-31,2022-08-29,0001777459,Grover Vikram P,"HIMALAYA TECHNOLOGIES, INC",ok,full,0.0,,,,,0,0,0,0,0,0,
0001409624,0001493152-22-024210,2022-08-11,2022-08-26,0001777459,Grover Vikram P,"HIMALAYA TECHNOLOGIES, INC",ok,full,0.0,,,,,0,0,0,0,0,0,
0001409624,0001493152-23-012231,2023-04-12,2023-04-14,0001777459,Grover Vikram P,"HIMALAYA TECHNOLOGIES, INC",ok,full,0.0,,,,,0,0,0,0,0,0,
0001409624,0001493152-23-023211,2023-06-26,2023-07-03,0001777459,Grover Vikram P,"HIMALAYA TECHNOLOGIES, INC",ok,full,0.0,,,,,0,0,0,0,0,0,
0001410172,0001140361-22-024908,2022-07-01,2022-07-05,0001133062,JANEL CORP,"Rubicon Technology, Inc.",ok,full,1.0,2022-07-05,SC TO-C,A+B,0001140361-22-024902,4,1,0,0,0,0,
0001410428,0000897101-24-000234,2024-06-10,2024-06-17,0002026867,"CPC Pain & Wellness SPV, LLC","XWELL, Inc.",ok,full,0.0,,,,,0,0,0,0,0,0,
0001410708,0001832989-23-000001,2023-09-27,2023-09-27,0001832989,ZHANG Yan,Emo Capital Corp.,ok,full,0.0,,,,,0,0,0,0,0,0,
0001410708,0001832989-23-000002,2023-10-12,2023-10-12,0001832989,ZHANG Yan,Emo Capital Corp.,ok,full,0.0,,,,,0,0,0,0,0,0,
0001410708,0001410708-23-000040,2023-12-12,2023-12-12,0001410708,Emo Capital Corp.,Emo Capital Corp.,ok,full,0.0,,,,,0,0,0,0,0,0,
0001412100,0001412100-23-000017,2022-12-27,2023-01-06,0001412100,"Maiden Holdings, Ltd.","Maiden Holdings, Ltd.",ok,full,0.0,,,,,0,0,0,0,0,0,
0001412100,0001104659-24-132897,2024-12-29,2024-12-31,0001512303,"MAIDEN HOLDINGS NORTH AMERICA, LTD.","Maiden Holdings, Ltd.",ok,full,1.0,2025-03-26,DEFM14A,A,0001104659-25-028254,1,0,0,0,0,0,
0001412558,0001193125-24-254399,2024-11-04,2024-11-08,0002043950,Excalibur LuxCo SARL,Evotec SE,ok,full,0.0,,,,,0,0,0,0,0,0,
0001413837,0001904067-24-000003,2024-10-02,2024-10-08,0001904067,STRATEGIC VALUE BANK PARTNERS LLC,First Foundation Inc.,ok,full,0.0,,,,,0,0,0,0,0,1,2021-06-03
0001413837,0001999371-25-016764,2025-10-27,2025-11-03,0001074034,CANYON CAPITAL ADVISORS LLC,First Foundation Inc.,ok,full,1.0,2026-01-15,DEFM14A,A,0001552781-26-000021,1,0,0,2,0,1,2021-06-03
0001413855,0001213900-24-001319,2023-12-29,2024-01-05,0001750264,"PUYI, INC.",FANHUA INC.,ok,full,0.0,,,,,0,0,0,0,0,0,
0001413855,0001213900-25-003624,2025-01-02,2025-01-15,0002052068,Infinew Ltd,AIX Inc.,ok,full,0.0,,,,,0,0,0,0,0,0,
0001413855,0001213900-25-070310,2025-07-23,2025-08-01,0002079492,Zhou Jamie,AIFU Inc.,ok,full,0.0,,,,,0,0,0,0,0,0,
0001413855,0001213900-25-125437,2025-12-22,2025-12-23,0002079549,ZHAO ILEANA,AIFU Inc.,ok,full,0.0,,,,,0,0,0,0,0,0,
0001413898,0000919574-23-005372,2023-09-27,2023-09-27,0001760739,10000 DAYS CAPITAL MANAGEMENT LLC,DallasNews Corp,ok,full,0.0,,,,,0,0,0,0,0,0,
0001413898,0000905148-25-002509,2025-07-15,2025-07-22,0001688152,"MNG Enterprises, Inc.",DallasNews Corp,ok,full,1.0,2025-08-04,PREM14A,A,0001193125-25-172069,4,0,0,1,1,1,2025-07-10
0001413898,0000807249-25-000098,2025-07-24,2025-07-28,0000807249,"GAMCO INVESTORS, INC. ET AL",DallasNews Corp,ok,full,1.0,2025-08-04,PREM14A,A,0001193125-25-172069,4,0,0,1,1,1,2025-07-10
0001414767,0001105907-23-000002,2022-12-28,2023-01-06,0001105907,BARD ASSOCIATES INC,Netcapital Inc.,ok,full,0.0,,,,,0,0,0,0,0,0,
0001414767,0001213900-24-067775,2024-08-09,2024-08-12,0002026962,"Resurgent Realty, Inc.",Netcapital Inc.,ok,full,0.0,,,,,0,0,0,0,0,0,
0001414767,0001104659-25-117355,2025-11-25,2025-12-01,0002081874,"Strategic EP, LLC",Netcapital Inc.,ok,full,0.0,,,,,0,0,0,0,0,0,
0001414932,0000950170-25-017180,2025-02-03,2025-02-10,0001403530,"Oaktree Capital I, L.P.",Oaktree Specialty Lending Corp,ok,full,0.0,,,,,0,0,0,0,0,1,2023-01-23
0001415921,0001213900-23-090382,2023-11-28,2023-11-28,0000902749,SHERWOOD NED L,Navios Maritime Partners L.P.,ok,full,0.0,,,,,0,0,0,0,0,0,
0001417663,0000919574-22-004693,2022-06-06,2022-08-11,0001169253,MANCHESTER MANAGEMENT CO LLC,"SANUWAVE Health, Inc.",ok,full,0.0,,,,,0,0,0,0,0,0,
0001417802,0001062993-23-010421,2023-05-04,2023-05-08,0001510281,"Saba Capital Management, L.P.","Voya Infrastructure, Industrials & Materials Fund",ok,full,0.0,,,,,0,0,0,0,0,1,2021-02-22
0001417892,0001104659-22-099861,2022-09-09,2022-09-14,0001512551,Li Xianshou,ReneSola Ltd,ok,full,0.0,,,,,0,0,0,0,0,0,
0001418091,0001104659-22-042863,2022-04-04,2022-04-05,0001494730,Musk Elon,"TWITTER, INC.",ok,full,1.0,2022-04-26,8-K,A,0001193125-22-120461,4,0,0,0,0,0,
0001418091,0001123292-22-000088,2022-05-04,2022-05-09,0001035410,SAUD H R H PRINCE ALWALEED BIN TALAL BIN ABDULAZIZ AL,"TWITTER, INC.",ok,full,1.0,2022-05-17,PREM14A,A,0001193125-22-152250,3,0,0,0,1,1,2022-04-26
0001418091,0001140361-22-019435,2022-05-04,2022-05-16,0001441449,Qatar Investment Authority,"TWITTER, INC.",ok,full,1.0,2022-05-17,PREM14A,A,0001193125-22-152250,3,0,0,0,1,1,2022-04-26
0001419041,0000921895-22-002146,2022-06-24,2022-07-05,0001752618,"Funicular Fund, LP","Forte Biosciences, Inc.",ok,full,0.0,,,,,0,0,0,0,0,0,
0001419041,0001493152-22-021341,2022-07-25,2022-08-04,0001940093,ATG Fund II LLC,"Forte Biosciences, Inc.",ok,full,0.0,,,,,0,0,0,0,0,0,
0001419041,0000921895-23-002063,2023-08-16,2023-08-23,0001516478,"Camac Fund, LP","Forte Biosciences, Inc.",ok,full,0.0,,,,,0,0,0,0,0,0,
0001419275,0001641172-25-016813,2025-06-23,2025-06-27,0002073859,S8 Global Fintech & Regtech Fund,RYVYL Inc.,ok,full,1.0,2026-02-13,DEFM14A,A,0001185185-26-000563,1,0,0,1,0,0,
0001419275,0002007631-25-000008,2025-10-07,2025-12-05,0002007631,RTB DIGITAL INC.,RYVYL Inc.,ok,full,1.0,2026-02-13,DEFM14A,A,0001185185-26-000563,1,0,0,1,0,0,
0001421461,0001828337-24-000006,2024-11-04,2024-11-04,0001828337,Clearway Capital Management LLC,"Intrepid Potash, Inc.",ok,full,0.0,,,,,0,0,0,0,0,0,
0001421461,0001828337-24-000007,2024-11-04,2024-11-04,0001828337,Clearway Capital Management LLC,"Intrepid Potash, Inc.",ok,full,0.0,,,,,0,0,0,0,0,0,
0001421461,0001398344-24-023420,2024-12-18,2024-12-19,0001705447,"GATE CITY CAPITAL MANAGEMENT, LLC","Intrepid Potash, Inc.",ok,full,0.0,,,,,0,0,0,0,0,0,
0001421636,0001213900-23-004858,2023-01-17,2023-01-24,0001195639,SILVERMAN SCOTT R,"C-Bond Systems, Inc",ok,full,0.0,,,,,0,0,0,0,0,0,
0001421876,0001104659-24-092414,2024-08-19,2024-08-23,0001587114,"EcoR1 Capital, LLC",GALAPAGOS NV,ok,full,0.0,,,,,0,0,0,0,0,0,
0001421876,0001214659-25-002917,2025-02-07,2025-02-14,0001232621,TANG CAPITAL MANAGEMENT LLC,GALAPAGOS NV,ok,full,0.0,,,,,0,0,0,0,0,0,
0001422142,0001373604-24-000118,2024-12-31,2024-12-31,0001373604,"BML Investment Partners, L.P.","Aadi Bioscience, Inc.",ok,full,1.0,2025-01-21,PREM14A,A,0001193125-25-009599,2,0,0,0,0,1,2021-07-08
0001422142,0001373604-25-000003,2025-01-30,2025-01-30,0001373604,"BML Investment Partners, L.P.","Aadi Bioscience, Inc.",ok,full,1.0,2025-01-31,DEFM14A,A,0001193125-25-018470,1,0,0,0,1,1,2025-01-21
0001422183,0001140361-22-005618,2021-11-26,2022-02-16,0001520692,KKR Credit Advisors (US) LLC,FS KKR Capital Corp,ok,full,0.0,,,,,0,0,0,0,0,0,
0001423221,0000919574-24-004221,2024-08-01,2024-08-02,0001690451,Teleios Capital Partners GmbH,Quanex Building Products CORP,ok,full,0.0,,,,,0,0,0,0,1,1,2024-06-06
0001423774,0000921895-23-000588,2023-02-10,2023-02-21,0001320769,"Praesidium Investment Management Company, LLC",ZUORA INC,ok,full,0.0,,,,,0,0,0,0,0,0,
0001423774,0001140361-24-044054,2024-10-17,2024-10-23,0001735409,Tzuo Tien,ZUORA INC,ok,full,1.0,2024-10-18,8-K,A,0001140361-24-043648,4,0,0,0,0,0,
0001423869,0001749474-23-000002,2023-02-23,2023-03-16,0001749474,RHEE DON,PCB BANCORP,ok,full,0.0,,,,,0,0,0,0,0,0,
0001424404,0001062993-22-008354,2022-02-28,2022-03-23,0001493706,Rich Luke,Wolverine Technologies Corp.,ok,full,0.0,,,,,0,0,0,0,0,0,
0001424404,0001062993-22-008257,2022-03-14,2022-03-22,0001911171,Costerd Bruce Edward,Wolverine Technologies Corp.,ok,full,0.0,,,,,0,0,0,0,0,0,
0001424404,0001062993-22-008259,2022-03-14,2022-03-22,0001917469,Young Craig,Wolverine Technologies Corp.,ok,full,0.0,,,,,0,0,0,0,0,0,
0001424404,0001062993-23-015175,2023-07-19,2023-07-24,0001911171,Costerd Bruce Edward,Wolverine Resources Corp.,ok,full,0.0,,,,,0,0,0,0,0,0,
0001424404,0001062993-23-015177,2023-07-19,2023-07-24,0001424404,Wolverine Resources Corp.,Wolverine Resources Corp.,ok,full,0.0,,,,,0,0,0,0,0,0,
0001424404,0001062993-23-015258,2023-07-19,2023-07-25,0001493706,Rich Luke,Wolverine Resources Corp.,ok,full,0.0,,,,,0,0,0,0,0,0,
0001424404,0001062993-23-016095,2023-07-19,2023-08-09,0001989389,Rich Resources Inc.,Wolverine Resources Corp.,ok,full,0.0,,,,,0,0,0,0,0,0,
0001424864,0001062993-22-002616,2022-01-28,2022-02-04,0001907099,Gentile Michael,Rise Gold Corp.,ok,full,0.0,,,,,0,0,0,0,0,0,
0001424864,0001062993-23-018709,2023-09-22,2023-10-02,0001965660,Oliver Daniel Jr,Rise Gold Corp.,ok,full,0.0,,,,,0,0,0,0,0,0,
0001425287,0002097390-25-000004,2025-12-15,2025-12-16,0002097390,"Motive GM Holdings II, LLC",Workhorse Group Inc.,ok,full,0.0,,,,,0,0,0,0,1,1,2025-10-08
0001425292,0001104659-24-035665,2024-03-18,2024-03-18,0000921669,ICAHN CARL C,"CVR PARTNERS, LP",ok,full,0.0,,,,,0,0,0,0,0,0,
0001425355,0001654954-25-007333,2025-03-14,2025-06-24,0000903291,BERMAN LYLE,"Mill City Ventures III, Ltd",ok,full,0.0,,,,,0,0,0,0,0,0,
0001425355,0001315863-25-000573,2025-07-31,2025-08-07,0002080095,Karatage Opportunities,"Mill City Ventures III, Ltd",ok,full,0.0,,,,,0,0,0,0,0,0,
0001426506,0001104659-23-097279,2023-07-07,2023-08-31,0001985365,Barnhart Timothy W,SMG Industries Inc.,ok,full,0.0,,,,,0,0,0,0,0,0,
0001426800,0000904454-23-000577,2023-10-16,2023-10-25,0000882095,"GILEAD SCIENCES, INC.","ASSEMBLY BIOSCIENCES, INC.",ok,full,0.0,,,,,0,0,0,0,0,0,
0001426800,0001999256-23-000003,2023-10-23,2023-10-31,0001999256,Schornstein Alexander,"ASSEMBLY BIOSCIENCES, INC.",ok,full,0.0,,,,,0,0,0,0,0,0,
0001427570,0000897069-23-000114,2023-02-06,2023-02-15,0000897069,FOLEY & LARDNER/ FA,ReShape Lifesciences Inc.,ok,full,0.0,,,,,0,0,0,0,0,0,
0001427570,0000897069-23-000173,2023-02-06,2023-03-17,0001965608,Matthew Joseph Nachtrab Revocable Trust 2014,ReShape Lifesciences Inc.,ok,full,0.0,,,,,0,0,0,0,0,0,
0001427570,0001753926-25-000051,2024-12-27,2025-01-07,0001532798,Dominion Capital LLC,ReShape Lifesciences Inc.,ok,full,,,,,,0,0,1,2,0,0,
0001427925,0001104659-24-005645,2024-01-17,2024-01-23,0001472322,"Nantahala Capital Management, LLC","TALPHERA, INC.",ok,full,0.0,,,,,0,0,0,0,0,0,
0001427925,0001213900-25-087369,2025-09-07,2025-09-12,0001410098,CorMedix Inc.,"TALPHERA, INC.",ok,full,0.0,,,,,0,0,0,0,0,0,
0001428522,0000921895-22-000790,2022-02-23,2022-03-07,0001848809,Velan Capital Investment Management LP,"Radius Health, Inc.",ok,full,1.0,2022-06-23,8-K,A,0001193125-22-180268,4,0,0,0,0,0,
0001428522,0001104659-22-071676,2022-06-16,2022-06-16,0001687509,Rubric Capital Management LP,"Radius Health, Inc.",ok,full,1.0,2022-06-23,8-K,A,0001193125-22-180268,4,0,0,0,0,0,
0001430162,0000950103-22-010578,2022-03-25,2022-06-14,0001449045,Queluz Holdings Ltd.,Cosan S.A.,ok,full,0.0,,,,,0,0,0,0,0,0,
0001431852,0001104659-25-008901,2024-11-07,2025-02-04,0001847739,"Condire Management, LP",Osisko Development Corp.,ok,full,0.0,,,,,0,0,0,0,0,0,
0001431852,0001062993-25-015044,2025-08-15,2025-08-28,0002083861,"Double Zero Capital, LP",Osisko Development Corp.,ok,full,0.0,,,,,0,0,0,0,0,0,
0001432133,0001140361-22-027287,2022-07-19,2022-07-28,0001803842,"K5 PRIVATE INVESTORS, L.P.",KALTURA INC,ok,full,0.0,,,,,0,0,0,0,0,0,
0001432364,0001292814-25-000254,2025-01-28,2025-02-04,0001218390,NEELEMAN DAVID,AZUL SA,ok,full,0.0,,,,,0,0,0,0,0,0,
0001433607,0001493152-23-021668,2023-06-08,2023-06-16,0001517387,Shore Craig,"InspireMD, Inc.",ok,full,0.0,,,,,0,0,0,0,0,0,
0001433607,0001493152-25-020078,2025-06-26,2025-10-29,0001947077,Lawless Michael A,"InspireMD, Inc.",ok,full,0.0,,,,,0,0,0,0,0,0,
0001433660,0000950170-25-004293,2025-01-03,2025-01-10,0002049563,Eyrir Invest hf.,JBT Marel Corp,ok,full,0.0,,,,,0,0,0,0,0,0,
0001434728,0001696663-23-000002,2023-06-08,2023-06-16,0001696663,Cohn Andrew M.,"Global Water Resources, Inc.",ok,full,0.0,,,,,0,0,0,0,0,0,
0001434728,0001696663-25-000001,2025-03-27,2025-04-01,0001696663,Cohn Andrew M.,"Global Water Resources, Inc.",ok,full,0.0,,,,,0,0,0,0,0,0,
0001434728,0001696663-25-000002,2025-03-27,2025-04-24,0001696663,Cohn Andrew M.,"Global Water Resources, Inc.",ok,full,0.0,,,,,0,0,0,0,0,0,
0001435049,0000908834-23-000097,2023-08-02,2023-08-11,0001175707,"Farallon Capital Partners, L.P.","CHINOOK THERAPEUTICS, INC.",ok,full,1.0,2023-08-11,8-K,A,0001193125-23-210803,1,0,0,0,1,1,2023-07-10
0001435617,0001511123-25-000004,2025-11-24,2025-12-08,0001511123,Read Arthur M II,"POWERDYNE INTERNATIONAL, INC.",ok,full,0.0,,,,,0,0,0,0,0,0,
0001435617,0001653157-25-000002,2025-11-24,2025-12-08,0001653157,Madison Linda,"POWERDYNE INTERNATIONAL, INC.",ok,full,0.0,,,,,0,0,0,0,0,0,
0001435617,0001980121-25-000002,2025-11-24,2025-12-05,0001980121,Foster Eric F.,"POWERDYNE INTERNATIONAL, INC.",ok,full,0.0,,,,,0,0,0,0,0,0,
0001436126,0001963130-23-000011,2023-01-09,2023-01-26,0001963130,Sotirios Vahaviolos January 2023 2-Year Grantor Retained Annuity Trust,"Mistras Group, Inc.",ok,full,0.0,,,,,0,0,0,0,0,0,
0001436126,0001436126-24-000004,2023-12-31,2024-02-14,0001963130,Sotirios Vahaviolos January 2023 2-Year Grantor Retained Annuity Trust,"Mistras Group, Inc.",ok,full,0.0,,,,,0,0,0,0,0,0,
0001437107,0000950142-22-001378,2022-04-08,2022-04-12,0001455382,ADVANCE/NEWHOUSE PROGRAMMING PARTNERSHIP,"Warner Bros. Discovery, Inc.",ok,full,0.0,,,,,0,0,0,0,0,0,
0001437491,0001214659-23-003753,2023-03-06,2023-03-10,0000896493,"Ault Alliance, Inc.","Ecoark Holdings, Inc.",ok,full,0.0,,,,,0,0,0,0,0,0,
0001437925,0001477932-24-002024,2024-04-09,2024-04-11,0002016463,Milovanovic Aleksandar,"Golden Matrix Group, Inc.",ok,full,0.0,,,,,0,0,0,0,1,1,2024-02-02
0001438231,0000950170-25-042835,2025-03-18,2025-03-20,0001665159,Ocho Investments LLC,Digimarc CORP,ok,full,1.0,2026-03-12,8-K,A,0001437749-26-008020,1,0,0,0,0,0,
0001438231,0000902664-25-003347,2025-07-28,2025-08-04,0001478982,"Altai Capital Management, L.P.",Digimarc CORP,ok,full,1.0,2026-03-12,8-K,A,0001437749-26-008020,2,0,0,0,0,0,
0001438472,0001056823-25-000020,2025-08-14,2025-08-21,0001056823,HORIZON KINETICS ASSET MANAGEMENT LLC,"MIAMI INTERNATIONAL HOLDINGS, INC.",ok,full,0.0,,,,,0,0,0,0,0,0,
0001438472,0002080477-25-000004,2025-08-14,2025-08-21,0002080477,Gallagher Thomas P.,"MIAMI INTERNATIONAL HOLDINGS, INC.",ok,full,0.0,,,,,0,0,0,0,0,0,
0001438893,0001062993-24-000866,2024-01-12,2024-01-16,0001510281,"Saba Capital Management, L.P.","GAMCO Natural Resources, Gold & Income Trust",ok,full,0.0,,,,,0,0,0,0,0,0,
0001439725,0001140361-22-014899,2022-04-07,2022-04-18,0001377832,Strobeck Matthew,BIODESIX INC,ok,full,0.0,,,,,0,0,0,0,0,0,
0001439725,0001140361-22-044045,2022-11-21,2022-12-01,0001021413,PATIENCE JOHN,BIODESIX INC,ok,full,0.0,,,,,0,0,0,0,0,0,
0001439725,0001140361-23-001651,2023-01-03,2023-01-13,0001830773,Kennedy Lawrence T. Jr,BIODESIX INC,ok,full,0.0,,,,,0,0,0,0,0,0,
0001442236,0001104659-25-046122,2025-05-07,2025-05-08,0000899083,WYNNEFIELD PARTNERS SMALL CAP VALUE LP,Quest Resource Holding Corp,ok,full,0.0,,,,,0,0,0,0,0,0,
0001442620,0001104659-22-042247,2022-04-01,2022-04-04,0001507972,Guangqiang Chen,"Recon Technology, Ltd",ok,full,0.0,,,,,0,0,0,0,0,0,
0001442620,0001104659-22-042250,2022-04-01,2022-04-04,0001507931,Shenping Yin,"Recon Technology, Ltd",ok,full,0.0,,,,,0,0,0,0,0,0,
0001442999,0001493152-22-028349,2022-10-03,2022-10-13,0001886799,Bright Green Corp,ALTEROLA BIOTECH INC.,ok,full,0.0,,,,,0,0,0,0,0,0,
0001443575,0000927089-25-000139,2025-08-08,2025-08-12,0001853178,"Patriot Financial Partners IV, L.P.","Avidbank Holdings, Inc.",ok,full,0.0,,,,,0,0,0,0,0,0,
0001443611,0001477932-22-003734,2022-05-20,2022-05-20,0001750329,Lambrecht Greg Paul,SinglePoint Inc.,ok,full,0.0,,,,,0,0,0,0,0,0,
0001444380,0001193805-23-001570,2023-12-04,2023-12-11,0001559771,Engaged Capital LLC,NEVRO CORP,ok,full,0.0,,,,,0,0,0,0,0,0,
0001444380,0000807249-25-000053,2025-03-20,2025-03-27,0000807249,"GAMCO INVESTORS, INC. ET AL",NEVRO CORP,ok,full,1.0,2025-04-03,8-K,A,0001193125-25-071904,1,0,0,0,1,1,2025-03-10
0001444839,0001091818-23-000104,2023-04-11,2023-06-05,0001974762,"WTFJ Investments, LLC",Bravo Multinational Inc.,ok,full,0.0,,,,,0,0,0,0,0,0,
0001444839,0001091818-23-000105,2023-04-11,2023-06-05,0001976045,Tavano Richard,Bravo Multinational Inc.,ok,full,0.0,,,,,0,0,0,0,0,0,
0001444839,0001091818-23-000106,2023-04-11,2023-06-05,0001561833,Parliament Paul,Bravo Multinational Inc.,ok,full,0.0,,,,,0,0,0,0,0,0,
0001444839,0001091818-23-000110,2023-04-11,2023-06-05,0001975701,"La La La, LLC",Bravo Multinational Inc.,ok,full,0.0,,,,,0,0,0,0,0,0,
0001444839,0001091818-23-000113,2023-04-11,2023-06-14,0001975702,"TSMS, LLC",Bravo Multinational Inc.,ok,full,0.0,,,,,0,0,0,0,0,0,
0001445109,0001185185-22-000701,2022-04-26,2022-05-26,0001546147,"Black Diamond Financial Group, LLC",Clean Coal Technologies Inc.,ok,full,0.0,,,,,0,0,0,0,0,0,
0001445499,0001140361-23-044177,2023-09-05,2023-09-15,0001403528,"Oaktree Capital Group, LLC",IMPEL PHARMACEUTICALS INC,ok,full,0.0,,,,,0,0,0,0,0,0,
0001446687,0001104659-23-109537,2023-10-04,2023-10-17,0000831616,HARTMAN ALLEN R,"SILVER STAR PROPERTIES REIT, INC",ok,full,0.0,,,,,0,0,0,0,0,0,
0001447028,0001193805-24-000619,2024-05-02,2024-05-09,0001884931,"Whitefort Capital Management, LP",Arbutus Biopharma Corp,ok,full,0.0,,,,,0,0,0,0,0,0,
0001447380,0001437749-23-012341,2015-03-01,2023-05-03,0001026505,AKIN THOMAS B,MOBIVITY HOLDINGS CORP.,ok,partial,0.0,,,,,0,0,0,0,0,0,
0001448397,0001140361-23-015448,2023-03-27,2023-03-31,0001953130,Tsantanis Stamatios,Seanergy Maritime Holdings Corp.,ok,full,0.0,,,,,0,0,0,0,1,1,2022-11-29
0001448397,0001104659-23-120922,2023-11-14,2023-11-24,0001308557,Economou George,Seanergy Maritime Holdings Corp.,ok,full,0.0,,,,,0,0,0,0,1,1,2022-11-29
0001448431,0000950170-25-014245,2025-02-03,2025-02-05,0001607278,"Whetstone Capital Advisors, LLC",OptimizeRx Corp,ok,full,0.0,,,,,0,0,0,0,0,0,
0001449488,0001140361-23-037907,2023-07-24,2023-08-03,0001597848,"MERCED CAPITAL, L.P.",CSI Compressco LP,ok,full,1.0,2024-02-21,DEFM14A,A,0001193125-24-041444,1,0,0,1,0,0,
0001450704,0001683168-22-005569,2022-08-01,2022-08-11,0001646366,Ballengee James H.,"Vivakor, Inc.",ok,full,0.0,,,,,0,0,0,0,0,0,
0001452965,0001140361-23-005544,2023-02-09,2023-02-09,0001807256,Accelmed Partners II L.P.,MINERVA SURGICAL INC,ok,full,0.0,,,,,0,0,0,0,0,0,
0001453593,0001104659-22-097801,2022-08-25,2022-09-06,0001559834,Vizirgianakis Stavros G.,"Xtant Medical Holdings, Inc.",ok,full,0.0,,,,,0,0,0,0,0,0,
0001453593,0001104659-25-036047,2025-04-10,2025-04-17,0001472322,"Nantahala Capital Management, LLC","Xtant Medical Holdings, Inc.",ok,full,0.0,,,,,0,0,0,0,0,0,
0001454789,0001104659-25-102037,2025-10-17,2025-10-24,0001352851,Magnetar Financial LLC,"Astria Therapeutics, Inc.",ok,full,1.0,2025-12-18,DEFM14A,A,0001140361-25-046047,1,0,0,1,0,0,
0001454938,0000950170-25-017297,2025-02-03,2025-02-10,0001709689,Drahi Patrick,Outbrain Inc.,ok,full,0.0,,,,,0,0,0,0,1,1,2024-10-31
0001455684,0001140361-25-004131,2023-12-04,2025-02-12,0002054215,Dere Construction Taahhut A.S.,"TPI COMPOSITES, INC",ok,full,0.0,,,,,0,0,0,0,0,0,
0001455684,0001140361-23-059202,2023-12-14,2023-12-22,0001403528,"Oaktree Capital Group, LLC","TPI COMPOSITES, INC",ok,full,0.0,,,,,0,0,0,0,0,0,
0001459188,0001213900-22-017645,2022-01-07,2022-04-04,0001618500,Medigus Ltd.,"FUEL DOCTOR HOLDINGS, INC.",ok,full,0.0,,,,,0,0,0,0,0,0,
0001460329,0001214659-23-015271,2023-11-06,2023-11-16,0001569866,GLOBAL VALUE INVESTMENT CORP.,"Fluent, Inc.",ok,full,0.0,,,,,0,0,0,0,0,0,
0001460702,0001213900-25-109497,2025-11-06,2025-11-12,0001805521,FARADAY FUTURE INTELLIGENT ELECTRIC INC.,"Qualigen Therapeutics, Inc.",ok,full,0.0,,,,,0,0,0,0,0,0,
0001462418,0001387131-23-002264,2023-02-10,2023-02-21,0001360554,"Hoak Public Equities, LP",ALTISOURCE PORTFOLIO SOLUTIONS S.A.,ok,full,0.0,,,,,0,0,0,0,0,0,
0001462418,0000950103-25-002504,2025-02-19,2025-02-26,0000903954,"Credit Investments Group, a distinct business unit of UBS Asset Management (Americas) LLC",ALTISOURCE PORTFOLIO SOLUTIONS S.A.,ok,full,0.0,,,,,0,0,0,0,0,0,
0001463000,0001104659-25-064611,2025-02-03,2025-07-01,0001868332,BENGAL CATALYST FUND LP,Grown Rogue International Inc.,ok,full,0.0,,,,,0,0,0,0,0,0,
0001463833,0001213900-23-015166,2021-07-01,2023-02-28,0001034247,JONAS HOWARD S,"IDW MEDIA HOLDINGS, INC.",ok,full,0.0,,,,,0,0,0,0,0,0,
0001464343,0001437749-22-003019,2022-01-31,2022-02-10,0001603556,Howard Jeffrey A.,Atlanticus Holdings Corp,ok,full,0.0,,,,,0,0,0,0,0,0,
0001464591,0001292814-25-002308,2025-05-22,2025-05-30,0002048199,Generation Argentina Inc,GeoPark Ltd,ok,full,0.0,,,,,0,0,0,0,0,1,2024-03-11
0001464591,0001104659-25-103842,2025-10-22,2025-10-29,0001506666,Parex Resources Inc.,GeoPark Ltd,ok,full,0.0,,,,,0,0,0,0,0,1,2024-03-11
0001464790,0001213900-22-005076,2022-01-26,2022-02-02,0001628353,"DJ Fund Investments, LLC - Series E","B. Riley Financial, Inc.",ok,full,0.0,,,,,0,0,0,0,0,0,
0001464790,0001213900-22-027493,2022-05-13,2022-05-17,0001628353,"DJ Fund Investments, LLC - Series E","B. Riley Financial, Inc.",ok,full,0.0,,,,,0,0,0,0,0,0,
0001464790,0001213900-22-029363,2022-05-24,2022-05-25,0001628353,"DJ Fund Investments, LLC - Series E","B. Riley Financial, Inc.",ok,full,0.0,,,,,0,0,0,0,0,0,
0001464790,0001213900-23-009764,2023-02-09,2023-02-09,0001628353,"DJ Fund Investments, LLC - Series E","B. Riley Financial, Inc.",ok,full,0.0,,,,,0,0,0,0,0,0,
0001465311,0001683168-25-008173,2025-10-14,2025-11-12,0002093739,Lo Wai Lin,Zicix Corp,ok,full,0.0,,,,,0,0,0,0,0,0,
0001467761,0001829126-25-001210,2025-02-18,2025-02-25,0002054128,Yu Cao,"MINIM, INC.",ok,full,0.0,,,,,0,0,0,0,0,0,
0001468091,0001398344-23-007377,2023-04-17,2023-04-17,0001383838,SHAH CAPITAL MANAGEMENT,VEON Ltd.,ok,full,0.0,,,,,0,0,0,0,0,0,
0001468327,0000902664-24-000283,2024-01-08,2024-01-17,0002008446,Goldstone Yisroel Mordechai,"Rent the Runway, Inc.",ok,full,0.0,,,,,0,0,0,0,0,0,
0001468327,0001193125-25-256993,2025-10-28,2025-10-29,0002093897,CHS US Investments LLC,"Rent the Runway, Inc.",ok,full,0.0,,,,,0,0,0,0,0,0,
0001468327,0001193125-25-256995,2025-10-28,2025-10-29,0002093646,"STORY3 Capital Partners, LLC","Rent the Runway, Inc.",ok,full,0.0,,,,,0,0,0,0,0,0,
0001468327,0001193125-25-256996,2025-10-28,2025-10-29,0001963997,Nexus Capital Management LP,"Rent the Runway, Inc.",ok,full,0.0,,,,,0,0,0,0,0,0,
0001468492,0000950170-23-028010,2023-06-12,2023-06-14,0001016157,HILZ MARK T,"Heart Test Laboratories, Inc.",ok,full,0.0,,,,,0,0,0,0,0,0,
0001468492,0000950170-23-028013,2023-06-12,2023-06-14,0001933883,Simpson Andrew,"Heart Test Laboratories, Inc.",ok,full,0.0,,,,,0,0,0,0,0,0,
0001469395,0002022936-24-000016,2024-10-15,2024-10-15,0002022936,Mindlin Marcos Marcelo,Pampa Energy Inc.,ok,full,0.0,,,,,0,0,0,0,0,0,
0001470683,0001493152-23-013108,2023-04-12,2023-04-20,0001973316,Beatitudes in ALL LLC,Antelope Enterprise Holdings Ltd,ok,full,0.0,,,,,0,0,0,0,0,0,
0001470683,0001493152-24-009495,2024-02-23,2024-03-11,0002013963,Weng Yina,Antelope Enterprise Holdings Ltd,ok,full,0.0,,,,,0,0,0,0,0,0,
0001470683,0001213900-24-033538,2024-03-21,2024-04-16,0002019845,Seener Enterprise Ltd,Antelope Enterprise Holdings Ltd,ok,full,0.0,,,,,0,0,0,0,0,0,
0001470683,0001493152-24-013393,2024-04-01,2024-04-05,0002016459,Zhang Weilai,Antelope Enterprise Holdings Ltd,ok,full,0.0,,,,,0,0,0,0,0,0,
0001472012,0000895345-23-000577,2023-10-02,2023-10-12,0001996276,"Immunome Aggregator, LP",Immunome Inc.,ok,full,0.0,,,,,0,0,0,0,0,0,
0001472012,0001123292-23-000129,2023-10-12,2023-10-12,0001808343,Barchas Isaac,Immunome Inc.,ok,full,0.0,,,,,0,0,0,0,0,0,
0001472326,0001683168-25-001421,2024-12-31,2025-03-07,0001445130,"SENTIENT GLOBAL RESOURCES FUND III, LP",Brazil Potash Corp.,ok,full,0.0,,,,,0,0,0,0,0,0,
0001474167,0001477932-22-005644,2022-07-29,2022-08-04,0001660125,Siokas Grigorios,Cosmos Holdings Inc.,ok,full,0.0,,,,,0,0,0,0,0,0,
0001474167,0001477932-22-008160,2022-10-20,2022-11-04,0001953173,Kolefas Athanasios,Cosmos Holdings Inc.,ok,full,0.0,,,,,0,0,0,0,0,0,
0001474627,0001376474-25-000566,2025-06-30,2025-07-01,0002020621,Galkin Vladimir,"Newegg Commerce, Inc.",ok,full,0.0,,,,,0,0,0,0,0,0,
0001476034,0001104659-23-093361,2023-08-15,2023-08-18,0001703298,"PATRIOT FINANCIAL PARTNERS III, L.P.",Metropolitan Bank Holding Corp.,ok,full,0.0,,,,,0,0,0,0,0,0,
0001477720,0001193125-22-042016,2021-06-11,2022-02-14,0001549917,Moskovitz Dustin A.,"Asana, Inc.",ok,full,0.0,,,,,0,0,0,0,0,0,
0001479290,0001140361-23-042206,2023-08-22,2023-09-01,0001992112,Teoxane SA,"Revance Therapeutics, Inc.",ok,full,1.0,2024-08-12,8-K,A,0001193125-24-198448,2,0,0,0,0,0,
0001479419,0001104659-24-076281,2024-06-26,2024-06-28,0001263508,BAKER BROS. ADVISORS LP,"KALA BIO, Inc.",ok,full,0.0,,,,,0,0,0,0,0,0,
0001479615,0001564590-22-023327,2022-06-08,2022-06-15,0001846370,Griffiths Richard Ian,Silence Therapeutics plc,ok,full,0.0,,,,,0,0,0,0,0,0,
0001479681,0001607062-22-000266,2022-04-01,2022-04-11,0001920021,"Premier Macy Management Holdings, LLC","Nutex Health, Inc.",ok,full,,,,,,0,0,1,1,1,1,2022-02-14
0001479681,0001607062-22-000268,2022-04-01,2022-04-11,0001919448,Micro Hospital Holding LLC,"Nutex Health, Inc.",ok,full,,,,,,0,0,1,1,1,1,2022-02-14
0001481241,0001140361-23-019622,2023-02-17,2023-04-21,0001823731,Mango Shipping Corp.,Performance Shipping Inc.,ok,full,1.0,2023-10-11,SC TO-T,B,0001104659-23-108454,2,0,0,0,0,0,
0001481241,0001140361-23-042410,2023-03-06,2023-09-01,0001992194,MITZELA CORP.,Performance Shipping Inc.,ok,full,1.0,2023-10-11,SC TO-T,B,0001104659-23-108454,2,0,0,0,0,0,
0001481241,0001104659-23-095104,2023-08-18,2023-08-25,0001308557,Economou George,Performance Shipping Inc.,ok,full,1.0,2023-10-11,SC TO-T,B,0001104659-23-108454,2,0,0,0,0,0,
0001481513,0001104659-22-129881,2022-12-20,2022-12-23,0001510729,CHEN KANGPING,"JinkoSolar Holding Co., Ltd.",ok,full,0.0,,,,,0,0,0,0,0,0,
0001481646,0001104659-25-004787,2025-01-14,2025-01-21,0001352851,Magnetar Financial LLC,"Accolade, Inc.",ok,full,1.0,2025-02-10,PREM14A,A,0001140361-25-003764,3,0,0,0,1,1,2025-01-08
0001482541,0001493152-23-043212,2023-11-30,2023-11-30,0002002770,Finlinson Lance Brock,CEA Industries Inc.,ok,full,0.0,,,,,0,0,0,0,0,0,
0001482541,0001213900-24-036276,2024-04-11,2024-04-25,0002021270,Tunick Brian,CEA Industries Inc.,ok,full,0.0,,,,,0,0,0,0,0,0,
0001482541,0000921895-25-003215,2025-11-19,2025-11-26,0002098271,YZILabs Management Ltd.,CEA Industries Inc.,ok,full,0.0,,,,,0,0,0,0,0,0,
0001482554,0001493152-24-008994,2023-06-01,2024-03-06,0002013085,Song Lianyue,Hartford Great Health Corp.,ok,full,0.0,,,,,0,0,0,0,0,0,
0001482554,0002013085-24-000003,2023-06-01,2024-03-05,0002013085,Song Lianyue,Hartford Great Health Corp.,ok,full,0.0,,,,,0,0,0,0,0,0,
0001482554,0002013085-24-000007,2024-10-31,2024-11-06,0002013085,Song Lianyue,"Hartford Creative Group, Inc.",ok,full,0.0,,,,,0,0,0,0,0,0,
0001482554,0001841429-24-000005,2024-11-26,2024-12-05,0001841429,Chang Sheng-Yih,"Hartford Creative Group, Inc.",ok,full,0.0,,,,,0,0,0,0,0,0,
0001482554,0002046942-24-000002,2024-11-26,2024-12-05,0002046942,Songwang Erin,"Hartford Creative Group, Inc.",ok,full,0.0,,,,,0,0,0,0,0,0,
0001484769,0000950157-25-000917,2025-10-29,2025-11-05,0001744489,Walt Disney Co,FuboTV Inc.,ok,full,0.0,,,,,0,0,0,0,1,1,2025-08-07
0001485003,0000921895-22-003092,2022-11-09,2022-11-18,0001380585,Radoff Bradley Louis,"Sesen Bio, Inc.",ok,full,1.0,2022-12-29,8-K,A,0001485003-22-000182,2,0,0,1,0,0,
0001485003,0001068238-23-000046,2023-03-07,2023-03-09,0001645161,"HealthCap VII, L.P.",Carisma Therapeutics Inc.,ok,full,,,,,,0,0,1,1,1,1,2023-02-14
0001485074,0001213900-25-065090,2025-07-10,2025-07-17,0001720625,Vardeman Robert Don Jr,"Freeze Tag, Inc.",ok,full,0.0,,,,,0,0,0,0,0,0,
0001487198,0000892712-22-000090,2022-03-14,2022-03-21,0001144819,CALM WATERS PARTNERSHIP,"ASPEN GROUP, INC.",ok,full,0.0,,,,,0,0,0,0,0,0,
0001488775,0000009015-23-000013,2016-02-16,2023-07-25,0000009015,BARINGS LLC,ClearBridge MLP & Midstream Fund Inc.,ok,partial,0.0,,,,,0,0,0,0,0,0,
0001488775,0000009015-23-000015,2016-02-24,2023-07-25,0000009015,BARINGS LLC,ClearBridge MLP & Midstream Fund Inc.,ok,partial,0.0,,,,,0,0,0,0,0,0,
0001488775,0001062993-22-020650,2022-10-06,2022-10-07,0001510281,"Saba Capital Management, L.P.",ClearBridge MLP & Midstream Fund Inc.,ok,full,0.0,,,,,0,0,0,0,0,0,
0001488917,0000897101-22-000685,2022-07-01,2022-07-11,0001266296,SKARVAN KATHLEEN,"Electromed, Inc.",ok,full,0.0,,,,,0,0,0,0,0,0,
0001490281,0000902664-22-003123,2022-05-23,2022-05-27,0001832568,RPD Fund Management LLC,"Groupon, Inc.",ok,full,0.0,,,,,0,0,0,0,0,0,
0001490281,0000919574-23-005134,2023-09-07,2023-09-07,0001880817,Windward Management LP,"Groupon, Inc.",ok,full,0.0,,,,,0,0,0,0,0,0,
0001490286,0001062993-23-007306,2023-03-17,2023-03-21,0001510281,"Saba Capital Management, L.P.","Tortoise Midstream Energy Fund, Inc.",ok,full,1.0,2023-08-16,SC TO-C,A+B,0001140361-23-040068,1,0,0,0,1,1,2022-08-23
0001492074,0001104659-23-053472,2023-05-01,2023-05-01,0001968953,Milner Jonathan,Abcam plc,ok,full,0.0,,,,,0,0,0,0,0,0,
0001492633,0000902664-22-002158,2022-03-14,2022-03-14,0001599383,WINDACRE PARTNERSHIP LLC,Nielsen Holdings plc,ok,full,1.0,2022-05-19,PREM14A,A,0001193125-22-155162,2,0,0,0,0,0,
0001493137,0001079973-25-000681,2024-07-23,2025-04-18,0001091959,EDCO PARTNERS LLLP,"Lifeloc Technologies, Inc",ok,full,0.0,,,,,0,0,0,0,0,0,
0001493318,0000950170-25-075974,2025-05-14,2025-05-21,0001407645,Spark Capital II LP,eToro Group Ltd.,ok,full,0.0,,,,,0,0,0,0,0,0,
0001493318,0000950170-25-076108,2025-05-14,2025-05-22,0002068631,Assia Jonathan Alexander,eToro Group Ltd.,ok,full,0.0,,,,,0,0,0,0,0,0,
0001493566,0000921895-22-003273,2022-12-13,2022-12-27,0001959908,Elk Capital Markets UK LTD,"OTONOMY, INC.",ok,full,0.0,,,,,0,0,0,0,0,0,
0001493712,0001393905-23-000326,2022-02-11,2023-09-07,0001504213,Vahabzadeh Amir,Cell MedX Corp.,ok,full,0.0,,,,,0,0,0,0,0,0,
0001493761,0001193805-23-000380,2023-03-14,2023-03-23,0001970265,TORO 18 HOLDINGS LLC,Turtle Beach Corp,ok,full,0.0,,,,,0,0,0,0,0,0,
0001493761,0000894579-23-000159,2023-05-01,2023-05-08,0001595670,Stark Juergen M.,Turtle Beach Corp,ok,full,1.0,2024-03-18,SC TO-C,A+B,0001193125-24-070248,1,0,0,0,0,0,
0001494413,0001262463-25-000009,2024-12-30,2025-01-10,0001683832,Assentato Emil,Two Hands Corp,ok,full,0.0,,,,,0,0,0,0,0,0,
0001495222,0001104659-23-065437,2023-05-19,2023-05-26,0001607203,Eagle Point Credit Management LLC,Oxford Lane Capital Corp.,ok,full,0.0,,,,,0,0,0,0,0,0,
0001495320,0000921895-24-001467,2024-06-26,2024-06-26,0001959730,"Fund 1 Investments, LLC","Vera Bradley, Inc.",ok,full,0.0,,,,,0,0,0,0,0,0,
0001495932,0001104659-25-020048,2025-02-24,2025-03-04,0001570838,Sanford Glenn Darrel,"eXp World Holdings, Inc.",ok,full,0.0,,,,,0,0,0,0,0,0,
0001495932,0001104659-25-020057,2025-02-24,2025-03-04,0001588428,SANFORD PENNY,"eXp World Holdings, Inc.",ok,full,0.0,,,,,0,0,0,0,0,0,
0001496292,0001062993-24-021063,2024-12-18,2024-12-20,0001510281,"Saba Capital Management, L.P.",Voya Emerging Markets High Dividend Equity Fund,ok,full,0.0,,,,,0,0,0,0,0,0,
0001496671,0001395064-22-000060,2021-10-18,2022-04-21,0001395064,TAKEDA PHARMACEUTICAL CO LTD,"Calithera Biosciences, Inc.",ok,full,0.0,,,,,0,0,0,0,0,0,
0001496963,0000950142-24-001384,2024-05-13,2024-05-20,0001017645,"GENERAL ATLANTIC, L.P.","Squarespace, Inc.",ok,full,1.0,2024-05-13,8-K,A,0001496963-24-000038,6,1,0,2,0,0,
0001496963,0001104659-24-063397,2024-05-13,2024-05-20,0001451727,Accel Growth Fund L.P.,"Squarespace, Inc.",ok,full,1.0,2024-05-13,8-K,A,0001496963-24-000038,6,0,0,2,0,0,
0001496963,0000908834-24-000262,2024-10-09,2024-10-16,0001175707,"Farallon Capital Partners, L.P.","Squarespace, Inc.",ok,full,,,,,,0,0,1,1,1,1,2024-09-16
0001497645,0001104659-22-082403,2022-07-13,2022-07-25,0001905507,"NewcrestImage Holdings, LLC","Summit Hotel Properties, Inc.",ok,full,0.0,,,,,0,0,0,0,0,0,
0001498382,0000897069-24-002046,2024-10-18,2024-10-25,0001198554,Bianco James A.,"TuHURA Biosciences, Inc./NV",ok,full,,,,,,0,0,1,3,1,1,2024-09-25
0001498382,0000897069-24-002048,2024-10-18,2024-10-25,0001996297,Patel Vijay,"TuHURA Biosciences, Inc./NV",ok,full,,,,,,0,0,1,3,1,1,2024-09-25
0001498403,0001178913-23-003401,2023-10-09,2023-10-26,0001998420,Hong Seng Technology Ltd,BioLineRx Ltd.,ok,full,0.0,,,,,0,0,0,0,0,0,
0001498710,0001013594-25-001148,2025-09-10,2025-09-12,0001336198,ESOPUS CREEK VALUE SERIES FUND LP - SERIES A,"Spirit Aviation Holdings, Inc.",ok,full,0.0,,,,,0,0,0,0,0,1,2024-03-04
0001499505,0001104659-24-090580,2024-08-09,2024-08-16,0002025889,Tether Holdings Ltd,Adecoagro S.A.,ok,full,1.0,2025-03-27,SC TO-C,A+B,0001104659-25-028518,3,0,0,0,0,0,
0001499717,0001104659-23-089712,2023-07-31,2023-08-10,0001989270,"Rscube Investment, LLC","Staffing 360 Solutions, Inc.",ok,full,0.0,,,,,0,0,0,0,0,0,
0001499780,0001104659-23-104765,2023-09-18,2023-09-28,0001729200,FIRMENT SHIPPING INC.,GLOBUS MARITIME LTD,ok,full,0.0,,,,,0,0,0,0,0,0,
0001499780,0001104659-25-117896,2025-11-26,2025-12-03,0001994431,Goldenmare Ltd,GLOBUS MARITIME LTD,ok,full,0.0,,,,,0,0,0,0,0,0,
0001499961,0001104659-25-099810,2025-10-10,2025-10-15,0002041834,Winvest Investment Fund Management Corp.,"BOLLINGER INNOVATIONS, INC.",ok,full,0.0,,,,,0,0,0,0,0,1,2021-07-27
0001500096,0001062993-22-021001,2022-10-20,2022-10-20,0001510281,"Saba Capital Management, L.P.","Kayne Anderson NextGen Energy & Infrastructure, Inc.",ok,full,0.0,,,,,0,0,0,0,0,0,
0001500305,0001493152-23-005992,2023-02-14,2023-02-24,0001528329,PETERSEN ALDO,Sustainable Projects Group Inc.,ok,full,0.0,,,,,0,0,0,0,0,0,
0001500305,0001493152-23-005994,2023-02-14,2023-02-24,0001617462,Sune Mathiesen,Sustainable Projects Group Inc.,ok,full,0.0,,,,,0,0,0,0,0,0,
0001500305,0001493152-23-005995,2023-02-14,2023-02-24,0001966982,Juul Paw,Sustainable Projects Group Inc.,ok,full,0.0,,,,,0,0,0,0,0,0,
0001500305,0001493152-23-005996,2023-02-14,2023-02-24,0001966469,Kestrel Flight Fund LLC,Sustainable Projects Group Inc.,ok,full,0.0,,,,,0,0,0,0,0,0,
0001501697,0001072613-22-000489,2022-07-06,2022-07-19,0001917895,"Growth Equity Opportunities 18 VGE, LLC","X4 Pharmaceuticals, Inc",ok,full,0.0,,,,,0,0,0,0,0,0,
0001501697,0000950170-25-108341,2025-08-11,2025-08-13,0001687968,"Bain Capital Life Sciences Fund, L.P.","X4 Pharmaceuticals, Inc",ok,full,0.0,,,,,0,0,0,0,0,0,
0001501697,0001104659-25-079821,2025-08-11,2025-08-18,0002068530,Coastlands Capital LP,"X4 Pharmaceuticals, Inc",ok,full,0.0,,,,,0,0,0,0,0,0,
0001501756,0001373604-25-000079,2025-05-19,2025-05-20,0001373604,"BML Investment Partners, L.P.","Adverum Biotechnologies, Inc.",ok,full,1.0,2025-10-24,SC TO-C,A+B,0001193125-25-250031,4,0,0,1,0,0,
0001502377,0001705151-25-000004,2025-09-26,2025-10-30,0001705151,Kenneth R. Peak Marital Trust,"Contango ORE, Inc.",ok,full,1.0,2026-01-09,PREM14A,A,0001193125-26-009119,2,0,0,0,0,0,
0001502557,0001493152-24-018004,2021-05-17,2024-05-07,0002021881,Kunpeng TJ Ltd,Kun Peng International Ltd.,ok,full,0.0,,,,,0,0,0,0,0,0,
0001502557,0001493152-24-018005,2024-04-11,2024-05-07,0002021526,Wong Pui Chun,Kun Peng International Ltd.,ok,full,0.0,,,,,0,0,0,0,0,0,
0001502557,0001493152-24-023370,2024-05-23,2024-06-10,0002026401,Kun Peng XJ Ltd,Kun Peng International Ltd.,ok,full,0.0,,,,,0,0,0,0,0,0,
0001502557,0001493152-24-023375,2024-05-23,2024-06-10,0002026333,Kunpeng Tech Ltd,Kun Peng International Ltd.,ok,full,0.0,,,,,0,0,0,0,0,0,
0001502557,0001641172-25-025751,2025-07-03,2025-08-28,0001964087,WANG Wenqiang,Kun Peng International Ltd.,ok,full,0.0,,,,,0,0,0,0,0,0,
0001502557,0001641172-25-025754,2025-07-03,2025-08-28,0002081767,Kun Peng RC Ltd,Kun Peng International Ltd.,ok,full,0.0,,,,,0,0,0,0,0,0,
0001503274,0001104659-25-004230,2025-01-09,2025-01-16,0001711933,"Akoya Biosciences, Inc.",Quanterix Corp,ok,full,0.0,,,,,0,0,0,0,0,0,
0001503274,0001539497-25-000510,2025-02-07,2025-02-13,0002037231,Kent Lake PR LLC,Quanterix Corp,ok,full,0.0,,,,,0,0,0,0,0,0,
0001505065,0001213900-24-097648,2024-11-05,2024-11-13,0002044428,"Valor BrainsWay Holdings, LLC",Brainsway Ltd.,ok,full,0.0,,,,,0,0,0,0,0,0,
0001505155,0001213900-22-051125,2022-08-23,2022-08-25,0001943841,"ULYSSES AGGREGATOR, LP","Upland Software, Inc.",ok,full,0.0,,,,,0,0,0,0,0,0,
0001505611,0001213900-22-036312,2022-05-04,2022-06-30,0001919860,Smith Steven F,"DecisionPoint Systems, Inc.",ok,full,0.0,,,,,0,0,0,0,0,0,
0001506492,0001140361-25-022709,2025-06-09,2025-06-16,0001213867,ERB JOHN L,"Nuwellis, Inc.",ok,full,0.0,,,,,0,0,0,0,0,0,
0001506928,0002015487-24-000002,2024-03-05,2024-03-14,0002015487,"Zylox-Tonbridge Medical Technology Co., Ltd.",Avinger Inc,ok,full,,,,,,0,0,1,1,0,0,
0001506929,0001640334-23-000395,2023-03-15,2023-03-21,0001960458,Borneo Oil Berhad,"VERDE RESOURCES, INC.",ok,full,0.0,,,,,0,0,0,0,0,0,
0001508475,0001104659-22-044184,2021-12-21,2022-04-08,0001541680,Chen Sheng,"VNET Group, Inc.",ok,full,0.0,,,,,0,0,0,0,0,0,
0001508475,0001104659-24-001539,2023-12-28,2024-01-05,0002004151,Shandong Hi-Speed Holdings Group Ltd,"VNET Group, Inc.",ok,full,0.0,,,,,0,0,0,0,0,0,
0001509470,0000807249-24-000134,2024-10-03,2024-10-08,0000807249,"GAMCO INVESTORS, INC. ET AL",SURO CAPITAL CORP.,ok,full,0.0,,,,,0,0,0,0,1,1,2024-02-14
0001509470,0001104659-24-125520,2024-11-29,2024-12-04,0001322402,Klein Mark D,SURO CAPITAL CORP.,ok,full,0.0,,,,,0,0,0,0,1,1,2024-02-14
0001509589,0000902664-25-004824,2025-11-03,2025-11-10,0001706220,"Kimmeridge Energy Management Company, LLC","CIVITAS RESOURCES, INC.",ok,full,1.0,2025-11-03,8-K,A,0001104659-25-105649,2,0,0,1,0,0,
0001509745,0002085726-25-000004,2025-10-08,2025-10-16,0002085726,"Winklevoss Capital Fund, LLC","LEAP THERAPEUTICS, INC.",ok,full,0.0,,,,,0,0,0,0,0,0,
0001512228,0001341004-24-000010,2023-03-17,2024-01-17,0001322745,Kehler Dean C,NIOCORP DEVELOPMENTS LTD,ok,full,,,,,,0,0,1,1,1,1,2022-09-29
0001512717,0001213900-23-086098,2023-10-31,2023-11-13,0001758646,Investissement Quebec,Theratechnologies Inc.,ok,full,0.0,,,,,0,0,0,0,0,0,
0001512717,0001213900-23-090602,2023-11-27,2023-11-28,0001812275,"Soleus Capital Master Fund, L.P.",Theratechnologies Inc.,ok,full,0.0,,,,,0,0,0,0,0,0,
0001512922,0001493152-22-017553,2014-03-11,2022-06-23,0001602552,Meyer Randall A.,"PetVivo Holdings, Inc.",ok,partial,0.0,,,,,0,0,0,0,0,0,
0001512922,0001291984-23-000003,2023-03-17,2023-03-17,0001291984,CRUDEN STANLEY C,"PetVivo Holdings, Inc.",ok,full,0.0,,,,,0,0,0,0,0,0,
0001512922,0001291984-23-000006,2023-04-17,2023-08-22,0001291984,CRUDEN STANLEY C,"PetVivo Holdings, Inc.",ok,full,0.0,,,,,0,0,0,0,0,0,
0001512922,0001291984-24-000002,2024-01-22,2024-01-22,0001291984,CRUDEN STANLEY C,"PetVivo Holdings, Inc.",ok,full,0.0,,,,,0,0,0,0,0,0,
0001513789,0001062993-23-004563,2023-02-21,2023-02-23,0001510281,"Saba Capital Management, L.P.",FIRST TRUST ENERGY INFRASTRUCTURE FUND,ok,full,0.0,,,,,0,0,0,0,0,0,
0001514056,0001493152-23-022800,2023-05-19,2023-06-28,0001979669,Miller Glen Martin,"TRAQIQ, INC.",ok,full,,,,,,0,0,1,1,0,0,
0001514056,0001493152-23-024375,2023-05-19,2023-07-13,0001979643,Rizzo Jeffrey John,"TRAQIQ, INC.",ok,full,,,,,,0,0,1,1,0,0,
0001514056,0001493152-23-024640,2023-05-19,2023-07-17,0001979802,"Titan 5, LLC","TRAQIQ, INC.",ok,full,,,,,,0,0,1,1,0,0,
0001514056,0001641172-25-000060,2024-12-31,2025-03-20,0001658037,CELLI FRANK E.,Titan Environmental Solutions Inc.,ok,full,0.0,,,,,0,0,0,0,0,0,
0001514056,0001641172-25-006442,2025-04-24,2025-04-28,0002064031,Campo Dominic,Titan Environmental Solutions Inc.,ok,full,0.0,,,,,0,0,0,0,0,0,
0001514281,0000899140-22-000462,2022-04-12,2022-04-12,0001877511,"Hill Country Asset Management, LP.","AG Mortgage Investment Trust, Inc.",ok,full,0.0,,,,,0,0,0,0,0,0,
0001514281,0001999371-25-010988,2025-08-01,2025-08-08,0001903793,"TPG GP A, LLC","AG Mortgage Investment Trust, Inc.",ok,full,0.0,,,,,0,0,0,0,0,0,
0001514946,0001096906-22-002326,2019-02-20,2022-09-23,0001947843,Juniper & Ivy Corp,"AXIM BIOTECHNOLOGIES, INC.",ok,partial,0.0,,,,,0,0,0,0,0,0,
0001514946,0001096906-22-002069,2020-03-19,2022-08-31,0001944813,Valencia Catalina,"AXIM BIOTECHNOLOGIES, INC.",ok,partial,0.0,,,,,0,0,0,0,0,0,
0001514946,0001096906-22-002073,2020-03-19,2022-08-31,0001944801,"Glycodots, LLC","AXIM BIOTECHNOLOGIES, INC.",ok,partial,0.0,,,,,0,0,0,0,0,0,
0001515139,0001493152-24-001975,2024-01-06,2024-01-10,0001166846,GALLAGHER SCOTT,"METAWORKS PLATFORMS, INC.",ok,full,0.0,,,,,0,0,0,0,0,0,
0001515156,0001213900-23-010961,2023-02-13,2023-02-14,0001637606,Arq Ltd,"Advanced Emissions Solutions, Inc.",ok,full,0.0,,,,,0,0,0,0,0,0,
0001515156,0001140361-23-012552,2023-03-09,2023-03-20,0001962987,Blank Jeremy,"Advanced Emissions Solutions, Inc.",ok,full,0.0,,,,,0,0,0,0,0,0,
0001515156,0001213900-23-019349,2023-03-09,2023-03-13,0001963363,McIntyre Julian Alexander,"Advanced Emissions Solutions, Inc.",ok,full,0.0,,,,,0,0,0,0,0,0,
0001515317,0001683168-24-000302,2023-01-03,2024-01-16,0001817351,"Gold Express Mines, Inc.",MAGELLAN GOLD Corp,ok,full,0.0,,,,,0,0,0,0,0,0,
0001515816,0000950170-25-109856,2025-08-13,2025-08-18,0001677508,TSSP Sub-Fund HoldCo LLC,"Plymouth Industrial REIT, Inc.",ok,full,1.0,2025-10-24,8-K,A,0001193125-25-250015,4,0,0,0,0,0,
0001516899,0001019056-22-000489,2022-06-30,2022-07-01,0001385702,MAK CAPITAL ONE LLC,"Yatra Online, Inc.",ok,full,0.0,,,,,0,0,0,0,0,0,
0001516899,0001493152-25-026543,2025-12-01,2025-12-08,0001980323,Shringi Dhruv,"Yatra Online, Inc.",ok,full,1.0,2026-08-19,SC TO-T,A+B,0001539497-26-002306,1,0,0,0,0,0,
0001517396,0001213900-23-017606,2023-03-06,2023-03-06,0001643303,Nano Dimension Ltd.,STRATASYS LTD.,ok,full,1.0,2023-04-04,SC TO-C,A+B,0001213900-23-026738,5,1,0,0,0,0,
0001517396,0000950170-24-007777,2024-01-19,2024-01-26,0001071351,EBRAHIMI FARHAD FRED,STRATASYS LTD.,ok,full,0.0,,,,,0,0,0,0,1,1,2023-05-30
0001517396,0000950170-24-044303,2024-04-10,2024-04-15,0001071351,EBRAHIMI FARHAD FRED,STRATASYS LTD.,ok,full,0.0,,,,,0,0,0,0,1,1,2023-05-30
0001517396,0001185185-25-000281,2025-04-08,2025-04-10,0001374287,Cohen Yuval,STRATASYS LTD.,ok,full,0.0,,,,,0,0,0,0,0,1,2023-05-30
0001517518,0001062993-22-019918,2022-09-23,2022-09-26,0001510281,"Saba Capital Management, L.P.",ClearBridge Energy Midstream Opportunity Fund Inc.,ok,full,0.0,,,,,0,0,0,0,0,0,
0001517767,0001104659-23-122831,2023-11-21,2023-12-01,0001607203,Eagle Point Credit Management LLC,Carlyle Credit Income Fund,ok,full,0.0,,,,,0,0,0,0,1,1,2023-07-18
0001518715,0001140361-25-034463,2025-09-02,2025-09-09,0001267958,WEBB CARL B,Mechanics Bancorp,ok,full,,,,,,0,0,1,1,1,1,2025-04-03
0001519505,0001062993-22-000518,2022-01-04,2022-01-05,0001510281,"Saba Capital Management, L.P.",Miller/Howard High Income Equity Fund,ok,full,0.0,,,,,0,0,0,0,0,0,
0001520697,0001539497-25-002580,2025-09-24,2025-10-01,0001586094,"Khrom Investments Fund, LP","Acadia Healthcare Company, Inc.",ok,full,0.0,,,,,0,0,0,0,0,0,
0001521945,0001521945-24-000033,2024-02-26,2024-02-26,0001521945,"Prospect Floating Rate & Alternative Income Fund, Inc.","Prospect Floating Rate & Alternative Income Fund, Inc.",ok,full,0.0,,,,,0,0,0,0,0,0,
0001522222,0001185185-24-000152,2024-01-06,2024-02-12,0002011101,Whitmore Ian,"CLS Holdings USA, Inc.",ok,full,0.0,,,,,0,0,0,0,0,0,
0001522222,0001185185-24-000941,2024-09-18,2024-10-03,0001661744,Koretsky Frank,"CLS Holdings USA, Inc.",ok,full,0.0,,,,,0,0,0,0,0,0,
0001522222,0001185185-25-000004,2024-10-28,2025-01-03,0002011390,LEM Investments LLC,"CLS Holdings USA, Inc.",ok,full,0.0,,,,,0,0,0,0,0,0,
0001523289,0001062993-23-016977,2023-08-21,2023-08-22,0001510281,"Saba Capital Management, L.P.",Destra Multi-Alternative Fund,ok,full,0.0,,,,,0,0,0,0,0,0,
0001524025,0000929638-23-000841,2023-03-10,2023-03-15,0001959730,"Fund 1 Investments, LLC","TILLY'S, INC.",ok,full,0.0,,,,,0,0,0,0,0,0,
0001524931,0001104659-24-094588,2024-08-22,2024-08-29,0001352851,Magnetar Financial LLC,"CHUY'S HOLDINGS, INC.",ok,full,1.0,2024-09-05,DEFM14A,A,0001193125-24-214205,2,0,0,0,1,1,2024-08-20
0001524931,0000807249-24-000135,2024-10-03,2024-10-08,0000807249,"GAMCO INVESTORS, INC. ET AL","CHUY'S HOLDINGS, INC.",ok,full,1.0,2024-10-11,8-K,A,0001524931-24-000102,1,0,0,0,1,1,2024-09-05
0001526113,0000950142-23-002467,2023-09-12,2023-09-22,0001907225,"Bellevue Capital Partners, LLC","Global Net Lease, Inc.",ok,full,,,,,,0,0,1,1,0,0,
0001526329,0001062993-23-007310,2023-03-17,2023-03-21,0001510281,"Saba Capital Management, L.P.","TORTOISE PIPELINE & ENERGY FUND, INC.",ok,full,1.0,2023-08-16,SC TO-C,A+B,0001140361-23-040069,1,0,0,0,1,1,2022-08-23
0001526520,0001193805-25-000968,2025-06-26,2025-07-03,0001517137,Starboard Value LP,"TripAdvisor, Inc.",ok,full,0.0,,,,,0,0,0,0,0,0,
0001527096,0001104659-23-128620,2023-12-12,2023-12-22,0001082554,UNITED THERAPEUTICS Corp,Miromatrix Medical Inc.,ok,full,1.0,2023-12-18,8-K,A,0001104659-23-126893,1,1,0,0,1,1,2023-11-13
0001527508,0000950103-22-011443,2022-06-09,2022-06-28,0001799605,Packaging Finance Ltd,Pactiv Evergreen Inc.,ok,full,0.0,,,,,0,0,0,0,0,0,
0001527541,0001104659-22-067613,2022-05-24,2022-06-02,0001931661,"SR Equity Ventures, LLC","Wheeler Real Estate Investment Trust, Inc.",ok,full,0.0,,,,,0,0,0,0,0,1,2021-04-19
0001527541,0001193805-23-000737,2023-04-22,2023-05-16,0001917192,Leveen Calgary Granger,"Wheeler Real Estate Investment Trust, Inc.",ok,full,0.0,,,,,0,0,0,0,0,1,2021-04-19
0001527541,0001213900-23-087859,2023-11-06,2023-11-16,0001635663,"Steamboat Capital Partners, LLC","Wheeler Real Estate Investment Trust, Inc.",ok,full,0.0,,,,,0,0,0,0,0,1,2021-04-19
0001527541,0000904853-23-000006,2023-12-05,2023-12-15,0000904853,Amster Howard,"Wheeler Real Estate Investment Trust, Inc.",ok,full,0.0,,,,,0,0,0,0,0,1,2021-04-19
0001527541,0000904853-24-000002,2024-01-03,2024-01-12,0000904853,Amster Howard,"Wheeler Real Estate Investment Trust, Inc.",ok,full,0.0,,,,,0,0,0,0,0,1,2021-04-19
0001527541,0001641172-25-026247,2025-08-28,2025-09-02,0002076786,Diveroli Investment Group LLC,"Wheeler Real Estate Investment Trust, Inc.",ok,full,0.0,,,,,0,0,0,0,0,1,2021-04-19
0001527590,0000904853-25-000005,2025-07-29,2025-08-05,0000904853,Amster Howard,Ready Capital Corp,ok,full,0.0,,,,,0,0,0,0,0,0,
0001527599,0001937147-24-000001,2023-02-09,2024-02-16,0001937147,"Funicular Funds, LP","SYNLOGIC, INC.",ok,full,0.0,,,,,0,0,0,0,0,0,
0001527613,0001641172-25-002647,2025-03-18,2025-04-03,0002022237,Liu Yumei,CIMG Inc.,ok,full,0.0,,,,,0,0,0,0,0,0,
0001527613,0001641172-25-002649,2025-03-18,2025-04-03,0002035199,Liu Xiaodong,CIMG Inc.,ok,full,0.0,,,,,0,0,0,0,0,0,
0001527613,0001641172-25-002651,2025-03-18,2025-04-03,0002027138,Yu Wenwen,CIMG Inc.,ok,full,0.0,,,,,0,0,0,0,0,0,
0001527613,0001641172-25-002653,2025-03-18,2025-04-03,0002026155,DYT INFO PTE. LTD.,CIMG Inc.,ok,full,0.0,,,,,0,0,0,0,0,0,
0001527613,0001641172-25-002655,2025-03-18,2025-04-03,0002027127,Liu Yujie,CIMG Inc.,ok,full,0.0,,,,,0,0,0,0,0,0,
0001527613,0001641172-25-002666,2025-03-18,2025-04-03,0002039228,YANG YUBO,CIMG Inc.,ok,full,0.0,,,,,0,0,0,0,0,0,
0001527613,0001493152-25-019072,2025-09-02,2025-10-23,0002027125,Perez Dai Dixon,CIMG Inc.,ok,full,0.0,,,,,0,0,0,0,0,0,
0001527636,0000950170-25-112122,2025-08-27,2025-08-29,0002059821,CARTECH HOLDING CO,Autohome Inc.,ok,full,0.0,,,,,0,0,0,0,0,0,
0001527728,0001214659-23-007572,2018-02-16,2023-05-19,0001753085,William Anderson Wittekind,Enochian Biosciences Inc,ok,partial,0.0,,,,,0,0,0,0,0,0,
0001527753,0001493152-24-026166,2024-07-03,2024-07-03,0001717115,"Tempus AI, Inc.","Personalis, Inc.",ok,full,0.0,,,,,0,0,0,0,0,0,
0001527762,0001104659-22-006128,2021-02-20,2022-01-21,0001905527,Jing Jianming,Mercurity Fintech Holding Inc.,ok,full,0.0,,,,,0,0,0,0,0,0,
0001527762,0001104659-23-049072,2022-11-30,2023-04-24,0001974501,Li Hanqi,Mercurity Fintech Holding Inc.,ok,full,0.0,,,,,0,0,0,0,0,0,
0001527762,0001104659-23-064145,2023-05-01,2023-05-24,0001978158,Zhou Hong Mei,Mercurity Fintech Holding Inc.,ok,full,0.0,,,,,0,0,0,0,0,0,
0001527762,0001099910-24-000018,2023-11-30,2024-01-05,0002006711,Apollo Multi-Asset Growth Fund,Mercurity Fintech Holding Inc.,ok,full,0.0,,,,,0,0,0,0,0,0,
0001528115,0000895345-22-000552,2022-07-07,2022-07-18,0001315797,Satter Muneer A,"Annexon, Inc.",ok,full,0.0,,,,,0,0,0,0,0,0,
0001528930,0001104659-23-058700,2023-05-10,2023-05-11,0001511698,Laurence Andrew M,"Franchise Group, Inc.",ok,full,1.0,2023-05-11,8-K,A,0001104659-23-058675,3,0,0,1,0,0,
0001528930,0001213900-23-038595,2023-05-10,2023-05-11,0001207269,RILEY BRYANT R,"Franchise Group, Inc.",ok,full,1.0,2023-05-11,8-K,A,0001104659-23-058675,3,0,0,1,0,0,
0001528930,0001140361-23-038604,2023-08-06,2023-08-08,0001988825,Haverkamp Joseph A,"Franchise Group, Inc.",ok,full,,,,,,0,0,1,1,1,1,2023-07-14
0001528930,0001140361-23-038605,2023-08-06,2023-08-08,0001196316,BERDING JOHN B,"Franchise Group, Inc.",ok,full,,,,,,0,0,1,1,1,1,2023-07-14
0001528930,0001140361-23-038606,2023-08-06,2023-08-08,0001042046,AMERICAN FINANCIAL GROUP INC,"Franchise Group, Inc.",ok,full,,,,,,0,0,1,1,1,1,2023-07-14
0001528930,0001104659-23-088656,2023-08-07,2023-08-08,0001652992,Seeton Eric F.,"Franchise Group, Inc.",ok,full,,,,,,0,0,1,1,1,1,2023-07-14
0001529113,0001213900-24-024120,2024-03-12,2024-03-19,0001389264,BRODY DAVID E,"XTI Aerospace, Inc.",ok,full,,,,,,0,0,1,3,1,1,2024-01-03
0001529274,0000950142-25-002245,2025-08-13,2025-08-20,0001017645,"GENERAL ATLANTIC, L.P.","ALKAMI TECHNOLOGY, INC.",ok,full,0.0,,,,,0,0,0,0,0,0,
0001530163,0001213900-24-002150,2024-01-05,2024-01-09,0001496383,Ilustrato Pictures International Inc.,"Samsara Luggage, Inc.",ok,full,0.0,,,,,0,0,0,0,0,0,
0001530185,0001376474-23-000205,2023-04-17,2023-04-18,0001335239,Epazz Inc,"Ameritek Ventures, Inc.",ok,full,0.0,,,,,0,0,0,0,0,0,
0001530766,0001493152-25-021515,2025-11-04,2025-11-10,0002072014,Lekstrom Morgan Lee,Streamex Corp.,ok,full,0.0,,,,,0,0,0,0,0,0,
0001530766,0001493152-25-021516,2025-11-04,2025-11-10,0002072123,McPhie Karl Henry Michael,Streamex Corp.,ok,full,0.0,,,,,0,0,0,0,0,0,
0001532619,0001013762-24-001094,2024-07-23,2024-07-25,0001630783,Axonic Capital LLC,Power REIT,ok,full,0.0,,,,,0,0,0,0,0,0,
0001532619,0001042634-25-000004,2025-11-24,2025-12-01,0001042634,POSNER HENRY III,Power REIT,ok,full,0.0,,,,,0,0,0,0,0,0,
0001533743,0002081456-25-000001,2025-08-05,2025-08-13,0002081456,HX Entertainment Ltd,"Processa Pharmaceuticals, Inc.",ok,full,0.0,,,,,0,0,0,0,0,0,
0001533924,0000897101-25-000218,2025-04-15,2025-04-16,0002014854,Stoney Lonesome HF LP,Amplify Energy Corp.,ok,full,0.0,,,,,0,0,0,0,1,1,2025-03-04
0001534154,0001213900-22-022355,2022-03-21,2022-04-28,0001710737,Garchik Stephen Jeffrey,Ipsidy Inc.,ok,full,0.0,,,,,0,0,0,0,0,0,
0001534248,0001178913-22-000169,2021-03-16,2022-01-20,0001851069,Mor George Adi,Chemomab Therapeutics Ltd.,ok,full,,,,,,0,0,1,1,0,0,
0001534504,0001140361-24-042733,2024-09-30,2024-10-03,0001080910,HELU CARLOS SLIM,PBF Energy Inc.,ok,full,0.0,,,,,0,0,0,0,0,0,
0001534525,0001213900-23-049318,2023-06-14,2023-06-15,0001951493,"CLS Therapeutics, LLC","Xenetic Biosciences, Inc.",ok,full,0.0,,,,,0,0,0,0,0,0,
0001534708,0001493152-22-036063,2022-03-23,2022-12-21,0001790026,KILKENNY STEPHANIE,"Eastside Distilling, Inc.",ok,full,0.0,,,,,0,0,0,0,0,0,
0001534708,0001641172-25-000091,2025-03-07,2025-03-20,0001264473,Liuzza Nicholas Reyland JR,"Beeline Holdings, Inc.",ok,full,0.0,,,,,0,0,0,0,0,0,
0001534969,0001104659-25-014220,2025-02-12,2025-02-14,0001263508,BAKER BROS. ADVISORS LP,"SERA PROGNOSTICS, INC.",ok,full,0.0,,,,,0,0,0,0,0,0,
0001537028,0001878229-22-000004,2022-01-24,2022-01-26,0001878229,MONROE WILLIAM,"Independence Contract Drilling, Inc.",ok,full,0.0,,,,,0,0,0,0,0,0,
0001538263,0001104659-23-024264,2023-02-12,2023-02-22,0001966607,Neelagaru Narasimhulu,"HomeTrust Bancshares, Inc.",ok,full,1.0,2023-02-13,8-K,A,0001538263-23-000013,1,0,0,0,1,1,2022-07-25
0001538716,0001193805-23-001534,2023-11-15,2023-11-27,0001776724,Findell Capital Partners LP,Oportun Financial Corp,ok,full,0.0,,,,,0,0,0,0,0,0,
0001538716,0001415889-24-027328,2024-11-14,2024-11-20,0001469000,NB Alternatives Advisers LLC,Oportun Financial Corp,ok,full,0.0,,,,,0,0,0,0,0,0,
0001538822,0001085146-24-005388,2024-10-23,2024-11-07,0001914162,Desai Ravi Ramesh,Pacific Coast Oil Trust,ok,full,0.0,,,,,0,0,0,0,0,0,
0001538822,0001104659-25-119749,2025-12-08,2025-12-09,0001616134,ERIKSEN CAPITAL MANAGEMENT LLC,Pacific Coast Oil Trust,ok,full,0.0,,,,,0,0,0,0,0,0,
0001539337,0001062993-23-016347,2023-08-10,2023-08-14,0001510281,"Saba Capital Management, L.P.",Nuveen Real Asset Income & Growth Fund,ok,full,0.0,,,,,0,0,0,0,0,0,
0001539838,0001140361-24-041064,2024-09-10,2024-09-13,0002021141,Greth Lyndal,"Diamondback Energy, Inc.",ok,full,0.0,,,,,0,0,0,0,1,1,2024-03-29
0001540013,0001654954-24-015412,2024-12-11,2024-12-11,0001539281,"Forager Fund, L.P.",Quipt Home Medical Corp.,ok,full,0.0,,,,,0,0,0,0,0,0,
0001540013,0000921895-25-000098,2025-01-08,2025-01-10,0001688522,"Philotimo Fund, LP",Quipt Home Medical Corp.,ok,full,0.0,,,,,0,0,0,0,0,0,
0001540013,0001998785-25-000002,2025-10-31,2025-11-07,0001998785,Lakeview Opportunity Fund LLC,Quipt Home Medical Corp.,ok,full,1.0,2026-01-13,PREM14A,A,0001104659-26-003014,2,0,0,0,0,0,
0001540159,0000921895-25-000528,2025-02-12,2025-02-18,0001848809,Velan Capital Investment Management LP,"Edesa Biotech, Inc.",ok,full,0.0,,,,,0,0,0,0,0,0,
0001540684,0001493152-22-018229,2017-09-13,2022-06-30,0001607172,Fogassa Marc,"Brazil Minerals, Inc.",ok,partial,0.0,,,,,0,0,0,0,0,0,
0001540684,0001493152-22-018426,2017-10-26,2022-07-01,0001729493,Lancaster Brazil Fund LP,"Brazil Minerals, Inc.",ok,partial,0.0,,,,,0,0,0,0,0,0,
0001540684,0001493152-22-018230,2017-12-31,2022-06-30,0001608103,Noriega Roger,"Brazil Minerals, Inc.",ok,partial,0.0,,,,,0,0,0,0,0,0,
0001540684,0001493152-24-014211,2024-04-04,2024-04-10,0000067099,MITSUI & CO LTD,Atlas Lithium Corp,ok,full,0.0,,,,,0,0,0,0,0,0,
0001540755,0000902664-22-002198,2022-03-07,2022-03-17,0001535472,Corvex Management LP,"Anaplan, Inc.",ok,full,1.0,2022-03-21,8-K,A,0001193125-22-079976,5,0,0,0,0,0,
0001540755,0000914121-22-002169,2022-03-07,2022-03-17,0001582090,Sachem Head Capital Management LP,"Anaplan, Inc.",ok,full,1.0,2022-03-21,8-K,A,0001193125-22-079976,5,0,0,0,0,0,
0001541157,0000908834-24-000173,2024-05-31,2024-06-18,0002003243,Theofilos Charles Steve,Akari Therapeutics Plc,ok,full,0.0,,,,,0,0,0,0,0,0,
0001541157,0001213900-24-050884,2024-05-31,2024-06-07,0001702447,Patel Samir Rashmikant,Akari Therapeutics Plc,ok,full,0.0,,,,,0,0,0,0,0,0,
0001542028,0000719413-25-000005,2025-05-23,2025-05-30,0000719413,HECLA MINING CO/DE/,DOLLY VARDEN SILVER CORP,ok,full,0.0,,,,,0,0,0,0,0,0,
0001543418,0000912282-25-001156,2024-03-01,2025-10-27,0001562639,Giardini Tony,Trilogy Metals Inc.,ok,full,0.0,,,,,0,0,0,0,0,0,
0001543916,0001193125-22-040231,2021-12-31,2022-02-14,0001883858,GravityRock A.S.,"ForgeRock, Inc.",ok,full,1.0,2022-10-11,8-K,A,0001193125-22-260580,3,0,0,0,0,0,
0001543916,0001193125-22-040235,2021-12-31,2022-02-14,0001611878,Rosch Francis C,"ForgeRock, Inc.",ok,full,1.0,2022-10-11,8-K,A,0001193125-22-260580,3,0,0,0,0,0,
0001544400,0001477932-25-005119,2025-07-15,2025-07-17,0002055426,Johnston Brian Earle,NFiniTi inc.,ok,full,0.0,,,,,0,0,0,0,0,0,
0001544400,0001477932-25-005123,2025-07-15,2025-07-17,0002075034,winczua travis eric,NFiniTi inc.,ok,full,0.0,,,,,0,0,0,0,0,0,
0001544522,0001104659-25-007336,2025-01-27,2025-01-29,0001657088,Peak XV Partners V Ltd.,Freshworks Inc.,ok,full,0.0,,,,,0,0,0,0,0,0,
0001546296,0001437749-24-022892,2024-07-17,2024-07-17,0001489128,He Xin,"Professional Diversity Network, Inc.",ok,full,0.0,,,,,0,0,0,0,0,0,
0001546296,0001437749-25-002344,2025-01-24,2025-01-31,0002051345,AUROUS VERTEX LTD,"Professional Diversity Network, Inc.",ok,full,0.0,,,,,0,0,0,0,0,0,
0001546417,0001193805-23-001197,2023-08-08,2023-08-18,0001517137,Starboard Value LP,"Bloomin' Brands, Inc.",ok,full,0.0,,,,,0,0,0,0,0,0,
0001547158,0001062993-22-000894,2022-01-10,2022-01-10,0001510281,"Saba Capital Management, L.P.","TORTOISE ENERGY INDEPENDENCE FUND, INC.",ok,full,1.0,2022-08-23,SC TO-C,A+B,0001140361-22-030649,1,0,0,0,0,0,
0001547341,0001062993-22-019929,2022-09-26,2022-09-26,0001510281,"Saba Capital Management, L.P.",ClearBridge MLP & Midstream Total Return Fund Inc.,ok,full,0.0,,,,,0,0,0,0,0,0,
0001547546,0000950103-22-003250,2022-02-22,2022-02-25,0001913172,"OREC Investment Holdings, LLC","Lument Finance Trust, Inc.",ok,full,0.0,,,,,0,0,0,0,0,0,
0001550913,0001103016-25-000006,2025-08-18,2025-08-21,0001103016,DIXON ROBERT E,"MacKenzie Realty Capital, Inc.",ok,full,0.0,,,,,0,0,0,0,0,0,
0001551693,0001140361-22-041635,2022-11-09,2022-11-15,0000923666,PESSIN NORMAN H,"Sientra, Inc.",ok,full,0.0,,,,,0,0,0,0,0,0,
0001552189,0001493152-23-022285,2023-06-23,2023-06-23,0001866792,Buttorff Leslie,"PANACEA LIFE SCIENCES HOLDINGS, INC.",ok,full,0.0,,,,,0,0,0,0,0,0,
0001552800,0001213900-22-040781,2022-07-12,2022-07-22,0001681743,Kanen David,"TILE SHOP HOLDINGS, INC.",ok,full,0.0,,,,,0,0,0,0,0,0,
0001552800,0000921895-25-002706,2025-10-07,2025-10-07,0001959730,"Fund 1 Investments, LLC","TILE SHOP HOLDINGS, INC.",ok,full,0.0,,,,,0,0,0,0,0,0,
0001553788,0001731122-25-001417,2025-07-31,2025-10-21,0001489090,Meissner William R.,"SPLASH BEVERAGE GROUP, INC.",ok,full,0.0,,,,,0,0,0,0,0,0,
0001553788,0001731122-25-001419,2025-07-31,2025-10-21,0001361896,Yorke Justin W,"SPLASH BEVERAGE GROUP, INC.",ok,full,0.0,,,,,0,0,0,0,0,0,
0001553788,0001731122-25-001421,2025-07-31,2025-10-21,0001978199,Caple Frederick William,"SPLASH BEVERAGE GROUP, INC.",ok,full,0.0,,,,,0,0,0,0,0,0,
0001553788,0001731122-25-001422,2025-07-31,2025-10-21,0002089296,Devereux William T,"SPLASH BEVERAGE GROUP, INC.",ok,full,0.0,,,,,0,0,0,0,0,0,
0001553788,0001731122-25-001438,2025-07-31,2025-10-27,0001797597,Nistico Robert,"SPLASH BEVERAGE GROUP, INC.",ok,full,0.0,,,,,0,0,0,0,0,0,
0001553788,0001731122-25-001463,2025-07-31,2025-10-31,0001715594,Fore Thomas Butler,"SPLASH BEVERAGE GROUP, INC.",ok,full,0.0,,,,,0,0,0,0,0,0,
0001553846,0002032492-24-000001,2024-03-22,2024-08-07,0002032492,"Quintairos, Prieto, Wood & Boyer P.A.",RedHill Biopharma Ltd.,ok,full,0.0,,,,,0,0,0,0,0,0,
0001556263,0001104659-23-110484,2023-01-15,2023-10-20,0001699737,"Samsara BioCapital, L.P.","Syros Pharmaceuticals, Inc.",ok,full,0.0,,,,,0,0,0,0,0,0,
0001556266,0001213900-22-036704,2022-06-24,2022-07-01,0001935705,Ou Katie,"TD Holdings, Inc.",ok,full,0.0,,,,,0,0,0,0,0,0,
0001556266,0001213900-22-076404,2022-11-30,2022-11-30,0001956403,Yuan Qianying,"TD Holdings, Inc.",ok,full,0.0,,,,,0,0,0,0,0,0,
0001556266,0001213900-23-007973,2023-01-30,2023-02-03,0001963778,Yang Chaoliang,"TD Holdings, Inc.",ok,full,0.0,,,,,0,0,0,0,0,0,
0001556266,0001213900-23-093390,2023-11-29,2023-12-06,0002003003,Luo Chao,"BAIYU Holdings, Inc.",ok,full,0.0,,,,,0,0,0,0,0,0,
0001556266,0001213900-23-093392,2023-11-29,2023-12-06,0002002957,Tan Shanchuan,"BAIYU Holdings, Inc.",ok,full,0.0,,,,,0,0,0,0,0,0,
0001556266,0001213900-23-093902,2023-11-29,2023-12-07,0002002952,Flying Height Consulting Services Ltd,"BAIYU Holdings, Inc.",ok,full,0.0,,,,,0,0,0,0,0,0,
0001556266,0001213900-23-093905,2023-11-29,2023-12-07,0002002954,"Flying Height Trading Co., Ltd","BAIYU Holdings, Inc.",ok,full,0.0,,,,,0,0,0,0,0,0,
0001556336,0001062993-23-013274,2023-06-07,2023-06-09,0001510281,"Saba Capital Management, L.P.",FIRST TRUST MLP & ENERGY INCOME FUND,ok,full,0.0,,,,,0,0,0,0,0,0,
0001556801,0001640334-24-000109,2024-01-19,2024-01-22,0001893754,Pittilloni Francis,"My City Builders, Inc.",ok,full,0.0,,,,,0,0,0,0,0,0,
0001556801,0001640334-24-000111,2024-01-19,2024-01-22,0001893757,Goodell Yolanda,"My City Builders, Inc.",ok,full,0.0,,,,,0,0,0,0,0,0,
0001556801,0001640334-24-000113,2024-01-19,2024-01-22,0001059555,GILLEN FRANK,"My City Builders, Inc.",ok,full,0.0,,,,,0,0,0,0,0,0,
0001556801,0001640334-25-000144,2025-01-22,2025-01-22,0001893754,Pittilloni Francis,"My City Builders, Inc.",ok,full,0.0,,,,,0,0,0,0,0,0,
0001556801,0001640334-25-000145,2025-01-22,2025-01-22,0001893757,Goodell Yolanda,"My City Builders, Inc.",ok,full,0.0,,,,,0,0,0,0,0,0,
0001556801,0001640334-25-000152,2025-01-22,2025-01-22,0001059555,GILLEN FRANK,"My City Builders, Inc.",ok,full,0.0,,,,,0,0,0,0,0,0,
0001557376,0001829126-22-020607,2022-08-16,2022-12-30,0001952164,"Skycrest Holdings, LLC","Organicell Regenerative Medicine, Inc.",ok,full,0.0,,,,,0,0,0,0,0,0,
0001557376,0001104659-22-100817,2022-08-19,2022-09-16,0001946700,"Greyt Ventures, LLC","Organicell Regenerative Medicine, Inc.",ok,full,0.0,,,,,0,0,0,0,0,0,
0001557376,0001829126-22-016818,2022-08-19,2022-09-13,0001945023,Modi Bhupendra Kumar,"Organicell Regenerative Medicine, Inc.",ok,full,0.0,,,,,0,0,0,0,0,0,
0001557523,0001062993-23-018788,2023-10-02,2023-10-03,0001510281,"Saba Capital Management, L.P.",Principal Real Estate Income Fund,ok,full,0.0,,,,,0,0,0,0,0,0,
0001557798,0001683168-25-008054,2025-11-05,2025-11-07,0001881196,Gao Shufang,"Tianci International, Inc.",ok,full,0.0,,,,,0,0,0,0,0,0,
0001558569,0001558370-23-006032,2021-06-16,2023-04-17,0001857013,Ross Andrew L.,iSpecimen Inc.,ok,full,0.0,,,,,0,0,0,0,0,0,
0001559356,0001213900-22-080148,2022-07-25,2022-12-15,0001945994,Salomonsky Henry Louis,"Immune Therapeutics, Inc.",ok,full,0.0,,,,,0,0,0,0,0,0,
0001559432,0000950170-25-074515,2025-05-15,2025-05-19,0001182684,SIMPSON BOB R,"TXO Partners, L.P.",ok,full,0.0,,,,,0,0,0,0,0,0,
0001559432,0000950170-25-074620,2025-05-15,2025-05-19,0001406371,"LKCM Investment Partnership, L.P.","TXO Partners, L.P.",ok,full,0.0,,,,,0,0,0,0,0,0,
0001559998,0001493152-22-007716,2022-02-23,2022-03-25,0001487516,"Hollywood Burger Holdings, Inc.","Gaucho Group Holdings, Inc.",ok,full,0.0,,,,,0,0,0,0,0,0,
0001560258,0000908834-23-000186,2023-12-08,2023-12-18,0002003243,Theofilos Charles Steve,"electroCore, Inc.",ok,full,0.0,,,,,0,0,0,0,0,0,
0001560258,0000950170-25-070961,2025-05-13,2025-05-14,0001496771,MAZ Partners LP,"electroCore, Inc.",ok,full,0.0,,,,,0,0,0,0,0,0,
0001560293,0002078467-25-000001,2025-08-01,2025-08-08,0002078467,SiVantage Inc.,"Tenon Medical, Inc.",ok,full,0.0,,,,,0,0,0,0,0,0,
0001560385,0001418812-25-000002,2025-02-04,2025-02-11,0001464912,"ValueAct Capital Master Fund, L.P.",Liberty Media Corp,ok,full,1.0,2025-07-25,PREM14A,A,0001104659-25-070887,2,0,0,0,1,1,2024-07-23
0001561921,0001493152-22-016439,2022-06-07,2022-06-10,0001595855,Opaleye Management Inc.,"TELA Bio, Inc.",ok,full,0.0,,,,,0,0,0,0,0,0,
0001562733,0001213900-24-093169,2024-10-24,2024-10-31,0001626921,Ross Jack,Synergy CHC Corp.,ok,full,0.0,,,,,0,0,0,0,0,0,
0001563568,0001437749-25-019732,2024-12-18,2025-06-06,0002042420,Maddox Jason,"Envirotech Vehicles, Inc.",ok,full,0.0,,,,,0,0,0,0,0,1,2021-03-22
0001563665,0001493152-24-038196,2024-08-26,2024-09-26,0002036048,STELLARS CAPITAL PRIVATE I Ltd,"Harvard Apparatus Regenerative Technology, Inc.",ok,full,0.0,,,,,0,0,0,0,0,0,
0001564708,0000950157-25-000787,2025-09-06,2025-09-12,0002080603,MFT SH Family Trust,NEWS CORP,ok,full,0.0,,,,,0,0,0,0,0,0,
0001564708,0000950170-25-114565,2025-09-07,2025-09-12,0002084288,"Cruden 2, LLC",NEWS CORP,ok,full,0.0,,,,,0,0,0,0,0,0,
0001564824,0001072613-22-000578,2022-09-21,2022-10-11,0001694560,"New Enterprise Associates 16, L.P.",Allakos Inc.,ok,full,0.0,,,,,0,0,0,0,0,0,
0001564824,0001214659-25-001762,2025-01-27,2025-02-03,0001232621,TANG CAPITAL MANAGEMENT LLC,Allakos Inc.,ok,full,1.0,2025-04-02,8-K,A,0001193125-25-070926,4,0,0,0,0,0,
0001565228,0000921895-25-000362,2025-02-05,2025-02-12,0001458726,"Hale Capital Partners, LP","Vislink Technologies, Inc.",ok,full,0.0,,,,,0,0,0,0,0,0,
0001565381,0001062993-24-012443,2024-06-07,2024-06-12,0001510281,"Saba Capital Management, L.P.","BNY Mellon Municipal Bond Infrastructure Fund, Inc.",ok,full,0.0,,,,,0,0,0,0,0,0,
0001566610,0001641172-25-018895,2025-07-07,2025-07-14,0001434693,Geiskopf James P,"Verb Technology Company, Inc.",ok,full,0.0,,,,,0,0,0,0,0,0,
0001566610,0001641172-25-024248,2025-08-07,2025-08-14,0001853406,Stotz Manuel,"Verb Technology Company, Inc.",ok,full,0.0,,,,,0,0,0,0,0,0,
0001566826,0001213900-23-068201,2023-08-07,2023-08-16,0001868194,Simmons Chia-Lin,"LogicMark, Inc.",ok,full,0.0,,,,,0,0,0,0,0,0,
0001566826,0001213900-24-030816,2024-04-03,2024-04-05,0001868194,Simmons Chia-Lin,"LogicMark, Inc.",ok,full,,,,,,0,0,1,1,0,0,
0001566826,0001104659-24-109979,2024-10-09,2024-10-18,0002041834,Winvest Investment Fund Management Corp.,"LogicMark, Inc.",ok,full,,,,,,0,0,1,1,0,0,
0001567683,0000950170-25-011215,2025-01-28,2025-01-30,0002052113,BlackRock Portfolio Management LLC,"Clearway Energy, Inc.",ok,full,0.0,,,,,0,0,0,0,0,0,
0001567892,0000950142-23-002836,2023-11-14,2023-11-24,0001642575,Squarepoint Ops LLC,Mallinckrodt plc,ok,full,0.0,,,,,0,0,0,0,0,0,
0001567892,0000899140-24-000052,2024-01-05,2024-01-17,0001826937,Hein Park Capital Management LP,Mallinckrodt plc,ok,full,0.0,,,,,0,0,0,0,0,0,
0001567892,0001641172-25-022600,2025-07-31,2025-08-07,0001278951,GOLDENTREE ASSET MANAGEMENT LP,Mallinckrodt plc,ok,full,0.0,,,,,0,0,0,0,0,0,
0001567900,0000912282-24-000712,2024-07-01,2024-10-23,0002036773,Quadrifoglio Holdings LLC,BLACKBOXSTOCKS INC.,ok,full,0.0,,,,,0,0,0,0,0,0,
0001569345,0001193125-22-113123,2022-04-11,2022-04-21,0001767564,"H&F Corporate Investors IX, Ltd.","Sprinklr, Inc.",ok,full,0.0,,,,,0,0,0,0,0,0,
0001570843,0001183740-23-000019,2022-06-30,2023-02-08,0001964986,Webb Clifford Marion Jr.,Greenbriar Capital Corp.,ok,full,0.0,,,,,0,0,0,0,0,0,
0001571329,0001193805-22-001638,2022-11-29,2022-12-02,0001402258,Frischer Charles L,Logan Ridge Finance Corp.,ok,full,0.0,,,,,0,0,0,0,0,0,
0001571329,0001398344-23-020379,2023-11-09,2023-11-09,0001238990,"PUNCH & ASSOCIATES INVESTMENT MANAGEMENT, INC.",Logan Ridge Finance Corp.,ok,full,0.0,,,,,0,0,0,0,0,0,
0001573221,0000921895-24-002415,2024-10-31,2024-11-01,0001688522,"Philotimo Fund, LP","TheRealReal, Inc.",ok,full,0.0,,,,,0,0,0,0,0,0,
0001574085,0001398344-24-009941,2024-05-21,2024-05-21,0001765296,Al Shams Investments LTD,Braemar Hotels & Resorts Inc.,ok,full,0.0,,,,,0,0,0,0,0,0,
0001574085,0001398344-24-009943,2024-05-21,2024-05-21,0001769005,Said Wafic Rida,Braemar Hotels & Resorts Inc.,ok,full,0.0,,,,,0,0,0,0,0,0,
0001574085,0001193805-25-000803,2025-06-02,2025-06-05,0002045643,Ghassemieh Babak,Braemar Hotels & Resorts Inc.,ok,full,0.0,,,,,0,0,0,0,0,0,
0001574085,0001213900-25-112094,2025-11-11,2025-11-18,0001720183,Blackwells Capital LLC,Braemar Hotels & Resorts Inc.,ok,full,0.0,,,,,0,0,0,0,0,0,
0001574197,0001140361-24-042124,2024-09-24,2024-09-27,0001105838,ROBOTTI ROBERT,"Five Point Holdings, LLC",ok,full,0.0,,,,,0,0,0,0,0,0,
0001574197,0001539497-24-002214,2024-10-22,2024-10-23,0001588901,Levinson Sam,"Five Point Holdings, LLC",ok,full,0.0,,,,,0,0,0,0,0,0,
0001575142,0001640334-24-001554,2024-04-18,2024-10-22,0002041953,Azuna Health LLC,"BIOADAPTIVES, INC.",ok,full,0.0,,,,,0,0,0,0,0,0,
0001575142,0001640334-24-001555,2024-04-18,2024-10-22,0002041934,Keener James,"BIOADAPTIVES, INC.",ok,full,0.0,,,,,0,0,0,0,0,0,
0001576427,0001213900-24-017666,2024-02-22,2024-02-27,0002002778,Petrus Advisers Ltd.,Criteo S.A.,ok,full,0.0,,,,,0,0,0,0,0,0,
0001576789,0000921895-22-002658,2022-09-06,2022-09-16,0001517137,Starboard Value LP,Wix.com Ltd.,ok,full,0.0,,,,,0,0,0,0,0,0,
0001576914,0001104659-22-038127,2022-03-18,2022-03-25,0001595560,JACOBS IAN,MiX Telematics Ltd,ok,full,0.0,,,,,0,0,0,0,0,0,
0001579157,0001019056-25-000047,2025-01-22,2025-01-29,0002053682,"P180, Inc.",VINCE HOLDING CORP.,ok,full,0.0,,,,,0,0,0,0,0,0,
0001579878,0001628280-25-046776,2025-10-21,2025-10-28,0002073586,Field Dylan,"Figma, Inc.",ok,full,0.0,,,,,0,0,0,0,0,0,
0001580490,0001641172-25-004674,2023-01-17,2025-04-14,0002055283,Montoya Carlos X.,I-ON Digital Corp.,ok,full,0.0,,,,,0,0,0,0,0,1,2022-01-06
0001580864,0001104659-25-005058,2025-01-14,2025-01-22,0001655183,"Mudrick Capital Management, L.P.","Vroom, Inc.",ok,full,0.0,,,,,0,0,0,0,0,0,
0001582554,0001398344-25-000246,2025-01-02,2025-01-06,0002024448,111 Equity Group,"Matinas BioPharma Holdings, Inc.",ok,full,0.0,,,,,0,0,0,0,0,0,
0001582554,0001477932-25-001179,2025-02-13,2025-02-21,0002056830,Sanitam Partners LLC,"Matinas BioPharma Holdings, Inc.",ok,full,0.0,,,,,0,0,0,0,0,0,
0001582554,0001477932-25-001180,2025-02-13,2025-02-21,0002056785,Pembroke & Partners LLC,"Matinas BioPharma Holdings, Inc.",ok,full,0.0,,,,,0,0,0,0,0,0,
0001582581,0001140361-24-003113,2024-01-16,2024-01-22,0001961293,Anzu Ventures II LLC,voxeljet AG,ok,full,0.0,,,,,0,0,0,0,0,0,
0001583648,0000921895-23-001309,2023-05-11,2023-05-22,0000918923,BIOTECHNOLOGY VALUE FUND L P,"PIERIS PHARMACEUTICALS, INC.",ok,full,0.0,,,,,0,0,0,0,0,0,
0001583648,0001437749-24-038167,2024-12-13,2024-12-20,0001918142,Kaupinen Wes,"PALVELLA THERAPEUTICS, INC.",ok,full,0.0,,,,,0,0,0,0,0,0,
0001584371,0001213900-25-043448,2024-12-23,2025-05-14,0002067600,Haixiang Li,IceCure Medical Ltd.,ok,full,0.0,,,,,0,0,0,0,0,0,
0001584541,0001193125-25-220480,2025-09-22,2025-09-26,0001820190,Scilex Holding Co,"Semnur, Inc.",ok,full,0.0,,,,,0,0,0,0,0,0,
0001584831,0001104659-23-085821,2023-07-20,2023-07-31,0001538825,MARTIN ALLAN S.,OXBRIDGE RE HOLDINGS Ltd,ok,full,0.0,,,,,0,0,0,0,0,0,
0001587264,0000947871-22-000562,2022-05-12,2022-05-13,0001928858,"INCJ, Ltd.",ENETI INC.,ok,full,0.0,,,,,0,0,0,0,0,0,
0001587264,0000950103-23-017866,2023-12-15,2023-12-26,0001978867,Cadeler A/S,ENETI INC.,ok,full,0.0,,,,,0,0,0,0,1,1,2023-11-07
0001587987,0001587987-22-000002,2021-12-31,2022-01-10,0001587987,Newtek Business Services Corp.,Newtek Business Services Corp.,ok,full,0.0,,,,,0,0,0,0,0,0,
0001587987,0001587987-23-000044,2022-12-31,2023-01-31,0001587987,"NewtekOne, Inc.","NewtekOne, Inc.",ok,full,0.0,,,,,0,0,0,0,0,0,
0001587987,0001587987-24-000025,2024-01-25,2024-01-26,0001587987,"NewtekOne, Inc.","NewtekOne, Inc.",ok,full,0.0,,,,,0,0,0,0,0,0,
0001587987,0001587987-24-000088,2024-05-15,2024-05-15,0001587987,"NewtekOne, Inc.","NewtekOne, Inc.",ok,full,0.0,,,,,0,0,0,0,0,0,
0001587987,0001104659-25-092081,2025-09-16,2025-09-22,0001853178,"Patriot Financial Partners IV, L.P.","NewtekOne, Inc.",ok,full,0.0,,,,,0,0,0,0,0,0,
0001588972,0000921895-22-002105,2022-06-17,2022-06-27,0001802169,"Railroad Ranch Capital Management, LP","Societal CDMO, Inc.",ok,full,0.0,,,,,0,0,0,0,0,0,
0001588972,0000929638-23-002352,2023-08-23,2023-08-25,0001600004,"First Light Asset Management, LLC","Societal CDMO, Inc.",ok,full,1.0,2024-02-28,8-K,A,0001104659-24-028781,4,1,0,0,0,0,
0001589061,0000707388-22-000047,2022-07-26,2022-08-01,0000707388,"STAR EQUITY HOLDINGS, INC.","Gyrodyne, LLC",ok,full,0.0,,,,,0,0,0,0,0,0,
0001589149,0001493152-22-004673,2021-12-31,2022-02-15,0001862673,Meeks Danny,"Greenwave Technology Solutions, Inc.",ok,full,0.0,,,,,0,0,0,0,0,0,
0001589361,0001493152-23-043889,2023-11-27,2023-12-06,0001698352,Puchir Jay M.,White River Energy Corp.,ok,full,0.0,,,,,0,0,0,0,0,0,
0001589361,0001493152-23-044084,2023-11-27,2023-12-07,0001671357,May Randy,White River Energy Corp.,ok,full,0.0,,,,,0,0,0,0,0,0,
0001589420,0001062993-23-015200,2023-07-20,2023-07-24,0001510281,"Saba Capital Management, L.P.",FIRST TRUST NEW OPPORTUNITIES MLP & ENERGY FUND,ok,full,0.0,,,,,0,0,0,0,0,0,
0001590496,0001213900-25-014611,2022-08-04,2025-02-18,0001735475,Wun Jeffrey,Aerkomm Inc.,ok,full,0.0,,,,,0,0,0,0,0,0,
0001590496,0001213900-23-000155,2022-12-07,2023-01-03,0001960577,World Praise Ltd,Aerkomm Inc.,ok,full,0.0,,,,,0,0,0,0,0,0,
0001590584,0001104659-25-010571,2025-01-31,2025-02-07,0002021298,M Partners Fund LP,Civeo Corp,ok,full,0.0,,,,,0,0,0,0,0,0,
0001590584,0000921895-25-000625,2025-02-19,2025-02-26,0001580320,"ENGINE CAPITAL, L.P.",Civeo Corp,ok,full,0.0,,,,,0,0,0,0,0,0,
0001590715,0001477932-23-006486,2023-08-15,2023-08-28,0001990877,White River Ventures LLC,American Resources Corp,ok,full,,,,,,0,0,1,1,0,0,
0001590715,0001477932-23-006487,2023-08-15,2023-08-28,0001991419,Midwest General Investment Co LLC,American Resources Corp,ok,full,,,,,,0,0,1,1,0,0,
0001591670,0001104659-23-107787,2023-09-27,2023-10-10,0001389549,Pittman Paul A,Farmland Partners Inc.,ok,full,0.0,,,,,0,0,0,0,0,0,
0001592000,0001213900-24-087890,2024-10-15,2024-10-15,0001039684,ONEOK INC /NEW/,"EnLink Midstream, LLC",ok,full,1.0,2024-11-25,8-K,A,0001104659-24-122279,3,0,0,0,0,0,
0001592058,0000899140-23-001005,2023-10-12,2023-10-23,0001281084,Monarch Alternative Capital LP,Party City Holdco Inc.,ok,full,0.0,,,,,0,0,0,0,0,0,
0001592058,0000902664-23-005182,2023-10-12,2023-10-23,0000928549,DAVIDSON KEMPNER PARTNERS,Party City Holdco Inc.,ok,full,0.0,,,,,0,0,0,0,0,0,
0001592058,0001193125-23-260903,2023-10-12,2023-10-23,0001332784,Silver Point Capital L.P.,Party City Holdco Inc.,ok,full,0.0,,,,,0,0,0,0,0,0,
0001592058,0001422849-23-000162,2023-10-12,2023-10-23,0001422849,Capital World Investors,Party City Holdco Inc.,ok,full,0.0,,,,,0,0,0,0,0,0,
0001593538,0000921895-22-000769,2022-02-23,2022-03-04,0001406888,Sherborne Investors LP,NAVIENT CORP,ok,full,0.0,,,,,0,0,0,0,0,0,
0001593899,0001214659-23-007616,2023-05-22,2023-05-22,0001191935,TANG CAPITAL PARTNERS LP,"Atea Pharmaceuticals, Inc.",ok,full,0.0,,,,,0,0,0,0,0,0,
0001593899,0001373604-24-000114,2024-12-13,2024-12-16,0001373604,"BML Investment Partners, L.P.","Atea Pharmaceuticals, Inc.",ok,full,0.0,,,,,0,0,0,0,0,0,
0001593899,0000921895-25-000684,2025-02-27,2025-03-04,0001380585,Radoff Bradley Louis,"Atea Pharmaceuticals, Inc.",ok,full,0.0,,,,,0,0,0,0,0,0,
0001593984,0001140361-24-033602,2024-07-17,2024-07-19,0002030481,Molnlycke Health Care AB,MediWound Ltd.,ok,full,0.0,,,,,0,0,0,0,0,0,
0001594555,0000943374-22-000234,2022-06-15,2022-06-21,0001741443,Marino Robert Joseph,"HV Bancorp, Inc.",ok,full,1.0,2023-01-05,DEFM14A,A,0001193125-23-001642,1,0,0,1,0,0,
0001595527,0000950142-22-000628,2022-02-04,2022-02-11,0001907225,"Bellevue Capital Partners, LLC","New York City REIT, Inc.",ok,full,0.0,,,,,0,0,0,0,0,0,
0001595974,0001062993-22-021849,2022-11-08,2022-11-10,0001666682,"Edenbrook Capital, LLC","MAGNITE, INC.",ok,full,0.0,,,,,0,0,0,0,0,0,
0001596946,0001796861-22-000006,2022-06-24,2022-07-06,0001796861,Maven Investment Partners US Ltd,Quotient Ltd,ok,full,1.0,2023-02-22,PREM14A,A,0000950170-23-003758,2,0,0,0,0,0,
0001596946,0001796861-22-000007,2022-06-24,2022-07-06,0001796861,Maven Investment Partners US Ltd,Quotient Ltd,ok,full,1.0,2023-02-22,PREM14A,A,0000950170-23-003758,2,0,0,0,0,0,
0001596946,0001193125-23-050779,2023-02-16,2023-02-27,0001966699,"Quotient Holdings GP, LLC",Quotient Ltd,ok,full,1.0,2023-02-22,PREM14A,A,0000950170-23-003758,2,0,0,0,0,0,
0001596961,0001104659-23-029060,2023-03-03,2023-03-06,0001880622,Tkach Mark,"RumbleOn, Inc.",ok,full,0.0,,,,,0,0,0,0,0,1,2021-07-01
0001596961,0001213900-23-066230,2023-08-03,2023-08-11,0001589943,"Stone House Capital Management, LLC","RumbleOn, Inc.",ok,full,0.0,,,,,0,0,0,0,0,1,2021-07-01
0001596964,0001104659-22-062220,2022-05-17,2022-05-18,0001665137,Feng Hailiang,Hailiang Education Group Inc.,ok,full,0.0,,,,,0,0,0,0,0,0,
0001597553,0000950170-25-004311,2025-01-10,2025-01-10,0000875045,BIOGEN INC.,"Sage Therapeutics, Inc.",ok,full,1.0,2025-06-16,SC TO-C,A+B,0001104659-25-059761,5,0,0,1,0,1,2023-12-08
0001597672,0001193125-22-071330,2022-03-10,2022-03-10,0001511989,"Chatham Asset Management, LLC",RAYONIER ADVANCED MATERIALS INC.,ok,full,0.0,,,,,0,0,0,0,0,0,
0001597892,0001213900-22-035374,2022-03-11,2022-06-28,0001935088,Zhong Zhuowei,JRSIS HEALTH CARE Corp,ok,full,0.0,,,,,0,0,0,0,0,0,
0001598347,0000928785-25-000003,2025-06-04,2025-06-05,0000928785,STANDARD BANK OF SOUTH AFRICA LTD,Truworths International Ltd/ADR,ok,full,0.0,,,,,0,0,0,0,0,0,
0001598347,0000928785-25-000006,2025-06-11,2025-06-18,0000928785,STANDARD BANK OF SOUTH AFRICA LTD,Truworths International Ltd/ADR,ok,full,0.0,,,,,0,0,0,0,0,0,
0001598347,0000928785-25-000008,2025-07-01,2025-07-01,0000928785,STANDARD BANK OF SOUTH AFRICA LTD,Truworths International Ltd/ADR,ok,full,0.0,,,,,0,0,0,0,0,0,
0001598347,0000928785-25-000011,2025-07-03,2025-07-07,0000928785,STANDARD BANK OF SOUTH AFRICA LTD,Truworths International Ltd/ADR,ok,full,0.0,,,,,0,0,0,0,0,0,
0001598646,0001623632-25-001475,2025-10-21,2025-10-28,0001056288,"FEDERATED HERMES, INC.","Minerva Neurosciences, Inc.",ok,full,0.0,,,,,0,0,0,0,0,0,
0001598981,0001493152-22-004707,2022-02-09,2022-02-15,0001634483,Kohen Ran Roland,SQL Technologies Corp.,ok,full,0.0,,,,,0,0,0,0,0,0,
0001598981,0001493152-22-004771,2022-02-09,2022-02-16,0001630761,Shiff Dov,SQL Technologies Corp.,ok,full,0.0,,,,,0,0,0,0,0,0,
0001600422,0000921895-22-001517,2022-04-27,2022-05-09,0001915673,"Star Equity Fund, LP","Superior Drilling Products, Inc.",ok,full,0.0,,,,,0,0,0,0,0,0,
0001600620,0001214659-24-016381,2024-09-06,2024-09-12,0001232621,TANG CAPITAL MANAGEMENT LLC,Aurinia Pharmaceuticals Inc.,ok,full,0.0,,,,,0,0,0,0,0,0,
0001600641,0001104659-25-115101,2025-11-14,2025-11-21,0002022852,Catsimatidis John A. Jr,"1stdibs.com, Inc.",ok,full,0.0,,,,,0,0,0,0,0,0,
0001600847,0001493152-23-029679,2023-08-11,2023-08-21,0001962946,"Community US Fund Management, Inc.",Gamida Cell Ltd.,ok,full,0.0,,,,,0,0,0,0,0,0,
0001601485,0001601485-22-000030,2021-02-04,2022-04-27,0001601485,Angion Biomedica Corp.,Angion Biomedica Corp.,ok,full,0.0,,,,,0,0,0,0,0,0,
0001601485,0001068238-23-000119,2023-06-01,2023-06-14,0001977769,"GKCC, LLC","Elicio Therapeutics, Inc.",ok,full,,,,,,0,0,1,1,0,0,
0001602409,0001183740-24-000066,2019-05-16,2024-08-08,0001948734,Choe Yang Yeat,"FingerMotion, Inc.",ok,partial,0.0,,,,,0,0,0,0,0,0,
0001603207,0001104659-23-110066,2023-10-16,2023-10-19,0001757197,"Builders VC Fund I (Canada), L.P.","Notable Labs, Ltd.",ok,full,,,,,,0,0,1,1,1,1,2023-02-23
0001603454,0001072613-22-000433,2022-05-15,2022-05-24,0001917895,"Growth Equity Opportunities 18 VGE, LLC",Celcuity Inc.,ok,full,0.0,,,,,0,0,0,0,0,0,
0001603454,0001104659-25-073189,2025-08-01,2025-08-01,0001263508,BAKER BROS. ADVISORS LP,Celcuity Inc.,ok,full,0.0,,,,,0,0,0,0,0,0,
0001604191,0001437749-25-019912,2025-06-02,2025-06-09,0002072056,Ali Arif Nasir,"Entero Therapeutics, Inc.",ok,full,,,,,,0,0,1,2,0,0,
0001604464,0001104659-24-064358,2024-05-15,2024-05-22,0002023734,Adiumentum Capital Fund I LP,"Atara Biotherapeutics, Inc.",ok,full,0.0,,,,,0,0,0,0,0,0,
0001604464,0000950170-25-075903,2025-05-16,2025-05-21,0002010692,Panacea Innovation Ltd,"Atara Biotherapeutics, Inc.",ok,full,0.0,,,,,0,0,0,0,0,0,
0001604464,0001104659-25-052422,2025-05-16,2025-05-23,0001425738,"Redmile Group, LLC","Atara Biotherapeutics, Inc.",ok,full,0.0,,,,,0,0,0,0,0,0,
0001604738,0001104659-23-043120,2023-04-07,2023-04-07,0001608195,Eubanks Deric S,Ashford Inc.,ok,full,0.0,,,,,0,0,0,0,0,0,
0001604738,0001104659-23-043123,2023-04-07,2023-04-07,0001623909,Hays J Robison III,Ashford Inc.,ok,full,0.0,,,,,0,0,0,0,0,0,
0001604738,0001104659-24-046351,2024-04-02,2024-04-11,0001516834,Welter Jeremy,Ashford Inc.,ok,full,0.0,,,,,0,0,0,0,0,0,
0001604778,0000921895-25-000115,2025-01-10,2025-01-17,0001517137,Starboard Value LP,"Qorvo, Inc.",ok,full,1.0,2025-10-28,8-K,A,0000950103-25-013687,2,1,0,0,0,0,
0001604888,0000912282-25-000540,2024-10-31,2025-05-15,0002067093,"SPP Credit Advisors, LLC","Series K - Avenue Europe Capital Solutions Fund, a series of Green Square Private Investment Partners, LLC",ok,full,0.0,,,,,0,0,0,0,0,0,
0001605057,0001477932-24-002036,2024-04-09,2024-04-12,0002017867,NGUYEN HOANG VAN,"Vemanti Group, Inc.",ok,full,0.0,,,,,0,0,0,0,0,0,
0001605057,0001477932-24-002104,2024-04-09,2024-04-15,0001998537,Asian Star Trading & Investment Pte. Ltd.,"Vemanti Group, Inc.",ok,full,0.0,,,,,0,0,0,0,0,0,
0001605331,0001663577-25-000072,2025-02-21,2025-03-17,0002059511,ANYONE PICTURES Ltd,AB INTERNATIONAL GROUP CORP.,ok,full,0.0,,,,,0,0,0,0,0,0,
0001605607,0001140361-25-019908,2025-05-13,2025-05-20,0002068600,Saray Capital (DIFC) Ltd,"Paramount Group, Inc.",ok,full,1.0,2025-10-29,PREM14A,A,0001193125-25-256282,2,0,0,2,0,0,
0001605888,0001213900-24-056388,2024-06-18,2024-06-27,0001117037,JAGID JEFFREY M,ATLANTIC INTERNATIONAL CORP.,ok,full,,,,,,0,0,1,3,1,1,2023-08-10
0001605888,0001213900-24-057296,2024-06-18,2024-06-28,0001988682,Gattani Prateek,ATLANTIC INTERNATIONAL CORP.,ok,full,,,,,,0,0,1,3,1,1,2023-08-10
0001605888,0000912282-25-000542,2024-10-31,2025-05-15,0002067093,"SPP Credit Advisors, LLC",ATLANTIC INTERNATIONAL CORP.,ok,full,,,,,,0,0,1,1,0,1,2023-08-10
0001605888,0001213900-25-004063,2024-11-21,2025-01-16,0001491574,Bressman Andrew,ATLANTIC INTERNATIONAL CORP.,ok,full,,,,,,0,0,1,1,0,1,2023-08-10
0001605888,0001213900-25-004066,2024-11-21,2025-01-16,0002049406,Jones Raymond,ATLANTIC INTERNATIONAL CORP.,ok,full,,,,,,0,0,1,1,0,1,2023-08-10
0001605888,0001213900-25-004103,2024-11-21,2025-01-16,0002051743,Pequod Consulting LLC,ATLANTIC INTERNATIONAL CORP.,ok,full,,,,,,0,0,1,1,0,1,2023-08-10
0001605888,0001213900-25-002934,2025-01-02,2025-01-13,0001117037,JAGID JEFFREY M,ATLANTIC INTERNATIONAL CORP.,ok,full,,,,,,0,0,1,1,0,1,2023-08-10
0001606366,0001193125-22-237943,2022-08-31,2022-09-02,0001406857,"FS Capital Partners V, LLC","El Pollo Loco Holdings, Inc.",ok,full,0.0,,,,,0,0,0,0,0,0,
0001606366,0000921895-25-000155,2025-01-23,2025-01-27,0001334429,BIGLARI CAPITAL CORP.,"El Pollo Loco Holdings, Inc.",ok,full,0.0,,,,,0,0,0,0,0,0,
0001606366,0000950170-25-079018,2025-05-21,2025-05-29,0001509012,"CapitalSpring Finance Company, LLC","El Pollo Loco Holdings, Inc.",ok,full,0.0,,,,,0,0,0,0,0,0,
0001606457,0001085146-22-001258,2022-03-23,2022-03-23,0001899669,Kyma Capital Ltd,Atento S.A.,ok,full,1.0,2022-11-18,SC TO-T,A+B,0000930413-22-001958,2,0,0,0,0,0,
0001606457,0000897069-23-000168,2023-03-02,2023-03-13,0001092838,INTREPID CAPITAL MANAGEMENT INC,Atento S.A.,ok,full,0.0,,,,,0,0,0,0,1,1,2022-12-06
0001606457,0001123292-23-000039,2023-03-02,2023-03-13,0001802509,Aquiline Credit Opportunities Fund L.P.,Atento S.A.,ok,full,0.0,,,,,0,0,0,0,1,1,2022-12-06
0001606457,0001140361-23-011442,2023-03-02,2023-03-13,0001637460,Man Group plc,Atento S.A.,ok,full,0.0,,,,,0,0,0,0,1,1,2022-12-06
0001606457,0000930413-23-001051,2023-03-15,2023-03-20,0001736804,"MCI, LC",Atento S.A.,ok,full,0.0,,,,,0,0,0,0,1,1,2022-12-06
0001606745,0001085146-24-000221,2023-11-10,2024-01-11,0001615717,Triad Investment Management,"Liberty TripAdvisor Holdings, Inc.",ok,full,0.0,,,,,0,0,0,0,0,0,
0001606745,0001966480-24-000005,2024-11-27,2024-11-29,0001966480,Crimson Asset Management Ltd.,"Liberty TripAdvisor Holdings, Inc.",ok,full,1.0,2025-01-23,PREM14A,A,0001104659-25-005372,3,0,0,2,0,0,
0001606909,0000919574-25-000118,2024-12-30,2025-01-06,0002047301,Strategic Shipping Inc.,Pangaea Logistics Solutions Ltd.,ok,full,1.0,2024-12-30,8-K,A,0000919574-24-007335,2,1,0,0,0,0,
0001607962,0001013594-23-000274,2023-02-22,2023-02-22,0001871665,Lind Global Fund II LP,ReWalk Robotics Ltd.,ok,full,,,,,,0,0,1,2,0,0,
0001609988,0001477932-22-006068,2022-07-15,2022-08-15,0001941150,MP Special Purpose Corp,flooidCX Corp.,ok,full,,,,,,0,0,1,3,0,0,
0001610590,0001213900-23-080917,2023-09-11,2023-09-29,0001991925,Symetryx Corp,Check-Cap Ltd,ok,full,0.0,,,,,0,0,0,0,0,0,
0001610590,0001193805-24-000483,2024-04-01,2024-04-01,0002015014,EquityLine Alternate Assets GP Inc.,Check-Cap Ltd,ok,full,0.0,,,,,0,0,0,0,0,0,
0001610853,0001104659-25-093466,2025-09-18,2025-09-25,0002079712,Morehead Daniel Wayne,"HELIUS MEDICAL TECHNOLOGIES, INC.",ok,full,0.0,,,,,0,0,0,0,0,0,
0001610853,0001104659-25-095926,2025-09-18,2025-10-02,0002087954,Fusion Summer Ltd,Solana Co,ok,full,0.0,,,,,0,0,0,0,0,0,
0001611046,0001683168-25-005928,2025-07-30,2025-08-12,0001932492,Fu Wah,International Endeavors Corp,ok,full,0.0,,,,,0,0,0,0,0,0,
0001611046,0001683168-25-005930,2025-07-30,2025-08-12,0002080529,TAM Hin Wah Anthony,International Endeavors Corp,ok,full,0.0,,,,,0,0,0,0,0,0,
0001611046,0001683168-25-005932,2025-07-30,2025-08-12,0002080527,AU-YEUNG Sai Kit,International Endeavors Corp,ok,full,0.0,,,,,0,0,0,0,0,0,
0001611747,0000912282-24-000243,2024-03-12,2024-03-12,0001948744,STONE DANIEL E.,Scinai Immunotherapeutics Ltd.,ok,full,0.0,,,,,0,0,0,0,0,0,
0001612188,0001079973-22-000702,2022-05-20,2022-05-27,0001103132,MACKAY JEFFREY H,TEO FOODS INC,ok,full,0.0,,,,,0,0,0,0,0,0,
0001612630,0000921895-23-001902,2023-08-11,2023-08-11,0001399386,Bandera Partners LLC,JOINT Corp,ok,full,0.0,,,,,0,0,0,0,0,0,
0001612720,0001341004-23-000080,2023-02-08,2023-02-16,0001964891,HGC Next Inv LLC,NextDecade Corp.,ok,full,0.0,,,,,0,0,0,0,0,0,
0001612940,0001104659-25-053336,2025-05-23,2025-05-28,0001633120,VAN HERK INVESTMENTS B.V.,ProQR Therapeutics N.V.,ok,full,0.0,,,,,0,0,0,0,0,0,
0001614806,0001140361-24-030569,2024-06-11,2024-06-18,0001556593,Rithm Capital Corp.,Great Ajax Corp.,ok,full,0.0,,,,,0,0,0,0,1,1,2023-10-20
0001616262,0001214659-24-015452,2024-08-05,2024-08-28,0002035146,"American Heritage Railways, Inc.","Rocky Mountain Chocolate Factory, Inc.",ok,full,0.0,,,,,0,0,0,0,0,0,
0001616318,0000902664-24-004741,2024-07-17,2024-07-17,0001312908,"Gates Capital Management, Inc.",Vista Outdoor Inc.,ok,full,1.0,2024-07-22,8-K,A,0001628280-24-032389,4,0,0,1,1,1,2024-07-08
0001616533,0000950170-24-139216,2024-12-13,2024-12-20,0001015650,SK TELECOM CO LTD,"Penguin Solutions, Inc.",ok,full,0.0,,,,,0,0,0,0,0,0,
0001616741,0001616741-23-000003,2021-11-15,2023-01-18,0001222115,SANDLIN ROBERT E,"PATRIOT TRANSPORTATION HOLDING, INC.",ok,full,0.0,,,,,0,0,0,0,0,0,
0001617867,0001683168-24-001033,2024-01-26,2024-02-15,0000938419,KLEMP WALTER V,"Autonomix Medical, Inc.",ok,full,0.0,,,,,0,0,0,0,0,0,
0001617867,0001683168-24-001176,2024-01-26,2024-02-26,0002012435,Toth Landy,"Autonomix Medical, Inc.",ok,full,0.0,,,,,0,0,0,0,0,0,
0001618500,0001213900-25-014893,2025-02-10,2025-02-18,0001749628,L.I.A. Pure Capital Ltd,XYLO TECHNOLOGIES LTD,ok,full,0.0,,,,,0,0,0,0,0,0,
0001619856,0000950170-22-000764,2022-02-01,2022-02-04,0001670579,Haurwitz Rachel E.,"Caribou Biosciences, Inc.",ok,full,0.0,,,,,0,0,0,0,0,0,
0001619856,0000950170-25-058810,2025-04-22,2025-04-25,0001670579,Haurwitz Rachel E.,"Caribou Biosciences, Inc.",ok,full,0.0,,,,,0,0,0,0,0,0,
0001620749,0002085179-25-000001,2025-08-01,2025-09-18,0002085179,Rain Cage Carbon Inc.,Panamera Holdings Corp,ok,full,0.0,,,,,0,0,0,0,0,0,
0001621221,0000921895-25-002596,2025-09-12,2025-09-19,0001776353,Farb Daniel Stuart,"ARTELO BIOSCIENCES, INC.",ok,full,0.0,,,,,0,0,0,0,0,0,
0001621443,0001140361-23-041175,2023-08-14,2023-08-24,0001802665,"Harmony Biosciences Holdings, Inc.","Zynerba Pharmaceuticals, Inc.",ok,full,1.0,2023-08-14,8-K,A,0001104659-23-090913,6,1,0,0,0,0,
0001621672,0001213900-24-093566,2024-10-29,2024-11-01,0001786340,"Infinite Reality, Inc.","Super League Enterprise, Inc.",ok,full,0.0,,,,,0,0,0,0,0,0,
0001621906,0001213900-22-008285,2022-02-09,2022-02-17,0001678180,Glasier George Edwin Lee,Western Uranium & Vanadium Corp.,ok,full,0.0,,,,,0,0,0,0,0,0,
0001622057,0001477932-23-002546,2023-04-14,2023-04-14,0001973753,Burke Robert David,Nascent Biotech Inc.,ok,full,0.0,,,,,0,0,0,0,0,0,
0001622194,0000950170-23-063032,2023-11-01,2023-11-13,0001633633,Ibe Michael P.,"Easterly Government Properties, Inc.",ok,full,0.0,,,,,0,0,0,0,0,0,
0001622244,0001493152-24-002980,2021-03-15,2024-01-19,0002006044,McCabe John S,"One World Products, Inc.",ok,full,0.0,,,,,0,0,0,0,0,0,
0001623590,0001753926-22-001553,2022-11-15,2022-12-13,0001957285,Lim Chun Hoo,HWGC Holdings Ltd,ok,full,0.0,,,,,0,0,0,0,0,0,
0001623590,0001753926-22-001577,2022-11-30,2022-12-15,0001957494,Dodoun Shalom,HWGC Holdings Ltd,ok,full,0.0,,,,,0,0,0,0,0,0,
0001624512,0002073826-25-000001,2025-06-11,2025-06-18,0002073826,"HIC 2, LLC",Boxlight Corp,ok,full,0.0,,,,,0,0,0,0,0,0,
0001625297,0001140361-24-042795,2024-10-02,2024-10-04,0001790787,"Oaktree Capital Holdings, LLC",INDIVIOR PLC,ok,full,0.0,,,,,0,0,0,0,0,0,
0001625414,0001104659-24-066790,2024-05-30,2024-05-30,0002024998,Champion Kerry Inc.,Baozun Inc.,ok,full,0.0,,,,,0,0,0,0,0,0,
0001626837,0001903596-22-000671,2022-10-21,2022-10-21,0001945609,Igwealor Frank I,"American Community Capital, LP.",ok,full,0.0,,,,,0,0,0,0,0,0,
0001627469,0001599916-22-000185,2018-06-05,2022-07-12,0001861507,Ishizuka Rei,"Photozou Holdings, Inc.",ok,partial,0.0,,,,,0,0,0,0,0,0,
0001627854,0000769317-24-000035,2023-12-31,2024-02-12,0000769317,SIT INVESTMENT ASSOCIATES INC,"BNY Mellon Alcentra Global Credit Income 2024 Target Term Fund, Inc.",ok,full,0.0,,,,,0,0,0,0,0,0,
0001628945,0000902664-23-004716,2023-08-31,2023-09-11,0001777371,"Tarsadia Capital, LLC",Cue Health Inc.,ok,full,0.0,,,,,0,0,0,0,0,0,
0001628945,0000935836-23-000661,2023-10-06,2023-10-16,0000924171,OAKMONT Corp,Cue Health Inc.,ok,full,0.0,,,,,0,0,0,0,0,0,
0001630176,0001096906-25-001421,2025-07-19,2025-08-22,0002082664,Swanson Donald William,HEALTHY EXTRACTS INC.,ok,full,,,,,,0,0,1,1,0,0,
0001630805,0001213900-25-028336,2025-03-31,2025-04-02,0001505748,"B. Riley Securities, Inc.","Babcock & Wilcox Enterprises, Inc.",ok,full,0.0,,,,,0,0,0,0,0,0,
0001630805,0001731122-25-000815,2025-06-02,2025-06-02,0001991451,"Galloway Capital Partners, LLC","Babcock & Wilcox Enterprises, Inc.",ok,full,0.0,,,,,0,0,0,0,0,0,
0001631282,0001213900-23-049683,2021-12-31,2023-06-16,0001658786,Liu Zhixin,DATASEA INC.,ok,full,0.0,,,,,0,0,0,0,0,0,
0001631282,0001213900-23-049685,2021-12-31,2023-06-16,0001658783,Liu Fu,DATASEA INC.,ok,full,0.0,,,,,0,0,0,0,0,0,
0001631282,0001213900-23-049686,2023-05-08,2023-06-16,0001658786,Liu Zhixin,DATASEA INC.,ok,full,0.0,,,,,0,0,0,0,0,0,
0001631487,0001104659-25-095072,2025-09-30,2025-09-30,0001788316,Loewenbaum Lilian S.,CollPlant Biotechnologies Ltd,ok,full,0.0,,,,,0,0,0,0,0,0,
0001633932,0001214659-24-018630,2024-11-01,2024-11-08,0001232621,TANG CAPITAL MANAGEMENT LLC,ESSA Pharma Inc.,ok,full,1.0,2025-07-30,PREM14A,A,0001104659-25-072162,3,0,0,1,0,0,
0001633932,0001193805-25-000447,2025-04-09,2025-04-09,0000918923,BIOTECHNOLOGY VALUE FUND L P,ESSA Pharma Inc.,ok,full,1.0,2025-07-30,PREM14A,A,0001104659-25-072162,3,0,0,1,0,0,
0001633932,0001213900-25-032152,2025-04-15,2025-04-15,0001812275,"Soleus Capital Master Fund, L.P.",ESSA Pharma Inc.,ok,full,1.0,2025-07-30,PREM14A,A,0001104659-25-072162,3,0,0,1,0,0,
0001633932,0001373604-25-000063,2025-04-24,2025-04-24,0001373604,"BML Investment Partners, L.P.",ESSA Pharma Inc.,ok,full,1.0,2025-07-30,PREM14A,A,0001104659-25-072162,3,0,0,1,0,0,
0001634117,0001104659-24-062918,2024-03-29,2024-05-17,0001741129,"Greenhaven Road Investment Management, L.P.","Barnes & Noble Education, Inc.",ok,full,0.0,,,,,0,0,0,0,0,0,
0001634117,0000921895-24-001400,2024-06-10,2024-06-12,0001970265,TORO 18 HOLDINGS LLC,"Barnes & Noble Education, Inc.",ok,full,0.0,,,,,0,0,0,0,0,0,
0001635282,0001839882-24-000053,2024-01-02,2024-01-02,0001991003,"127 Capital, LLC/TX","Rimini Street, Inc.",ok,full,0.0,,,,,0,0,0,0,0,0,
0001635984,0000921895-23-000932,2023-04-24,2023-04-24,0000024046,CONTINENTAL GENERAL INSURANCE CO,"National Western Life Group, Inc.",ok,full,1.0,2023-10-10,8-K,A,0001635984-23-000036,3,0,0,0,0,0,
0001636422,0000929638-25-004499,2025-12-01,2025-12-03,0001600004,"First Light Asset Management, LLC","Health Catalyst, Inc.",ok,full,0.0,,,,,0,0,0,0,0,0,
0001637715,0001214659-23-016861,2023-11-14,2023-12-26,0001191935,TANG CAPITAL PARTNERS LP,"Reneo Pharmaceuticals, Inc.",ok,full,0.0,,,,,0,0,0,0,0,0,
0001637715,0001636587-25-000027,2025-05-15,2025-05-22,0001766853,"ACORN BIOVENTURES, L.P.","OnKure Therapeutics, Inc.",ok,full,0.0,,,,,0,0,0,0,0,0,
0001640384,0000897069-22-000530,2022-08-28,2022-09-08,0001653727,Rodgers Bruce M.,"LM FUNDING AMERICA, INC.",ok,full,,,,,,0,0,1,1,0,0,
0001640384,0000897069-23-000836,2023-06-30,2023-07-10,0001634290,Russell Richard D.,"LM FUNDING AMERICA, INC.",ok,full,0.0,,,,,0,0,0,0,0,0,
0001640384,0000921895-23-002320,2023-10-02,2023-10-06,0001891755,MINT CAPITAL ADVISORS LTD,"LM FUNDING AMERICA, INC.",ok,full,0.0,,,,,0,0,0,0,0,0,
0001640384,0000921895-25-003173,2025-11-14,2025-11-21,0000896493,"Hyperscale Data, Inc.","LM FUNDING AMERICA, INC.",ok,full,0.0,,,,,0,0,0,0,0,0,
0001640455,0001214659-23-003818,2023-03-14,2023-03-14,0001191935,TANG CAPITAL PARTNERS LP,"Jounce Therapeutics, Inc.",ok,full,1.0,2023-03-27,8-K,A,0001640455-23-000040,5,1,0,0,0,0,
0001641398,0001213900-23-012870,2022-09-29,2023-02-17,0001753660,Yu Hongxiang,GD Culture Group Ltd,ok,full,0.0,,,,,0,0,0,0,0,0,
0001641489,0001104659-22-070134,2022-05-31,2022-06-10,0001931913,G42 Investments AI Holdings RSC Ltd.,vTv Therapeutics Inc.,ok,full,0.0,,,,,0,0,0,0,0,0,
0001641489,0001104659-24-031033,2024-02-27,2024-03-05,0001263508,BAKER BROS. ADVISORS LP,vTv Therapeutics Inc.,ok,full,0.0,,,,,0,0,0,0,0,0,
0001641489,0001104659-24-031174,2024-02-27,2024-03-05,0001699737,"Samsara BioCapital, L.P.",vTv Therapeutics Inc.,ok,full,0.0,,,,,0,0,0,0,0,0,
0001641614,0001213900-22-080454,2022-12-14,2022-12-16,0001635663,"Steamboat Capital Partners, LLC",CPI Card Group Inc.,ok,full,0.0,,,,,0,0,0,0,0,0,
0001641614,0001104659-25-122662,2025-12-04,2025-12-18,0002101417,Tricor Pacific Capital Inc.,CPI Card Group Inc.,ok,full,0.0,,,,,0,0,0,0,0,0,
0001643154,0000902664-22-003455,2022-06-24,2022-07-01,0001328785,"Senvest Management, LLC","iANTHUS CAPITAL HOLDINGS, INC.",ok,full,0.0,,,,,0,0,0,0,0,0,
0001643154,0000902664-22-003457,2022-06-24,2022-07-01,0001317904,Oasis Management Co Ltd.,"iANTHUS CAPITAL HOLDINGS, INC.",ok,full,0.0,,,,,0,0,0,0,0,0,
0001643154,0001829126-22-014032,2022-06-24,2022-07-01,0001796617,Gotham Green Partners LLC,"iANTHUS CAPITAL HOLDINGS, INC.",ok,full,0.0,,,,,0,0,0,0,0,0,
0001643303,0000921895-23-000160,2023-01-12,2023-01-23,0001838556,Murchinson Ltd.,Nano Dimension Ltd.,ok,full,,,,,,0,0,1,4,0,0,
0001644488,0001493152-23-018733,2023-05-04,2023-05-23,0001261725,Chan Heng Fai Ambrose,SHARING SERVICES GLOBAL Corp,ok,full,0.0,,,,,0,0,0,0,0,0,
0001644903,0001437749-25-015481,2025-05-06,2025-05-08,0002065626,Porter Jeffrey H,"cbdMD, Inc.",ok,full,0.0,,,,,0,0,0,0,0,0,
0001645260,0001493152-23-005394,2023-02-16,2023-02-17,0001803803,"Strategic Investment Holdings, LLC",TODOS MEDICAL LTD.,ok,full,0.0,,,,,0,0,0,0,0,0,
0001645666,0001214659-24-017295,2024-10-01,2024-10-08,0001232621,TANG CAPITAL MANAGEMENT LLC,"Kezar Life Sciences, Inc.",ok,full,0.0,,,,,0,0,0,0,0,0,
0001646109,0001504304-22-000018,2022-11-02,2022-11-14,0001504304,"Bulldog Investors, LLP",FIRST TRUST DYNAMIC EUROPE EQUITY INCOME FUND,ok,full,0.0,,,,,0,0,0,0,0,0,
0001646188,0001213900-23-071415,2023-08-20,2023-08-29,0001990211,"Charles & Potomac Capital, LLC",Ondas Holdings Inc.,ok,full,0.0,,,,,0,0,0,0,0,1,2021-07-06
0001648365,0001493152-22-004180,2022-02-14,2022-02-14,0001829523,"Tingo International Holdings, Inc.","TINGO, INC.",ok,full,1.0,2022-05-13,8-K,A,0001104659-22-059649,3,0,0,1,0,0,
0001648365,0001712543-22-000192,2022-12-01,2022-12-19,0001648365,"TINGO, INC.","TINGO, INC.",ok,full,,,,,,0,0,1,1,1,1,2022-10-13
0001649744,0000892712-25-000050,2025-03-31,2025-04-07,0001649740,PUGLIESE STEPHANIE L.,DULUTH HOLDINGS INC.,ok,full,0.0,,,,,0,0,0,0,0,0,
0001649749,0001140361-25-018202,2025-04-29,2025-05-09,0001703295,Ayers J. Jonathan,FB Financial Corp,ok,full,,,,,,0,0,1,1,1,1,2025-03-31
0001649752,0001213900-22-017160,2021-06-23,2022-04-01,0001916062,Pallinghurst Graphite International Ltd,Nouveau Monde Graphite Inc.,ok,full,0.0,,,,,0,0,0,0,0,0,
0001649752,0001341004-22-000094,2021-07-23,2022-03-30,0001758646,Investissement Quebec,Nouveau Monde Graphite Inc.,ok,full,0.0,,,,,0,0,0,0,0,0,
0001649752,0000898432-24-001047,2024-12-16,2024-12-23,0002049820,Canada Growth Fund Inc.,Nouveau Monde Graphite Inc.,ok,full,0.0,,,,,0,0,0,0,0,0,
0001649989,0000947871-22-000750,2022-07-05,2022-07-07,0001804598,GMS Ventures & Investments,"Outlook Therapeutics, Inc.",ok,full,0.0,,,,,0,0,0,0,0,0,
0001650696,0001493152-22-022487,2022-08-12,2022-08-15,0001819321,Wetherald Thomas,"Laird Superfood, Inc.",ok,full,0.0,,,,,0,0,0,0,0,0,
0001651311,0001193125-25-326263,2025-12-12,2025-12-19,0001434265,GENMAB A/S,Merus N.V.,ok,full,0.0,,,,,0,0,0,0,1,1,2025-11-12
0001651431,0000941560-22-000006,2022-05-25,2022-06-03,0000941560,GARDNER LEWIS ASSET MANAGEMENT L P,"Checkmate Pharmaceuticals, Inc.",ok,full,1.0,2022-05-31,8-K,A,0001104659-22-066299,1,0,0,0,1,1,2022-05-02
0001651561,0000921895-22-001859,2022-06-01,2022-06-01,0001524362,"Indaba Capital Management, L.P.","Tabula Rasa HealthCare, Inc.",ok,full,0.0,,,,,0,0,0,0,0,0,
0001652958,0001683168-22-001128,2022-01-31,2022-02-18,0001908328,Faulkner Charles Thomas,"FOURTH WAVE ENERGY, INC.",ok,full,,,,,,0,0,1,1,0,0,
0001652958,0001683168-22-001129,2022-01-31,2022-02-18,0001908638,Wajcenberg Simon Enrico,"FOURTH WAVE ENERGY, INC.",ok,full,,,,,,0,0,1,1,0,0,
0001652958,0001683168-25-002459,2025-02-20,2025-04-11,0001908638,Wajcenberg Simon Enrico,"Edgemode, Inc.",ok,full,0.0,,,,,0,0,0,0,0,0,
0001652958,0001683168-25-002460,2025-02-20,2025-04-11,0001908328,Faulkner Charles Thomas,"Edgemode, Inc.",ok,full,0.0,,,,,0,0,0,0,0,0,
0001652958,0001683168-25-002485,2025-04-07,2025-04-11,0002064570,Adler Bo Niclas,"Edgemode, Inc.",ok,full,0.0,,,,,0,0,0,0,0,0,
0001652958,0001641172-25-024943,2025-08-20,2025-08-20,0001746470,Taylor Paul Richard,"Edgemode, Inc.",ok,full,0.0,,,,,0,0,0,0,0,0,
0001653247,0001628280-22-010800,2022-01-03,2022-04-27,0001239359,GRIMSTAD CARL A,Waitr Holdings Inc.,ok,full,0.0,,,,,0,0,0,0,0,0,
0001653247,0001013594-22-000547,2022-07-22,2022-08-02,0001316580,"Luxor Capital Group, LP",Waitr Holdings Inc.,ok,full,0.0,,,,,0,0,0,0,0,0,
0001653477,0000902664-22-002457,2022-03-28,2022-04-07,0001817187,"INCLUSIVE CAPITAL PARTNERS, L.P.",Ingevity Corp,ok,full,0.0,,,,,0,0,0,0,0,0,
0001654126,0001178913-25-004165,2025-11-11,2025-12-31,0002005938,More Provident Funds & Pension Ltd.,ZIM Integrated Shipping Services Ltd.,ok,full,0.0,,,,,0,0,0,0,0,0,
0001654595,0000897423-25-000003,2024-06-25,2025-01-29,0001936183,Finley Alfred Lee,"Medalist Diversified REIT, Inc.",ok,full,0.0,,,,,0,0,0,0,0,0,
0001654595,0001104659-25-001689,2024-12-13,2025-01-07,0002050571,Kramer Kory J.,"Medalist Diversified REIT, Inc.",ok,full,0.0,,,,,0,0,0,0,0,0,
0001654595,0001104659-25-029144,2025-01-31,2025-03-28,0002050634,Carlson Marc,"Medalist Diversified REIT, Inc.",ok,full,0.0,,,,,0,0,0,0,0,0,
0001654672,0001493152-23-009550,2023-01-10,2023-03-30,0001603530,Feinstein Matthew,"PINEAPPLE, INC.",ok,full,0.0,,,,,0,0,0,0,0,0,
0001655075,0001013594-22-000430,2022-05-10,2022-05-11,0001336198,ESOPUS CREEK VALUE SERIES FUND LP - SERIES A,"Armstrong Flooring, Inc.",ok,full,0.0,,,,,0,0,0,0,0,0,
0001655210,0000895345-25-000335,2025-10-15,2025-10-22,0001009268,"D. E. SHAW & CO, L.P.","BEYOND MEAT, INC.",ok,full,0.0,,,,,0,0,0,0,0,0,
0001655210,0000905148-25-003650,2025-10-15,2025-10-22,0001279891,WOLVERINE ASSET MANAGEMENT LLC,"BEYOND MEAT, INC.",ok,full,0.0,,,,,0,0,0,0,0,0,
0001655759,0000935836-25-000426,2025-06-09,2025-06-16,0001792126,Logos Global Management LP,"ARVINAS, INC.",ok,full,0.0,,,,,0,0,0,0,0,0,
0001655891,0001140361-25-046373,2025-12-18,2025-12-22,0001815779,Hafnia Ltd,TORM plc,ok,full,0.0,,,,,0,0,0,0,0,0,
0001655923,0000912282-24-000813,2024-11-13,2024-11-15,0002028876,HAVENS JOHN PRENTISS,Alpha Cognition Inc.,ok,full,0.0,,,,,0,0,0,0,0,0,
0001656536,0001104659-23-093555,2023-08-08,2023-08-18,0000872589,"REGENERON PHARMACEUTICALS, INC.","Decibel Therapeutics, Inc.",ok,full,1.0,2023-08-09,SC TO-C,A+B,0001104659-23-089313,5,1,0,0,0,0,
0001658566,0001104659-22-099239,2022-09-01,2022-09-12,0001944739,"Luxe Energy, LLC",Permian Resources Corp,ok,full,,,,,,0,0,1,1,1,1,2022-07-28
0001658566,0001104659-22-099259,2022-09-01,2022-09-12,0001642398,"PEARL ENERGY INVESTMENTS, L.P.",Permian Resources Corp,ok,full,,,,,,0,0,1,1,1,1,2022-07-28
0001658566,0001193125-22-242914,2022-09-01,2022-09-12,0001943746,Walter James H,Permian Resources Corp,ok,full,,,,,,0,0,1,1,1,1,2022-07-28
0001659352,0001072613-22-000568,2022-09-13,2022-09-20,0001605598,"ARCH Venture Fund VIII, L.P.","Codiak BioSciences, Inc.",ok,full,0.0,,,,,0,0,0,0,0,0,
0001660334,0000902664-25-005145,2025-11-23,2025-11-24,0001727492,Caligan Partners LP,Verrica Pharmaceuticals Inc.,ok,full,0.0,,,,,0,0,0,0,0,0,
0001661460,0001123292-23-000096,2023-08-04,2023-08-14,0001989820,Astellas US LLC,"Poseida Therapeutics, Inc.",ok,full,0.0,,,,,0,0,0,0,0,0,
0001661998,0000902664-24-002747,2024-03-25,2024-04-04,0001766853,"ACORN BIOVENTURES, L.P.",Q32 Bio Inc.,ok,full,0.0,,,,,0,0,0,0,0,0,
0001661998,0000947871-24-000321,2024-03-26,2024-03-28,0001055951,ORBIMED ADVISORS LLC,Q32 Bio Inc.,ok,full,0.0,,,,,0,0,0,0,0,0,
0001662244,0000807249-23-000136,2023-10-12,2023-10-19,0000807249,"GAMCO INVESTORS, INC. ET AL","Cyteir Therapeutics, Inc.",ok,full,1.0,2023-10-12,DEFM14A,A,0001193125-23-255009,1,0,0,0,1,1,2023-10-02
0001662382,0000919574-22-004568,2022-06-15,2022-08-04,0001169253,MANCHESTER MANAGEMENT CO LLC,BRAIN SCIENTIFIC INC.,ok,full,0.0,,,,,0,0,0,0,0,0,
0001662991,0001662991-24-000036,2021-06-11,2024-02-15,0001864990,Youakim Charles,Sezzle Inc.,ok,full,1.0,2022-02-28,8-K,A,0001213900-22-009557,1,1,0,0,0,0,
0001662991,0001140361-22-008005,2022-02-28,2022-03-04,0001822475,Zip Co Ltd,Sezzle Inc.,ok,full,1.0,2022-02-28,8-K,A,0001213900-22-009557,1,0,0,1,0,0,
0001662991,0001662991-24-000016,2023-06-14,2024-01-08,0001865019,Paradis Paul,Sezzle Inc.,ok,full,0.0,,,,,0,0,0,0,0,1,2022-02-28
0001664703,0001213900-22-061963,2021-12-29,2022-10-04,0001944449,"SK ecoplant Co., Ltd.",Bloom Energy Corp,ok,full,0.0,,,,,0,0,0,0,0,0,
0001664710,0001104659-25-034310,2025-04-04,2025-04-11,0001940272,"ADAR1 Capital Management, LLC","Keros Therapeutics, Inc.",ok,full,1.0,2025-10-15,SC TO-C,A+B,0001104659-25-099513,1,0,0,0,0,0,
0001664998,0001193125-22-262610,2022-10-11,2022-10-14,0001855233,KKR Knowledge Investors L.P.,"KnowBe4, Inc.",ok,full,1.0,2022-10-13,8-K,A,0001193125-22-261823,5,1,0,0,0,0,
0001665988,0001214659-22-009064,2022-07-11,2022-07-21,0001794034,"Juniper Investment Company, LLC",Bioventus Inc.,ok,full,0.0,,,,,0,0,0,0,0,0,
0001666071,0000921895-23-001570,2023-06-16,2023-06-23,0001697591,"CAS Investment Partners, LLC","Cardlytics, Inc.",ok,full,0.0,,,,,0,0,0,0,0,0,
0001668010,0002035169-24-000001,2024-08-19,2024-08-26,0002035169,Brown Ross Peter,"Digital Brands Group, Inc.",ok,full,0.0,,,,,0,0,0,0,0,0,
0001668243,0001140361-23-037975,2023-07-26,2023-08-04,0001988760,"Monograph Capital Holdings Advisors, LLC",UroGen Pharma Ltd.,ok,full,0.0,,,,,0,0,0,0,0,0,
0001671502,0001104659-25-000396,2024-12-23,2025-01-02,0001959547,Myers Michael,"Quoin Pharmaceuticals, Ltd.",ok,full,0.0,,,,,0,0,0,0,0,0,
0001671502,0001104659-25-000397,2024-12-23,2025-01-02,0001958621,Carter Denise P.,"Quoin Pharmaceuticals, Ltd.",ok,full,0.0,,,,,0,0,0,0,0,0,
0001671858,0001104659-22-008244,2021-12-13,2022-01-27,0001734819,"U.S. Venture Partners XII, L.P.","Silverback Therapeutics, Inc.",ok,full,1.0,2022-08-11,PREM14A,A,0001193125-22-218727,2,0,0,1,0,0,
0001671858,0001193805-22-001578,2022-11-08,2022-11-18,0001352546,Flynn James E,"ARS Pharmaceuticals, Inc.",ok,full,0.0,,,,,0,0,0,0,1,1,2022-10-06
0001671858,0001104659-23-097323,2023-08-29,2023-08-31,0001346824,"RA CAPITAL MANAGEMENT, L.P.","ARS Pharmaceuticals, Inc.",ok,full,0.0,,,,,0,0,0,0,1,1,2022-10-06
0001671927,0000950142-22-002280,2022-07-20,2022-07-21,0001017645,"GENERAL ATLANTIC, L.P.",Immunocore Holdings plc,ok,full,0.0,,,,,0,0,0,0,0,0,
0001672619,0000947871-23-000250,2023-02-23,2023-02-28,0001055951,ORBIMED ADVISORS LLC,"Enliven Therapeutics, Inc.",ok,full,0.0,,,,,0,0,0,0,1,1,2022-10-07
0001672619,0001104659-23-028984,2023-02-23,2023-03-06,0001753037,"5AM Ventures VI, L.P.","Enliven Therapeutics, Inc.",ok,full,0.0,,,,,0,0,0,0,1,1,2022-10-07
0001672886,0001079973-24-000110,2020-05-04,2024-01-24,0001449237,Tang Yau-Sing,Zhong Yuan Bio-Technology Holdings Ltd,ok,partial,0.0,,,,,0,0,0,0,0,0,
0001672886,0001079973-24-000113,2021-12-30,2024-01-24,0002008494,Zhong Yuan Investment Ltd,Zhong Yuan Bio-Technology Holdings Ltd,ok,full,0.0,,,,,0,0,0,0,0,0,
0001672886,0001079973-24-000332,2021-12-30,2024-03-07,0001317851,CHANG YU,Zhong Yuan Bio-Technology Holdings Ltd,ok,full,0.0,,,,,0,0,0,0,0,0,
0001672886,0001079973-24-000333,2021-12-30,2024-03-07,0002013282,Chen Xianyang,Zhong Yuan Bio-Technology Holdings Ltd,ok,full,0.0,,,,,0,0,0,0,0,0,
0001672886,0001079973-24-000112,2021-12-31,2024-01-24,0002008493,Prime Legend Ltd,Zhong Yuan Bio-Technology Holdings Ltd,ok,full,0.0,,,,,0,0,0,0,0,0,
0001672886,0001079973-24-000111,2022-07-15,2024-01-24,0001921769,Pang Fung-Ming,Zhong Yuan Bio-Technology Holdings Ltd,ok,full,0.0,,,,,0,0,0,0,0,0,
0001674101,0001193805-22-001434,2022-10-10,2022-10-20,0001517137,Starboard Value LP,Vertiv Holdings Co,ok,full,0.0,,,,,0,0,0,0,0,0,
0001674168,0001104659-25-084149,2025-08-20,2025-08-27,0001449433,"Apollo Management Holdings GP, LLC",Hilton Grand Vacations Inc.,ok,full,0.0,,,,,0,0,0,0,0,1,2023-11-07
0001674440,0001214659-22-008729,2022-06-15,2022-07-08,0000896493,"BitNile Holdings, Inc.",Connexa Sports Technologies Inc.,ok,full,,,,,,0,0,1,1,0,0,
0001674440,0001493152-25-023769,2024-11-21,2025-11-17,0002047853,Zhou Hongyu,AIRWA INC.,ok,full,0.0,,,,,0,0,0,0,0,0,
0001674440,0002091629-25-000005,2025-10-07,2025-10-20,0002091629,Belfiore Michael Anthony,AIRWA INC.,ok,full,0.0,,,,,0,0,0,0,0,0,
0001674760,0000950170-24-140905,2024-12-17,2024-12-27,0001534844,Pantheon Ventures (US) LP,Silver Capital Holdings LLC,ok,full,,,,,,0,0,1,1,1,1,2024-11-22
0001674862,0001104659-25-117151,2025-11-21,2025-12-01,0001539436,Standard Investments LLC,ASHLAND INC.,ok,full,0.0,,,,,0,0,0,0,0,0,
0001676047,0001213900-25-023793,2021-09-29,2025-03-13,0001707265,Sheridan Gareth,NutriBand Inc.,ok,full,0.0,,,,,0,0,0,0,0,0,
0001676047,0001213900-25-023797,2021-09-29,2025-03-13,0001284120,MELNIK SERGUEI,NutriBand Inc.,ok,full,0.0,,,,,0,0,0,0,0,0,
0001676047,0001213900-24-005531,2023-12-21,2024-01-23,0002008208,"T.I.I. - JETSERVICES, LDA",NutriBand Inc.,ok,full,0.0,,,,,0,0,0,0,0,0,
0001678105,0001640334-23-001860,2022-04-28,2023-10-17,0001996934,McEachnie Christopher,Caro Holdings Inc.,ok,full,0.0,,,,,0,0,0,0,0,0,
0001678105,0001640334-23-001859,2022-12-31,2023-10-17,0001996687,Noise Comms Ltd,Caro Holdings Inc.,ok,full,0.0,,,,,0,0,0,0,0,0,
0001679049,0000919574-22-002875,2022-04-19,2022-04-27,0001560220,Famatown Finance Ltd,"International Seaways, Inc.",ok,full,,,,,,0,0,1,1,0,0,
0001679049,0000919574-22-005952,2022-10-03,2022-10-13,0001950450,Navig8 Risk Management Pte. Ltd.,"International Seaways, Inc.",ok,full,0.0,,,,,0,0,0,0,0,0,
0001679273,0001104659-24-109740,2024-10-11,2024-10-18,0000929607,CONTINENTAL GRAIN CO,"Lamb Weston Holdings, Inc.",ok,full,0.0,,,,,0,0,0,0,0,0,
0001679363,0001013762-23-004823,2023-02-13,2023-10-18,0001055624,SPRINGER TIMOTHY A,"Morphic Holding, Inc.",ok,full,0.0,,,,,0,0,0,0,0,0,
0001679628,0001493152-24-046384,2024-11-08,2024-11-15,0001892458,Rosen Alexander Gustaf Erik,"JUPITER NEUROSCIENCES, INC.",ok,full,0.0,,,,,0,0,0,0,0,0,
0001679628,0001493152-24-046385,2024-11-08,2024-11-15,0002044772,Wahlestedt Claes Robert,"JUPITER NEUROSCIENCES, INC.",ok,full,0.0,,,,,0,0,0,0,0,0,
0001679628,0001493152-24-046386,2024-11-08,2024-11-15,0002044753,Brothers Shaun Paul,"JUPITER NEUROSCIENCES, INC.",ok,full,0.0,,,,,0,0,0,0,0,0,
0001679628,0001493152-24-046387,2024-11-08,2024-11-15,0000902453,ROSEN CHRISTER,"JUPITER NEUROSCIENCES, INC.",ok,full,0.0,,,,,0,0,0,0,0,0,
0001679628,0001493152-24-046388,2024-11-08,2024-11-15,0001891872,Hayward Marshall A.,"JUPITER NEUROSCIENCES, INC.",ok,full,0.0,,,,,0,0,0,0,0,0,
0001680056,0001104659-25-021884,2025-02-28,2025-03-07,0000915191,FAIRFAX FINANCIAL HOLDINGS LTD/ CAN,Orla Mining Ltd.,ok,full,0.0,,,,,0,0,0,0,0,0,
0001680062,0001193805-23-000851,2023-05-29,2023-06-13,0001981092,"Shanghai Science & Technology Venture Capital (Group) Co., Ltd.","ACM Research, Inc.",ok,full,0.0,,,,,0,0,0,0,0,0,
0001680367,0000947871-25-000841,2025-08-25,2025-09-02,0001055951,ORBIMED ADVISORS LLC,"Shattuck Labs, Inc.",ok,full,0.0,,,,,0,0,0,0,0,0,
0001681087,0001213900-24-055917,2024-06-20,2024-06-26,0001055624,SPRINGER TIMOTHY A,"Tectonic Therapeutic, Inc.",ok,full,1.0,2024-06-20,8-K,A,0001193125-24-164480,1,0,0,0,1,1,2024-01-30
0001681682,0000898432-25-000936,2025-10-15,2025-11-26,0001083544,DIGIANDOMENICO ANTHONY,ENDRA Life Sciences Inc.,ok,full,0.0,,,,,0,0,0,0,0,0,
0001681941,0001213900-22-045222,2022-07-20,2022-08-08,0001821437,Zhou Ping,iFresh Inc,ok,full,0.0,,,,,0,0,0,0,0,0,
0001682149,0001104659-25-003030,2024-12-31,2025-01-13,0001755804,BRADLEY NATHANIEL T,"WISA TECHNOLOGIES, INC.",ok,full,0.0,,,,,0,0,0,0,0,0,
0001682149,0001013762-25-004049,2025-03-16,2025-03-28,0001679379,"NYIAX, INC.",Datavault AI Inc.,ok,full,0.0,,,,,0,0,0,0,0,0,
0001682149,0001193125-25-228302,2025-09-25,2025-10-02,0001820190,Scilex Holding Co,Datavault AI Inc.,ok,full,,,,,,0,0,1,1,0,0,
0001682149,0001193125-25-303063,2025-10-23,2025-12-01,0001820190,Scilex Holding Co,Datavault AI Inc.,ok,full,,,,,,0,0,1,1,0,0,
0001682241,0001213900-23-001953,2022-11-28,2023-01-10,0001960332,Antalpha Technologies Holdings Ltd,Metalpha Technology Holding Ltd,ok,full,0.0,,,,,0,0,0,0,0,0,
0001682241,0001213900-23-010897,2023-02-01,2023-02-14,0001965752,Hu Xianqun,Metalpha Technology Holding Ltd,ok,full,0.0,,,,,0,0,0,0,0,0,
0001682241,0001213900-23-046970,2023-05-29,2023-06-07,0001979907,Wang Bingzhong,Metalpha Technology Holding Ltd,ok,full,0.0,,,,,0,0,0,0,0,0,
0001682265,0001477932-25-002177,2024-06-14,2025-03-31,0002056323,Zdanow Claude,Onar Holding Corp,ok,full,0.0,,,,,0,0,0,0,0,0,
0001682639,0001829126-25-003724,2025-02-21,2025-05-15,0001792691,"Avenue Venture Opportunities Fund, L.P.","EYENOVIA, INC.",ok,full,0.0,,,,,0,0,0,0,0,0,
0001682639,0001104659-25-068319,2025-06-17,2025-07-16,0002075658,Jung Hyunsu,"HYPERION DEFI, INC.",ok,full,0.0,,,,,0,0,0,0,0,0,
0001682745,0001193805-22-000143,2022-01-27,2022-02-03,0001279150,SCOPIA CAPITAL MANAGEMENT LP,VERRA MOBILITY Corp,ok,full,0.0,,,,,0,0,0,0,0,0,
0001683252,0001477932-25-001176,2020-07-29,2025-02-21,0002055669,Champ David,TOKEN COMMUNITIES LTD.,ok,partial,0.0,,,,,0,0,0,0,0,0,
0001683695,0000921895-24-002101,2024-08-30,2024-09-05,0001730145,"Voss Capital, LP","International Money Express, Inc.",ok,full,1.0,2025-08-11,8-K,A,0001140361-25-029957,1,0,0,0,0,0,
0001683695,0001104659-25-086308,2025-08-26,2025-09-02,0001352851,Magnetar Financial LLC,"International Money Express, Inc.",ok,full,1.0,2025-10-21,PREM14A,A,0001140361-25-038818,2,0,0,0,1,1,2025-08-11
0001685428,0000895345-22-000220,2022-02-03,2022-02-24,0001912999,Zwanziger Ventures LLC,LumiraDx Ltd,ok,full,0.0,,,,,0,0,0,0,0,0,
0001685428,0000950170-22-017735,2022-03-28,2022-08-24,0001208152,MCALEER JEROME F,LumiraDx Ltd,ok,full,0.0,,,,,0,0,0,0,0,0,
0001685428,0000950170-22-018125,2022-03-28,2022-09-06,0001033438,SCOTT DAVID,LumiraDx Ltd,ok,full,0.0,,,,,0,0,0,0,0,0,
0001685428,0000929638-22-001258,2022-07-25,2022-08-03,0001663801,Bill & Melinda Gates Foundation,LumiraDx Ltd,ok,full,0.0,,,,,0,0,0,0,0,0,
0001687187,0001140361-23-032776,2023-06-21,2023-07-03,0001503466,"Yorktown Energy Partners IX, L.P.","Ramaco Resources, Inc.",ok,full,0.0,,,,,0,0,0,0,0,0,
0001687277,0001213900-22-010759,2022-02-22,2022-03-04,0001914670,Li Xiaoping,"ReTo Eco-Solutions, Inc.",ok,full,0.0,,,,,0,0,0,0,0,0,
0001687527,0001104659-22-004460,2022-01-05,2022-01-14,0001691436,"Section 32 Fund 1, LP",DAVE INC.,ok,full,0.0,,,,,0,0,0,0,0,0,
0001688126,0001493152-24-026524,2024-06-28,2024-07-08,0001737784,Ruxin Holly,Crypto Co,ok,full,0.0,,,,,0,0,0,0,0,0,
0001688126,0001384911-24-000007,2024-11-14,2024-11-14,0001384911,Uram Mark Andrew,Crypto Co,ok,full,0.0,,,,,0,0,0,0,0,0,
0001689548,0001193805-23-000359,2023-03-08,2023-03-20,0001848809,Velan Capital Investment Management LP,"Praxis Precision Medicines, Inc.",ok,full,0.0,,,,,0,0,0,0,0,0,
0001690080,0001213900-25-002719,2024-12-27,2025-01-10,0001672837,Goodman Anthony Brian,180 Life Sciences Corp.,ok,full,0.0,,,,,0,0,0,0,0,0,
0001690080,0001213900-25-017155,2025-02-20,2025-02-25,0002015193,Jordan Blair,180 Life Sciences Corp.,ok,full,0.0,,,,,0,0,0,0,0,0,
0001690334,0000950170-25-006748,2025-01-10,2025-01-17,0001292966,Gellert John M,SEACOR Marine Holdings Inc.,ok,full,0.0,,,,,0,0,0,0,0,0,
0001690585,0000919574-24-000598,2024-01-22,2024-01-31,0001791827,Avidity Partners Management LP,"Dianthus Therapeutics, Inc. /DE/",ok,full,0.0,,,,,0,0,0,0,0,0,
0001690639,0001104659-22-096499,2022-08-25,2022-08-31,0001853178,"Patriot Financial Partners IV, L.P.",VersaBank,ok,full,0.0,,,,,0,0,0,0,0,0,
0001690947,0001140361-22-026718,2022-07-12,2022-07-22,0001731348,"Tilray Brands, Inc.",HEXO Corp.,ok,full,0.0,,,,,0,0,0,0,0,0,
0001691082,0001193125-25-209153,2025-09-12,2025-09-19,0001856083,"Deep Track Capital, LP",LB PHARMACEUTICALS INC,ok,full,0.0,,,,,0,0,0,0,0,0,
0001691082,0001213900-25-091474,2025-09-12,2025-09-25,0001726334,Pontifax Management 4 G.P. (2015) Ltd.,LB PHARMACEUTICALS INC,ok,full,0.0,,,,,0,0,0,0,0,0,
0001692115,0001193125-22-167306,2022-05-23,2022-06-03,0000921669,ICAHN CARL C,"Southwest Gas Holdings, Inc.",ok,full,0.0,,,,,0,0,0,0,1,1,2021-11-09
0001692115,0001011438-23-000570,2023-10-16,2023-10-23,0001535472,Corvex Management LP,"Southwest Gas Holdings, Inc.",ok,full,0.0,,,,,0,0,0,0,0,1,2021-11-09
0001692412,0000902664-22-004977,2022-11-22,2022-11-23,0001595082,DAVIDSON KEMPNER CAPITAL MANAGEMENT LP,Playa Hotels & Resorts N.V.,ok,full,0.0,,,,,0,0,0,0,0,0,
0001692787,0000905148-22-000294,2022-02-22,2022-03-04,0001904934,ISQ Global Fund II GP LLC,Kinetik Holdings Inc.,ok,full,0.0,,,,,0,0,0,0,1,1,2022-01-12
0001695295,0001019056-25-000220,2025-10-01,2025-10-14,0002059900,Yetter Richard Christopher,"HYDROFARM HOLDINGS GROUP, INC.",ok,full,0.0,,,,,0,0,0,0,0,0,
0001696355,0001013762-24-002909,2024-07-18,2024-07-31,0002031450,Excellence Education Investment Ltd,Bright Scholar Education Holdings Ltd,ok,full,0.0,,,,,0,0,0,0,0,0,
0001696355,0001213900-25-048034,2025-05-26,2025-05-28,0002031450,Excellence Education Investment Ltd,Bright Scholar Education Holdings Ltd,ok,full,0.0,,,,,0,0,0,0,0,0,
0001697500,0001341004-24-000155,2024-09-11,2024-09-13,0002036326,"J. Turbines, Inc.","Solaris Energy Infrastructure, Inc.",ok,full,0.0,,,,,0,0,0,0,1,1,2024-08-07
0001697500,0001341004-24-000156,2024-09-11,2024-09-13,0002036327,"KTR Management Company, LLC","Solaris Energy Infrastructure, Inc.",ok,full,0.0,,,,,0,0,0,0,1,1,2024-08-07
0001697818,0001213900-22-081916,2022-12-20,2022-12-22,0001811298,Huang Jianjun,iClick Interactive Asia Group Ltd,ok,full,0.0,,,,,0,0,0,0,0,0,
0001697818,0001104659-23-121744,2023-11-24,2023-11-29,0001800696,Integrated Asset Management (Asia) Ltd,iClick Interactive Asia Group Ltd,ok,full,0.0,,,,,0,0,0,0,0,0,
0001697818,0001104659-23-122623,2023-11-24,2023-12-01,0001805561,Chiu Sin Nang Kenny,iClick Interactive Asia Group Ltd,ok,full,0.0,,,,,0,0,0,0,0,0,
0001697818,0001213900-23-095728,2023-11-24,2023-12-14,0002004535,Wong Siu Wa,iClick Interactive Asia Group Ltd,ok,full,0.0,,,,,0,0,0,0,0,0,
0001697818,0001213900-23-095747,2023-11-24,2023-12-14,0002004550,Hui Tung Wai,iClick Interactive Asia Group Ltd,ok,full,0.0,,,,,0,0,0,0,0,0,
0001697818,0001213900-23-095803,2023-11-24,2023-12-15,0002004571,Deng Yazhi,iClick Interactive Asia Group Ltd,ok,full,0.0,,,,,0,0,0,0,0,0,
0001697818,0001213900-23-095836,2023-11-24,2023-12-15,0002004574,Infinity Global Fund SPC,iClick Interactive Asia Group Ltd,ok,full,0.0,,,,,0,0,0,0,0,0,
0001697818,0001213900-25-022842,2025-03-10,2025-03-11,0002052939,Lin Yu-Fan,iClick Interactive Asia Group Ltd,ok,full,0.0,,,,,0,0,0,0,0,0,
0001697818,0001104659-25-025322,2025-03-12,2025-03-19,0002061703,Amber Global Ltd,Amber International Holding Ltd,ok,full,0.0,,,,,0,0,0,0,0,0,
0001697935,0001640334-24-000751,2022-04-09,2024-05-09,0002022338,Cosio-Barron Joseph Anthony,"MAPTELLIGENT, INC.",ok,full,0.0,,,,,0,0,0,0,0,0,
0001697935,0001640334-24-000753,2022-04-09,2024-05-09,0002022421,Ziccardi Richard Edward,"MAPTELLIGENT, INC.",ok,full,0.0,,,,,0,0,0,0,0,0,
0001697935,0001640334-24-000829,2022-04-09,2024-05-16,0001697935,"MAPTELLIGENT, INC.","MAPTELLIGENT, INC.",ok,full,0.0,,,,,0,0,0,0,0,0,
0001698022,0001099910-22-000260,2022-12-09,2022-12-19,0001631680,Renbaum Barry J,"Farmers & Merchants Bancshares, Inc.",ok,full,0.0,,,,,0,0,0,0,0,0,
0001698530,0001068238-22-000140,2022-05-19,2022-06-01,0001930189,"CBI USA, Inc.","EXICURE, INC.",ok,full,0.0,,,,,0,0,0,0,0,0,
0001699350,0000950170-25-103320,2025-08-01,2025-08-05,0001420106,Gilde Healthcare Holding B.V.,"SHOULDER INNOVATIONS, INC.",ok,full,0.0,,,,,0,0,0,0,0,0,
0001700849,0001185185-23-001278,2023-11-27,2023-12-06,0002002300,Wulfsohn Jason,Vado Corp.,ok,full,0.0,,,,,0,0,0,0,0,0,
0001700849,0001185185-23-001280,2023-11-27,2023-12-07,0002002060,Benaron Reeve,Vado Corp.,ok,full,0.0,,,,,0,0,0,0,0,0,
0001701051,0001104659-24-066724,2024-05-30,2024-05-30,0002007877,LB Partners LLC,"WideOpenWest, Inc.",ok,full,0.0,,,,,0,0,0,0,0,0,
0001701051,0000807249-25-000127,2025-09-15,2025-09-22,0000807249,"GAMCO INVESTORS, INC. ET AL","WideOpenWest, Inc.",ok,full,1.0,2025-09-17,PREM14A,A,0001104659-25-090552,3,0,0,0,1,1,2025-08-14
0001701114,0001437749-23-017846,2023-06-09,2023-06-20,0001863754,"FreshRealm, Inc.","Blue Apron Holdings, Inc.",ok,full,1.0,2023-09-29,8-K,A,0001104659-23-105017,5,1,0,0,0,0,
0001701114,0000807249-23-000133,2023-10-04,2023-10-13,0000807249,"GAMCO INVESTORS, INC. ET AL","Blue Apron Holdings, Inc.",ok,full,1.0,2023-10-13,SC TO-T,A+B,0001104659-23-109094,3,0,0,0,1,1,2023-09-29
0001701756,0001493152-23-012826,2023-03-27,2023-04-19,0001974311,AGGIA FZ LLC,"Muscle Maker, Inc.",ok,full,0.0,,,,,0,0,0,0,0,0,
0001701963,0001140361-23-056642,2023-11-22,2023-12-07,0002003068,Cronus Equity Capital Group LLC,Versus Systems Inc.,ok,full,0.0,,,,,0,0,0,0,0,0,
0001702015,0001599916-25-000068,2017-06-18,2025-05-21,0001693777,Abe Takehiro,"AIS Holdings Group, Inc.",ok,partial,0.0,,,,,0,0,0,0,0,0,
0001702015,0001599916-25-000046,2025-04-01,2025-04-10,0001977012,SKYPR LLC,"AIS Holdings Group, Inc.",ok,full,0.0,,,,,0,0,0,0,0,0,
0001702510,0000904454-22-000335,2022-05-03,2022-05-20,0001638480,"AlpInvest US Holdings, LLC","Carlyle Credit Solutions, Inc.",ok,full,0.0,,,,,0,0,0,0,1,1,2022-04-06
0001702510,0001140361-22-019143,2022-05-03,2022-05-13,0001354120,Carlyle Investment Management LLC,"Carlyle Credit Solutions, Inc.",ok,full,0.0,,,,,0,0,0,0,1,1,2022-04-06
0001702924,0001437749-24-014677,2017-12-14,2024-05-03,0001558913,Cohen Scot,"WRAP TECHNOLOGIES, INC.",ok,partial,0.0,,,,,0,0,0,0,0,0,
0001702924,0001851734-22-000080,2018-02-14,2022-02-11,0000935660,BARNES JAMES A,"WRAP TECHNOLOGIES, INC.",ok,partial,0.0,,,,,0,0,0,0,0,0,
0001703056,0001140361-22-038074,2022-10-13,2022-10-21,0000315032,STATE FARM MUTUAL AUTOMOBILE INSURANCE CO,ADT Inc.,ok,full,0.0,,,,,0,0,0,0,1,1,2022-09-08
0001703647,0001072613-23-000581,2023-11-03,2023-11-17,0001768564,"New Enterprise Associates 17, L.P.","Korro Bio, Inc.",ok,full,0.0,,,,,0,0,0,0,0,0,
0001703785,0000902664-22-003283,2022-06-07,2022-06-14,0001706220,"Kimmeridge Energy Management Company, LLC",Sitio Royalties Corp.,ok,full,1.0,2022-11-23,DEFM14A,A,0001193125-22-292098,1,0,0,2,1,1,2022-05-05
0001703785,0000950142-22-001938,2022-06-07,2022-06-16,0001708926,"Source Energy Partners, LLC",Sitio Royalties Corp.,ok,full,1.0,2022-11-23,DEFM14A,A,0001193125-22-292098,1,0,0,2,1,1,2022-05-05
0001704299,0001062993-23-007308,2023-03-17,2023-03-21,0001510281,"Saba Capital Management, L.P.",ECOFIN SUSTAINABLE & SOCIAL IMPACT TERM FUND,ok,full,0.0,,,,,0,0,0,0,0,0,
0001704711,0001140361-22-021048,2022-05-19,2022-05-27,0001930482,"TCG 3.0 Fuji, LP","Funko, Inc.",ok,full,0.0,,,,,0,0,0,0,0,0,
0001704715,0000921895-22-003146,2022-11-21,2022-12-01,0000024046,CONTINENTAL GENERAL INSURANCE CO,"Alpha Metallurgical Resources, Inc.",ok,full,0.0,,,,,0,0,0,0,0,0,
0001704720,0000921895-25-001728,2025-06-02,2025-06-09,0001866872,"CARRONADE CAPITAL MANAGEMENT, LP","Cannae Holdings, Inc.",ok,full,0.0,,,,,0,0,0,0,0,1,2024-02-22
0001705110,0001104659-25-031452,2025-03-31,2025-04-03,0000927067,Diller Barry,Angi Inc.,ok,full,0.0,,,,,0,0,0,0,0,0,
0001705682,0001213900-22-031205,2022-05-26,2022-06-03,0001932296,J&T MS 1 SICAV a.s.,Venator Materials PLC,ok,full,0.0,,,,,0,0,0,0,0,0,
0001705682,0000945621-23-000600,2023-10-12,2023-12-04,0001137774,PRUDENTIAL FINANCIAL INC,Venator Materials PLC,ok,full,0.0,,,,,0,0,0,0,0,0,
0001705682,0000945621-23-000601,2023-10-12,2023-12-04,0000946754,"PGIM, Inc.",Venator Materials PLC,ok,full,0.0,,,,,0,0,0,0,0,0,
0001705682,0000945621-23-000602,2023-10-12,2023-12-04,0000278187,"PRUDENTIAL INVESTMENT PORTFOLIOS, INC. 15",Venator Materials PLC,ok,full,0.0,,,,,0,0,0,0,0,0,
0001705682,0001013762-23-006025,2023-10-12,2023-10-24,0001642575,Squarepoint Ops LLC,Venator Materials PLC,ok,full,0.0,,,,,0,0,0,0,0,0,
0001705682,0001104659-23-110982,2023-10-12,2023-10-24,0001423053,CITADEL ADVISORS LLC,Venator Materials PLC,ok,full,0.0,,,,,0,0,0,0,0,0,
0001705682,0001422849-23-000166,2023-10-12,2023-10-30,0001422849,Capital World Investors,Venator Materials PLC,ok,full,0.0,,,,,0,0,0,0,0,0,
0001707910,0001213900-22-053665,2022-08-11,2022-09-02,0001945174,Egidi Dennis R.,"Reborn Coffee, Inc.",ok,full,0.0,,,,,0,0,0,0,0,0,
0001707910,0001213900-22-053668,2022-08-11,2022-09-02,0001944158,Goh Hannah,"Reborn Coffee, Inc.",ok,full,0.0,,,,,0,0,0,0,0,0,
0001707910,0001213900-22-053672,2022-08-11,2022-09-02,0001935590,Kim Jay,"Reborn Coffee, Inc.",ok,full,0.0,,,,,0,0,0,0,0,0,
0001707910,0001213900-22-055335,2022-08-11,2022-09-12,0001945433,Arjomand Farooq M.,"Reborn Coffee, Inc.",ok,full,0.0,,,,,0,0,0,0,0,0,
0001707919,0001140361-22-001514,2022-01-04,2022-01-13,0001275837,WANG PETER,CENNTRO ELECTRIC GROUP Ltd,ok,full,0.0,,,,,0,0,0,0,0,0,
0001707919,0001140361-22-002763,2022-01-04,2022-01-26,0001905439,China Leader Group Ltd,CENNTRO ELECTRIC GROUP Ltd,ok,full,0.0,,,,,0,0,0,0,0,0,
0001708341,0001213900-24-095937,2024-10-18,2024-11-08,0002043930,Blue Planet New Energy Technology Ltd,Allied Gaming & Entertainment Inc.,ok,full,0.0,,,,,0,0,0,0,0,1,2021-06-01
0001708341,0002054661-25-000002,2025-09-09,2025-09-11,0002054661,Digitas Global LLC,Allied Gaming & Entertainment Inc.,ok,full,0.0,,,,,0,0,0,0,0,1,2021-06-01
0001708493,0000807249-24-000027,2024-02-22,2024-02-27,0000807249,"GAMCO INVESTORS, INC. ET AL","Harpoon Therapeutics, Inc.",ok,full,1.0,2024-03-11,8-K,A,0001193125-24-064395,1,0,0,0,1,1,2024-02-08
0001708599,0001493152-24-013076,2024-03-26,2024-04-03,0001301120,Moreadith Randall,"Serina Therapeutics, Inc.",ok,full,1.0,2024-12-26,8-K,A,0001708599-24-000033,1,0,0,1,0,0,
0001709505,0001193125-23-270938,2023-11-03,2023-11-06,0001210133,CHOU SHAO-NING JOHNNY,BEST Inc.,ok,full,0.0,,,,,0,0,0,0,0,0,
0001709542,0001683168-23-007154,2023-09-29,2023-10-13,0001997328,Swann Laurence Eric,"Electronic Servitor Publication Network, Inc.",ok,full,0.0,,,,,0,0,0,0,0,0,
0001709941,0001104659-24-104494,2024-09-27,2024-09-30,0001882303,"Sofinnova Venture Partners XI, L.P.","BioAge Labs, Inc.",ok,full,0.0,,,,,0,0,0,0,0,0,
0001709941,0001104659-24-106374,2024-09-27,2024-10-04,0001656629,"AH Bio Fund I, L.P.","BioAge Labs, Inc.",ok,full,0.0,,,,,0,0,0,0,0,0,
0001710495,0001493152-23-006347,2022-12-18,2023-03-01,0001603530,Feinstein Matthew,PINEAPPLE EXPRESS CANNABIS Co,ok,full,0.0,,,,,0,0,0,0,0,0,
0001710495,0001493152-23-006464,2022-12-18,2023-03-01,0001767712,Credle Shawn,PINEAPPLE EXPRESS CANNABIS Co,ok,full,0.0,,,,,0,0,0,0,0,0,
0001710495,0001493152-23-006465,2022-12-18,2023-03-01,0001814946,Rullo Gianmarco,PINEAPPLE EXPRESS CANNABIS Co,ok,full,0.0,,,,,0,0,0,0,0,0,
0001710680,0001062993-25-013466,2025-07-30,2025-08-04,0001510281,"Saba Capital Management, L.P.",HIGHLAND OPPORTUNITIES & INCOME FUND,ok,full,0.0,,,,,0,0,0,0,1,1,2024-12-11
0001710680,0001437749-25-029589,2025-09-15,2025-09-22,0001228922,DONDERO JAMES D,HIGHLAND OPPORTUNITIES & INCOME FUND,ok,full,0.0,,,,,0,0,0,0,1,1,2024-12-11
0001711291,0000921895-23-000149,2023-01-19,2023-01-20,0001869719,OCO Capital GP LLC,CURO Group Holdings Corp.,ok,full,0.0,,,,,0,0,0,0,0,0,
0001711933,0001104659-25-004203,2025-01-09,2025-01-16,0001503274,Quanterix Corp,"Akoya Biosciences, Inc.",ok,full,1.0,2025-04-04,8-K,A,0001104659-25-032006,5,1,0,1,0,0,
0001712184,0001628280-23-005107,2023-02-15,2023-02-27,0001398905,Nair Balan,Liberty Latin America Ltd.,ok,full,0.0,,,,,0,0,0,0,0,0,
0001712184,0000807249-25-000003,2024-12-27,2025-01-02,0000807249,"GAMCO INVESTORS, INC. ET AL",Liberty Latin America Ltd.,ok,full,0.0,,,,,0,0,0,0,0,0,
0001713407,0001193125-25-305566,2025-11-24,2025-12-02,0001001085,BROOKFIELD Corp /ON/,BROOKFIELD REAL ESTATE INCOME TRUST INC.,ok,full,0.0,,,,,0,0,0,0,0,1,2021-07-15
0001713832,0001493152-23-001666,2023-01-06,2023-01-17,0001962599,Holmes William F Jr,HyreCar Inc.,ok,full,0.0,,,,,0,0,0,0,0,0,
0001713863,0001213900-22-040002,2022-07-06,2022-07-18,0001938373,"i9 PLUS, LLC","Rafael Holdings, Inc.",ok,full,0.0,,,,,0,0,0,0,0,0,
0001715611,0001104659-23-041006,2022-12-19,2023-04-03,0001971458,"Bengal Impact Partners, LLC",BODY & MIND INC.,ok,full,0.0,,,,,0,0,0,0,0,0,
0001715925,0001041885-23-000015,2023-06-29,2023-07-07,0001041885,INGALLS & SNYDER LLC,ImmunoPrecise Antibodies Ltd.,ok,full,0.0,,,,,0,0,0,0,0,0,
0001716166,0002049575-25-000002,2025-06-09,2025-06-16,0002049575,V-CO Investors LLC,"Vivos Therapeutics, Inc.",ok,full,0.0,,,,,0,0,0,0,0,0,
0001716338,0001104659-25-081534,2025-08-15,2025-08-22,0001765083,Dong Jun,Pintec Technology Holdings Ltd,ok,full,0.0,,,,,0,0,0,0,0,0,
0001716621,0001654954-23-003732,2023-03-21,2023-03-29,0001279803,JENKINS DAVID A,"Ra Medical Systems, Inc.",ok,full,0.0,,,,,0,0,0,0,1,1,2022-09-23
0001716621,0001654954-24-011641,2024-08-30,2024-09-09,0002036516,Jenkins Casey A.,"Catheter Precision, Inc.",ok,full,0.0,,,,,0,0,0,0,0,1,2022-09-23
0001716770,0001213900-25-030456,2025-03-17,2025-04-10,0002005050,Yang Xinghui,Wah Fu Education Group Ltd,ok,full,0.0,,,,,0,0,0,0,0,0,
0001717307,0000921895-23-002104,2023-08-23,2023-08-31,0001589943,"Stone House Capital Management, LLC",Industrial Logistics Properties Trust,ok,full,0.0,,,,,0,0,0,0,0,0,
0001717457,0001062993-24-006602,2024-03-13,2024-03-18,0001510281,"Saba Capital Management, L.P.",Calamos Long/Short Equity & Dynamic Income Trust,ok,full,0.0,,,,,0,0,0,0,0,0,
0001718405,0001140361-22-010994,2022-03-15,2022-03-24,0001411579,"AMC ENTERTAINMENT HOLDINGS, INC.",HYCROFT MINING HOLDING CORP,ok,full,0.0,,,,,0,0,0,0,0,0,
0001718405,0001213900-22-014623,2022-03-15,2022-03-24,0001491714,Sprott Eric,HYCROFT MINING HOLDING CORP,ok,full,0.0,,,,,0,0,0,0,0,0,
0001718500,0001520138-22-000411,2021-10-04,2022-09-09,0001063732,TOGHRAIE JEFF,Reviv3 Procare Co,ok,full,0.0,,,,,0,0,0,0,0,0,
0001718500,0001520138-24-000123,2024-03-19,2024-03-21,0001063732,TOGHRAIE JEFF,"Axil Brands, Inc.",ok,full,0.0,,,,,0,0,0,0,0,0,
0001718500,0001520138-24-000357,2024-10-14,2024-10-15,0001945871,Brown Jeffrey B.,"Axil Brands, Inc.",ok,full,0.0,,,,,0,0,0,0,0,0,
0001718939,0001731122-25-001527,2025-11-13,2025-11-13,0001991451,"Galloway Capital Partners, LLC",T Stamp Inc,ok,full,0.0,,,,,0,0,0,0,0,0,
0001718939,0001731122-25-001529,2025-11-13,2025-11-13,0001991451,"Galloway Capital Partners, LLC",T Stamp Inc,ok,full,0.0,,,,,0,0,0,0,0,0,
0001719406,0000921895-22-001894,2022-06-01,2022-06-03,0001303782,Javitt Jonathan C,"NRX Pharmaceuticals, Inc.",ok,full,0.0,,,,,0,0,0,0,0,0,
0001719406,0001493152-22-025758,2022-07-01,2022-09-13,0001864534,Javitt Daniel C.,"NRX Pharmaceuticals, Inc.",ok,full,0.0,,,,,0,0,0,0,0,0,
0001719714,0001104659-22-065365,2022-05-26,2022-05-26,0001687509,Rubric Capital Management LP,Mereo Biopharma Group plc,ok,full,0.0,,,,,0,0,0,0,0,0,
0001720116,0001213900-24-102372,2024-11-22,2024-11-25,0001636349,Dubner Derek,"Red Violet, Inc.",ok,full,0.0,,,,,0,0,0,0,0,0,
0001720116,0001213900-25-041660,2025-05-09,2025-05-09,0001636349,Dubner Derek,"Red Violet, Inc.",ok,full,0.0,,,,,0,0,0,0,0,0,
0001720116,0001213900-25-110177,2025-11-10,2025-11-13,0001636349,Dubner Derek,"Red Violet, Inc.",ok,full,0.0,,,,,0,0,0,0,0,0,
0001720420,0001104659-22-001308,2021-12-20,2022-01-05,0001902511,"PineBridge GEM II G.P., L.P.",IBEX Ltd,ok,full,0.0,,,,,0,0,0,0,0,0,
0001721386,0000950170-24-140615,2024-12-18,2024-12-26,0001767199,"Mill Road Capital III, L.P.",Landsea Homes Corp,ok,full,1.0,2025-05-13,SC TO-C,A+B,0000950142-25-001342,5,0,0,2,0,0,
0001721741,0001213900-22-011610,2022-03-09,2022-03-10,0001464790,"B. Riley Financial, Inc.","Lazydays Holdings, Inc.",ok,full,0.0,,,,,0,0,0,0,0,0,
0001722271,0001193125-22-271007,2022-10-17,2022-10-27,0000059478,ELI LILLY & Co,"Akouos, Inc.",ok,full,1.0,2022-10-18,SC TO-C,A+B,0001193125-22-264106,3,1,0,2,0,0,
0001722606,0001104659-25-102219,2025-10-20,2025-10-24,0002025889,"Tether Holdings, S.A. de C.V.",Metalla Royalty & Streaming Ltd.,ok,full,0.0,,,,,0,0,0,0,0,0,
0001722608,0000950142-23-000072,2022-12-30,2023-01-09,0001684210,Pacific Alliance Group Ltd,"iQIYI, Inc.",ok,full,0.0,,,,,0,0,0,0,0,0,
0001723069,0001213900-22-000497,2021-10-20,2022-01-04,0001139306,CERRONE GABRIEL M,Tiziana Life Sciences Ltd,ok,full,0.0,,,,,0,0,0,0,0,0,
0001724009,0001104659-25-032654,2025-03-31,2025-04-07,0002062850,"Ustx, LLC",PermRock Royalty Trust,ok,full,0.0,,,,,0,0,0,0,0,0,
0001724965,0001140361-24-003140,2024-01-17,2024-01-22,0001080910,HELU CARLOS SLIM,TALOS ENERGY INC.,ok,full,,,,,,0,0,1,1,0,1,2023-01-10
0001724965,0001140361-24-028677,2024-05-30,2024-06-03,0001080910,HELU CARLOS SLIM,TALOS ENERGY INC.,ok,full,0.0,,,,,0,0,0,0,0,1,2023-01-10
0001724979,0001214659-23-008178,2023-05-24,2023-06-01,0001191935,TANG CAPITAL PARTNERS LP,Rain Oncology Inc.,ok,full,1.0,2023-12-14,8-K,A,0001839882-23-033684,6,0,0,0,0,0,
0001725057,0000080255-25-000627,2025-10-08,2025-10-08,0000080255,PRICE T ROWE ASSOCIATES INC /MD/,"Dayforce, Inc.",ok,full,1.0,2026-02-04,8-K,A,0001140361-26-003628,1,0,0,0,1,1,2025-09-29
0001725123,0001104659-25-072459,2025-06-27,2025-07-31,0002079252,Golden TechGen Limited,Cango Inc.,ok,full,0.0,,,,,0,0,0,0,0,0,
0001725134,0000930413-24-000901,2024-03-05,2024-03-07,0001817922,Borghese Fernando,"Digital Media Solutions, Inc.",ok,full,0.0,,,,,0,0,0,0,0,0,
0001725134,0000930413-24-000961,2024-03-05,2024-03-22,0001817977,Ruelas Luis,"Digital Media Solutions, Inc.",ok,full,0.0,,,,,0,0,0,0,0,0,
0001725160,0000902664-22-003160,2022-05-18,2022-06-03,0001410830,"Matrix Capital Management Company, LP","Zentalis Pharmaceuticals, Inc.",ok,full,0.0,,,,,0,0,0,0,0,0,
0001725516,0001493152-22-004408,2022-02-04,2022-02-14,0001634617,ALIKSANYAN ALEX,Nestbuilder.com Corp.,ok,full,0.0,,,,,0,0,0,0,0,0,
0001725516,0001493152-22-004410,2022-02-04,2022-02-14,0001751322,McLeod William Donald,Nestbuilder.com Corp.,ok,full,0.0,,,,,0,0,0,0,0,0,
0001725516,0001493152-22-004412,2022-02-04,2022-02-14,0001656885,Grbelja Thomas Michael,Nestbuilder.com Corp.,ok,full,0.0,,,,,0,0,0,0,0,0,
0001725516,0001493152-22-035336,2022-12-01,2022-12-14,0001957948,Barney Lynn Bagley,"RENEWABLE INNOVATIONS, INC.",ok,full,0.0,,,,,0,0,0,0,0,0,
0001725516,0001493152-22-035337,2022-12-01,2022-12-14,0001958091,Mount Robert L.,"RENEWABLE INNOVATIONS, INC.",ok,full,0.0,,,,,0,0,0,0,0,0,
0001726079,0001393905-25-000103,2025-02-28,2025-03-10,0002059691,Arenal Steven,"Lucent, Inc.",ok,full,0.0,,,,,0,0,0,0,0,0,
0001726126,0001140361-25-043354,2025-11-14,2025-11-25,0001577919,"Yorktown Energy Partners X, L.P.",Epsilon Energy Ltd.,ok,full,0.0,,,,,0,0,0,0,1,1,2025-10-10
0001726126,0001140361-25-043356,2025-11-14,2025-11-25,0001667954,"Yorktown Energy Partners XI, L.P.",Epsilon Energy Ltd.,ok,full,0.0,,,,,0,0,0,0,1,1,2025-10-10
0001727196,0001104659-23-021929,2022-06-22,2023-02-14,0001699737,"Samsara BioCapital, L.P.",Scholar Rock Holding Corp,ok,full,0.0,,,,,0,0,0,0,0,0,
0001728117,0001072613-23-000402,2023-07-19,2023-07-28,0001917895,"Growth Equity Opportunities 18 VGE, LLC","Gossamer Bio, Inc.",ok,full,0.0,,,,,0,0,0,0,0,0,
0001729173,0001641172-25-002351,2025-03-31,2025-04-02,0002041632,ABUNDANT GRACE INVESTMENT Ltd,Uxin Ltd,ok,full,0.0,,,,,0,0,0,0,0,0,
0001729173,0001641172-25-002352,2025-03-31,2025-04-02,0002062743,NIO Capital II LLC,Uxin Ltd,ok,full,0.0,,,,,0,0,0,0,0,0,
0001729637,0001477932-23-007823,2023-10-05,2023-10-24,0001996107,"Morsevo Trading, Inc.",Karbon-X Corp.,ok,full,0.0,,,,,0,0,0,0,0,0,
0001729637,0001477932-24-005394,2024-07-09,2024-08-30,0002035272,Hummingbird STAR Trust,Karbon-X Corp.,ok,full,0.0,,,,,0,0,0,0,0,0,
0001733999,0001315863-25-000576,2025-08-07,2025-08-08,0001823138,Two Seas Capital LP,"Core Scientific, Inc.",ok,full,0.0,,,,,0,0,0,0,0,0,
0001734262,0001104659-24-009653,2022-03-31,2024-02-02,0001765056,ZHANG KAN,CooTek(Cayman)Inc.,ok,full,0.0,,,,,0,0,0,0,0,0,
0001735556,0001104659-25-011014,2025-02-02,2025-02-10,0002054505,Jiang Jinghai,BIT ORIGIN Ltd,ok,full,0.0,,,,,0,0,0,0,0,0,
0001735948,0001062993-22-016768,2022-07-14,2022-07-27,0001940079,Klein Benjamin,Greenbrook TMS Inc.,ok,full,0.0,,,,,0,0,0,0,0,0,
0001735948,0001104659-23-031246,2023-02-28,2023-03-10,0001911834,Vamvakas Family Trust,Greenbrook TMS Inc.,ok,full,0.0,,,,,0,0,0,0,0,0,
0001736541,0001011438-23-000444,2023-07-12,2023-07-24,0001985083,CYVN Investments RSC Ltd,NIO Inc.,ok,full,0.0,,,,,0,0,0,0,0,0,
0001737372,0001193805-22-000727,2022-04-22,2022-05-02,0001288478,BIGGER CAPITAL FUND L P,"Sysorex, Inc.",ok,full,0.0,,,,,0,0,0,0,0,0,
0001737372,0000921895-22-002795,2022-10-06,2022-10-11,0001288478,BIGGER CAPITAL FUND L P,"Sysorex, Inc.",ok,full,0.0,,,,,0,0,0,0,0,0,
0001737523,0001477932-24-000214,2023-12-11,2024-01-17,0001996484,Lai Soo Kow,BioNexus Gene Lab Corp,ok,full,0.0,,,,,0,0,0,0,0,0,
0001737706,0000902664-23-002466,2023-04-03,2023-04-05,0001791786,Elliott Investment Management L.P.,Seadrill Ltd,ok,full,0.0,,,,,0,0,0,0,0,0,
0001737953,0001104659-25-021795,2025-03-07,2025-03-07,0001263508,BAKER BROS. ADVISORS LP,"Replimune Group, Inc.",ok,full,0.0,,,,,0,0,0,0,0,0,
0001738758,0001759004-22-000006,2022-09-26,2022-10-04,0001759004,Maven Investment Partners Ltd,GLORY STAR NEW MEDIA GROUP HOLDINGS Ltd,ok,full,0.0,,,,,0,0,0,0,0,0,
0001738758,0001213900-23-041299,2023-05-09,2023-05-19,0001978353,"Zhong Sheng Ding Xin Investment Fund Management (Beijing) Co., Ltd.",GLORY STAR NEW MEDIA GROUP HOLDINGS Ltd,ok,full,0.0,,,,,0,0,0,0,0,0,
0001738906,0001104659-22-098712,2022-09-09,2022-09-09,0001765521,Gang Yu,"111, Inc.",ok,full,0.0,,,,,0,0,0,0,0,0,
0001739174,0001193805-24-000439,2024-03-15,2024-03-22,0001352546,Flynn James E,BiomX Inc.,ok,full,0.0,,,,,0,0,0,0,0,0,
0001740594,0000950142-22-000699,2022-02-14,2022-02-14,0001017645,"GENERAL ATLANTIC, L.P.",Arco Platform Ltd.,ok,full,0.0,,,,,0,0,0,0,0,0,
0001740594,0000950103-22-020643,2022-11-30,2022-12-02,0001767920,de Sa Cavalcante Neto Ari,Arco Platform Ltd.,ok,full,0.0,,,,,0,0,0,0,0,0,
0001740594,0000950103-22-020644,2022-11-30,2022-12-02,0001767923,Brasil de Sa Cavalcante Oto,Arco Platform Ltd.,ok,full,0.0,,,,,0,0,0,0,0,0,
0001740594,0000898432-23-000629,2023-08-10,2023-08-18,0001647363,"Keenan Capital, LLC",Arco Platform Ltd.,ok,full,0.0,,,,,0,0,0,0,0,0,
0001740594,0000899140-23-000901,2023-08-10,2023-08-17,0001777734,"Wishbone Management, LP",Arco Platform Ltd.,ok,full,0.0,,,,,0,0,0,0,0,0,
0001741830,0001140361-23-054714,2023-11-15,2023-11-27,0001190273,BISCHOFBERGER NORBERT W,"Kronos Bio, Inc.",ok,full,0.0,,,,,0,0,0,0,0,0,
0001742056,0000950103-22-011072,2022-06-17,2022-06-23,0001508829,IDG-Accel China Growth Fund III L.P.,LAIX Inc.,ok,full,0.0,,,,,0,0,0,0,0,0,
0001742692,0001178913-25-000139,2024-12-31,2025-01-16,0001803068,Mizrahy Moshe,InMode Ltd.,ok,full,0.0,,,,,0,0,0,0,0,0,
0001743905,0001213900-22-025806,2022-04-04,2022-05-12,0001756590,Knorr-Bremse AG/ADR,Rail Vision Ltd.,ok,full,0.0,,,,,0,0,0,0,0,0,
0001745020,0001214659-23-015548,2023-11-14,2023-11-24,0001191935,TANG CAPITAL PARTNERS LP,"Theseus Pharmaceuticals, Inc.",ok,full,1.0,2023-12-22,8-K,A,0001104659-23-128468,4,1,0,0,0,0,
0001745059,0001072613-25-000469,2025-07-14,2025-07-16,0001048703,"Karpus Management, Inc.",Angel Oak Financial Strategies Income Term Trust,ok,full,0.0,,,,,0,0,0,0,0,0,
0001745114,0000921895-23-002672,2023-11-17,2023-11-20,0000918923,BIOTECHNOLOGY VALUE FUND L P,MOLECULAR PARTNERS AG,ok,full,0.0,,,,,0,0,0,0,0,0,
0001746473,0001214659-25-004133,2025-03-03,2025-03-10,0001232621,TANG CAPITAL MANAGEMENT LLC,"PLIANT THERAPEUTICS, INC.",ok,full,0.0,,,,,0,0,0,0,0,0,
0001747079,0001493152-24-029644,2024-07-25,2024-07-30,0001887784,Hayden Noel,Bally's Corp,ok,full,1.0,2024-08-28,PREM14A,A,0001213900-24-073414,2,0,0,3,0,1,2022-05-06
0001747661,0001213900-25-030337,2025-03-19,2025-04-09,0002064018,Ulife Media & Production International Ltd,"Color Star Technology Co., Ltd.",ok,full,0.0,,,,,0,0,0,0,0,0,
0001747748,0001628280-22-017371,2022-02-01,2022-06-16,0001842748,Smith Ryan S,Qualtrics International Inc.,ok,full,0.0,,,,,0,0,0,0,0,0,
0001749723,0001749723-24-000095,2024-10-01,2024-10-03,0001124460,EDENS WESLEY R,New Fortress Energy Inc.,ok,full,0.0,,,,,0,0,0,0,0,0,
0001749849,0001213900-24-024187,2024-03-05,2024-03-20,0002015988,Wu Zhiwei,Organic Agricultural Co Ltd,ok,full,0.0,,,,,0,0,0,0,0,0,
0001750106,0001493152-22-004590,2022-02-14,2022-02-14,0001261725,Chan Heng Fai Ambrose,Alset EHome International Inc.,ok,full,0.0,,,,,0,0,0,0,0,0,
0001750149,0001513162-22-000005,2022-01-10,2022-01-11,0001846823,FiveT Investment Management Ltd,"Inhibikase Therapeutics, Inc.",ok,full,0.0,,,,,0,0,0,0,0,0,
0001750149,0001513162-23-000013,2023-01-25,2023-01-31,0001846823,FiveT Investment Management Ltd,"Inhibikase Therapeutics, Inc.",ok,full,0.0,,,,,0,0,0,0,0,0,
0001750149,0001513162-23-000020,2023-02-22,2023-02-24,0001846823,FiveT Investment Management Ltd,"Inhibikase Therapeutics, Inc.",ok,full,0.0,,,,,0,0,0,0,0,0,
0001750264,0001213900-24-001373,2023-12-29,2024-01-05,0001424714,HU YINAN,"PUYI, INC.",ok,full,0.0,,,,,0,0,0,0,0,0,
0001750264,0001213900-25-003620,2025-01-02,2025-01-15,0002052175,Equality Group Ltd,Highest Performances Holdings Inc.,ok,full,0.0,,,,,0,0,0,0,0,0,
0001750264,0001213900-25-003621,2025-01-02,2025-01-15,0002052069,Moonlit Group Ltd,Highest Performances Holdings Inc.,ok,full,0.0,,,,,0,0,0,0,0,0,
0001750264,0001213900-25-084722,2025-08-27,2025-09-05,0002083035,REN BARON,Maase Inc.,ok,full,0.0,,,,,0,0,0,0,0,0,
0001750264,0001213900-25-087921,2025-08-27,2025-09-16,0002083028,YU DEJUN,Maase Inc.,ok,full,0.0,,,,,0,0,0,0,0,0,
0001750264,0001213900-25-108242,2025-10-28,2025-11-10,0002095783,Arts Wing Ltd,Maase Inc.,ok,full,0.0,,,,,0,0,0,0,0,0,
0001753162,0001104659-25-027417,2025-03-17,2025-03-24,0002060638,Prometheus Foundation,Fathom Holdings Inc.,ok,full,0.0,,,,,0,0,0,0,0,0,
0001753673,0001213900-22-016275,2022-03-08,2022-03-31,0001919419,Wolter Global Investment Ltd,Scienjoy Holding Corp,ok,full,0.0,,,,,0,0,0,0,0,0,
0001753706,0001213900-22-010936,2022-02-23,2022-03-07,0000929607,CONTINENTAL GRAIN CO,"Whole Earth Brands, Inc.",ok,full,0.0,,,,,0,0,0,0,0,0,
0001753706,0000919574-23-006872,2023-12-26,2023-12-29,0002001470,"Notch View Capital Management, LLC","Whole Earth Brands, Inc.",ok,full,1.0,2024-02-13,8-K,A,0001104659-24-019953,4,0,0,0,0,0,
0001754068,0001415889-25-008979,2025-03-18,2025-03-25,0001699737,"Samsara BioCapital, L.P.","Kalaris Therapeutics, Inc.",ok,full,0.0,,,,,0,0,0,0,0,0,
0001754301,0000950157-25-000788,2025-09-06,2025-09-12,0002080603,MFT SH Family Trust,Fox Corp,ok,full,,,,,,0,0,1,1,0,0,
0001754301,0000950170-25-114595,2025-09-07,2025-09-12,0002084288,"Cruden 2, LLC",Fox Corp,ok,full,,,,,,0,0,1,1,0,0,
0001754323,0001213900-22-013576,2022-02-22,2022-03-18,0001917700,Zhang Qiuxia,"Powerbridge Technologies Co., Ltd.",ok,full,0.0,,,,,0,0,0,0,0,0,
0001754323,0001213900-25-056235,2025-06-18,2025-06-20,0002073394,Xu Yuxia,"X3 Holdings Co., Ltd.",ok,full,0.0,,,,,0,0,0,0,0,0,
0001754820,0000950170-24-007196,2024-01-19,2024-01-25,0001071351,EBRAHIMI FARHAD FRED,"Desktop Metal, Inc.",ok,full,1.0,2024-07-03,8-K,A,0001104659-24-077573,3,0,0,0,1,1,2023-08-28
0001755237,0000921895-22-002849,2022-10-21,2022-10-21,0001559706,Slate Path Capital LP,"Cyclerion Therapeutics, Inc.",ok,full,1.0,2023-06-09,PREM14A,A,0001140361-23-029172,2,0,0,0,0,0,
0001755755,0001140361-25-012414,2025-04-04,2025-04-04,0001755598,"APC - VB Homes, LLC","VINEBROOK HOMES TRUST, INC.",ok,full,0.0,,,,,0,0,0,0,0,1,2023-08-04
0001755953,0001213900-24-014922,2024-02-09,2024-02-16,0001732700,Chang Robby Sai Kit,"Gryphon Digital Mining, Inc.",ok,full,0.0,,,,,0,0,0,0,0,0,
0001755953,0001104659-24-112490,2024-10-25,2024-10-30,0002042702,"Anchorage Lending CA, LLC","Gryphon Digital Mining, Inc.",ok,full,0.0,,,,,0,0,0,0,0,0,
0001755953,0000950170-25-114068,2025-09-03,2025-09-10,0001964789,Hut 8 Corp.,American Bitcoin Corp.,ok,full,0.0,,,,,0,0,0,0,0,0,
0001755953,0000950170-25-114071,2025-09-03,2025-09-10,0002057754,Trump Eric,American Bitcoin Corp.,ok,full,0.0,,,,,0,0,0,0,0,0,
0001756497,0000908834-22-000119,2022-09-29,2022-10-07,0001175707,"Farallon Capital Partners, L.P.",Change Healthcare Inc.,ok,full,1.0,2022-10-03,8-K,A,0001193125-22-256246,1,0,0,0,0,1,2021-03-05
0001756594,0001699737-25-000010,2025-05-07,2025-10-21,0001699737,"Samsara BioCapital, L.P.",Inventiva S.A.,ok,full,0.0,,,,,0,0,0,0,0,0,
0001756701,0001170549-23-000008,2023-11-30,2023-12-11,0001170549,LEHMAN KENNETH R,"LINKBANCORP, Inc.",ok,full,0.0,,,,,0,0,0,0,0,0,
0001756704,0002015699-24-000001,2024-03-14,2024-03-14,0002015699,Cara Eugene Esmer Caranza,SOLAR INTEGRATED ROOFING CORP.,ok,full,0.0,,,,,0,0,0,0,0,0,
0001756708,0001104659-25-055044,2025-05-22,2025-05-30,0002069822,Axian Telecom,Jumia Technologies AG,ok,full,0.0,,,,,0,0,0,0,0,0,
0001757143,0001104659-22-069826,2022-05-30,2022-06-10,0001933473,"Hainan Runming Biotechnology Co., Ltd.",Aesthetic Medical International Holdings Group Ltd,ok,full,0.0,,,,,0,0,0,0,0,0,
0001757143,0001104659-22-083930,2022-07-20,2022-07-29,0001939004,Hainan Oriental Jiechuang Investment Partnership (Limited Partnership),Aesthetic Medical International Holdings Group Ltd,ok,full,0.0,,,,,0,0,0,0,0,0,
0001758009,0001019056-22-000474,2022-06-16,2022-06-27,0001935476,Huang Yuping,Quantum Computing Inc.,ok,full,0.0,,,,,0,0,0,0,0,0,
0001759186,0001213900-22-069745,2022-10-28,2022-11-07,0001759065,Bull Horn Holdings Sponsor LLC,"Coeptis Therapeutics Holdings, Inc.",ok,full,,,,,,0,0,1,1,1,1,2022-04-19
0001759424,0001477932-23-005128,2023-06-29,2023-07-07,0001983566,McNamer Timothy,"Evil Empire Designs, Inc.",ok,full,0.0,,,,,0,0,0,0,0,0,
0001759424,0001477932-23-008207,2023-11-01,2023-11-09,0001997521,Wakim Jad Salim,"Evil Empire Designs, Inc.",ok,full,0.0,,,,,0,0,0,0,0,0,
0001760173,0001493152-22-003197,2022-01-27,2022-02-04,0001908341,Siemionow Krzysztof,"SURGALIGN HOLDINGS, INC.",ok,full,0.0,,,,,0,0,0,0,0,0,
0001760542,0001104659-24-071864,2024-06-14,2024-06-14,0001263508,BAKER BROS. ADVISORS LP,HOOKIPA Pharma Inc.,ok,full,0.0,,,,,0,0,0,0,0,0,
0001760717,0000921895-22-000839,2021-12-30,2022-03-11,0001580320,"ENGINE CAPITAL, L.P.",SciPlay Corp,ok,full,0.0,,,,,0,0,0,0,0,0,
0001760717,0000921895-22-002742,2022-09-22,2022-10-03,0001580320,"ENGINE CAPITAL, L.P.",SciPlay Corp,ok,full,1.0,2023-08-08,8-K,A,0001104659-23-088836,1,0,0,0,0,0,
0001760717,0000807249-23-000112,2023-08-16,2023-08-25,0000807249,"GAMCO INVESTORS, INC. ET AL",SciPlay Corp,ok,full,1.0,2023-10-23,8-K,A,0001104659-23-110660,1,0,0,0,1,1,2023-08-08
0001760764,0001213900-23-007743,2022-10-20,2023-02-03,0001723667,Rubini Jonathan Brian,G Medical Innovations Holdings Ltd.,ok,full,0.0,,,,,0,0,0,0,0,0,
0001760764,0001213900-23-005990,2022-12-29,2023-01-30,0001912593,Geva Yacov,G Medical Innovations Holdings Ltd.,ok,full,0.0,,,,,0,0,0,0,0,0,
0001760903,0001493152-25-014571,2025-08-19,2025-09-23,0002085856,Lucky Dog Holdings,"Safety Shot, Inc.",ok,full,0.0,,,,,0,0,0,0,1,1,2025-05-06
0001760903,0001493152-25-016258,2025-08-21,2025-09-30,0002085856,Lucky Dog Holdings,"Safety Shot, Inc.",ok,full,0.0,,,,,0,0,0,0,1,1,2025-05-06
0001760903,0001493152-25-019709,2025-08-21,2025-10-27,0002085856,Lucky Dog Holdings,"BONK, INC.",ok,full,0.0,,,,,0,0,0,0,1,1,2025-05-06
0001761612,0001104659-24-048601,2024-04-16,2024-04-18,0001263508,BAKER BROS. ADVISORS LP,BICYCLE THERAPEUTICS plc,ok,full,0.0,,,,,0,0,0,0,0,0,
0001762322,0001731122-23-000734,2023-03-14,2023-04-26,0001973468,Venkata Maruthi JD,"SHIFT TECHNOLOGIES, INC.",ok,full,0.0,,,,,0,0,0,0,0,0,
0001762562,0000038777-24-000049,2021-03-12,2024-02-27,0000038777,FRANKLIN RESOURCES INC,Clarion Partners Real Estate Income Fund Inc.,ok,full,0.0,,,,,0,0,0,0,0,0,
0001763660,0001493152-24-048581,2024-11-20,2024-12-03,0002047138,Metita Sdn. Bhd.,SEATech Ventures Corp.,ok,full,0.0,,,,,0,0,0,0,0,0,
0001764974,0000947871-23-000776,2023-07-20,2023-07-24,0001055951,ORBIMED ADVISORS LLC,Turnstone Biologics Corp.,ok,full,0.0,,,,,0,0,0,0,0,0,
0001765159,0000950103-24-005012,2024-04-01,2024-04-08,0001906383,Fayer Philip,Nuvei Corp,ok,full,0.0,,,,,0,0,0,0,0,0,
0001765651,0001640334-22-002113,2022-08-09,2022-09-26,0001942287,Conte Timothy,Pacific Sports Exchange Inc.,ok,full,0.0,,,,,0,0,0,0,0,0,
0001765651,0001640334-22-002114,2022-08-09,2022-09-26,0001943368,Whitesides Jennifer,Pacific Sports Exchange Inc.,ok,full,0.0,,,,,0,0,0,0,0,0,
0001765826,0001599916-24-000166,2024-06-05,2024-06-13,0001875883,"CRS Consulting, LLC","Blubuzzard, Inc.",ok,full,0.0,,,,,0,0,0,0,0,0,
0001765850,0001213900-24-108928,2024-12-02,2024-12-13,0002048042,Prestige Financial Holdings Group Ltd.,Prestige Wealth Inc.,ok,full,0.0,,,,,0,0,0,0,0,0,
0001765850,0001193125-25-239372,2025-10-07,2025-10-14,0002089769,Antalpha Capital (HK) Ltd,Prestige Wealth Inc.,ok,full,0.0,,,,,0,0,0,0,0,0,
0001765850,0001193125-25-239376,2025-10-07,2025-10-14,0002090138,Kiara Capital Holding Ltd,Prestige Wealth Inc.,ok,full,0.0,,,,,0,0,0,0,0,0,
0001766363,0001341004-24-000066,2024-04-02,2024-04-09,0001704268,Mubadala Investment Co PJSC,"Endeavor Group Holdings, Inc.",ok,full,1.0,2024-04-03,8-K,A,0001193125-24-085376,2,0,0,0,0,0,
0001768666,0001062993-24-001904,2024-02-01,2024-02-05,0001510281,"Saba Capital Management, L.P.",BlackRock Science & Technology Term Trust,ok,full,1.0,2024-07-02,SC TO-C,A,0001193125-24-173651,3,0,0,0,0,0,
0001769256,0000950170-22-025682,2022-11-18,2022-11-25,0001954495,Golden Stream Ltd.,FLJ Group Ltd,ok,full,0.0,,,,,0,0,0,0,0,0,
0001769484,0001104659-25-001476,2025-01-03,2025-01-06,0001954863,Bioceres Group PLC,Bioceres Crop Solutions Corp.,ok,full,0.0,,,,,0,0,0,0,0,0,
0001769484,0001641172-25-022808,2025-08-01,2025-08-08,0002080636,Jasper Lake Ventures One LLC,Bioceres Crop Solutions Corp.,ok,full,0.0,,,,,0,0,0,0,0,0,
0001769484,0001683168-25-007829,2025-10-24,2025-10-29,0002090122,Agriculture Investment Group Corp.,Bioceres Crop Solutions Corp.,ok,full,0.0,,,,,0,0,0,0,0,0,
0001769624,0001213900-22-075239,2022-11-14,2022-11-25,0001954076,TAG Holdings Ltd,AGBA Group Holding Ltd.,ok,full,0.0,,,,,0,0,0,0,1,1,2022-10-28
0001769624,0001213900-25-008087,2025-01-24,2025-01-30,0002053925,KCP Holdings Ltd,Triller Group Inc.,ok,full,0.0,,,,,0,0,0,0,1,1,2024-06-12
0001769697,0001096906-22-001673,2022-06-08,2022-07-20,0001937420,Kushkush Investments Pty Ltd,Snow Lake Resources Ltd.,ok,full,0.0,,,,,0,0,0,0,0,0,
0001769697,0001213900-22-066196,2022-10-23,2022-10-25,0001852551,Nova Minerals Ltd,Snow Lake Resources Ltd.,ok,full,0.0,,,,,0,0,0,0,0,0,
0001769759,0001079973-23-001453,2023-10-06,2023-10-17,0000788920,PRO DEX INC,MONOGRAM ORTHOPAEDICS INC,ok,full,1.0,2024-05-15,8-K,A,0001104659-24-061514,1,0,0,0,0,0,
0001769759,0000950170-25-095910,2025-07-11,2025-07-15,0001136869,"ZIMMER BIOMET HOLDINGS, INC.",Monogram Technologies Inc.,ok,full,1.0,2025-07-14,8-K,A,0001104659-25-067582,5,1,0,0,0,1,2024-05-15
0001770069,0001104659-25-114697,2025-10-28,2025-11-20,0001900201,"Catalyst4, Inc.","MapLight Therapeutics, Inc.",ok,full,0.0,,,,,0,0,0,0,0,0,
0001770069,0001388325-25-000021,2025-10-28,2025-11-04,0001388325,Novo Holdings A/S,"MapLight Therapeutics, Inc.",ok,full,0.0,,,,,0,0,0,0,0,0,
0001770141,0000919574-23-005352,2023-09-22,2023-09-27,0001676700,Riva Ridge Capital Management LP,"UpHealth, Inc.",ok,full,1.0,2024-01-10,PREM14A,A,0001193125-24-006040,2,0,0,0,0,0,
0001770141,0001011438-23-000554,2023-09-22,2023-09-26,0001734341,Lynrock Lake LP,"UpHealth, Inc.",ok,full,1.0,2024-01-10,PREM14A,A,0001193125-24-006040,2,0,0,0,0,0,
0001770141,0001451693-23-000003,2023-11-16,2023-11-28,0001451693,Katz Avi S,"UpHealth, Inc.",ok,full,1.0,2024-01-10,PREM14A,A,0001193125-24-006040,2,0,0,0,0,0,
0001770141,0001628280-23-040054,2023-11-16,2023-11-27,0001770141,"UpHealth, Inc.","UpHealth, Inc.",ok,full,1.0,2024-01-10,PREM14A,A,0001193125-24-006040,2,0,0,0,0,0,
0001770141,0001628280-23-040056,2023-11-16,2023-11-28,0001770141,"UpHealth, Inc.","UpHealth, Inc.",ok,full,1.0,2024-01-10,PREM14A,A,0001193125-24-006040,2,0,0,0,0,0,
0001770141,0001628280-23-040059,2023-11-16,2023-11-28,0001770141,"UpHealth, Inc.","UpHealth, Inc.",ok,full,1.0,2024-01-10,PREM14A,A,0001193125-24-006040,2,0,0,0,0,0,
0001770141,0001628280-23-040067,2023-11-16,2023-11-28,0001430575,Dinu Raluca,"UpHealth, Inc.",ok,full,1.0,2024-01-10,PREM14A,A,0001193125-24-006040,2,0,0,0,0,0,
0001770141,0001628280-23-040069,2023-11-16,2023-11-28,0001235685,REY-GIRAUD AGNES,"UpHealth, Inc.",ok,full,1.0,2024-01-10,PREM14A,A,0001193125-24-006040,2,0,0,0,0,0,
0001770141,0001628280-23-040070,2023-11-16,2023-11-28,0001133099,MACHUCA LUIS,"UpHealth, Inc.",ok,full,1.0,2024-01-10,PREM14A,A,0001193125-24-006040,2,0,0,0,0,0,
0001770141,0001628280-23-040072,2023-11-16,2023-11-28,0001864751,Locke Nathan,"UpHealth, Inc.",ok,full,1.0,2024-01-10,PREM14A,A,0001193125-24-006040,2,0,0,0,0,0,
0001770141,0001628280-23-040074,2023-11-16,2023-11-28,0001505998,GUINAN MARK,"UpHealth, Inc.",ok,full,1.0,2024-01-10,PREM14A,A,0001193125-24-006040,2,0,0,0,0,0,
0001770141,0001628280-23-040076,2023-11-16,2023-11-28,0001866167,Beck Martin S A,"UpHealth, Inc.",ok,full,1.0,2024-01-10,PREM14A,A,0001193125-24-006040,2,0,0,0,0,0,
0001770141,0001685730-23-000004,2023-11-16,2023-11-28,0001685730,Jennings Jay Walter,"UpHealth, Inc.",ok,full,1.0,2024-01-10,PREM14A,A,0001193125-24-006040,2,0,0,0,0,0,
0001771706,0001213900-23-056973,2023-04-28,2023-07-14,0001862016,"Chicago Atlantic Credit Opportunities, LLC","Goodness Growth Holdings, Inc.",ok,full,0.0,,,,,0,0,0,0,1,1,2022-07-20
0001771706,0001104659-23-089455,2023-07-31,2023-08-10,0001836902,Kingsley Kyle Eugene,"Goodness Growth Holdings, Inc.",ok,full,0.0,,,,,0,0,0,0,0,1,2022-07-20
0001771706,0001104659-25-052497,2025-05-12,2025-05-23,0002069637,Jeffery Christopher,Vireo Growth Inc.,ok,full,0.0,,,,,0,0,0,0,0,1,2022-07-20
0001771706,0001104659-25-073146,2025-06-06,2025-08-01,0001454749,Capurro Keith Lee,Vireo Growth Inc.,ok,full,0.0,,,,,0,0,0,0,0,1,2022-07-20
0001771885,0002072045-25-000002,2025-06-12,2025-06-12,0002072045,Malone Wealth Ventures LLC,Quantum Biopharma Ltd.,ok,full,0.0,,,,,0,0,0,0,0,0,
0001772720,0000921895-25-003028,2025-11-06,2025-11-13,0001452857,STEEL PARTNERS HOLDINGS L.P.,SPRUCE POWER HOLDING CORP,ok,full,0.0,,,,,0,0,0,0,0,0,
0001774170,0001214659-24-008408,2024-04-29,2024-05-06,0001588456,"Private Capital Management, LLC","Powerfleet, Inc.",ok,full,0.0,,,,,0,0,0,0,0,0,
0001775085,0001477932-22-001208,2022-03-04,2022-03-07,0001845410,Ever Alpha Global Ltd,China Liberal Education Holdings Ltd,ok,full,0.0,,,,,0,0,0,0,0,0,
0001775734,0001213900-23-065964,2023-08-01,2023-08-11,0001986039,GWG Wind Down Trust,Beneficient,ok,full,0.0,,,,,0,0,0,0,0,0,
0001776067,0001213900-25-084532,2025-06-27,2025-09-04,0001842841,Kong Aimin,Oriental Culture Holding LTD,ok,full,0.0,,,,,0,0,0,0,0,0,
0001776111,0000947871-24-000767,2024-09-16,2024-09-23,0001055951,ORBIMED ADVISORS LLC,"MBX Biosciences, Inc.",ok,full,0.0,,,,,0,0,0,0,0,0,
0001776111,0001072613-24-000721,2024-09-16,2024-09-23,0001768564,"New Enterprise Associates 17, L.P.","MBX Biosciences, Inc.",ok,full,0.0,,,,,0,0,0,0,0,0,
0001776197,0001213900-23-074003,2021-09-01,2023-09-05,0001671648,THAIHOT Investment Co Ltd,AKUMIN INC.,ok,full,0.0,,,,,0,0,0,0,0,0,
0001776903,0001796861-22-000005,2022-06-24,2022-07-06,0001796861,Maven Investment Partners US Ltd,Netfin Acquisition Corp.,ok,full,0.0,,,,,0,0,0,0,0,0,
0001776932,0001829126-22-009179,2021-01-11,2022-04-29,0001590144,"PURA VIDA INVESTMENTS, LLC","MedMen Enterprises, Inc.",ok,full,0.0,,,,,0,0,0,0,0,0,
0001777319,0001493152-25-029744,2025-11-06,2025-12-31,0002083494,Hensley & Co,"CISO Global, Inc.",ok,full,0.0,,,,,0,0,0,0,0,1,2021-11-15
0001777482,0001140361-22-035232,2022-09-27,2022-09-29,0000070858,BANK OF AMERICA CORP /DE/,Nuveen Enhanced High Yield Municipal Bond Fund,ok,full,0.0,,,,,0,0,0,0,0,0,
0001777482,0001654954-23-009608,2023-07-13,2023-07-24,0000947263,TORONTO DOMINION BANK,Nuveen Enhanced High Yield Municipal Bond Fund,ok,full,0.0,,,,,0,0,0,0,0,0,
0001777765,0001104659-23-091411,2023-08-01,2023-08-14,0001935025,Wells Bradley W,VIQ Solutions Inc.,ok,full,0.0,,,,,0,0,0,0,0,0,
0001778016,0000943663-23-000195,2023-11-22,2023-12-01,0002002681,T Investment Ltd,I-Mab,ok,full,0.0,,,,,0,0,0,0,0,0,
0001778016,0001415889-25-003167,2025-01-29,2025-02-05,0001845246,CBC Investment I-Mab Ltd,I-Mab,ok,full,0.0,,,,,0,0,0,0,0,0,
0001778016,0000950170-25-102964,2025-08-05,2025-08-05,0001783937,Everest Medicines Ltd,I-Mab,ok,full,0.0,,,,,0,0,0,0,0,0,
0001778129,0001019056-22-000279,2022-03-10,2022-03-17,0001549738,"JW Asset Management, LLC",TerrAscend Corp.,ok,full,0.0,,,,,0,0,0,0,0,0,
0001778784,0001104659-23-060964,2023-05-05,2023-05-15,0001113303,STILWELL JOSEPH,"Provident Bancorp, Inc. /MD/",ok,full,0.0,,,,,0,0,0,0,0,0,
0001779128,0001213900-23-003570,2023-01-10,2023-01-19,0001958310,RB LIFT LLC,"Blade Air Mobility, Inc.",ok,full,0.0,,,,,0,0,0,0,0,0,
0001779372,0001213900-23-045646,2023-05-02,2023-06-02,0001979878,Schwartzberg Andrew,"HeartBeam, Inc.",ok,full,0.0,,,,,0,0,0,0,0,0,
0001779372,0001493152-23-030364,2023-08-20,2023-08-28,0001032188,"PUBLIC VENTURES, LLC","HeartBeam, Inc.",ok,full,0.0,,,,,0,0,0,0,0,0,
0001779578,0001104659-24-109188,2024-09-07,2024-10-16,0001843863,Ahanzhai Development Ltd,Qilian International Holding Group Ltd,ok,full,0.0,,,,,0,0,0,0,0,0,
0001779578,0001213900-25-001181,2024-12-27,2025-01-06,0001413855,AIX Inc.,BGM Group Ltd.,ok,full,0.0,,,,,0,0,0,0,0,0,
0001779578,0001104659-25-052758,2025-05-19,2025-05-27,0002069046,LOW THIA YANG,BGM Group Ltd.,ok,full,0.0,,,,,0,0,0,0,0,0,
0001780312,0001493152-22-006680,2022-02-05,2022-03-11,0001680225,Avellan Abel Antonio,"AST SpaceMobile, Inc.",ok,full,0.0,,,,,0,0,0,0,1,1,2021-03-12
0001780312,0000950170-25-017296,2025-02-03,2025-02-10,0000732717,AT&T INC.,"AST SpaceMobile, Inc.",ok,full,0.0,,,,,0,0,0,0,0,1,2021-03-12
0001780531,0001104659-25-021530,2025-03-01,2025-03-07,0001802730,Bo Yu Ltd,"ONECONNECT FINANCIAL TECHNOLOGY CO., LTD.",ok,full,0.0,,,,,0,0,0,0,0,0,
0001780731,0001213900-24-003449,2024-01-02,2024-01-12,0001983751,"GMB Wisdom Sharing Platform Co., Ltd.","Sunrise New Energy Co., Ltd.",ok,full,0.0,,,,,0,0,0,0,0,0,
0001780785,0001549727-22-000019,2022-04-07,2022-04-20,0001923445,"Lishui Yilian Enterprise Management Consulting Co., Ltd.",CN ENERGY GROUP. INC.,ok,full,0.0,,,,,0,0,0,0,0,0,
0001780785,0001235126-23-000033,2023-07-20,2023-08-01,0001987877,Boos Wayne W,CN ENERGY GROUP. INC.,ok,full,0.0,,,,,0,0,0,0,0,0,
0001780785,0001477932-25-008598,2025-09-16,2025-11-25,0001667258,Zhang Yefang,CN ENERGY GROUP. INC.,ok,full,0.0,,,,,0,0,0,0,0,0,
0001781174,0001104659-22-122435,2022-11-17,2022-11-28,0001346824,"RA CAPITAL MANAGEMENT, L.P.","Acrivon Therapeutics, Inc.",ok,full,0.0,,,,,0,0,0,0,0,0,
0001781193,0002018265-24-000003,2024-04-04,2024-04-08,0002018265,Cloud Alliance Inc,QUHUO Ltd,ok,full,0.0,,,,,0,0,0,0,0,0,
0001781193,0001104659-24-108747,2024-08-08,2024-10-15,0002036343,Highland Vision Holding LTD,QUHUO Ltd,ok,full,0.0,,,,,0,0,0,0,0,0,
0001781726,0001493152-22-025013,2022-09-02,2022-09-02,0001943700,Wang Guidong,"GJ Culture Group US, Inc.",ok,full,0.0,,,,,0,0,0,0,0,0,
0001781726,0001493152-22-025017,2022-09-02,2022-09-02,0001943702,Zhu Huaying,"GJ Culture Group US, Inc.",ok,full,0.0,,,,,0,0,0,0,0,0,
0001781730,0001104659-22-107161,2022-09-30,2022-10-07,0001868329,"Castle Creek Capital Partners VIII, LP","Third Coast Bancshares, Inc.",ok,full,0.0,,,,,0,0,0,0,0,0,
0001782107,0001829126-22-005234,2022-02-23,2022-03-03,0001780627,"Cincinnati Cornerstone Investors BWV I, LLC",Blue Water Vaccines Inc.,ok,full,0.0,,,,,0,0,0,0,0,0,
0001782107,0001829126-22-005235,2022-02-23,2022-03-03,0001668941,"CINCYTECH FUND IV, LLC",Blue Water Vaccines Inc.,ok,full,0.0,,,,,0,0,0,0,0,0,
0001782107,0000906318-22-000005,2022-08-29,2022-08-29,0001780627,"Cincinnati Cornerstone Investors BWV I, LLC",Blue Water Vaccines Inc.,ok,full,0.0,,,,,0,0,0,0,0,0,
0001782107,0000906318-22-000007,2022-11-17,2022-11-21,0001780627,"Cincinnati Cornerstone Investors BWV I, LLC",Blue Water Vaccines Inc.,ok,full,0.0,,,,,0,0,0,0,0,0,
0001782107,0000906318-23-000002,2023-04-10,2023-04-13,0001780627,"Cincinnati Cornerstone Investors BWV I, LLC",Blue Water Vaccines Inc.,ok,full,,,,,,0,0,1,1,0,0,
0001782107,0000906318-23-000007,2023-06-14,2023-06-29,0001780627,"Cincinnati Cornerstone Investors BWV I, LLC","Blue Water Biotech, Inc.",ok,full,,,,,,0,0,1,1,0,0,
0001782107,0001213900-24-084092,2024-09-24,2024-10-01,0002006201,Schiess Ralph,"Onconetix, Inc.",ok,full,1.0,2025-07-16,8-K,A,0001213900-25-064469,1,0,0,0,0,0,
0001782107,0001213900-24-084093,2024-09-24,2024-10-01,0002006197,Bruhlmann Christian,"Onconetix, Inc.",ok,full,1.0,2025-07-16,8-K,A,0001213900-25-064469,1,0,0,0,0,0,
0001782303,0001072613-24-000789,2024-04-02,2024-10-29,0001666306,"ARCH Venture Fund IX, L.P.","Boundless Bio, Inc.",ok,full,0.0,,,,,0,0,0,0,0,0,
0001782309,0001104659-22-034194,2021-09-01,2022-03-16,0001917392,JI Xuejun,Skillful Craftsman Education Technology Ltd,ok,full,0.0,,,,,0,0,0,0,0,0,
0001782594,0001013762-23-005134,2023-10-11,2023-10-19,0001750698,"Vivo Capital IX, LLC",Genetron Holdings Ltd,ok,full,0.0,,,,,0,0,0,0,0,0,
0001782594,0001013762-23-005244,2023-10-11,2023-10-20,0001911077,Tianjin Kangyue Business Management Partnership (Limited Partnership),Genetron Holdings Ltd,ok,full,0.0,,,,,0,0,0,0,0,0,
0001782594,0001104659-23-110907,2023-10-11,2023-10-24,0001854900,Wealth Strategy Group Ltd,Genetron Holdings Ltd,ok,full,0.0,,,,,0,0,0,0,0,0,
0001782594,0001341004-23-000280,2023-10-11,2023-10-20,0001845547,Wang Sizhen,Genetron Holdings Ltd,ok,full,0.0,,,,,0,0,0,0,0,0,
0001782941,0001104659-23-093515,2023-08-08,2023-08-18,0001990572,Wang Zhe,TIAN RUIXIANG HOLDINGS LTD,ok,full,0.0,,,,,0,0,0,0,0,0,
0001782941,0001104659-24-069853,2024-04-18,2024-06-10,0002023925,Min Zhou,TIAN RUIXIANG HOLDINGS LTD,ok,full,0.0,,,,,0,0,0,0,0,0,
0001782941,0001104659-24-063602,2024-05-07,2024-05-21,0002023972,Yuefu Co Ltd,TIAN RUIXIANG HOLDINGS LTD,ok,full,0.0,,,,,0,0,0,0,0,0,
0001782941,0001104659-25-056576,2024-11-18,2025-06-04,0002070931,Gao Mufang,TIAN RUIXIANG HOLDINGS LTD,ok,full,0.0,,,,,0,0,0,0,0,0,
0001782941,0001104659-25-067824,2025-06-30,2025-07-14,0001736007,"Sinovation Fund IV, L.P.",TIAN RUIXIANG HOLDINGS LTD,ok,full,0.0,,,,,0,0,0,0,0,0,
0001782941,0001104659-25-069907,2025-06-30,2025-07-23,0002077776,Medata Holdings Ltd,TIAN RUIXIANG HOLDINGS LTD,ok,full,0.0,,,,,0,0,0,0,0,0,
0001783032,0001373604-25-000060,2025-04-16,2025-04-16,0001373604,"BML Investment Partners, L.P.","Elevation Oncology, Inc.",ok,full,1.0,2025-06-23,SC TO-T,A+B,0001140361-25-023228,2,0,0,2,0,0,
0001783036,0001213900-25-057281,2025-05-22,2025-06-24,0002045580,Hafner Ronald,NLS Pharmaceutics Ltd.,ok,full,0.0,,,,,0,0,0,0,0,0,
0001783036,0001213900-25-109866,2025-10-30,2025-11-13,0002095438,Twito Ronen,NewcelX Ltd.,ok,full,0.0,,,,,0,0,0,0,0,0,
0001783036,0001213900-25-110759,2025-10-30,2025-11-14,0002095518,Revel Michel,NewcelX Ltd.,ok,full,0.0,,,,,0,0,0,0,0,0,
0001783180,0000950103-24-000454,2024-01-02,2024-01-09,0002004244,Viessmann Group GmbH & Co. KG,CARRIER GLOBAL Corp,ok,full,0.0,,,,,0,0,0,0,0,0,
0001783875,0001019056-23-000379,2023-10-19,2023-10-31,0001764863,"Navy Capital Green Management, LLC",4Front Ventures Corp.,ok,full,0.0,,,,,0,0,0,0,0,0,
0001783875,0001085146-24-002727,2024-01-29,2024-06-20,0002023869,"LI LENDING, LLC",4Front Ventures Corp.,ok,full,0.0,,,,,0,0,0,0,0,0,
0001783879,0001140361-22-018827,2022-05-02,2022-05-12,0001927748,Emergent Fidelity Technologies Ltd.,"Robinhood Markets, Inc.",ok,full,0.0,,,,,0,0,0,0,0,0,
0001784254,0000950142-24-001181,2024-04-17,2024-04-24,0001709654,Kapnick Scott,Mediaco Holding Inc.,ok,full,0.0,,,,,0,0,0,0,0,0,
0001784254,0000950170-25-093943,2025-07-01,2025-07-03,0002052113,BlackRock Portfolio Management LLC,Mediaco Holding Inc.,ok,full,0.0,,,,,0,0,0,0,0,0,
0001784570,0001193125-25-274279,2025-11-03,2025-11-10,0000040545,GENERAL ELECTRIC CO,"BETA Technologies, Inc.",ok,full,0.0,,,,,0,0,0,0,0,0,
0001784700,0000820478-22-000016,2022-06-02,2022-07-27,0000820478,STRS OHIO,Varagon Capital Corp.,ok,full,0.0,,,,,0,0,0,0,0,0,
0001785056,0000950103-23-007244,2023-05-02,2023-05-12,0001810737,block.one,"Interactive Strength, Inc.",ok,full,0.0,,,,,0,0,0,0,0,0,
0001785173,0000902664-25-004297,2025-09-26,2025-10-03,0001535978,"Adage Capital Management, L.P.","89bio, Inc.",ok,full,1.0,2025-10-01,SC TO-T,A+B,0001193125-25-226730,3,0,0,0,1,1,2025-09-18
0001785424,0001628280-22-018615,2021-06-09,2022-07-06,0001866017,Zayas Orlando,"Katapult Holdings, Inc.",ok,full,1.0,2021-06-15,8-K,A,0001213900-21-032560,1,0,0,0,0,0,
0001785424,0001104659-25-097231,2025-09-29,2025-10-06,0001858703,Blue Owl Capital Holdings LP,"Katapult Holdings, Inc.",ok,full,,,,,,0,0,1,1,0,1,2021-06-15
0001785424,0001104659-25-109269,2025-11-03,2025-11-10,0002095529,"HHCF Series 21 Sub, LLC","Katapult Holdings, Inc.",ok,full,,,,,,0,0,1,1,0,1,2021-06-15
0001785680,0001104659-25-026852,2025-03-17,2025-03-24,0002062327,CARMEL HOLDINGS LTD,Santech Holdings Ltd,ok,full,0.0,,,,,0,0,0,0,0,0,
0001785971,0001062993-23-012250,2023-05-24,2023-05-26,0001510281,"Saba Capital Management, L.P.",BlackRock Health Sciences Term Trust,ok,full,0.0,,,,,0,0,0,0,0,0,
0001786182,0001213900-24-066339,2024-08-02,2024-08-08,0001907944,Zhang Shaowei,"First High-School Education Group Co., Ltd.",ok,full,0.0,,,,,0,0,0,0,0,0,
0001786205,0001072613-22-000291,2022-02-08,2022-02-17,0001629794,"New Enterprise Associates 15, L.P.","Arcellx, Inc.",ok,full,0.0,,,,,0,0,0,0,0,0,
0001786205,0001193125-22-045214,2022-02-08,2022-02-17,0001853723,"SR ONE CAPITAL MANAGEMENT, LLC","Arcellx, Inc.",ok,full,0.0,,,,,0,0,0,0,0,0,
0001786352,0000921895-25-002532,2025-08-28,2025-09-04,0001517137,Starboard Value LP,"BILL Holdings, Inc.",ok,full,0.0,,,,,0,0,0,0,0,0,
0001786511,0001213900-23-060261,2023-07-17,2023-07-27,0001986511,Immensus LLC,Fresh2 Group Ltd,ok,full,0.0,,,,,0,0,0,0,0,0,
0001787425,0000950142-22-002588,2022-08-15,2022-08-24,0001017645,"GENERAL ATLANTIC, L.P.",XP Inc.,ok,full,0.0,,,,,0,0,0,0,0,0,
0001788028,0000921895-23-000611,2023-02-16,2023-02-27,0001848809,Velan Capital Investment Management LP,"Jasper Therapeutics, Inc.",ok,full,0.0,,,,,0,0,0,0,0,0,
0001788257,0001213900-22-009519,2020-03-13,2022-02-28,0001913665,"Campalier, S.A. de C.V.","BETTERWARE DE MEXICO, S.A.P.I. DE C.V",ok,partial,0.0,,,,,0,0,0,0,0,0,
0001788999,0000921895-24-000112,2024-01-19,2024-01-23,0001687509,Rubric Capital Management LP,Xperi Inc.,ok,full,0.0,,,,,0,0,0,0,0,0,
0001789029,0001085146-22-004149,2022-11-11,2022-11-17,0001627436,Sylebra Capital Ltd,"Aeva Technologies, Inc.",ok,full,0.0,,,,,0,0,0,0,0,0,
0001789299,0001213900-24-089297,2024-09-18,2024-10-21,0002040005,Capital Vista Ltd,UTime Ltd,ok,full,0.0,,,,,0,0,0,0,0,0,
0001789832,0000950170-25-011213,2025-01-28,2025-01-30,0002052113,BlackRock Portfolio Management LLC,Hess Midstream LP,ok,full,0.0,,,,,0,0,0,0,0,0,
0001790169,0001477932-23-000162,2022-12-23,2023-01-06,0001955468,Starke Clifford,Flora Growth Corp.,ok,full,0.0,,,,,0,0,0,0,0,0,
0001790169,0000912282-24-000646,2024-08-14,2024-09-12,0001955467,Vaiman Dany,Flora Growth Corp.,ok,full,0.0,,,,,0,0,0,0,0,0,
0001790169,0000912282-25-001062,2025-10-09,2025-10-10,0002089970,Reis-Faria Daniel,Flora Growth Corp.,ok,full,0.0,,,,,0,0,0,0,0,0,
0001790169,0000912282-25-001148,2025-10-23,2025-10-27,0002093136,Heinrich Michael,Flora Growth Corp.,ok,full,0.0,,,,,0,0,0,0,0,0,
0001790515,0001193125-22-132124,2022-04-19,2022-04-29,0001926202,BIFINITY UAB,EQONEX Ltd,ok,full,0.0,,,,,0,0,0,0,0,0,
0001790625,0001341004-22-000112,2021-08-23,2022-04-12,0001593514,"Nexxus Capital Private Equity Fund VI, L.P.","AgileThought, Inc.",ok,full,0.0,,,,,0,0,0,0,1,1,2021-08-02
0001790665,0001493152-22-000980,2021-12-31,2022-01-12,0001904059,"True Harvest, LLC",Greenrose Holding Co Inc.,ok,full,0.0,,,,,0,0,0,0,1,1,2021-10-05
0001790665,0001213900-22-006122,2022-02-03,2022-02-09,0001784660,Greenrose Associates LLC,Greenrose Holding Co Inc.,ok,full,0.0,,,,,0,0,0,0,1,1,2021-10-05
0001791145,0001477932-25-003280,2025-04-29,2025-05-05,0001936183,Finley Alfred Lee,GBank Financial Holdings Inc.,ok,full,0.0,,,,,0,0,0,0,0,0,
0001791145,0001477932-25-003301,2025-04-29,2025-05-05,0001331633,NIGRO EDWARD MICHAEL,GBank Financial Holdings Inc.,ok,full,0.0,,,,,0,0,0,0,0,0,
0001791703,0000912282-25-001333,2025-11-21,2025-11-28,0002021311,Augusta Ozama Investment LP,Titan Mining Corp,ok,full,0.0,,,,,0,0,0,0,0,0,
0001792030,0001062993-22-004290,2021-12-31,2022-02-14,0001910673,SHUSTER OREN,IM Cannabis Corp.,ok,full,0.0,,,,,0,0,0,0,0,0,
0001792581,0001104659-24-012282,2023-10-06,2024-02-08,0001517309,BERSANI PIETRO,"Kiromic Biopharma, Inc.",ok,full,0.0,,,,,0,0,0,0,0,0,
0001792829,0000950103-25-000391,2025-01-03,2025-01-10,0002051413,Lagos Capital Corp,Vasta Platform Ltd,ok,full,1.0,2025-09-16,SC TO-C,A+B,0000950103-25-011677,3,0,0,0,0,0,
0001793129,0001654954-22-008503,2022-06-08,2022-06-21,0001344146,"Toronto Dominion Investments, Inc.",Nuveen Dynamic Municipal Opportunities Fund,ok,full,0.0,,,,,0,0,0,0,0,0,
0001793855,0001062993-24-000871,2024-01-12,2024-01-16,0001510281,"Saba Capital Management, L.P.",abrdn Global Infrastructure Income Fund,ok,full,0.0,,,,,0,0,0,0,0,0,
0001794041,0000038777-24-000050,2021-08-18,2024-02-27,0000038777,FRANKLIN RESOURCES INC,Franklin BSP Private Credit Fund,ok,full,0.0,,,,,0,0,0,0,0,0,
0001794515,0000905148-25-003073,2025-08-14,2025-08-21,0001799787,HighSage Ventures LLC,ZoomInfo Technologies Inc.,ok,full,0.0,,,,,0,0,0,0,0,0,
0001795091,0001493152-25-002859,2024-07-31,2025-01-17,0002048828,Auerbach Shalom,OS Therapies Inc,ok,full,0.0,,,,,0,0,0,0,0,0,
0001796022,0001193125-25-207482,2025-09-18,2025-09-18,0001821978,Keck Thomas,StepStone Group Inc.,ok,full,0.0,,,,,0,0,0,0,0,0,
0001796022,0001193125-25-207501,2025-09-18,2025-09-18,0001822276,Fernandez Jose A,StepStone Group Inc.,ok,full,0.0,,,,,0,0,0,0,0,0,
0001796280,0000950170-25-082520,2025-05-29,2025-06-05,0001853723,"SR ONE CAPITAL MANAGEMENT, LLC","Oric Pharmaceuticals, Inc.",ok,full,0.0,,,,,0,0,0,0,0,0,
0001796949,0001654954-24-001732,2023-12-20,2024-02-14,0002004867,Hall Drew Dunkley,"Healthcare Business Resources, Inc.",ok,full,0.0,,,,,0,0,0,0,0,0,
0001796949,0001654954-24-001736,2023-12-20,2024-02-14,0002006258,Bellehumeur Alex,"Healthcare Business Resources, Inc.",ok,full,0.0,,,,,0,0,0,0,0,0,
0001798458,0002055658-25-000002,2025-01-22,2025-02-11,0002055658,"Zhonghe Brand, Ltd.","Carriage House Event Center, Inc.",ok,full,0.0,,,,,0,0,0,0,0,0,
0001798562,0001213900-21-068176,2021-12-24,2022-01-03,0001874431,Karkar Andrei,TMC the metals Co Inc.,ok,full,0.0,,,,,0,0,0,0,0,0,
0001798562,0000728083-25-000006,2025-05-12,2025-05-13,0000728083,FIRST MANHATTAN CO. LLC.,TMC the metals Co Inc.,ok,full,0.0,,,,,0,0,0,0,0,0,
0001798749,0000950170-25-062146,2025-04-28,2025-05-01,0001802528,Fairmount Funds Management LLC,"Jade Biosciences, Inc.",ok,full,,,,,,0,0,1,2,0,0,
0001799208,0001193125-22-054383,2022-02-15,2022-02-25,0001260945,THOMAS H LEE PARTNERS LP,"Dun & Bradstreet Holdings, Inc.",ok,full,0.0,,,,,0,0,0,0,0,0,
0001799290,0001213900-22-020191,2020-06-25,2022-04-15,0001843250,Hu Dong,Ebang International Holdings Inc.,ok,partial,0.0,,,,,0,0,0,0,0,0,
0001799983,0000950103-25-002316,2025-02-16,2025-02-24,0001293451,Tencent Holdings Ltd,Global Blue Group Holding AG,ok,full,1.0,2025-02-18,SC 14D9,A,0001628280-25-006034,3,0,0,0,0,0,
0001800315,0001193125-25-285070,2025-11-10,2025-11-17,0001802528,Fairmount Funds Management LLC,"Galecto, Inc.",ok,full,0.0,,,,,0,0,0,0,0,0,
0001800347,0000902664-23-005125,2023-10-13,2023-10-16,0001791786,Elliott Investment Management L.P.,"E2open Parent Holdings, Inc.",ok,full,0.0,,,,,0,0,0,0,0,0,
0001800347,0001104659-25-059683,2025-06-09,2025-06-16,0001352851,Magnetar Financial LLC,"E2open Parent Holdings, Inc.",ok,full,1.0,2025-08-04,8-K,A,0001193125-25-172643,1,0,0,0,1,1,2025-05-27
0001800373,0001477932-23-003934,2021-04-30,2023-05-23,0001978463,Yang Li,"GOLDENWELL BIOTECH, INC.",ok,full,0.0,,,,,0,0,0,0,0,0,
0001800373,0001477932-23-003936,2021-04-30,2023-05-23,0001978773,Liu Shuang,"GOLDENWELL BIOTECH, INC.",ok,full,0.0,,,,,0,0,0,0,0,0,
0001800373,0001477932-23-003912,2023-04-27,2023-05-23,0001978464,Xie Hua,"GOLDENWELL BIOTECH, INC.",ok,full,0.0,,,,,0,0,0,0,0,0,
0001800392,0001829126-23-000118,2022-12-28,2023-01-05,0001843681,Guosheng Holdings Ltd,MicroAlgo Inc.,ok,full,0.0,,,,,0,0,0,0,1,1,2022-10-04
0001800392,0001829126-23-000119,2022-12-28,2023-01-05,0001951334,"MIDI Capital Markets,LLC",MicroAlgo Inc.,ok,full,0.0,,,,,0,0,0,0,1,1,2022-10-04
0001800392,0001829126-23-000120,2022-12-28,2023-01-05,0001951454,Milestone Investments Ltd,MicroAlgo Inc.,ok,full,0.0,,,,,0,0,0,0,1,1,2022-10-04
0001800392,0001829126-23-000121,2022-12-28,2023-01-05,0001770088,WiMi Hologram Cloud Inc.,MicroAlgo Inc.,ok,full,0.0,,,,,0,0,0,0,1,1,2022-10-04
0001800637,0001731122-22-001839,2022-10-26,2022-11-03,0001952456,Beginin Marc,Agrify Corp,ok,full,0.0,,,,,0,0,0,0,0,0,
0001800637,0001213900-22-084065,2022-12-20,2022-12-30,0001831402,Chang Raymond Nobu,Agrify Corp,ok,full,0.0,,,,,0,0,0,0,0,0,
0001800637,0001213900-24-007418,2024-01-25,2024-01-29,0002009461,Chan I-Tseng Jenny,Agrify Corp,ok,full,1.0,2024-04-22,8-K,A,0001213900-24-034983,2,0,0,1,0,0,
0001800637,0001213900-24-097577,2024-11-05,2024-11-13,0002043397,"RSLGH, LLC",Agrify Corp,ok,full,0.0,,,,,0,0,0,0,1,1,2024-05-16
0001800682,0000921895-23-000836,2023-04-02,2023-04-04,0001865521,Cooperstone Elliot,"Cano Health, Inc.",ok,full,0.0,,,,,0,0,0,0,0,0,
0001800682,0001193805-23-000497,2023-04-02,2023-04-05,0001574484,Gold Lewis,"Cano Health, Inc.",ok,full,0.0,,,,,0,0,0,0,0,0,
0001800682,0001140361-24-032675,2024-06-28,2024-07-08,0002007642,"Anchorage Capital Advisors, L.P.","Cano Health, Inc.",ok,full,0.0,,,,,0,0,0,0,0,0,
0001800682,0001140361-24-032709,2024-06-28,2024-07-08,0001661655,"Nut Tree Capital Management, LP","Cano Health, Inc.",ok,full,0.0,,,,,0,0,0,0,0,0,
0001801602,0001140361-22-024010,2022-06-14,2022-06-24,0001934211,Harris Jeffrey Todd,"SpringBig Holdings, Inc.",ok,full,,,,,,0,0,1,1,1,1,2021-11-09
0001801602,0001493152-24-030818,2024-08-01,2024-08-08,0002021114,"Lightbank Asset Management, LLC","SpringBig Holdings, Inc.",ok,full,0.0,,,,,0,0,0,0,0,1,2021-11-09
0001801834,0001213900-24-072399,2024-08-22,2024-08-26,0001749628,L.I.A. Pure Capital Ltd,PAINREFORM LTD.,ok,full,0.0,,,,,0,0,0,0,0,0,
0001802255,0000950170-25-012420,2025-01-28,2025-02-03,0002038820,"Bindley Capital Partners I, LLC","Guardian Pharmacy Services, Inc.",ok,full,0.0,,,,,0,0,0,0,1,1,2024-09-30
0001802768,0000950103-25-006385,2025-05-16,2025-05-23,0001507678,Legorreta Pablo G.,Royalty Pharma plc,ok,full,0.0,,,,,0,0,0,0,1,1,2025-04-11
0001802974,0000899140-25-000768,2025-06-06,2025-06-13,0002069986,Globalharvest Holdings Venture Ltd,"Mission Produce, Inc.",ok,full,1.0,2026-01-15,8-K,A,0001193125-26-013366,1,0,0,0,0,0,
0001802974,0000899140-25-001207,2025-11-03,2025-11-05,0002069986,Globalharvest Holdings Venture Ltd,"Mission Produce, Inc.",ok,full,1.0,2026-01-15,8-K,A,0001193125-26-013366,1,0,0,0,0,0,
0001803112,0001341004-22-000144,2022-05-24,2022-05-24,0001911313,Junique Laurent,TDCX Inc.,ok,full,0.0,,,,,0,0,0,0,0,0,
0001803407,0001213900-24-015082,2024-02-07,2024-02-20,0002012517,"MIDEA INTERNATIONAL CO., Ltd","Ostin Technology Group Co., Ltd.",ok,full,0.0,,,,,0,0,0,0,0,0,
0001803901,0000919574-23-000087,2023-01-04,2023-01-06,0001638266,"HARBOR SPRING MASTER FUND, LP","Talkspace, Inc.",ok,full,0.0,,,,,0,0,0,0,0,1,2021-05-28
0001803914,0000950142-22-003306,2022-12-07,2022-12-07,0001771067,Builders Union LLP,"PLBY Group, Inc.",ok,full,0.0,,,,,0,0,0,0,0,1,2021-01-21
0001804469,0001213900-25-053534,2025-05-02,2025-06-11,0002072068,WANG LEI,"Guardforce AI Co., Ltd.",ok,full,0.0,,,,,0,0,0,0,0,0,
0001804583,0001193125-25-335956,2025-12-22,2025-12-30,0001483503,TB Alternative Assets Ltd.,Cloopen Group Holding Ltd,ok,full,0.0,,,,,0,0,0,0,0,0,
0001804591,0001387131-22-011097,2021-06-16,2022-11-04,0001131399,GSK PLC,23andMe Holding Co.,ok,full,,,,,,0,0,1,3,1,1,2021-05-17
0001804591,0001214659-25-004427,2025-03-12,2025-03-17,0001946012,Zentree Investments Ltd,23andMe Holding Co.,ok,full,0.0,,,,,0,0,0,0,0,1,2021-05-17
0001805077,0001011438-24-000386,2024-06-21,2024-06-28,0002027951,"Cerberus Capital Management II, L.P.","Eos Energy Enterprises, Inc.",ok,full,0.0,,,,,0,0,0,0,0,0,
0001805087,0001104659-22-006343,2022-01-13,2022-01-21,0001902646,HPSO SPV Ltd,"GELESIS HOLDINGS, INC.",ok,full,,,,,,0,0,1,1,1,1,2022-01-03
0001805087,0001193125-22-014849,2022-01-13,2022-01-21,0001727395,PureTech Health LLC,"GELESIS HOLDINGS, INC.",ok,full,,,,,,0,0,1,1,1,1,2022-01-03
0001805284,0001418812-25-000016,2025-05-09,2025-05-15,0001418812,"VA Partners I, LLC","Rocket Companies, Inc.",ok,full,0.0,,,,,0,0,0,0,0,0,
0001805284,0000950142-25-001861,2025-06-30,2025-07-08,0001569007,Gilbert Daniel B,"Rocket Companies, Inc.",ok,full,0.0,,,,,0,0,0,0,0,0,
0001805385,0001628280-23-001760,2023-01-30,2023-01-30,0001869206,Ellenbogen Michael,"Evolv Technologies Holdings, Inc.",ok,full,0.0,,,,,0,0,0,0,0,0,
0001805385,0000950170-25-011256,2025-01-23,2025-01-30,0002043279,Stoic Point Capital Management LLC,"Evolv Technologies Holdings, Inc.",ok,full,0.0,,,,,0,0,0,0,0,0,
0001805526,0001213900-25-029871,2025-04-04,2025-04-08,0002060008,DEFI DEV LLC,Janover Inc.,ok,full,0.0,,,,,0,0,0,0,0,0,
0001805651,0001140361-22-032948,2022-07-27,2022-09-09,0001871335,Stansberry Frank Porter,"MARKETWISE, INC.",ok,full,,,,,,0,0,1,1,0,0,
0001805651,0001628280-23-032277,2023-08-31,2023-09-14,0001875753,"Monument & Cathedral Holdings, LLC","MARKETWISE, INC.",ok,full,0.0,,,,,0,0,0,0,0,0,
0001805833,0001567619-22-002663,2022-01-27,2022-02-07,0001814538,BGPT Trebia LP,"System1, Inc.",ok,full,,,,,,0,0,1,2,1,1,2021-09-16
0001805833,0001567619-22-002670,2022-01-27,2022-02-07,0001704720,"Cannae Holdings, Inc.","System1, Inc.",ok,full,,,,,,0,0,1,2,1,1,2021-09-16
0001805833,0001567619-22-002678,2022-01-27,2022-02-07,0001814422,"Trasimene Trebia, LP","System1, Inc.",ok,full,,,,,,0,0,1,2,1,1,2021-09-16
0001805833,0001193125-22-142478,2022-04-20,2022-05-05,0001921800,Baker Nicholas,"System1, Inc.",ok,full,,,,,,0,0,1,1,1,1,2021-09-16
0001805833,0001805833-23-000156,2023-09-01,2023-09-06,0001805833,"System1, Inc.","System1, Inc.",ok,full,,,,,,0,0,1,2,0,1,2021-09-16
0001805833,0001628280-25-022351,2025-05-02,2025-05-05,0002066592,Blend Family Foundation,"System1, Inc.",ok,full,0.0,,,,,0,0,0,0,0,1,2021-09-16
0001805890,0001623632-24-000428,2024-03-18,2024-03-25,0001056288,"FEDERATED HERMES, INC.",Fusion Pharmaceuticals Inc.,ok,full,1.0,2024-04-10,PREM14A,A,0001193125-24-091970,2,0,0,0,0,0,
0001806201,0001104659-25-034605,2025-04-09,2025-04-14,0001532943,"Palogic Value Management, L.P.",Open Lending Corp,ok,full,0.0,,,,,0,0,0,0,0,0,
0001806347,0001140361-22-032392,2022-08-26,2022-09-06,0001860149,"Riverview Sponsor Partners, LLC",Westrock Coffee Co,ok,full,0.0,,,,,0,0,0,0,0,0,
0001806524,0001213900-24-057258,2023-12-14,2024-06-28,0001886288,Wang Chunning,Lion Group Holding Ltd,ok,full,0.0,,,,,0,0,0,0,0,0,
0001806904,0001213900-23-083878,2023-11-02,2023-11-06,0001846562,Ye Jianhui,EZGO Technologies Ltd.,ok,full,0.0,,,,,0,0,0,0,0,0,
0001807120,0000935836-22-000298,2022-03-21,2022-03-31,0001792126,Logos Global Management LP,"Design Therapeutics, Inc.",ok,full,0.0,,,,,0,0,0,0,0,0,
0001807765,0000807249-22-000142,2022-10-17,2022-11-03,0001820063,"PMV Consumer Acquisition Holding Company, LLC",PMV Consumer Acquisition Corp.,ok,full,0.0,,,,,0,0,0,0,0,0,
0001807846,0001213900-22-006966,2021-12-31,2022-02-11,0001883232,Choubey Diwakar,MONEYLION INC.,ok,full,0.0,,,,,0,0,0,0,0,0,
0001807846,0001213900-23-045856,2023-05-24,2023-06-02,0001979054,Frommer Jeffrey,MONEYLION INC.,ok,full,0.0,,,,,0,0,0,0,0,0,
0001808158,0000921895-23-002457,2023-11-02,2023-11-03,0000918923,BIOTECHNOLOGY VALUE FUND L P,Repare Therapeutics Inc.,ok,full,0.0,,,,,0,0,0,0,0,0,
0001808220,0000919574-25-004626,2025-08-06,2025-08-13,0001316622,"REDWOOD CAPITAL MANAGEMENT, LLC","GoHealth, Inc.",ok,full,0.0,,,,,0,0,0,0,0,0,
0001808220,0001011438-25-000411,2025-08-06,2025-08-12,0002050998,Blue Torch Capital LP,"GoHealth, Inc.",ok,full,0.0,,,,,0,0,0,0,0,0,
0001808220,0001396318-25-000019,2025-08-06,2025-08-13,0001396318,PUBLIC SECTOR PENSION INVESTMENT BOARD,"GoHealth, Inc.",ok,full,0.0,,,,,0,0,0,0,0,0,
0001808377,0001376474-24-000516,2024-09-16,2024-09-23,0002020621,Galkin Vladimir,Innovative Eyewear Inc,ok,full,,,,,,0,0,1,1,0,0,
0001808865,0000935836-25-000388,2025-05-15,2025-05-16,0001587114,"EcoR1 Capital, LLC","iTeos Therapeutics, Inc.",ok,full,1.0,2025-07-21,8-K,A,0000950170-25-097079,5,0,0,0,0,0,
0001808865,0001214659-25-009148,2025-06-11,2025-06-12,0001232621,TANG CAPITAL MANAGEMENT LLC,"iTeos Therapeutics, Inc.",ok,full,1.0,2025-07-21,8-K,A,0000950170-25-097079,5,0,0,0,0,0,
0001808898,0000899140-24-000506,2024-04-22,2024-04-29,0001569064,"SUVRETTA CAPITAL MANAGEMENT, LLC",Benitec Biopharma Inc.,ok,full,0.0,,,,,0,0,0,0,0,0,
0001808997,0001193805-23-001235,2023-08-11,2023-08-30,0001580320,"ENGINE CAPITAL, L.P.","American Outdoor Brands, Inc.",ok,full,0.0,,,,,0,0,0,0,0,0,
0001809104,0000921895-24-000526,2024-02-13,2024-02-21,0001517137,Starboard Value LP,"Alight, Inc. / Delaware",ok,full,0.0,,,,,0,0,0,0,0,1,2021-06-04
0001809122,0001213900-22-024223,2022-05-04,2022-05-05,0001918389,von Bohlen und Halback Friedrich,CureVac N.V.,ok,full,0.0,,,,,0,0,0,0,0,0,
0001809122,0001213900-22-024224,2022-05-04,2022-05-05,0001918399,Hettich Christof,CureVac N.V.,ok,full,0.0,,,,,0,0,0,0,0,0,
0001809122,0001213900-22-024225,2022-05-04,2022-05-05,0001918385,Hothum Mathias,CureVac N.V.,ok,full,0.0,,,,,0,0,0,0,0,0,
0001809122,0001999371-25-011273,2025-08-07,2025-08-13,0001131399,GSK plc,CureVac N.V.,ok,full,1.0,2025-10-21,SC 14D9,A,0001104659-25-101286,2,0,0,0,0,0,
0001809519,0001628280-23-031024,2023-08-23,2023-08-31,0001822522,Hirsch Douglas Joseph,"GoodRx Holdings, Inc.",ok,full,0.0,,,,,0,0,0,0,0,0,
0001809519,0001628280-23-031025,2023-08-23,2023-08-31,0001822104,Bezdek Trevor,"GoodRx Holdings, Inc.",ok,full,0.0,,,,,0,0,0,0,0,0,
0001809541,0001062993-23-007884,2023-03-24,2023-03-28,0001510281,"Saba Capital Management, L.P.",BlackRock Capital Allocation Trust,ok,full,0.0,,,,,0,0,0,0,0,0,
0001809587,0001104659-24-066397,2024-05-22,2024-05-30,0001976097,Ever Orient International Ltd,KE Holdings Inc.,ok,full,0.0,,,,,0,0,0,0,0,0,
0001809750,0000921895-23-000990,2023-04-27,2023-05-02,0001975696,Zella Tribe Limited Partnership,Edible Garden AG Inc,ok,full,0.0,,,,,0,0,0,0,0,0,
0001810140,0001941040-23-000029,2023-01-20,2023-01-26,0001050463,MORGAN DEMPSEY CAPITAL MANAGEMENT LLC,Polished.com Inc.,ok,full,0.0,,,,,0,0,0,0,0,0,
0001810560,0001213900-22-007741,2022-02-04,2022-02-15,0001287235,TIDMARSH GEORGE F,"REVELATION BIOSCIENCES, INC.",ok,full,0.0,,,,,0,0,0,0,1,1,2021-09-02
0001811074,0001398344-24-000853,2024-01-17,2024-01-22,0001504304,"Bulldog Investors, LLP",Texas Pacific Land Corp,ok,full,0.0,,,,,0,0,0,0,0,0,
0001811109,0001213900-23-008635,2023-01-26,2023-02-07,0001963128,STERN BRIAN ANDREW,"Applied UV, Inc.",ok,full,,,,,,0,0,1,2,0,0,
0001811115,0001341004-23-000051,2023-02-10,2023-02-10,0001883139,ICAHN SCHOOL OF MEDICINE AT MOUNT SINAI,Renalytix plc,ok,full,0.0,,,,,0,0,0,0,0,0,
0001811530,0001599916-22-000010,2021-12-16,2022-01-12,0001825080,Ishizuka Koichi,"Next Meats Holdings, Inc.",ok,full,,,,,,0,0,1,1,0,0,
0001811530,0001599916-22-000031,2021-12-16,2022-01-28,0001906228,Shirai Ryo,"Next Meats Holdings, Inc.",ok,full,,,,,,0,0,1,1,0,0,
0001811530,0001599916-22-000032,2021-12-16,2022-01-28,0001906131,Sasaki Hideyuki,"Next Meats Holdings, Inc.",ok,full,,,,,,0,0,1,1,0,0,
0001811623,0001104659-22-098915,2022-08-25,2022-09-09,0001800690,TardiMed Sciences LLC,"PaxMedica, Inc.",ok,full,0.0,,,,,0,0,0,0,0,0,
0001811764,0000921895-23-002462,2023-11-02,2023-11-06,0000918923,BIOTECHNOLOGY VALUE FUND L P,POINT Biopharma Global Inc.,ok,full,,,,,,0,0,1,1,1,1,2023-10-13
0001811856,0001013762-23-006983,2023-10-16,2023-10-26,0001811785,"CF Finance Holdings II, LLC","View, Inc.",ok,full,0.0,,,,,0,0,0,0,0,1,2021-01-11
0001811935,0001628279-25-000651,2025-09-18,2025-09-25,0002086238,Wright David K.,Pattern Group Inc.,ok,full,0.0,,,,,0,0,0,0,0,0,
0001812360,0001213900-24-009950,2024-01-19,2024-02-05,0001564335,WHITE MARK BRIAN,FOXO TECHNOLOGIES INC.,ok,full,0.0,,,,,0,0,0,0,1,1,2023-03-10
0001812360,0001213900-24-009951,2024-01-19,2024-02-05,0001564377,WARD MARTIN CHRISTOPHER,FOXO TECHNOLOGIES INC.,ok,full,0.0,,,,,0,0,0,0,1,1,2023-03-10
0001812360,0001213900-24-014523,2024-01-19,2024-02-15,0002009122,Christopher Spencer C,FOXO TECHNOLOGIES INC.,ok,full,0.0,,,,,0,0,0,0,1,1,2023-03-10
0001812360,0001493152-24-030252,2024-07-17,2024-08-05,0000931059,"Rennova Health, Inc.",FOXO TECHNOLOGIES INC.,ok,full,0.0,,,,,0,0,0,0,0,1,2023-03-10
0001812477,0001104659-24-065417,2024-05-21,2024-05-28,0001167419,"Riot Platforms, Inc.",Bitfarms Ltd,ok,full,0.0,,,,,0,0,0,0,0,0,
0001813658,0001104659-22-012844,2022-01-27,2022-02-07,0001909358,ACE SO5 Holdings Ltd,ACE Convergence Acquisition Corp.,ok,full,,,,,,0,0,1,2,0,0,
0001813658,0000902664-22-005029,2022-11-22,2022-12-05,0001954961,"Point72 Private Investments, LLC","Tempo Automation Holdings, Inc.",ok,full,,,,,,0,0,1,1,0,0,
0001813658,0001104659-22-123659,2022-11-22,2022-12-01,0001813657,ACE Convergence Acquisition LLC,"Tempo Automation Holdings, Inc.",ok,full,,,,,,0,0,1,1,0,0,
0001813756,0000950103-24-008513,2024-06-11,2024-06-18,0001218199,"KING STREET CAPITAL MANAGEMENT, L.P.",WeWork Inc.,ok,full,0.0,,,,,0,0,0,0,0,1,2021-10-18
0001813756,0001422849-24-000034,2024-06-11,2024-06-18,0001422849,Capital World Investors,WeWork Inc.,ok,full,0.0,,,,,0,0,0,0,0,1,2021-10-18
0001813783,0001341004-24-000018,2024-01-17,2024-01-29,0001758646,Investissement Quebec,Vision Marine Technologies Inc.,ok,full,0.0,,,,,0,0,0,0,0,0,
0001814287,0000902664-22-003732,2022-07-25,2022-07-27,0001165408,"ADAGE CAPITAL PARTNERS GP, L.L.C.",East Resources Acquisition Co,ok,full,1.0,2022-10-14,8-K,A,0001193125-22-262995,4,0,0,2,0,0,
0001814287,0001683168-24-008597,2024-12-02,2024-12-10,0002048094,"Pillo Portsmouth Holding Company, LLC","Abacus Life, Inc.",ok,full,0.0,,,,,0,0,0,0,0,1,2023-06-14
0001814329,0001140361-23-053664,2023-11-06,2023-11-16,0002001032,JMCM Holdings LLC,"Astra Space, Inc.",ok,full,1.0,2024-03-12,8-K,A,0001193125-24-065330,1,1,0,1,0,0,
0001814329,0001213900-24-022768,2024-03-07,2024-03-14,0001881973,ERAS Capital LLC,"Astra Space, Inc.",ok,full,1.0,2024-03-12,8-K,A,0001193125-24-065330,1,1,0,1,0,0,
0001814329,0001213900-24-022709,2024-03-08,2024-03-14,0002015601,Gall Ulrich,"Astra Space, Inc.",ok,full,1.0,2024-03-12,8-K,A,0001193125-24-065330,1,0,0,1,0,0,
0001815086,0001013762-23-001590,2022-10-13,2023-10-04,0001825925,Wong Daniel,Bridgetown Holdings Ltd,ok,full,1.0,2023-09-26,DEFM14A,A,0001193125-23-242474,2,0,0,1,0,0,
0001815442,0001104659-24-041578,2024-03-28,2024-04-01,0001263508,BAKER BROS. ADVISORS LP,"Kymera Therapeutics, Inc.",ok,full,0.0,,,,,0,0,0,0,0,0,
0001815776,0001104659-24-040539,2024-03-21,2024-03-28,0001346824,"RA CAPITAL MANAGEMENT, L.P.","LENZ Therapeutics, Inc.",ok,full,,,,,,0,0,1,1,0,0,
0001815849,0000950103-23-009277,2023-06-15,2023-06-26,0000937226,ONEX CORP,"ATI Physical Therapy, Inc.",ok,full,0.0,,,,,0,0,0,0,0,1,2021-05-14
0001815849,0000950103-23-009282,2023-06-15,2023-06-26,0001983009,"Marathon Asset Management GP, L.L.C.","ATI Physical Therapy, Inc.",ok,full,0.0,,,,,0,0,0,0,0,1,2021-05-14
0001815849,0001341004-24-000099,2024-05-14,2024-05-21,0002024046,"FIG Buyer GP, LLC","ATI Physical Therapy, Inc.",ok,full,0.0,,,,,0,0,0,0,0,1,2021-05-14
0001816736,0000902664-22-004509,2022-09-28,2022-10-11,0001165408,"ADAGE CAPITAL PARTNERS GP, L.L.C.","Gemini Therapeutics, Inc. /DE",ok,full,0.0,,,,,0,0,0,0,0,1,2021-02-11
0001817004,0001493152-25-008719,2025-02-13,2025-02-28,0002058703,Sarwat Arif I,"NEXTNRG, INC.",ok,full,0.0,,,,,0,0,0,0,0,0,
0001817153,0001213900-22-073206,2022-11-15,2022-11-16,0001826789,IBIS Capital Sponsor II LLC,EdtechX Holdings Acquisition Corp. II,ok,full,0.0,,,,,0,0,0,0,1,1,2022-05-17
0001817218,0001721757-22-000002,2022-12-14,2022-12-30,0001721757,DV Trading LLC,ConvexityShares Trust,ok,full,0.0,,,,,0,0,0,0,0,0,
0001817218,0001721757-22-000003,2022-12-14,2022-12-30,0001721757,DV Trading LLC,ConvexityShares Trust,ok,full,0.0,,,,,0,0,0,0,0,0,
0001817229,0001415889-25-001009,2024-12-30,2025-01-07,0002050755,Reprogrammed Interchange LLC,Vor Biopharma Inc.,ok,full,0.0,,,,,0,0,0,0,0,0,
0001817229,0001193125-25-330843,2025-12-18,2025-12-23,0002050902,ForGrowth III PA B.V.,Vor Biopharma Inc.,ok,full,0.0,,,,,0,0,0,0,0,0,
0001817232,0001213900-23-070958,2023-08-16,2023-08-25,0001937147,"Funicular Funds, LP",Dune Acquisition Corp,ok,full,1.0,2023-08-23,8-K,A,0001213900-23-070262,4,0,0,0,1,1,2023-06-05
0001817232,0001140361-24-000215,2023-12-21,2024-01-02,0001823247,Dune Acquisition Holdings LLC,Global Gas Corp,ok,full,0.0,,,,,0,0,0,0,1,1,2023-12-04
0001817232,0001140361-24-000216,2023-12-21,2024-01-02,0001823600,Nance William Bennett,Global Gas Corp,ok,full,0.0,,,,,0,0,0,0,1,1,2023-12-04
0001817740,0000912282-23-000514,2022-05-03,2023-11-20,0001964304,Ovsenek Joseph John,Austin Gold Corp.,ok,full,0.0,,,,,0,0,0,0,0,0,
0001817740,0000912282-23-000516,2022-05-03,2023-11-20,0001134878,HIGGS DENNIS LYLE,Austin Gold Corp.,ok,full,0.0,,,,,0,0,0,0,0,0,
0001817740,0000912282-23-000518,2022-05-03,2023-11-20,0001134867,HIGGS DARCY ALAN,Austin Gold Corp.,ok,full,0.0,,,,,0,0,0,0,0,0,
0001817740,0000912282-23-000521,2022-05-03,2023-11-20,0001964307,McNaughton Kenneth Charles,Austin Gold Corp.,ok,full,0.0,,,,,0,0,0,0,0,0,
0001818331,0000944809-22-000025,2022-04-29,2022-05-09,0000944809,"OPKO HEALTH, INC.",Sema4 Holdings Corp.,ok,full,0.0,,,,,0,0,0,0,1,1,2022-03-31
0001818383,0000950157-23-000723,2023-06-30,2023-06-30,0000776867,WHITE MOUNTAINS INSURANCE GROUP LTD,"MediaAlpha, Inc.",ok,full,0.0,,,,,0,0,0,0,1,1,2023-06-09
0001818605,0001104659-23-026016,2023-02-17,2023-02-27,0001818603,Xiaosen Sponsor LLC,Distoken Acquisition Corp,ok,full,0.0,,,,,0,0,0,0,0,0,
0001818644,0000947871-22-000266,2021-08-16,2022-02-23,0001877925,Dussan Luis,"AEye, Inc.",ok,full,,,,,,0,0,1,1,1,1,2021-05-03
0001818844,0001104659-24-108596,2024-10-07,2024-10-15,0002040446,Sealbond Ltd,"Virios Therapeutics, Inc.",ok,full,0.0,,,,,0,0,0,0,0,0,
0001819142,0001193125-22-041369,2022-02-03,2022-02-14,0001497345,General Motors Holdings LLC,SES AI Corp,ok,full,0.0,,,,,0,0,0,0,0,0,
0001819253,0001214659-23-008523,2023-06-05,2023-06-15,0001873893,325 CAPITAL LLC,biote Corp.,ok,full,0.0,,,,,0,0,0,0,0,1,2022-05-05
0001819253,0000919574-25-003576,2025-06-05,2025-06-12,0002062000,Roystone Management Holdings LLC,biote Corp.,ok,full,0.0,,,,,0,0,0,0,0,1,2022-05-05
0001819395,0001875985-25-000007,2024-09-30,2025-01-15,0001875985,Davidson Francis,Sonder Holdings Inc.,ok,full,0.0,,,,,0,0,0,0,0,1,2022-08-11
0001819395,0000921895-24-002833,2024-11-06,2024-11-27,0002044859,Gupta Prashant,Sonder Holdings Inc.,ok,full,0.0,,,,,0,0,0,0,0,1,2022-08-11
0001819493,0001213900-22-049693,2022-08-09,2022-08-19,0001878366,Aljomaih Automotive Co.,"Xos, Inc.",ok,full,0.0,,,,,0,0,0,0,0,1,2021-02-22
0001819516,0000950103-23-014029,2023-09-20,2023-09-26,0001994757,CK Wheels LLC,Wheels Up Experience Inc.,ok,full,0.0,,,,,0,0,0,0,0,1,2021-07-19
0001819574,0001104659-23-110131,2022-12-31,2023-10-19,0001352851,Magnetar Financial LLC,"Bark, Inc.",ok,full,0.0,,,,,0,0,0,0,0,0,
0001819584,0000919574-22-002704,2022-03-31,2022-04-12,0001890372,"Virgo Hermes, LLC",Volta Inc.,ok,full,1.0,2023-01-18,8-K,A,0001213900-23-003433,3,0,0,1,0,0,
0001819615,0001104659-24-062145,2024-05-02,2024-05-15,0002023604,BCM Investimentos Fundo de Investimento Multimercado Credito Privado Investimento no Exterior,Clever Leaves Holdings Inc.,ok,full,0.0,,,,,0,0,0,0,0,0,
0001819704,0001213900-23-001206,2022-12-28,2023-01-06,0001960054,Kufu Co Inc.,Medirom Healthcare Technologies Inc.,ok,full,0.0,,,,,0,0,0,0,0,0,
0001819794,0001493152-25-026226,2025-11-26,2025-12-04,0001958158,Backwell John-Paul,Fusion Fuel Green PLC,ok,full,0.0,,,,,0,0,0,0,0,0,
0001819794,0001493152-25-026227,2025-11-26,2025-12-04,0002093053,Figueira de Chaves Frederico,Fusion Fuel Green PLC,ok,full,0.0,,,,,0,0,0,0,0,0,
0001820144,0001140361-22-043283,2022-11-18,2022-11-28,0001835080,Gupta Ashish,Grindr Inc.,ok,full,,,,,,0,0,1,1,0,0,
0001820144,0001140361-22-043284,2022-11-18,2022-11-28,0001833678,Zage George Raymond III,Grindr Inc.,ok,full,,,,,,0,0,1,1,0,0,
0001820144,0001140361-22-043285,2022-11-18,2022-11-28,0001937262,Lu James Fu Bin,Grindr Inc.,ok,full,,,,,,0,0,1,1,0,0,
0001820144,0001140361-22-043286,2022-11-18,2022-11-28,0001060571,GEARON J MICHAEL JR,Grindr Inc.,ok,full,,,,,,0,0,1,1,0,0,
0001820144,0001140361-22-043287,2022-11-18,2022-11-28,0001954178,Brest Jeremy,Grindr Inc.,ok,full,,,,,,0,0,1,1,0,0,
0001820190,0001193125-22-287802,2022-11-10,2022-11-17,0000850261,"Sorrento Therapeutics, Inc.",Scilex Holding Company/DE,ok,full,,,,,,0,0,1,1,1,1,2022-10-18
0001820302,0001193125-25-272844,2025-10-31,2025-11-07,0002062543,Naheta Akshay Sudhir,"Bakkt Holdings, Inc.",ok,full,1.0,2026-02-04,PREM14A,A,0001193125-26-036881,2,0,0,0,0,1,2021-09-17
0001820566,0001193125-22-048712,2022-02-11,2022-02-22,0001907719,Kallery David S,Inspirato Inc,ok,full,,,,,,0,0,1,1,1,1,2021-09-16
0001820566,0001193125-22-048730,2022-02-11,2022-02-22,0001907575,Handler Brent L,Inspirato Inc,ok,full,,,,,,0,0,1,1,1,1,2021-09-16
0001820566,0000950103-24-012337,2024-08-12,2024-08-16,0001939800,One Planet Group LLC,Inspirato Inc,ok,full,1.0,2025-07-25,PREM14A,A,0001820566-25-000089,1,0,0,0,0,1,2021-09-16
0001820566,0000921895-25-002078,2025-07-29,2025-08-04,0002014854,Stoney Lonesome HF LP,Inspirato Inc,ok,full,1.0,2025-08-29,DEFM14A,A,0001820566-25-000145,5,0,0,0,1,1,2025-07-25
0001820566,0001415889-25-020768,2025-07-31,2025-07-31,0001907575,Handler Brent L,Inspirato Inc,ok,full,1.0,2025-08-29,DEFM14A,A,0001820566-25-000145,5,0,0,0,1,1,2025-07-25
0001820872,0001104659-22-067106,2022-05-27,2022-06-01,0001566491,Apollo Principal Holdings III GP Ltd,"Global Business Travel Group, Inc.",ok,full,1.0,2022-11-23,SC TO-C,A+B,0001140361-22-042983,1,0,0,0,0,0,
0001820872,0001104659-22-068218,2022-05-27,2022-06-06,0000004962,AMERICAN EXPRESS CO,"Global Business Travel Group, Inc.",ok,full,1.0,2022-11-23,SC TO-C,A+B,0001140361-22-042983,1,0,0,0,0,0,
0001820872,0001104659-22-068567,2022-05-27,2022-06-06,0001324424,"Expedia Group, Inc.","Global Business Travel Group, Inc.",ok,full,1.0,2022-11-23,SC TO-C,A+B,0001140361-22-042983,1,0,0,0,0,0,
0001820872,0001104659-22-068613,2022-05-27,2022-06-06,0001931210,Juweel Investors (SPC) Ltd,"Global Business Travel Group, Inc.",ok,full,1.0,2022-11-23,SC TO-C,A+B,0001140361-22-042983,1,0,0,0,0,0,
0001820872,0001140361-24-002515,2024-01-11,2024-01-17,0001441449,Qatar Investment Authority,"Global Business Travel Group, Inc.",ok,full,0.0,,,,,0,0,0,0,0,1,2022-11-23
0001820872,0001441449-25-000008,2025-09-09,2025-10-02,0001441449,Qatar Investment Authority,"Global Business Travel Group, Inc.",ok,full,1.0,2026-05-04,8-K,A,0001140361-26-018699,3,0,0,0,0,1,2022-11-23
0001821075,0001213900-22-078879,2022-11-29,2022-12-12,0001956924,"Lake Street Landlords, LLC","Appreciate Holdings, Inc.",ok,full,0.0,,,,,0,0,0,0,1,1,2022-10-28
0001821160,0000902664-25-002534,2025-05-20,2025-05-23,0001767366,"Bayview Asset Management, LLC",Guild Holdings Co,ok,full,1.0,2025-06-20,8-K,A,0001104659-25-061171,2,0,0,0,0,0,
0001821169,0001213900-22-024233,2021-04-13,2022-05-05,0001744016,Edwards Bryant B,"Global SPAC Partners Co,",ok,full,1.0,2022-01-10,PREM14A,A,0001213900-22-001234,1,0,0,1,0,0,
0001821175,0001493152-23-003058,2023-01-30,2023-01-31,0001840255,"Motorsport Network, LLC",Motorsport Games Inc.,ok,full,0.0,,,,,0,0,0,0,0,0,
0001821175,0001641172-25-010857,2025-04-11,2025-05-15,0002067154,Sharp Arrow Global Tech Ventures L.P.,Motorsport Games Inc.,ok,full,0.0,,,,,0,0,0,0,0,0,
0001821349,0001178913-22-002619,2022-06-30,2022-07-11,0001843800,Matalon Barak,NeoGames S.A.,ok,full,0.0,,,,,0,0,0,0,0,0,
0001821424,0001213900-24-020579,2024-03-06,2024-03-07,0001844803,Mao Daqing,Ucommune International Ltd,ok,full,0.0,,,,,0,0,0,0,0,0,
0001821468,0000950170-24-127386,2024-11-13,2024-11-15,0001821468,17 Education & Technology Group Inc.,17 Education & Technology Group Inc.,ok,full,0.0,,,,,0,0,0,0,0,0,
0001821534,0000950170-25-105821,2025-01-03,2025-08-08,0002079200,FTX Recovery Trust,"Exodus Movement, Inc.",ok,full,0.0,,,,,0,0,0,0,0,0,
0001821586,0000921895-22-001288,2022-04-05,2022-04-18,0000918923,BIOTECHNOLOGY VALUE FUND L P,MoonLake Immunotherapeutics,ok,full,0.0,,,,,0,0,0,0,1,1,2022-02-14
0001821769,0000921895-25-000634,2025-02-20,2025-02-27,0001943408,Singh Ranbir,Navitas Semiconductor Corp,ok,full,0.0,,,,,0,0,0,0,0,1,2021-10-07
0001821850,0001104659-22-017242,2021-10-02,2022-02-10,0001566491,Apollo Principal Holdings III GP Ltd,Sunlight Financial Holdings Inc.,ok,full,0.0,,,,,0,0,0,0,0,0,
0001822145,0001104659-23-111835,2022-09-21,2023-10-27,0001827795,"Cleveland Avenue Food & Beverage Fund II, LP",Presto Automation Inc.,ok,full,,,,,,0,0,1,1,1,1,2021-11-10
0001822145,0001213900-22-061282,2022-09-21,2022-10-03,0001945017,Suri Rajat,Presto Automation Inc.,ok,full,,,,,,0,0,1,1,1,1,2021-11-10
0001822691,0001123292-22-000071,2022-02-02,2022-02-25,0001913543,"Fall Line Endurance GP, LLC","GreenLight Biosciences Holdings, PBC",ok,full,,,,,,0,0,1,1,0,0,
0001822691,0000897069-23-000695,2023-05-29,2023-06-07,0001761971,"Series Greenlight, a separate series of BlueIO Growth LLC","GreenLight Biosciences Holdings, PBC",ok,full,1.0,2023-05-30,8-K,A,0001193125-23-155988,4,0,0,0,0,0,
0001822691,0000897069-23-000703,2023-05-29,2023-06-08,0001980578,Steinberg Michael,"GreenLight Biosciences Holdings, PBC",ok,full,1.0,2023-05-30,8-K,A,0001193125-23-155988,4,0,0,0,0,0,
0001822691,0000897069-23-000705,2023-05-29,2023-06-08,0001980020,Sagar Rosemary,"GreenLight Biosciences Holdings, PBC",ok,full,1.0,2023-05-30,8-K,A,0001193125-23-155988,4,0,0,0,0,0,
0001822691,0000929638-23-001697,2023-05-29,2023-06-08,0001618442,"Cormorant Global Healthcare Master Fund, LP","GreenLight Biosciences Holdings, PBC",ok,full,1.0,2023-05-30,8-K,A,0001193125-23-155988,4,0,0,0,0,0,
0001822691,0000950127-23-000019,2023-05-29,2023-06-08,0001980616,Insud Pharma S.L.,"GreenLight Biosciences Holdings, PBC",ok,full,1.0,2023-05-30,8-K,A,0001193125-23-155988,4,0,0,0,0,0,
0001822691,0000950157-23-000795,2023-05-29,2023-07-25,0001985495,RPB VENTURES LLC,"GreenLight Biosciences Holdings, PBC",ok,full,1.0,2023-05-30,8-K,A,0001193125-23-155988,4,0,0,0,0,0,
0001822691,0000950170-23-026620,2023-05-29,2023-06-06,0001908352,Ortega-Valle Marta,"GreenLight Biosciences Holdings, PBC",ok,full,1.0,2023-05-30,8-K,A,0001193125-23-155988,4,0,0,0,0,0,
0001822691,0000950170-23-026941,2023-05-29,2023-06-08,0001980228,DHAMANKAR HIMANSHU HEMANT,"GreenLight Biosciences Holdings, PBC",ok,full,1.0,2023-05-30,8-K,A,0001193125-23-155988,4,0,0,0,0,0,
0001822691,0000950170-23-026942,2023-05-29,2023-06-08,0001980543,Aulisa Lorenzo,"GreenLight Biosciences Holdings, PBC",ok,full,1.0,2023-05-30,8-K,A,0001193125-23-155988,4,0,0,0,0,0,
0001822691,0000950170-23-026946,2023-05-29,2023-06-08,0001980394,Serum Life Sciences Ltd,"GreenLight Biosciences Holdings, PBC",ok,full,1.0,2023-05-30,8-K,A,0001193125-23-155988,4,0,0,0,0,0,
0001822691,0000950170-23-026957,2023-05-29,2023-06-08,0001980454,Iwuchukwu Ifeyinwa Jane,"GreenLight Biosciences Holdings, PBC",ok,full,1.0,2023-05-30,8-K,A,0001193125-23-155988,4,0,0,0,0,0,
0001822691,0000950170-23-026963,2023-05-29,2023-06-08,0001980452,RAMACHANDRIYA DHARMAN KARTHIKEYAN,"GreenLight Biosciences Holdings, PBC",ok,full,1.0,2023-05-30,8-K,A,0001193125-23-155988,4,0,0,0,0,0,
0001822691,0000950170-23-026992,2023-05-29,2023-06-08,0001980597,Gupta Sweta Kumari,"GreenLight Biosciences Holdings, PBC",ok,full,1.0,2023-05-30,8-K,A,0001193125-23-155988,4,0,0,0,0,0,
0001822691,0000950170-23-026996,2023-05-29,2023-06-08,0001980539,Macadino Caitlin,"GreenLight Biosciences Holdings, PBC",ok,full,1.0,2023-05-30,8-K,A,0001193125-23-155988,4,0,0,0,0,0,
0001822691,0000950170-23-027168,2023-05-29,2023-06-09,0001980756,Senczuk Anna Maria,"GreenLight Biosciences Holdings, PBC",ok,full,1.0,2023-05-30,8-K,A,0001193125-23-155988,4,0,0,0,0,0,
0001822691,0000950170-23-027597,2023-05-29,2023-06-13,0001399290,Brewster David B,"GreenLight Biosciences Holdings, PBC",ok,full,1.0,2023-05-30,8-K,A,0001193125-23-155988,4,0,0,0,0,0,
0001822691,0000950170-23-029276,2023-05-29,2023-06-22,0001981573,Lurantos Maria Helena,"GreenLight Biosciences Holdings, PBC",ok,full,1.0,2023-05-30,8-K,A,0001193125-23-155988,4,0,0,0,0,0,
0001822691,0001099910-23-000111,2023-05-29,2023-06-07,0001980224,Richard Roger David,"GreenLight Biosciences Holdings, PBC",ok,full,1.0,2023-05-30,8-K,A,0001193125-23-155988,4,0,0,0,0,0,
0001822691,0001099910-23-000126,2023-05-29,2023-06-08,0001980756,Senczuk Anna Maria,"GreenLight Biosciences Holdings, PBC",ok,full,1.0,2023-05-30,8-K,A,0001193125-23-155988,4,0,0,0,0,0,
0001822691,0001104659-23-069384,2023-05-29,2023-06-08,0001035443,"ALEXANDRIA REAL ESTATE EQUITIES, INC.","GreenLight Biosciences Holdings, PBC",ok,full,1.0,2023-05-30,8-K,A,0001193125-23-155988,4,0,0,0,0,0,
0001822691,0001104659-23-069449,2023-05-29,2023-06-08,0001748115,Zahir Fares,"GreenLight Biosciences Holdings, PBC",ok,full,1.0,2023-05-30,8-K,A,0001193125-23-155988,4,0,0,0,0,0,
0001822691,0001140361-23-028989,2023-05-29,2023-06-08,0001189193,RUETTGERS MICHAEL C,"GreenLight Biosciences Holdings, PBC",ok,full,1.0,2023-05-30,8-K,A,0001193125-23-155988,4,0,0,0,0,0,
0001822691,0001171843-23-003843,2023-05-29,2023-06-09,0001980769,Boscolo Intervest Ltd,"GreenLight Biosciences Holdings, PBC",ok,full,1.0,2023-05-30,8-K,A,0001193125-23-155988,4,0,0,0,0,0,
0001822691,0001213900-23-047535,2023-05-29,2023-06-08,0000929607,CONTINENTAL GRAIN CO,"GreenLight Biosciences Holdings, PBC",ok,full,1.0,2023-05-30,8-K,A,0001193125-23-155988,4,0,0,0,0,0,
0001822691,0001840641-23-000006,2023-05-29,2023-06-12,0001840641,CG Investments Inc. VI,"GreenLight Biosciences Holdings, PBC",ok,full,1.0,2023-05-30,8-K,A,0001193125-23-155988,4,0,0,0,0,0,
0001822691,0001980073-23-000003,2023-05-29,2023-06-08,0001980073,Skizim Nicholas John,"GreenLight Biosciences Holdings, PBC",ok,full,1.0,2023-05-30,8-K,A,0001193125-23-155988,4,0,0,0,0,0,
0001822691,0001980325-23-000004,2023-05-29,2023-06-08,0001980325,Gillian Jason Michael,"GreenLight Biosciences Holdings, PBC",ok,full,1.0,2023-05-30,8-K,A,0001193125-23-155988,4,0,0,0,0,0,
0001822691,0001980818-23-000002,2023-05-29,2023-06-13,0001981009,"Cummings Foundation, Inc.","GreenLight Biosciences Holdings, PBC",ok,full,1.0,2023-05-30,8-K,A,0001193125-23-155988,4,0,0,0,0,0,
0001822691,0001980818-23-000003,2023-05-29,2023-06-13,0001980818,Anderson Eric Senior,"GreenLight Biosciences Holdings, PBC",ok,full,1.0,2023-05-30,8-K,A,0001193125-23-155988,4,0,0,0,0,0,
0001822691,0001980818-23-000004,2023-05-29,2023-06-13,0001981011,Clarke Dennis A.,"GreenLight Biosciences Holdings, PBC",ok,full,1.0,2023-05-30,8-K,A,0001193125-23-155988,4,0,0,0,0,0,
0001822791,0001014108-22-000045,2021-12-31,2022-02-14,0001835544,Ugwumba Chidozie,Clene Inc.,ok,full,0.0,,,,,0,0,0,0,1,1,2021-01-05
0001822791,0000897069-23-000049,2022-11-02,2023-02-06,0000897069,FOLEY & LARDNER/ FA,Clene Inc.,ok,full,0.0,,,,,0,0,0,0,0,1,2021-01-05
0001822966,0001104659-22-059185,2022-05-02,2022-05-12,0001551322,Japan Bank for International Cooperation,NUSCALE POWER Corp,ok,full,0.0,,,,,0,0,0,0,1,1,2021-10-14
0001823000,0001104659-24-058807,2024-05-01,2024-05-08,0000904548,ERGEN CHARLES W,CONX Corp.,ok,full,0.0,,,,,0,0,0,0,1,1,2024-03-11
0001823000,0001104659-24-058817,2024-05-01,2024-05-08,0002021919,Ranch Legacy Trust,CONX Corp.,ok,full,0.0,,,,,0,0,0,0,1,1,2024-03-11
0001823144,0000950142-24-002417,2024-09-17,2024-09-19,0002037164,Resolute Compo Holdings LLC,"CompoSecure, Inc.",ok,full,0.0,,,,,0,0,0,0,0,1,2021-11-30
0001823466,0000950103-22-013743,2022-07-29,2022-08-08,0001829205,Duddell Street Holdings Ltd,"FiscalNote Holdings, Inc.",ok,full,,,,,,0,0,1,1,1,1,2022-05-09
0001823575,0000895345-22-000454,2022-05-04,2022-05-16,0001476881,"Corbin Opportunity Fund, L.P.",L&F Acquisition Corp.,ok,full,,,,,,0,0,1,1,1,1,2021-12-20
0001823575,0001072613-22-000506,2022-08-03,2022-08-12,0001544328,"New Enterprise Associates 14, L.P.","ZeroFox Holdings, Inc.",ok,full,,,,,,0,0,1,1,1,1,2021-12-20
0001823584,0001104659-23-031762,2023-02-10,2023-03-13,0001958592,Ogilvie Bruce A Jr,ALLIANCE ENTERTAINMENT HOLDING CORP,ok,full,1.0,2023-02-13,8-K,A,0001104659-23-019800,1,0,0,0,1,1,2022-06-23
0001823584,0001104659-23-031780,2023-02-10,2023-03-13,0001968995,Ogilvie Bruce Airlie III,ALLIANCE ENTERTAINMENT HOLDING CORP,ok,full,1.0,2023-02-13,8-K,A,0001104659-23-019800,1,0,0,0,1,1,2022-06-23
0001823587,0001213900-22-005519,2022-01-25,2022-02-04,0001494582,BOSTON OMAHA Corp,Sky Harbour Group Corp,ok,full,0.0,,,,,0,0,0,0,1,1,2022-01-07
0001823587,0001437749-22-002513,2022-01-25,2022-02-04,0001906995,Keinan Tal,Sky Harbour Group Corp,ok,full,0.0,,,,,0,0,0,0,1,1,2022-01-07
0001823593,0000921895-24-002952,2024-12-16,2024-12-16,0001851998,Hou Xiaodi,TuSimple Holdings Inc.,ok,full,0.0,,,,,0,0,0,0,0,0,
0001823766,0001104659-22-111608,2022-10-16,2022-10-26,0001952120,BP Products North America Inc.,Archaea Energy Inc.,ok,full,1.0,2022-10-17,8-K,A,0001213900-22-064373,4,1,0,0,0,1,2021-09-21
0001824293,0001661357-23-000005,2023-04-21,2023-04-25,0001661357,Agro Albert,"GRI BIO, Inc.",ok,full,0.0,,,,,0,0,0,0,0,0,
0001824293,0001971132-23-000002,2023-04-21,2023-04-25,0001971132,Hertz Walter Marc,"GRI BIO, Inc.",ok,full,0.0,,,,,0,0,0,0,0,0,
0001824293,0001971423-23-000003,2023-04-21,2023-04-25,0001971423,Chaturvedi Vipin,"GRI BIO, Inc.",ok,full,0.0,,,,,0,0,0,0,0,0,
0001824403,0000921895-23-002791,2023-12-12,2023-12-20,0001929389,Irenic Capital Management LP,"Reservoir Media, Inc.",ok,full,0.0,,,,,0,0,0,0,0,1,2021-07-08
0001824502,0001605484-23-000052,2021-09-16,2023-05-09,0001605484,Stellantis N.V.,Archer Aviation Inc.,ok,full,,,,,,0,0,1,1,1,1,2021-07-29
0001824814,0001062993-22-012450,2022-05-11,2022-05-16,0001666682,"Edenbrook Capital, LLC",Cognyte Software Ltd.,ok,full,0.0,,,,,0,0,0,0,0,0,
0001824814,0001178913-24-002081,2024-06-19,2024-06-26,0001992355,Value Base Ltd.,Cognyte Software Ltd.,ok,full,0.0,,,,,0,0,0,0,0,0,
0001825079,0001493152-25-000143,2024-12-24,2025-01-02,0002050529,Jeldi Arun,"Velo3D, Inc.",ok,full,0.0,,,,,0,0,0,0,0,1,2021-03-23
0001825155,0000947871-23-000637,2023-05-16,2023-05-26,0000868675,TELUS CORP,TELUS International (Cda) Inc.,ok,full,0.0,,,,,0,0,0,0,0,0,
0001825962,0001213900-22-038567,2022-06-30,2022-07-11,0001935621,Quadro Sponsor LLC,Kismet Acquisition Two Corp.,ok,full,0.0,,,,,0,0,0,0,0,0,
0001826000,0001981820-23-000005,2023-07-03,2023-07-13,0001981820,Siminoff James W,"Latch, Inc.",ok,full,0.0,,,,,0,0,0,0,0,0,
0001826011,0001140361-23-059291,2023-12-14,2023-12-26,0002003684,Davy Joseph P.,"Banzai International, Inc.",ok,full,,,,,,0,0,1,1,0,0,
0001826011,0001140361-23-059352,2023-12-14,2023-12-26,0002003478,Ward Mason,"Banzai International, Inc.",ok,full,,,,,,0,0,1,1,0,0,
0001826011,0001753926-25-000669,2025-04-21,2025-04-23,0002003690,Alco Investment Co,"Banzai International, Inc.",ok,full,0.0,,,,,0,0,0,0,0,0,
0001826286,0001104659-23-114770,2023-10-26,2023-11-06,0001620264,Ares Management GP LLC,Vinci Partners Investments Ltd.,ok,full,0.0,,,,,0,0,0,0,0,0,
0001826286,0001493152-24-043723,2024-10-29,2024-11-05,0002043465,COSTANERA MANAGEMENT LLC,Vinci Partners Investments Ltd.,ok,full,0.0,,,,,0,0,0,0,0,0,
0001826286,0001493152-24-043725,2024-10-29,2024-11-05,0002043553,Compass Group Cayman LTD,Vinci Partners Investments Ltd.,ok,full,0.0,,,,,0,0,0,0,0,0,
0001826397,0001493152-25-022024,2025-11-05,2025-11-12,0002094175,Zhang Yechuan,AVAX ONE TECHNOLOGY LTD.,ok,full,0.0,,,,,0,0,0,0,0,1,2022-11-07
0001826492,0000947871-23-000412,2023-03-29,2023-03-31,0001055951,ORBIMED ADVISORS LLC,Gracell Biotechnologies Inc.,ok,full,0.0,,,,,0,0,0,0,0,0,
0001826600,0001829126-25-008948,2025-11-03,2025-11-10,0002092344,Aktiv Investment Management (Pty) Ltd,"Montauk Renewables, Inc.",ok,full,0.0,,,,,0,0,0,0,0,0,
0001826667,0001140361-22-046690,2022-12-12,2022-12-22,0001352851,Magnetar Financial LLC,MedTech Acquisition Corp,ok,full,1.0,2022-12-19,8-K,A,0001104659-22-127969,4,0,0,3,1,1,2022-02-14
0001826667,0001104659-23-078736,2023-06-26,2023-07-06,0001826760,MedTech Acquisition Sponsor LLC,MedTech Acquisition Corp,ok,full,,,,,,0,0,1,1,1,1,2023-05-15
0001826671,0001376474-23-000115,2023-02-01,2023-02-09,0001965266,Lapp James Lee,KLUDEIN I ACQUISITION CORP,ok,full,0.0,,,,,0,0,0,0,0,0,
0001826671,0001213900-23-026269,2023-03-23,2023-04-03,0001949690,Mathews Anil,"Near Intelligence, Inc.",ok,full,0.0,,,,,0,0,0,0,0,0,
0001826681,0001594543-24-000003,2024-02-27,2024-03-05,0001594543,KERBER WILLIAM XAVIER III,Sarcos Technology & Robotics Corp,ok,full,0.0,,,,,0,0,0,0,0,1,2021-08-06
0001827087,0001387131-22-000582,2022-01-11,2022-01-21,0001812049,"Atlas Venture Fund XII, L.P.","Vigil Neuroscience, Inc.",ok,full,0.0,,,,,0,0,0,0,0,0,
0001827090,0001193125-22-307453,2022-12-08,2022-12-16,0001541125,ARSENAL CAPITAL PARTNERS III LP,"Certara, Inc.",ok,full,0.0,,,,,0,0,0,0,0,0,
0001827401,0001183740-24-000006,2021-08-16,2024-01-18,0002005665,McDonald Ian,BRIGHT MINDS BIOSCIENCES INC.,ok,full,0.0,,,,,0,0,0,0,0,0,
0001827871,0000912282-23-000248,2023-07-31,2023-08-11,0001989259,GBIF MANAGEMENT LTD.,"Electriq Power Holdings, Inc.",ok,full,,,,,,0,0,1,1,0,0,
0001828016,0000947871-22-001102,2022-10-11,2022-10-26,0001841085,Chau On,Playtika Holding Corp.,ok,full,1.0,2022-11-14,SC TO-C,A+B,0001193125-22-283871,1,0,0,0,1,1,2022-08-24
0001828098,0001178913-22-003495,2022-09-22,2022-09-22,0001499476,Cohen Shimon,Steakholder Foods Ltd.,ok,full,0.0,,,,,0,0,0,0,0,0,
0001828098,0001213900-25-108317,2025-11-03,2025-11-10,0002074274,"Gefen Capital Investments, LP",Steakholder Foods Ltd.,ok,full,0.0,,,,,0,0,0,0,0,0,
0001828326,0001140361-22-039877,2022-11-02,2022-11-03,0001103804,VIKING GLOBAL INVESTORS LP,Frazier Lifesciences Acquisition Corp,ok,full,0.0,,,,,0,0,0,0,1,1,2022-10-18
0001828536,0001123292-22-000105,2022-02-11,2022-09-02,0001875411,Sloss Dakin,"Energy Vault Holdings, Inc.",ok,full,,,,,,0,0,1,2,1,1,2021-09-09
0001828536,0001213900-22-007992,2022-02-11,2022-02-16,0001910249,Helena Special Investments LLC,"Energy Vault Holdings, Inc.",ok,full,,,,,,0,0,1,2,1,1,2021-09-09
0001828536,0001214659-22-007096,2022-02-11,2022-05-17,0001928651,"Idealab Studio, LLC","Energy Vault Holdings, Inc.",ok,full,,,,,,0,0,1,2,1,1,2021-09-09
0001828672,0001104659-22-025134,2021-12-08,2022-02-18,0001300175,"AEON CO., LTD.","Boxed, Inc.",ok,full,,,,,,0,0,1,1,1,1,2021-11-30
0001828791,0001284309-24-000010,2023-10-11,2024-06-12,0001284309,MADDEN LARRY,Viant Technology Inc.,ok,full,0.0,,,,,0,0,0,0,0,0,
0001828811,0001140361-22-034542,2022-05-31,2022-09-23,0001521365,Glencore plc,Li-Cycle Holdings Corp.,ok,full,0.0,,,,,0,0,0,0,0,0,
0001828852,0001104659-22-083748,2022-07-18,2022-07-28,0001531211,"MONDEE HOLDINGS, LLC","Mondee Holdings, Inc.",ok,full,,,,,,0,0,1,1,1,1,2021-12-20
0001828972,0001072613-22-000039,2021-12-03,2022-01-13,0001452907,NEW ENTERPRISE ASSOCIATES 13 LP,"BuzzFeed, Inc.",ok,full,,,,,,0,0,1,1,1,1,2021-10-29
0001828972,0002007997-24-000008,2024-05-14,2024-05-21,0001635075,Ramaswamy Vivek,"BuzzFeed, Inc.",ok,full,0.0,,,,,0,0,0,0,0,1,2021-10-29
0001828972,0001104659-25-030441,2025-03-27,2025-04-01,0002063661,Edge One Capital Management LLC,"BuzzFeed, Inc.",ok,full,0.0,,,,,0,0,0,0,0,1,2021-10-29
0001829280,0001140361-25-002093,2025-01-17,2025-01-27,0001847923,Wygod Max C,Forian Inc.,ok,full,0.0,,,,,0,0,0,0,0,0,
0001829280,0000947871-25-000799,2025-08-25,2025-08-25,0002083167,2025 Acquisition Corp,Forian Inc.,ok,full,1.0,2026-04-03,8-K,A,0001140361-26-013124,5,1,0,0,0,0,
0001829311,0001641172-25-019744,2025-07-08,2025-07-15,0002077248,MOZAYYX UGP LLC,"BITMINE IMMERSION TECHNOLOGIES, INC.",ok,full,0.0,,,,,0,0,0,0,0,0,
0001829635,0000897069-25-000668,2025-03-07,2025-03-20,0002062715,Tracy Thomas Joseph,"Transcode Therapeutics, Inc.",ok,full,0.0,,,,,0,0,0,0,0,0,
0001829635,0001104659-25-100081,2025-10-08,2025-10-16,0001297567,CK Life Sciences Intl (Holdings) Inc,"Transcode Therapeutics, Inc.",ok,full,0.0,,,,,0,0,0,0,0,0,
0001829726,0000902664-23-002314,2023-03-14,2023-03-21,0001791786,Elliott Investment Management L.P.,Triple Flag Precious Metals Corp.,ok,full,0.0,,,,,0,0,0,0,0,0,
0001829794,0000902664-25-003146,2025-07-17,2025-07-24,0001469336,"Empery Asset Management, LP","Volcon, Inc.",ok,full,0.0,,,,,0,0,0,0,0,0,
0001829797,0000921895-22-003283,2022-12-20,2022-12-30,0001937147,"Funicular Funds, LP",Pioneer Merger Corp.,ok,full,0.0,,,,,0,0,0,0,0,0,
0001829802,0001193805-22-001110,2022-07-14,2022-07-19,0001845711,Apeiron Investment Group Ltd.,"Sensei Biotherapeutics, Inc.",ok,full,0.0,,,,,0,0,0,0,0,0,
0001829802,0000921895-23-002454,2023-10-25,2023-11-03,0001569241,"Newtyn Management, LLC","Sensei Biotherapeutics, Inc.",ok,full,0.0,,,,,0,0,0,0,0,0,
0001829864,0001635999-25-000004,2025-05-09,2025-07-11,0001635999,Think Investments LP,"TaskUs, Inc.",ok,full,1.0,2025-07-01,PREM14A,A,0001193125-25-153454,2,0,0,1,0,0,
0001829953,0001929980-24-000374,2024-08-15,2024-08-22,0002034660,"Ringwood Field, LLC",Corner Growth Acquisition Corp.,ok,full,0.0,,,,,0,0,0,0,1,1,2024-05-30
0001830033,0000950170-25-094693,2022-03-17,2025-07-08,0001086477,"LONGVIEW ASSET MANAGEMENT, LLC","PureCycle Technologies, Inc.",ok,full,0.0,,,,,0,0,0,0,1,1,2021-03-22
0001830033,0001085146-22-001260,2022-03-17,2022-03-24,0001627436,Sylebra Capital Ltd,"PureCycle Technologies, Inc.",ok,full,0.0,,,,,0,0,0,0,1,1,2021-03-22
0001830081,0001213900-22-058958,2022-09-16,2022-09-26,0001947700,Arsov Robert,Rumble Inc.,ok,full,0.0,,,,,0,0,0,0,0,0,
0001830081,0001213900-22-058963,2022-09-16,2022-09-26,0001947691,Alexandroff Brandon,Rumble Inc.,ok,full,0.0,,,,,0,0,0,0,0,0,
0001830081,0001213900-22-058969,2022-09-16,2022-09-26,0001947979,Hlibowicki Wojciech,Rumble Inc.,ok,full,0.0,,,,,0,0,0,0,0,0,
0001830081,0001213900-22-058973,2022-09-16,2022-09-26,0001947645,Pavlovski Christopher,Rumble Inc.,ok,full,0.0,,,,,0,0,0,0,0,0,
0001830081,0001213900-22-058977,2022-09-16,2022-09-26,0001947993,Milnes Ryan,Rumble Inc.,ok,full,0.0,,,,,0,0,0,0,0,0,
0001830081,0001104659-25-010616,2025-02-07,2025-02-07,0002025889,"Tether Holdings, S.A. de C.V.",Rumble Inc.,ok,full,0.0,,,,,0,0,0,0,1,1,2024-12-23
0001830188,0001104659-23-043681,2023-03-30,2023-04-10,0001968256,O'Grady Clive R.G.,"United Homes Group, Inc.",ok,full,,,,,,0,0,1,1,0,0,
0001830188,0001104659-23-058443,2023-03-30,2023-05-10,0001967990,Nieri Michael P.,"United Homes Group, Inc.",ok,full,,,,,,0,0,1,1,0,0,
0001830188,0001104659-23-085788,2023-03-30,2023-07-31,0001967976,Levine Alan D.,"United Homes Group, Inc.",ok,full,,,,,,0,0,1,1,0,0,
0001830188,0000895345-24-000026,2024-01-30,2024-02-05,0001850901,Conversant Capital LLC,"United Homes Group, Inc.",ok,full,0.0,,,,,0,0,0,0,0,0,
0001830210,0001493152-24-022820,2024-06-05,2024-06-05,0001606598,"iSelect Fund Management, LLC","Benson Hill, Inc.",ok,full,0.0,,,,,0,0,0,0,0,1,2021-05-10
0001830795,0001213900-23-010325,2023-02-01,2023-02-10,0001937147,"Funicular Funds, LP",Quantum FinTech Acquisition Corp,ok,full,1.0,2023-10-11,DEFM14A,A,0001104659-23-108400,1,0,0,7,1,1,2022-04-29
0001831096,0001213900-25-084514,2025-08-27,2025-09-04,0001016345,SMITH RANDALL D,"Great Elm Group, Inc.",ok,full,0.0,,,,,0,0,0,0,0,0,
0001831283,0001214659-23-015813,2023-11-30,2023-11-30,0001191935,TANG CAPITAL PARTNERS LP,LianBio,ok,full,0.0,,,,,0,0,0,0,0,0,
0001831868,0000897069-22-000602,2022-10-28,2022-11-07,0001842514,"LMFAO Sponsor, LLC",SeaStar Medical Holding Corp,ok,full,,,,,,0,0,1,1,1,1,2022-10-27
0001831907,0000950157-25-000347,2025-04-23,2025-04-29,0001235577,COMPAGNIE FINANCIERE RICHEMONT SA,MYT Netherlands Parent B.V.,ok,full,0.0,,,,,0,0,0,0,0,0,
0001831978,0001104659-22-044676,2021-03-25,2022-04-11,0001832119,Newbury Street Acquisition Sponsor LLC,Newbury Street Acquisition Corp,ok,full,0.0,,,,,0,0,0,0,0,0,
0001831979,0001493152-24-027836,2024-07-08,2024-07-15,0002028166,CORTEGOSO PABLO,Stardust Power Inc.,ok,full,,,,,,0,0,1,1,1,1,2024-05-23
0001831979,0001493152-24-027837,2024-07-08,2024-07-15,0002028136,PUJARI ROSHEN,Stardust Power Inc.,ok,full,,,,,,0,0,1,1,1,1,2024-05-23
0001831979,0002091067-25-000002,2025-08-26,2025-10-15,0002091067,ZHANG DINGJUN,Stardust Power Inc.,ok,full,0.0,,,,,0,0,0,0,0,1,2024-05-23
0001832038,0000902664-22-002385,2022-03-28,2022-04-01,0001807489,M28 Capital Management LP,"Adagio Therapeutics, Inc.",ok,full,0.0,,,,,0,0,0,0,0,0,
0001832038,0000914121-22-002824,2022-03-28,2022-04-07,0001921616,"Population Health Equity Partners III, L.P.","Adagio Therapeutics, Inc.",ok,full,0.0,,,,,0,0,0,0,0,0,
0001832136,0001104659-23-002859,2022-12-30,2023-01-11,0000096223,Jefferies Financial Group Inc.,Osiris Acquisition Corp.,ok,full,0.0,,,,,0,0,0,0,0,0,
0001832161,0001393905-22-000338,2022-08-26,2022-09-06,0001683629,"ZenSports, Inc.",KeyStar Corp.,ok,full,0.0,,,,,0,0,0,0,0,0,
0001832161,0001393905-22-000340,2022-08-26,2022-09-06,0001945354,Thomas Mark Anthony,KeyStar Corp.,ok,full,0.0,,,,,0,0,0,0,0,0,
0001832168,0000078003-22-000045,2022-03-11,2022-03-21,0000078003,PFIZER INC,"Longboard Pharmaceuticals, Inc.",ok,full,0.0,,,,,0,0,0,0,0,0,
0001832351,0001193125-22-070821,2022-02-04,2022-03-10,0001707921,"ECP ControlCo, LLC","Fast Radius, Inc.",ok,full,,,,,,0,0,1,1,1,1,2022-02-01
0001832483,0001068238-23-000170,2023-07-31,2023-08-10,0001983489,Kashani Ali,Serve Robotics Inc. /DE/,ok,full,,,,,,0,0,1,1,0,0,
0001832487,0001437749-23-025999,2023-09-06,2023-09-15,0001832887,"SALEM INVESTMENT PARTNERS V, LIMITED PARTNERSHIP","Guerrilla RF, Inc.",ok,full,0.0,,,,,0,0,0,0,0,0,
0001832487,0001437749-24-026101,2024-08-05,2024-08-12,0002032955,"NR-PRL Partners, LP","Guerrilla RF, Inc.",ok,full,0.0,,,,,0,0,0,0,0,0,
0001832511,0001140361-22-033056,2021-12-03,2022-09-12,0001720920,"Leavitt Equity Partners II, L.P.",P3 Health Partners Inc.,ok,full,0.0,,,,,0,0,0,0,1,1,2021-10-28
0001832871,0000070858-25-000381,2025-10-01,2025-10-07,0000070858,BANK OF AMERICA CORP /DE/,BlackRock 2037 Municipal Target Term Trust,ok,full,0.0,,,,,0,0,0,0,0,0,
0001832928,0001832928-24-000015,2024-02-09,2024-02-16,0001832928,Cresco Labs Inc.,Cresco Labs Inc.,ok,full,0.0,,,,,0,0,0,0,0,0,
0001832928,0001832928-24-000017,2024-02-09,2024-02-16,0001832928,Cresco Labs Inc.,Cresco Labs Inc.,ok,full,0.0,,,,,0,0,0,0,0,0,
0001832950,0001493152-23-023917,2022-12-28,2023-07-07,0001970396,"VKSS Capital, LLC","Kernel Group Holdings, Inc.",ok,full,1.0,2023-03-06,8-K,A,0001493152-23-006738,1,1,0,4,0,0,
0001833214,0001346824-25-000015,2025-09-26,2025-10-03,0001346824,"RA CAPITAL MANAGEMENT, L.P.","SAB Biotherapeutics, Inc.",ok,full,0.0,,,,,0,0,0,0,0,0,
0001833498,0001213900-23-079675,2023-09-11,2023-09-27,0001331984,SPANGENBERG ERICH,"Spectral AI, Inc.",ok,full,,,,,,0,0,1,1,1,1,2023-09-07
0001834026,0001104659-25-102218,2025-10-17,2025-10-24,0002025889,"Tether Holdings, S.A. de C.V.",Gold Royalty Corp.,ok,full,0.0,,,,,0,0,0,0,0,0,
0001834032,0001213900-23-009853,2023-01-30,2023-02-09,0001964317,Constellation Sponsor LP,Constellation Acquisition Corp I,ok,full,0.0,,,,,0,0,0,0,0,0,
0001834105,0001641172-25-002493,2025-03-31,2025-04-02,0001261725,Chan Heng Fai Ambrose,IMPACT BIOMEDICAL INC.,ok,full,,,,,,0,0,1,1,0,0,
0001834253,0001104659-25-002528,2025-01-05,2025-01-10,0001905691,Cai Mars Guangyuan,Smart Share Global Ltd,ok,full,0.0,,,,,0,0,0,0,0,0,
0001834253,0001140361-25-032074,2025-08-13,2025-08-20,0001510589,"HILLHOUSE INVESTMENT MANAGEMENT, LTD.",Smart Share Global Ltd,ok,full,0.0,,,,,0,0,0,0,0,0,
0001834342,0001213900-23-003206,2022-12-31,2023-01-18,0001961570,Red Dawn Capital LLC,Evo Acquisition Corp,ok,full,,,,,,0,0,1,1,0,0,
0001834518,0001213900-23-002118,2022-12-30,2023-01-11,0001842085,Northern Star II Sponsor LLC,Northern Star Investment Corp. II,ok,full,0.0,,,,,0,0,0,0,0,0,
0001834974,0000895345-22-000855,2022-12-16,2022-12-23,0001911653,Power Sustainable Capital Inc.,Lion Electric Co,ok,full,0.0,,,,,0,0,0,0,0,0,
0001835068,0001062993-23-007712,2023-03-23,2023-03-27,0001510281,"Saba Capital Management, L.P.",Nuveen Core Plus Impact Fund,ok,full,0.0,,,,,0,0,0,0,0,0,
0001835256,0000014693-24-000036,2024-04-30,2024-05-01,0000014693,BROWN FORMAN CORP,"Duckhorn Portfolio, Inc.",ok,full,1.0,2024-10-07,8-K,A,0001193125-24-233356,4,0,0,0,0,0,
0001835512,0001011438-22-000192,2022-03-25,2022-04-04,0001479501,PREVITE ANTHONY,Terran Orbital Corp,ok,full,0.0,,,,,0,0,0,0,0,0,
0001835512,0001011438-22-000194,2022-03-25,2022-04-05,0001024240,STATON DANIEL C,Terran Orbital Corp,ok,full,0.0,,,,,0,0,0,0,0,0,
0001835512,0001011438-22-000197,2022-03-25,2022-04-05,0001921657,Williams Austin,Terran Orbital Corp,ok,full,0.0,,,,,0,0,0,0,0,0,
0001835512,0001193125-22-095360,2022-03-25,2022-04-05,0001026915,BELL MARC H,Terran Orbital Corp,ok,full,0.0,,,,,0,0,0,0,0,0,
0001835512,0000936468-22-000132,2022-10-31,2022-11-09,0000936468,LOCKHEED MARTIN CORP,Terran Orbital Corp,ok,full,0.0,,,,,0,0,0,0,0,0,
0001835512,0001193805-23-001392,2023-10-04,2023-10-12,0001551070,SOPHIS INVESTMENTS LLC,Terran Orbital Corp,ok,full,1.0,2024-09-09,PREM14A,A,0001193125-24-216001,1,0,0,1,0,0,
0001835579,0001387131-22-001711,2021-03-30,2022-02-11,0001628098,"Atlas Venture Fund X, L.P.","Ikena Oncology, Inc.",ok,full,0.0,,,,,0,0,0,0,0,0,
0001835579,0001373604-25-000088,2025-06-16,2025-06-16,0001373604,"BML Investment Partners, L.P.","Ikena Oncology, Inc.",ok,full,0.0,,,,,0,0,0,0,0,0,
0001835597,0001104659-22-063397,2022-05-10,2022-05-20,0001346824,"RA CAPITAL MANAGEMENT, L.P.",PepGen Inc.,ok,full,0.0,,,,,0,0,0,0,0,0,
0001835724,0001104659-25-025896,2025-03-12,2025-03-20,0002061808,Plus Channel Ltd,Zhihu Inc.,ok,full,0.0,,,,,0,0,0,0,1,1,2024-08-09
0001835800,0001213900-23-002117,2022-12-30,2023-01-11,0001842422,Pivotal Investment Holdings III LLC,Pivotal Investment Corp III,ok,full,0.0,,,,,0,0,0,0,0,0,
0001835814,0001213900-23-040863,2023-03-03,2023-05-17,0001008382,LEDECKY JONATHAN J,Northern Star Investment Corp. IV,ok,full,0.0,,,,,0,0,0,0,0,0,
0001835817,0001213900-23-040864,2023-03-03,2023-05-17,0001008382,LEDECKY JONATHAN J,Northern Star Investment Corp. III,ok,full,0.0,,,,,0,0,0,0,0,0,
0001835830,0001341004-23-000363,2023-11-29,2023-12-11,0001594805,SHOPIFY INC.,"Klaviyo, Inc.",ok,full,0.0,,,,,0,0,0,0,0,0,
0001835856,0001104659-23-097805,2023-08-22,2023-09-01,0001991427,"LCG4 Best, L.P.",Better Home & Finance Holding Co,ok,full,1.0,2023-08-23,8-K,A,0001628280-23-030418,1,0,0,1,1,1,2023-06-26
0001835856,0001341004-23-000216,2023-08-22,2023-09-01,0001556984,"Pine Brook Capital Partners II, L.P.",Better Home & Finance Holding Co,ok,full,1.0,2023-08-23,8-K,A,0001628280-23-030418,1,0,0,1,1,1,2023-06-26
0001835856,0001341004-23-000218,2023-08-22,2023-09-01,0001556984,"Pine Brook Capital Partners II, L.P.",Better Home & Finance Holding Co,ok,full,1.0,2023-08-23,8-K,A,0001628280-23-030418,1,0,0,1,1,1,2023-06-26
0001835856,0001341004-23-000222,2023-08-22,2023-09-01,0001991075,"1/0 Mortgage Investment, LLC",Better Home & Finance Holding Co,ok,full,1.0,2023-08-23,8-K,A,0001628280-23-030418,1,0,0,1,1,1,2023-06-26
0001835856,0001628280-23-031281,2023-08-22,2023-09-01,0001835856,Better Home & Finance Holding Co,Better Home & Finance Holding Co,ok,full,1.0,2023-08-23,8-K,A,0001628280-23-030418,1,1,0,1,1,1,2023-06-26
0001835856,0001628280-23-031748,2023-08-22,2023-09-07,0001297602,Garg Vishal,Better Home & Finance Holding Co,ok,full,1.0,2023-08-23,8-K,A,0001628280-23-030418,1,0,0,1,1,1,2023-06-26
0001835972,0001213900-24-035479,2024-04-16,2024-04-23,0002009917,Chidambaran Harish,"iLearningEngines, Inc.",ok,full,0.0,,,,,0,0,0,0,1,1,2023-05-02
0001836056,0000902664-23-002154,2023-03-06,2023-03-08,0001839209,"Darwin Global Management, Ltd.",Ambrx Biopharma Inc.,ok,full,1.0,2023-09-15,8-K,A,0001193125-23-236202,2,0,0,0,0,0,
0001836057,0001062993-23-007014,2023-03-16,2023-03-16,0001510281,"Saba Capital Management, L.P.",BlackRock Innovation & Growth Trust,ok,full,0.0,,,,,0,0,0,0,0,0,
0001836100,0001493152-23-005654,2023-02-10,2023-02-21,0001843478,Goal Acquisitions Sponsor LLC,Goal Acquisitions Corp.,ok,full,,,,,,0,0,1,1,0,0,
0001836242,0001213900-25-006804,2025-01-17,2025-01-27,0001906212,Kanayama Mei,"Tokyo Lifestyle Co., Ltd.",ok,full,0.0,,,,,0,0,0,0,0,0,
0001836274,0001104659-23-031161,2023-03-02,2023-03-10,0001849044,Atlantic Coastal Acquisition Management LLC,Atlantic Coastal Acquisition Corp.,ok,full,0.0,,,,,0,0,0,0,0,1,2021-12-01
0001836379,0000947871-23-000626,2023-05-21,2023-05-24,0001055951,ORBIMED ADVISORS LLC,VectivBio Holding AG,ok,full,1.0,2023-05-22,SC TO-C,A+B,0001104659-23-063165,5,0,0,0,0,0,
0001836754,0001493152-24-039374,2024-09-27,2024-10-03,0002034917,Rohmann LeeAnn,Legacy Education Inc.,ok,full,0.0,,,,,0,0,0,0,0,0,
0001836875,0001140361-23-033518,2023-06-26,2023-07-07,0001984146,Stonepeak GP Investors Holdings Manager LLC,Nuvve Holding Corp.,ok,full,0.0,,,,,0,0,0,0,0,0,
0001836934,0001193125-22-241092,2022-08-30,2022-09-08,0001908405,Bobsin Cassio,Zenvia Inc.,ok,full,0.0,,,,,0,0,0,0,0,0,
0001837014,0001104659-22-033396,2021-08-24,2022-03-14,0001856330,"RETV GP, LLC","SmartRent, Inc.",ok,full,0.0,,,,,0,0,0,0,1,1,2021-04-22
0001837240,0000104169-22-000043,2022-06-07,2022-06-21,0000104169,Walmart Inc.,Symbotic Inc.,ok,full,,,,,,0,0,1,1,1,1,2021-12-13
0001837240,0000950170-25-090208,2025-06-12,2025-06-26,0002074752,RBC Millennium GST Non-Exempt Trust,Symbotic Inc.,ok,full,0.0,,,,,0,0,0,0,0,1,2021-12-13
0001837607,0001477932-23-005629,2023-07-21,2023-07-31,0001557024,"Strathspey Crown Holdings Group, LLC","AEON Biopharma, Inc.",ok,full,,,,,,0,0,1,1,1,1,2023-05-12
0001837607,0001104659-25-005235,2024-07-25,2025-01-22,0001138646,PALMISANO ROBERT J,"AEON Biopharma, Inc.",ok,full,0.0,,,,,0,0,0,0,0,1,2023-05-12
0001837929,0001213900-24-065216,2024-07-29,2024-08-05,0001837933,New Providence Acquisition II LLC,New Providence Acquisition Corp. II,ok,full,0.0,,,,,0,0,0,0,0,0,
0001838128,0001654954-22-009036,2021-05-08,2022-06-30,0001838128,Lowell Farms Inc.,Lowell Farms Inc.,ok,full,0.0,,,,,0,0,0,0,0,0,
0001838128,0001654954-22-004981,2021-07-29,2022-04-14,0001548443,Allen George,Lowell Farms Inc.,ok,full,0.0,,,,,0,0,0,0,0,0,
0001838163,0001493152-24-029319,2024-07-26,2024-07-26,0002016262,"October 3rd Holdings, LLC",Brand Engagement Network Inc.,ok,full,0.0,,,,,0,0,0,0,0,0,
0001838359,0001387131-22-003635,2022-03-02,2022-03-14,0001910968,Rigetti Chad,"Rigetti Computing, Inc.",ok,full,0.0,,,,,0,0,0,0,0,0,
0001838672,0001104659-22-007101,2021-12-22,2022-01-25,0001075190,KOENIG THEODORE L,"AdTheorent Holding Company, Inc.",ok,full,1.0,2021-12-29,8-K,A,0001193125-21-369113,1,0,0,0,1,1,2021-12-09
0001838672,0001193125-22-000669,2021-12-22,2022-01-03,0001901793,"H.I.G. Growth - AdTheorent, LLC","AdTheorent Holding Company, Inc.",ok,full,1.0,2021-12-29,8-K,A,0001193125-21-369113,1,0,0,0,1,1,2021-12-09
0001839341,0001193125-22-023535,2022-01-19,2022-01-31,0001228160,LEVITT MICHAEL J,"Core Scientific, Inc./tx",ok,full,,,,,,0,0,1,1,1,1,2022-01-03
0001839341,0001193125-22-023537,2022-01-19,2022-01-31,0001894458,Feinstein Darin,"Core Scientific, Inc./tx",ok,full,,,,,,0,0,1,1,1,1,2022-01-03
0001839341,0001193125-22-023538,2022-01-19,2022-01-31,0001894478,Minnis Matt,"Core Scientific, Inc./tx",ok,full,,,,,,0,0,1,1,1,1,2022-01-03
0001839341,0001315863-25-000581,2025-08-07,2025-08-08,0001823138,Two Seas Capital LP,"Core Scientific, Inc./tx",ok,full,1.0,2025-09-26,DEFM14A,A,0001140361-25-036346,1,0,0,0,0,1,2022-01-03
0001839341,0000935836-25-000543,2025-08-12,2025-08-19,0002045724,Situational Awareness LP,"Core Scientific, Inc./tx",ok,full,1.0,2025-09-26,DEFM14A,A,0001140361-25-036346,1,0,0,0,0,1,2022-01-03
0001839360,0001193125-22-224128,2022-07-19,2022-08-18,0000779426,COX ENTERPRISES INC ET AL,FaZe Holdings Inc.,ok,full,,,,,,0,0,1,1,1,1,2021-12-30
0001839412,0001104659-22-026725,2022-02-14,2022-02-24,0001418119,Weinberg Andrew S.,QualTek Services Inc.,ok,full,,,,,,0,0,1,1,1,1,2022-01-24
0001839530,0001104659-23-124993,2023-11-29,2023-12-11,0001620179,"Exela Technologies, Inc.","XBP Europe Holdings, Inc.",ok,full,0.0,,,,,0,0,0,0,1,1,2023-08-04
0001839530,0000902664-25-003351,2025-07-29,2025-08-04,0001312908,"Gates Capital Management, Inc.","XBP Global Holdings, Inc.",ok,full,0.0,,,,,0,0,0,0,0,1,2023-08-04
0001839530,0000950170-25-103409,2025-07-29,2025-08-05,0001774621,"Avenue RP Opportunities Fund, L.P.","XBP Global Holdings, Inc.",ok,full,0.0,,,,,0,0,0,0,0,1,2023-08-04
0001839530,0001193805-25-001162,2025-07-29,2025-08-05,0001724246,"HoldCo Asset Management, LP","XBP Global Holdings, Inc.",ok,full,0.0,,,,,0,0,0,0,0,1,2023-08-04
0001839530,0001999371-25-010606,2025-07-29,2025-08-05,0001620179,"Exela Technologies, Inc.","XBP Global Holdings, Inc.",ok,full,0.0,,,,,0,0,0,0,0,1,2023-08-04
0001839608,0001213900-22-081010,2022-12-08,2022-12-19,0001845736,"InterPrivate Acquisition Management II, LLC","Getaround, Inc",ok,full,,,,,,0,0,1,1,1,1,2022-11-30
0001839608,0001104659-23-060926,2023-05-04,2023-05-15,0001655183,"Mudrick Capital Management, L.P.","Getaround, Inc",ok,full,0.0,,,,,0,0,0,0,1,1,2022-11-30
0001839998,0001104659-23-106020,2023-02-20,2023-10-03,0001841000,Digital Transformation Sponsor LLC,"American Oncology Network, Inc.",ok,full,,,,,,0,0,1,3,1,1,2023-01-06
0001840199,0000950103-22-013732,2022-07-27,2022-08-05,0001546790,DYNAMO INTERNACIONAL GESTAO DE RECURSOS LTDA.,Waldencast plc,ok,full,0.0,,,,,0,0,0,0,0,0,
0001840199,0001104659-22-086621,2022-07-27,2022-08-05,0001940402,Cedarwalk Skincare Ltd.,Waldencast plc,ok,full,0.0,,,,,0,0,0,0,0,0,
0001840199,0001213900-22-045389,2022-07-27,2022-08-08,0001851119,Burwell Mountain Trust,Waldencast plc,ok,full,0.0,,,,,0,0,0,0,0,0,
0001840199,0001213900-22-045398,2022-07-27,2022-08-08,0001840220,Waldencast Long-Term Capital LLC,Waldencast plc,ok,full,0.0,,,,,0,0,0,0,0,0,
0001840199,0001341004-23-000082,2022-07-27,2023-02-23,0001850840,"Waldencast Ventures, LP",Waldencast plc,ok,full,0.0,,,,,0,0,0,0,0,0,
0001840292,0000921895-23-000452,2023-02-01,2023-02-13,0001751631,Prime Movers Lab Fund I LP,"Heliogen, Inc.",ok,full,0.0,,,,,0,0,0,0,0,0,
0001840292,0001731122-24-000870,2024-05-24,2024-05-23,0001991451,"Galloway Capital Partners, LLC","Heliogen, Inc.",ok,full,0.0,,,,,0,0,0,0,0,0,
0001840292,0001731122-24-001152,2024-07-29,2024-07-29,0001991451,"Galloway Capital Partners, LLC","Heliogen, Inc.",ok,full,1.0,2025-07-11,DEFM14A,A,0001213900-25-063331,1,0,0,1,0,0,
0001840317,0001213900-24-082049,2024-09-13,2024-09-26,0001367633,Salmasi Allen,VEEA INC.,ok,full,,,,,,0,0,1,1,0,1,2023-03-06
0001840317,0001213900-25-081306,2025-08-14,2025-08-27,0001367633,Salmasi Allen,VEEA INC.,ok,full,0.0,,,,,0,0,0,0,0,1,2023-03-06
0001840416,0001171843-23-007621,2023-11-20,2023-12-19,0001909890,Christians Jona Johannes,Sono Group N.V.,ok,full,0.0,,,,,0,0,0,0,0,0,
0001840416,0001171843-23-007622,2023-11-20,2023-12-19,0001909908,Hahn Laurin Sinan Paul,Sono Group N.V.,ok,full,0.0,,,,,0,0,0,0,0,0,
0001840416,0001171843-24-001966,2024-02-01,2024-04-11,0002019286,SVSE LLC,Sono Group N.V.,ok,full,0.0,,,,,0,0,0,0,0,0,
0001840416,0001213900-24-052916,2024-06-05,2024-06-14,0002027046,Bambino 255 V V UG haftungsbeschrankt,Sono Group N.V.,ok,full,0.0,,,,,0,0,0,0,0,0,
0001840502,0001104659-23-005400,2023-01-17,2023-01-20,0001449433,"Apollo Management Holdings GP, LLC",Taboola.com Ltd.,ok,full,0.0,,,,,0,0,0,0,0,0,
0001840563,0001213900-24-015591,2023-11-13,2024-02-21,0001982476,Braeden Lichti,Elevai Labs Inc.,ok,full,0.0,,,,,0,0,0,0,0,0,
0001840563,0001013762-25-004387,2025-03-26,2025-03-28,0001982476,Braeden Lichti,PMGC Holdings Inc.,ok,full,0.0,,,,,0,0,0,0,0,0,
0001840563,0001013762-25-004391,2025-03-26,2025-03-28,0002003447,Bensler Graydon,PMGC Holdings Inc.,ok,full,0.0,,,,,0,0,0,0,0,0,
0001840706,0001178913-23-000128,2023-01-09,2023-01-10,0001823758,Schindel Yair Chaim,SOPHiA GENETICS SA,ok,full,0.0,,,,,0,0,0,0,0,0,
0001840780,0001104659-25-032681,2025-03-31,2025-04-07,0001896477,"Live Oak Ventures, LLC",Local Bounti Corporation/DE,ok,full,0.0,,,,,0,0,0,0,0,0,
0001840792,0001213900-23-005719,2023-01-19,2023-01-27,0001937147,"Funicular Funds, LP",VPC Impact Acquisition Holdings II,ok,full,0.0,,,,,0,0,0,0,0,0,
0001840856,0001213900-22-024550,2022-04-26,2022-05-06,0001917995,MOHAJER KEYVAN,"SOUNDHOUND AI, INC.",ok,full,0.0,,,,,0,0,0,0,1,1,2021-11-16
0001840856,0001213900-22-024553,2022-04-26,2022-05-06,0001920475,EMAMI MAJID,"SOUNDHOUND AI, INC.",ok,full,0.0,,,,,0,0,0,0,1,1,2021-11-16
0001840877,0001140361-24-050435,2023-09-29,2024-12-26,0001846378,Anzu SPAC GP I LLC,"Envoy Medical, Inc.",ok,full,,,,,,0,0,1,1,1,1,2023-04-18
0001840877,0001104659-25-119019,2025-12-01,2025-12-08,0001213971,TAYLOR GLEN A,"Envoy Medical, Inc.",ok,full,0.0,,,,,0,0,0,0,0,1,2023-04-18
0001840904,0000950170-25-026012,2025-02-14,2025-02-24,0001845711,Apeiron Investment Group Ltd.,ATAI Life Sciences N.V.,ok,full,1.0,2025-09-24,DEFM14A,A,0001140361-25-036024,1,0,0,0,0,0,
0001841125,0001213900-24-071584,2024-08-13,2024-08-21,0001852275,"Golden Arrow Sponsor, LLC","Bolt Projects Holdings, Inc.",ok,full,0.0,,,,,0,0,0,0,0,0,
0001841125,0001841125-25-000103,2024-11-25,2025-08-08,0002028090,Breslauer David Nate,"Bolt Projects Holdings, Inc.",ok,full,0.0,,,,,0,0,0,0,0,0,
0001841209,0001829126-22-017173,2022-09-16,2022-09-27,0001945332,Best Road Holdings Ltd,MicroCloud Hologram Inc.,ok,full,0.0,,,,,0,0,0,0,1,1,2022-08-12
0001841209,0001829126-22-017176,2022-09-16,2022-09-27,0001945177,"Import & Export Guojin Development Co., Ltd",MicroCloud Hologram Inc.,ok,full,0.0,,,,,0,0,0,0,1,1,2022-08-12
0001841209,0001829126-22-017177,2022-09-16,2022-09-27,0001945384,Tiger Initiative Investment Ltd,MicroCloud Hologram Inc.,ok,full,0.0,,,,,0,0,0,0,1,1,2022-08-12
0001841209,0001829126-22-017178,2022-09-16,2022-09-27,0001945832,Super plus Holding Ltd,MicroCloud Hologram Inc.,ok,full,0.0,,,,,0,0,0,0,1,1,2022-08-12
0001841209,0001829126-22-017179,2022-09-16,2022-09-27,0001946295,WU YUE INVESTMENT LTD,MicroCloud Hologram Inc.,ok,full,0.0,,,,,0,0,0,0,1,1,2022-08-12
0001841209,0001829126-22-017181,2022-09-16,2022-09-27,0001946075,Lucky monkey Holding Ltd,MicroCloud Hologram Inc.,ok,full,0.0,,,,,0,0,0,0,1,1,2022-08-12
0001841209,0001829126-22-017183,2022-09-16,2022-09-27,0001946480,Sensegain Prosperity Holding Ltd,MicroCloud Hologram Inc.,ok,full,0.0,,,,,0,0,0,0,1,1,2022-08-12
0001841209,0001829126-22-017185,2022-09-16,2022-09-27,0001945810,Innovation Spark Technology Ltd,MicroCloud Hologram Inc.,ok,full,0.0,,,,,0,0,0,0,1,1,2022-08-12
0001841330,0001493152-22-015556,2022-05-22,2022-06-01,0001516478,"Camac Fund, LP",Pasithea Therapeutics Corp.,ok,full,0.0,,,,,0,0,0,0,0,0,
0001841330,0001213900-23-047253,2023-06-02,2023-06-08,0001132679,STEINMAN LAWRENCE,Pasithea Therapeutics Corp.,ok,full,1.0,2023-07-20,SC TO-C,A+B,0001213900-23-058333,1,0,0,0,0,0,
0001841387,0001387131-22-001918,2021-07-29,2022-02-14,0001494695,Manning Paul B,"Candel Therapeutics, Inc.",ok,full,0.0,,,,,0,0,0,0,0,0,
0001841425,0001011438-23-000299,2023-02-15,2023-03-01,0001539838,"Diamondback Energy, Inc.","Verde Clean Fuels, Inc.",ok,full,,,,,,0,0,1,1,1,1,2023-02-14
0001841425,0001213900-23-014812,2023-02-15,2023-02-27,0001965880,"BLUESCAPE CLEAN FUELS HOLDINGS, LLC","Verde Clean Fuels, Inc.",ok,full,,,,,,0,0,1,1,1,1,2023-02-14
0001841586,0001493152-23-023084,2023-04-10,2023-06-30,0001834630,Exos Asset Management LLC,"Industrial Tech Acquisitions II, Inc.",ok,full,,,,,,0,0,1,1,0,0,
0001841586,0001493152-23-035086,2023-09-12,2023-10-03,0001995870,Altris Ltd,"Industrial Tech Acquisitions II, Inc.",ok,full,0.0,,,,,0,0,0,0,0,0,
0001841675,0001104659-25-122672,2025-12-15,2025-12-18,0002101281,"Growler Mining Tuscaloosa, LLC",Argo Blockchain Plc,ok,full,0.0,,,,,0,0,0,0,0,0,
0001841761,0000950103-22-011303,2022-06-16,2022-06-27,0001846226,Virgin Group Acquisition Sponsor II LLC,"Grove Collaborative Holdings, Inc.",ok,full,,,,,,0,0,1,1,1,1,2022-05-16
0001841761,0001140361-22-024182,2022-06-16,2022-06-27,0001522485,Costin Delida,"Grove Collaborative Holdings, Inc.",ok,full,,,,,,0,0,1,1,1,1,2022-05-16
0001841761,0001140361-22-024183,2022-06-16,2022-06-27,0001930730,Clark Christopher,"Grove Collaborative Holdings, Inc.",ok,full,,,,,,0,0,1,1,1,1,2022-05-16
0001841761,0001140361-22-024185,2022-06-16,2022-06-27,0001930721,Landesberg Stuart,"Grove Collaborative Holdings, Inc.",ok,full,,,,,,0,0,1,1,1,1,2022-05-16
0001841761,0001193805-25-000985,2025-07-08,2025-07-08,0001832413,Karp Jason H.,"Grove Collaborative Holdings, Inc.",ok,full,0.0,,,,,0,0,0,0,0,1,2022-05-16
0001841800,0001193125-22-238933,2022-08-26,2022-09-06,0001939898,Van Haeren Geoffrey,"Nogin, Inc.",ok,full,0.0,,,,,0,0,0,0,1,1,2022-04-25
0001842279,0001123292-22-000099,2022-07-21,2022-08-01,0000753308,NEXTERA ENERGY INC,OPAL Fuels Inc.,ok,full,,,,,,0,0,1,1,0,0,
0001842279,0001213900-22-042843,2022-07-21,2022-07-29,0001827111,Comora Mark S,OPAL Fuels Inc.,ok,full,,,,,,0,0,1,1,0,0,
0001842279,0001213900-22-043505,2022-07-21,2022-08-01,0001842317,"ArcLight CTC Holdings II, L.P.",OPAL Fuels Inc.,ok,full,,,,,,0,0,1,1,0,0,
0001842384,0001213900-23-005649,2023-01-05,2023-01-27,0001842712,"Belong Acquisition Sponsor, LLC",Belong Acquisition Corp.,ok,full,0.0,,,,,0,0,0,0,0,0,
0001842498,0001415889-22-007936,2022-07-20,2022-07-25,0001834600,Mithaq Capital SPC,Otonomo Technologies Ltd.,ok,full,0.0,,,,,0,0,0,0,0,0,
0001842556,0001213900-23-089918,2023-11-15,2023-11-24,0002001635,"Pogo Royalty, LLC",HNR Acquisition Corp.,ok,full,0.0,,,,,0,0,0,0,1,1,2023-10-13
0001842566,0001213900-22-001733,2021-04-07,2022-01-12,0001849379,Byte Holdings LP,BYTE Acquisition Corp.,ok,full,0.0,,,,,0,0,0,0,0,0,
0001842566,0001654954-24-000087,2023-12-21,2024-01-02,0001842566,"Airship AI Holdings, Inc.","Airship AI Holdings, Inc.",ok,full,,,,,,0,0,1,1,1,1,2023-08-02
0001842566,0001654954-24-000088,2023-12-21,2024-01-02,0001842566,"Airship AI Holdings, Inc.","Airship AI Holdings, Inc.",ok,full,,,,,,0,0,1,1,1,1,2023-08-02
0001842820,0001765380-23-000125,2023-06-16,2023-07-10,0001842820,"TMD Wealth Management, LLC","TMD Wealth Management, LLC",ok,full,0.0,,,,,0,0,0,0,0,0,
0001843162,0001213900-24-087323,2024-10-01,2024-10-11,0002041022,"Chicago Atlantic Loan Portfolio, LLC","Chicago Atlantic BDC, Inc.",ok,full,0.0,,,,,0,0,0,0,0,0,
0001843165,0001829126-24-006896,2024-10-15,2024-10-21,0001932843,Lazar David E.,LQR House Inc.,ok,full,0.0,,,,,0,0,0,0,0,0,
0001843165,0001641172-25-020302,2025-06-27,2025-07-18,0002076786,Diveroli Investment Group LLC,LQR House Inc.,ok,full,0.0,,,,,0,0,0,0,0,0,
0001843165,0002076128-25-000002,2025-07-14,2025-07-14,0002076128,Leshner Robert,LQR House Inc.,ok,full,0.0,,,,,0,0,0,0,0,0,
0001843165,0001213900-25-124038,2025-12-17,2025-12-19,0002050412,Lu Yilin,LQR House Inc.,ok,full,0.0,,,,,0,0,0,0,0,0,
0001843181,0001062993-24-000525,2024-01-04,2024-01-05,0001510281,"Saba Capital Management, L.P.",Neuberger Berman Next Generation Connectivity Fund Inc.,ok,full,0.0,,,,,0,0,0,0,0,0,
0001843248,0001683168-22-007027,2022-10-12,2022-10-24,0000866439,"DarkPulse, Inc.","Global System Dynamics, Inc.",ok,full,1.0,2022-12-15,8-K,A,0001663577-22-000706,1,1,0,0,0,0,
0001843388,0001213900-22-001360,2021-12-29,2022-01-10,0001791283,Virgin Investments Ltd,"Virgin Orbit Holdings, Inc.",ok,full,0.0,,,,,0,0,0,0,0,0,
0001843499,0001104659-22-123551,2021-06-23,2022-12-01,0001930182,Echelon Investment Partners Master LP,AFA Multi-Manager Credit Fund,ok,full,0.0,,,,,0,0,0,0,0,0,
0001843588,0001123292-24-000291,2024-09-26,2024-09-26,0002039116,Samvardhana Motherson International Ltd.,REE Automotive Ltd.,ok,full,0.0,,,,,0,0,0,0,0,0,
0001843588,0000950170-25-046868,2025-03-28,2025-03-28,0000922898,M&G INVESTMENT MANAGEMENT LTD,REE Automotive Ltd.,ok,full,0.0,,,,,0,0,0,0,0,0,
0001843588,0001213900-25-121471,2025-12-11,2025-12-15,0001965272,Barel Daniel,REE Automotive Ltd.,ok,full,0.0,,,,,0,0,0,0,0,0,
0001843588,0001213900-25-121472,2025-12-11,2025-12-15,0001965761,Sardes Ahishay,REE Automotive Ltd.,ok,full,0.0,,,,,0,0,0,0,0,0,
0001843656,0001477932-23-008149,2023-10-31,2023-11-08,0001999769,First Frontier Capital LLC,Royalty Management Holding Corp,ok,full,,,,,,0,0,1,1,0,0,
0001843656,0001477932-23-008150,2023-10-31,2023-11-08,0001999707,White River Holdings LLC,Royalty Management Holding Corp,ok,full,,,,,,0,0,1,1,0,0,
0001843656,0001477932-23-008151,2023-10-31,2023-11-08,0001999775,"Liberty Hill Capital Management, LLC",Royalty Management Holding Corp,ok,full,,,,,,0,0,1,1,0,0,
0001843656,0001477932-23-008152,2023-10-31,2023-11-08,0001990877,White River Ventures LLC,Royalty Management Holding Corp,ok,full,,,,,,0,0,1,1,0,0,
0001843656,0001477932-23-008153,2023-10-31,2023-11-08,0001991419,Midwest General Investment Co LLC,Royalty Management Holding Corp,ok,full,,,,,,0,0,1,1,0,0,
0001843714,0001079973-25-001363,2025-06-13,2025-08-21,0002024204,Kapur Sumit,Zapata Computing Holdings Inc.,ok,full,0.0,,,,,0,0,0,0,0,1,2023-12-22
0001843714,0001079973-25-001365,2025-06-13,2025-08-21,0001563786,Golestani Clark,Zapata Computing Holdings Inc.,ok,full,0.0,,,,,0,0,0,0,0,1,2023-12-22
0001843724,0000919574-25-002170,2025-03-24,2025-03-28,0002034000,Carbon Direct Capital Management LLC,"LanzaTech Global, Inc.",ok,full,0.0,,,,,0,0,0,0,0,1,2023-02-07
0001843973,0000899140-24-000218,2023-12-27,2024-02-13,0001040273,Third Point LLC,FLYEXCLUSIVE INC.,ok,full,,,,,,0,0,1,1,1,1,2023-11-13
0001844149,0001341004-23-000288,2023-10-19,2023-10-30,0001843892,Perception Capital Partners II LLC,Spectaire Holdings Inc.,ok,full,,,,,,0,0,1,2,1,1,2023-03-29
0001844224,0001341004-23-000326,2023-11-10,2023-11-17,0001874185,Teknovekst Invest AS,FREYR Battery,ok,full,0.0,,,,,0,0,0,0,1,1,2023-10-18
0001844392,0001104659-22-010445,2021-10-26,2022-02-01,0001884274,Lamendola Damien,"Marpai, Inc.",ok,full,0.0,,,,,0,0,0,0,0,0,
0001844417,0001013762-23-007392,2023-09-29,2023-10-30,0001386560,"Eureka Therapeutics, Inc.","Estrella Immunopharma, Inc.",ok,full,,,,,,0,0,1,1,1,1,2022-10-03
0001844419,0001104659-22-022827,2021-05-07,2022-02-14,0001855125,"Maquia Investments North America, LLC",Maquia Capital Acquisition Corp,ok,full,0.0,,,,,0,0,0,0,0,0,
0001844452,0001213900-24-011668,2024-01-29,2024-02-08,0001963529,Ghaffarian Kamal Seyed,"Intuitive Machines, Inc.",ok,full,0.0,,,,,0,0,0,0,0,0,
0001844505,0001451693-24-000004,2024-06-27,2024-07-03,0001451693,Katz Avi S,"QT IMAGING HOLDINGS, INC.",ok,full,,,,,,0,0,1,1,0,0,
0001844505,0001430575-25-000003,2025-03-21,2025-04-02,0001430575,Dinu Raluca,"QT IMAGING HOLDINGS, INC.",ok,full,,,,,,0,0,1,1,0,0,
0001844505,0001451693-25-000002,2025-03-21,2025-04-02,0001451693,Katz Avi S,"QT IMAGING HOLDINGS, INC.",ok,full,,,,,,0,0,1,1,0,0,
0001845013,0001213900-23-061280,2023-07-21,2023-07-31,0001845008,Healthwell Acquisition Corp. I Sponsor LLC,Healthwell Acquisition Corp. I,ok,full,1.0,2023-10-03,DEFM14A,A,0001013762-23-000700,1,0,0,2,0,0,
0001845022,0001641172-25-001009,2025-03-20,2025-03-27,0002022284,"Haveli Investments, L.P.","Couchbase, Inc.",ok,full,1.0,2025-06-20,8-K,A,0001193125-25-143735,3,1,0,1,0,0,
0001845097,0000947871-25-001032,2025-11-12,2025-11-20,0001689662,Ardagh Group S.A.,Ardagh Metal Packaging S.A.,ok,full,0.0,,,,,0,0,0,0,0,0,
0001845123,0001213900-24-111305,2024-12-13,2024-12-20,0001629304,Wilder John C Jr,"AleAnna, Inc.",ok,full,1.0,2024-12-19,8-K,A,0001213900-24-110260,1,0,0,0,1,1,2024-06-05
0001845290,0000807249-22-000073,2022-06-13,2022-06-23,0000807249,"GAMCO INVESTORS, INC. ET AL","Macquarie Infrastructure Holdings, LLC",ok,full,1.0,2022-07-21,8-K,A,0001104659-22-081423,1,0,0,0,0,0,
0001845437,0001104659-23-072978,2023-06-08,2023-06-20,0001981100,"8 Rivers Capital, LLC",NET Power Inc.,ok,full,1.0,2023-06-14,8-K,A,0001213900-23-048958,1,1,0,0,1,1,2023-04-24
0001845437,0001140361-23-030516,2023-06-08,2023-06-20,0000797468,OCCIDENTAL PETROLEUM CORP /DE/,NET Power Inc.,ok,full,1.0,2023-06-14,8-K,A,0001213900-23-048958,1,0,0,0,1,1,2023-04-24
0001845459,0001104659-23-108344,2023-09-29,2023-10-10,0001996481,"NKMAX Co., Ltd.","NKGen Biotech, Inc.",ok,full,,,,,,0,0,1,2,1,1,2023-09-22
0001845459,0001213900-25-042042,2025-05-05,2025-05-12,0001991119,Song Paul Y.,"NKGen Biotech, Inc.",ok,full,0.0,,,,,0,0,0,0,0,1,2023-09-22
0001845459,0001104659-25-055326,2025-05-27,2025-06-02,0002034776,"CFIC-2015 NV Family Investments, LLC","NKGen Biotech, Inc.",ok,full,0.0,,,,,0,0,0,0,0,1,2023-09-22
0001845550,0001213900-24-010019,2023-12-28,2024-02-05,0002008501,"Mercury Capital, LLC",Alpha Partners Technology Merger Corp.,ok,full,,,,,,0,0,1,2,0,0,
0001845942,0001731122-22-001916,2022-10-20,2022-11-09,0001939301,INSTANT FAME LLC,Bannix Acquisition Corp.,ok,full,,,,,,0,0,1,2,0,0,
0001846084,0001140361-23-041850,2023-08-02,2023-08-30,0001650781,AXAR CAPITAL MANAGEMENT L.P.,Global Crossing Airlines Group Inc.,ok,full,0.0,,,,,0,0,0,0,0,0,
0001846084,0001214659-24-017754,2024-10-18,2024-10-21,0001325533,"Red Oak Partners, LLC",Global Crossing Airlines Group Inc.,ok,full,0.0,,,,,0,0,0,0,0,0,
0001846084,0001731122-25-000804,2025-05-22,2025-05-22,0001991451,"Galloway Capital Partners, LLC",Global Crossing Airlines Group Inc.,ok,full,0.0,,,,,0,0,0,0,0,0,
0001846235,0001013762-25-000565,2025-03-12,2025-03-18,0002057998,Chiu Yu-Fang,International Media Acquisition Corp.,ok,full,0.0,,,,,0,0,0,0,0,1,2022-11-14
0001846253,0001104659-22-118580,2022-11-01,2022-11-14,0001846254,Avista Acquisition LP II,"OmniAb, Inc.",ok,full,,,,,,0,0,1,1,1,1,2022-03-24
0001846510,0000950170-25-010206,2025-01-22,2025-01-29,0001040273,Third Point LLC,Soho House & Co Inc.,ok,full,1.0,2025-09-22,PREM14A,A,0001140361-25-035706,2,0,0,1,0,0,
0001846510,0000905148-25-003022,2025-08-15,2025-08-18,0001431428,YUCAIPA AMERICAN ALLIANCE FUND II LP,Soho House & Co Inc.,ok,full,1.0,2025-09-22,PREM14A,A,0001140361-25-035706,3,0,0,1,0,0,
0001846576,0000950170-22-010766,2021-12-16,2022-05-26,0001843821,Hasson Heather L.,"FIGS, Inc.",ok,full,0.0,,,,,0,0,0,0,0,0,
0001846576,0000950170-22-010769,2021-12-16,2022-05-26,0001820448,Spear Catherine Eva,"FIGS, Inc.",ok,full,0.0,,,,,0,0,0,0,0,0,
0001846576,0001341004-22-000150,2021-12-16,2022-05-27,0001414125,Tull Thomas,"FIGS, Inc.",ok,full,0.0,,,,,0,0,0,0,0,0,
0001846576,0000950103-24-018560,2024-12-31,2024-12-31,0001017918,BAMCO INC /NY/,"FIGS, Inc.",ok,full,0.0,,,,,0,0,0,0,0,0,
0001846832,0000950142-23-000789,2023-03-13,2023-03-23,0001017645,"GENERAL ATLANTIC, L.P.",dLocal Ltd,ok,full,0.0,,,,,0,0,0,0,0,0,
0001847064,0000902664-23-003734,2023-06-16,2023-06-26,0001218735,MASON CAPITAL MANAGEMENT LLC,Colombier Acquisition Corp.,ok,full,0.0,,,,,0,0,0,0,0,0,
0001847064,0001213900-23-061334,2023-07-19,2023-07-31,0001985187,Seifert Michael Stephen,"PSQ Holdings, Inc.",ok,full,0.0,,,,,0,0,0,0,0,0,
0001847064,0001213900-23-061336,2023-07-19,2023-07-31,0001985186,Harris Sebastian,"PSQ Holdings, Inc.",ok,full,0.0,,,,,0,0,0,0,0,0,
0001847064,0001213900-23-061361,2023-07-19,2023-07-31,0001985226,Pilot Davis III,"PSQ Holdings, Inc.",ok,full,0.0,,,,,0,0,0,0,0,0,
0001847064,0001213900-23-075448,2023-07-19,2023-09-08,0001865734,Malik Omeed,"PSQ Holdings, Inc.",ok,full,0.0,,,,,0,0,0,0,0,0,
0001847064,0001213900-23-093659,2023-11-29,2023-12-06,0001985175,Ayers James Nicholas,"PSQ Holdings, Inc.",ok,full,0.0,,,,,0,0,0,0,0,0,
0001847075,0001213900-24-014291,2022-04-29,2024-02-15,0002011948,Energy Science Artist Holding Ltd,SAI.TECH Global Corp,ok,full,0.0,,,,,0,0,0,0,0,0,
0001847305,0001213900-24-054305,2024-06-14,2024-06-20,0001838395,Ocean Capital LLC,"Tax-Free Fixed Income Fund IV for Puerto Rico Residents, Inc.",ok,full,0.0,,,,,0,0,0,0,0,0,
0001847345,0001493152-23-031593,2023-08-18,2023-09-05,0001991247,"SRIRAMA Associates, LLC",PowerUp Acquisition Corp.,ok,full,,,,,,0,0,1,1,0,0,
0001847355,0000950170-24-071023,2024-05-31,2024-06-07,0001960722,CIIG MANAGEMENT III LLC,Target Global Acquisition I Corp.,ok,full,0.0,,,,,0,0,0,0,0,0,
0001847367,0001104659-24-078138,2024-06-27,2024-07-05,0001932516,Foresite Capital Fund VI LP,ALUMIS INC.,ok,full,0.0,,,,,0,0,0,0,0,0,
0001847367,0000902664-24-004604,2024-07-01,2024-07-03,0001975990,"AyurMaya Capital Management Company, LP",ALUMIS INC.,ok,full,0.0,,,,,0,0,0,0,0,0,
0001847367,0001699737-25-000027,2025-11-18,2025-11-24,0001699737,"Samsara BioCapital, L.P.",ALUMIS INC.,ok,full,0.0,,,,,0,0,0,0,0,0,
0001847440,0001104659-23-077914,2023-06-26,2023-07-05,0001432602,You Harry L.,Coliseum Acquisition Corp.,ok,full,0.0,,,,,0,0,0,0,0,0,
0001847513,0001929980-24-000376,2024-08-15,2024-08-22,0002034669,"Connor Square, LLC",CORNER GROWTH ACQUISITION CORP. 2,ok,full,0.0,,,,,0,0,0,0,0,0,
0001847516,0001915593-22-000001,2022-05-31,2022-06-07,0001915593,Morman Daniel,"Tax Free Target Maturity Fund for Puerto Rico Residents, Inc.",ok,full,0.0,,,,,0,0,0,0,0,0,
0001847516,0001915593-22-000005,2022-09-01,2022-09-06,0001915593,Morman Daniel,"Tax Free Target Maturity Fund for Puerto Rico Residents, Inc.",ok,full,0.0,,,,,0,0,0,0,0,0,
0001847518,0001213900-22-017897,2022-03-25,2022-04-04,0001838395,Ocean Capital LLC,"Tax Free Fund for Puerto Rico Residents, Inc.",ok,full,0.0,,,,,0,0,0,0,0,0,
0001847846,0001493152-22-033726,2022-11-17,2022-11-25,0001952762,Watermark Developments Ltd,EUDA Health Holdings Ltd,ok,full,0.0,,,,,0,0,0,0,1,1,2022-10-13
0001847846,0001493152-22-033741,2022-11-17,2022-11-25,0001653051,Tan Meng Dong (James),EUDA Health Holdings Ltd,ok,full,0.0,,,,,0,0,0,0,1,1,2022-10-13
0001847874,0001472375-23-000131,2023-08-25,2023-09-06,0001879127,"Color Up, LLC",Mobile Infrastructure Corp,ok,full,0.0,,,,,0,0,0,0,0,0,
0001847986,0001341004-22-000268,2022-09-30,2022-10-12,0001847985,Chardan NexTech Investments 2 LLC,Dragonfly Energy Holdings Corp.,ok,full,,,,,,0,0,1,1,0,0,
0001847986,0001104659-22-107830,2022-10-07,2022-10-12,0001946222,Phares Denis,Dragonfly Energy Holdings Corp.,ok,full,,,,,,0,0,1,1,0,0,
0001847986,0001104659-22-107833,2022-10-07,2022-10-12,0001950085,GONG LI,Dragonfly Energy Holdings Corp.,ok,full,,,,,,0,0,1,1,0,0,
0001848416,0001493152-22-018690,2022-06-25,2022-07-06,0001935777,Archos George Peter,Verano Holdings Corp.,ok,full,0.0,,,,,0,0,0,0,0,0,
0001848437,0001104659-22-004494,2022-01-04,2022-01-14,0001848896,"Cartica Acquisition Partners, LLC",Cartica Acquisition Corp,ok,full,0.0,,,,,0,0,0,0,0,0,
0001848821,0001493152-24-016464,2024-04-19,2024-04-26,0002020542,"HCG Opportunity II, LLC",Global Technology Acquisition Corp. I,ok,full,1.0,2024-05-15,8-K,A,0001493152-24-019458,1,1,0,0,0,0,
0001848861,0001477932-23-009383,2023-06-12,2023-12-28,0001980399,"Atticus Ale, LLC",Healthcare AI Acquisition Corp.,ok,full,0.0,,,,,0,0,0,0,0,0,
0001848898,0001140361-24-013640,2023-12-06,2024-03-15,0001927807,Global Commodities & Investments Ltd.,African Agriculture Holdings Inc.,ok,full,0.0,,,,,0,0,0,0,0,0,
0001849056,0001213900-24-111891,2024-11-14,2024-12-23,0001571705,Altman Samuel H.,Oklo Inc.,ok,full,0.0,,,,,0,0,0,0,0,1,2023-07-11
0001849089,0000950142-22-002088,2022-06-24,2022-07-05,0000898286,CAISSE DE DEPOT ET PLACEMENT DU QUEBEC,"Lafayette Square USA, Inc.",ok,full,0.0,,,,,0,0,0,0,0,0,
0001849221,0001213900-24-015408,2024-02-12,2024-02-20,0002009228,Gottschalk Max,Perfect Moment Ltd.,ok,full,0.0,,,,,0,0,0,0,0,0,
0001849635,0001140361-24-017051,2024-03-25,2024-04-01,0000947033,TRUMP DONALD J,Trump Media & Technology Group Corp.,ok,full,0.0,,,,,0,0,0,0,0,0,
0001849820,0001193125-22-247096,2022-09-09,2022-09-19,0001804648,"Material Impact Fund II, L.P.","Nauticus Robotics, Inc.",ok,full,,,,,,0,0,1,1,1,1,2022-06-06
0001849820,0001213900-22-056974,2022-09-09,2022-09-19,0001947096,Berka Angela,"Nauticus Robotics, Inc.",ok,full,,,,,,0,0,1,1,1,1,2022-06-06
0001849820,0001213900-22-056982,2022-09-09,2022-09-19,0001875548,Spiro Elliot,"Nauticus Robotics, Inc.",ok,full,,,,,,0,0,1,1,1,1,2022-06-06
0001849820,0001213900-22-056984,2022-09-09,2022-09-19,0001499267,Mey Mark-Anthony Lovell,"Nauticus Robotics, Inc.",ok,full,,,,,,0,0,1,1,1,1,2022-06-06
0001849820,0001213900-22-056988,2022-09-09,2022-09-19,0001944857,Radford Nicolaus,"Nauticus Robotics, Inc.",ok,full,,,,,,0,0,1,1,1,1,2022-06-06
0001849820,0002053911-25-000002,2025-01-06,2025-02-05,0002053911,Inkeverse Group Ltd,"Nauticus Robotics, Inc.",ok,full,0.0,,,,,0,0,0,0,0,1,2022-06-06
0001849820,0001594543-25-000002,2025-01-28,2025-01-30,0001594543,KERBER WILLIAM XAVIER III,"Nauticus Robotics, Inc.",ok,full,0.0,,,,,0,0,0,0,0,1,2022-06-06
0001849867,0000921895-25-002834,2025-10-23,2025-10-30,0001113303,Stilwell Joseph,"Catalyst Bancorp, Inc.",ok,full,1.0,2026-07-14,8-K,A,0001849867-26-000014,1,0,0,0,0,0,
0001850051,0001104659-23-023806,2023-02-08,2023-02-21,0001885142,Intelligent Medicine Sponsor LLC,Intelligent Medicine Acquisition Corp.,ok,full,0.0,,,,,0,0,0,0,0,0,
0001850235,0000950170-25-014130,2025-01-29,2025-02-05,0001985487,Joint Stock Co Kaspi.kz,D-MARKET Electronic Services & Trading,ok,full,0.0,,,,,0,0,0,0,0,0,
0001850270,0001011438-23-000577,2023-10-30,2023-11-02,0001937011,"Tolerantia, LLC",PROKIDNEY CORP.,ok,full,0.0,,,,,0,0,0,0,0,1,2022-06-10
0001850453,0001104659-22-080254,2022-07-06,2022-07-15,0000202058,"L3HARRIS TECHNOLOGIES, INC. /DE/",Mynaric AG,ok,full,0.0,,,,,0,0,0,0,0,0,
0001850453,0001493152-25-006587,2025-02-07,2025-02-14,0001163368,PACIFIC INVESTMENT MANAGEMENT CO LLC,Mynaric AG,ok,full,0.0,,,,,0,0,0,0,0,0,
0001850906,0001193805-24-001111,2024-09-05,2024-09-12,0001352546,Flynn James E,"Singular Genomics Systems, Inc.",ok,full,1.0,2024-12-31,PREM14A,A,0001193125-24-287199,3,0,0,1,0,0,
0001850906,0001214659-24-016525,2024-09-16,2024-09-18,0001232621,TANG CAPITAL MANAGEMENT LLC,"Singular Genomics Systems, Inc.",ok,full,1.0,2024-12-31,PREM14A,A,0001193125-24-287199,3,0,0,1,0,0,
0001850906,0000898432-24-000868,2024-10-30,2024-11-05,0001483234,CRCM LP,"Singular Genomics Systems, Inc.",ok,full,1.0,2024-12-31,PREM14A,A,0001193125-24-287199,3,0,0,1,0,0,
0001851182,0001104659-24-050662,2024-04-17,2024-04-23,0002013007,Blufire Capital Ltd,Future Health ESG Corp.,ok,full,0.0,,,,,0,0,0,0,0,0,
0001851194,0001878125-25-000006,2025-11-26,2025-11-26,0001878125,Mohan Raju,"Ventyx Biosciences, Inc.",ok,full,1.0,2026-01-22,PREM14A,A,0001193125-26-019700,3,0,0,1,0,0,
0001851484,0001493152-22-029872,2022-10-18,2022-10-28,0001950963,10XYZ Holdings LP,TenX Keane Acquisition,ok,full,0.0,,,,,0,0,0,0,0,0,
0001851484,0001213900-24-070284,2024-08-12,2024-08-16,0001506251,"Citius Pharmaceuticals, Inc.","CITIUS ONCOLOGY, INC.",ok,full,0.0,,,,,0,0,0,0,0,0,
0001851612,0001140361-23-053037,2023-11-02,2023-11-14,0001995759,"Focus Impact BHAC Sponsor, LLC",Focus Impact BH3 Acquisition Co,ok,full,1.0,2024-03-12,8-K,A,0001140361-24-012745,1,1,0,0,0,0,
0001851860,0001213900-22-013910,2022-03-10,2022-03-21,0001907461,Minton Darren C.,"SMART FOR LIFE, INC.",ok,full,0.0,,,,,0,0,0,0,0,0,
0001851860,0001213900-22-013913,2022-03-10,2022-03-21,0001907929,"Trilogy Capital Group, LLC","SMART FOR LIFE, INC.",ok,full,0.0,,,,,0,0,0,0,0,0,
0001851909,0001493152-23-038674,2023-10-19,2023-10-30,0001997202,"HCG Opportunity, LLC",Compass Digital Acquisition Corp.,ok,full,1.0,2024-09-11,8-K,A,0001493152-24-035829,1,1,0,0,0,0,
0001852207,0001213900-24-092440,2024-10-25,2024-10-30,0002041465,"Eagle Equity Partners IV, LLC",Bold Eagle Acquisition Corp.,ok,full,0.0,,,,,0,0,0,0,0,0,
0001852244,0000950142-22-000629,2021-08-02,2022-02-11,0001523994,"Jacobs Private Equity, LLC","GXO Logistics, Inc.",ok,full,0.0,,,,,0,0,0,0,0,0,
0001852633,0000950170-25-005036,2025-01-03,2025-01-13,0001600269,"Oaktree Value Equity Fund, L.P.","Pinstripes Holdings, Inc.",ok,full,0.0,,,,,0,0,0,0,0,0,
0001852736,0001929980-23-000189,2023-07-18,2023-09-08,0001355497,Hao Chun Yi,Tristar Acquisition I Corp.,ok,full,1.0,2023-11-16,8-K,A,0001929980-23-000275,2,0,0,4,0,0,
0001852767,0000899140-23-000799,2023-07-10,2023-07-20,0001872102,Galata Acquisition Sponsor LLC,"Marti Technologies, Inc.",ok,full,0.0,,,,,0,0,0,0,0,0,
0001852767,0001104659-23-082798,2023-07-10,2023-07-21,0001986083,Sumed Equity Ltd.,"Marti Technologies, Inc.",ok,full,0.0,,,,,0,0,0,0,0,0,
0001852973,0001213900-24-013992,2024-02-07,2024-02-14,0002008491,Helg Barthelemy,Borealis Foods Inc.,ok,full,1.0,2024-02-13,8-K,A,0001213900-24-013332,1,0,0,0,1,1,2023-03-01
0001852973,0001213900-24-013995,2024-02-07,2024-02-14,0002008623,Soltanzadeh Reza,Borealis Foods Inc.,ok,full,1.0,2024-02-13,8-K,A,0001213900-24-013332,1,1,0,0,1,1,2023-03-01
0001852973,0001213900-24-014284,2024-02-07,2024-02-14,0001881259,Oxus Capital PTE. LTD.,Borealis Foods Inc.,ok,full,1.0,2024-02-13,8-K,A,0001213900-24-013332,1,1,0,0,1,1,2023-03-01
0001853044,0001829126-23-008007,2023-11-06,2023-12-13,0001441841,Kumar Venu Raman,"Aeries Technology, Inc.",ok,full,,,,,,0,0,1,1,0,0,
0001853044,0001829126-24-001985,2024-03-26,2024-03-28,0001999214,Khare Bhisham,"Aeries Technology, Inc.",ok,full,0.0,,,,,0,0,0,0,0,0,
0001853047,0001213900-23-004446,2022-10-21,2023-01-23,0001951955,"Hudson SPAC Holding, LLC",Hudson Acquisition I Corp.,ok,full,0.0,,,,,0,0,0,0,0,0,
0001853070,0001140361-23-057183,2023-12-01,2023-12-11,0002003587,Liotta Matthew,"Volato Group, Inc.",ok,full,1.0,2024-09-03,8-K,A,0001628280-24-039032,1,0,0,1,0,0,
0001853070,0001140361-23-057185,2023-12-01,2023-12-11,0002003490,Cooper Nicholas James,"Volato Group, Inc.",ok,full,1.0,2024-09-03,8-K,A,0001628280-24-039032,1,0,0,1,0,0,
0001853070,0001140361-23-057201,2023-12-01,2023-12-12,0001894742,"PROOF Acquisition Sponsor I, LLC","Volato Group, Inc.",ok,full,1.0,2024-09-03,8-K,A,0001628280-24-039032,1,0,0,1,0,0,
0001853138,0001104659-25-095698,2025-09-24,2025-10-01,0002080471,Burnette Donald L.,"Kodiak AI, Inc.",ok,full,0.0,,,,,0,0,0,0,1,1,2025-04-14
0001853138,0001729961-25-000005,2025-09-24,2025-10-01,0001729961,"Battery Ventures XII, L.P.","Kodiak AI, Inc.",ok,full,0.0,,,,,0,0,0,0,1,1,2025-04-14
0001853580,0001829126-23-005064,2023-07-21,2023-08-01,0001808283,Gaenzle Rick,PORTAGE FINTECH ACQUISITION CORP.,ok,full,0.0,,,,,0,0,0,0,0,0,
0001854270,0001072613-22-000487,2022-06-08,2022-07-15,0001629794,"New Enterprise Associates 15, L.P.","Senti Biosciences, Inc.",ok,full,,,,,,0,0,1,1,1,1,2022-05-13
0001854270,0001079973-25-000383,2025-03-06,2025-03-13,0002060465,Celadon Partners SPV 24,"Senti Biosciences, Inc.",ok,full,0.0,,,,,0,0,0,0,0,1,2022-05-13
0001854270,0001104659-25-024530,2025-03-10,2025-03-17,0001231517,BAYER HEALTHCARE LLC,"Senti Biosciences, Inc.",ok,full,0.0,,,,,0,0,0,0,0,1,2022-05-13
0001854275,0001213900-25-046279,2025-05-20,2025-05-21,0001181955,EIDE ROBERT J,"Zoomcar Holdings, Inc.",ok,full,0.0,,,,,0,0,0,0,0,1,2022-10-19
0001854583,0001575872-23-001728,2023-11-02,2023-11-13,0001335112,"LOGIQ, INC.","Collective Audience, Inc.",ok,full,0.0,,,,,0,0,0,0,0,0,
0001854963,0001493152-22-027966,2022-09-28,2022-10-07,0001949751,Partner Colorado Credit Union,"SHF Holdings, Inc.",ok,full,1.0,2022-10-31,8-K,A,0001493152-22-030016,2,1,0,0,1,1,2022-06-10
0001854963,0001493152-23-011602,2023-03-29,2023-04-10,0001949751,Partner Colorado Credit Union,"SHF Holdings, Inc.",ok,full,,,,,,0,0,1,1,1,1,2022-11-16
0001854963,0001493152-23-025252,2023-07-21,2023-07-21,0001949751,Partner Colorado Credit Union,"SHF Holdings, Inc.",ok,full,,,,,,0,0,1,1,1,1,2022-11-16
0001855066,0001062993-23-021649,2023-11-29,2023-12-01,0001510281,"Saba Capital Management, L.P.",MainStay CBRE Global Infrastructure Megatrends Term Fund,ok,full,0.0,,,,,0,0,0,0,0,0,
0001855351,0001493152-23-016333,2023-04-25,2023-05-11,0001976495,"GLD SPONSOR MEMBER, LLC",Sagaliam Acquisition Corp,ok,full,,,,,,0,0,1,1,1,1,2022-11-16
0001855447,0001140361-23-028095,2023-05-23,2023-06-02,0001979621,Energy Growth Momentum GP II Ltd.,"TIGO ENERGY, INC.",ok,full,,,,,,0,0,1,1,0,0,
0001855447,0001213900-23-045829,2023-05-23,2023-06-02,0001084951,ALON ZVI,"TIGO ENERGY, INC.",ok,full,,,,,,0,0,1,1,0,0,
0001855467,0001104659-24-000323,2023-12-21,2024-01-02,0001855211,Chavant Capital Partners LLC,Chavant Capital Acquisition Corp.,ok,full,0.0,,,,,0,0,0,0,0,0,
0001855467,0001493152-25-014261,2025-05-05,2025-09-19,0002004846,SAMINI KEYVAN,"MOBIX LABS, INC",ok,full,,,,,,0,0,1,2,0,0,
0001855474,0001213900-24-024811,2024-03-14,2024-03-21,0001095460,JORE MATTHEW B,Montana Technologies Corp.,ok,full,,,,,,0,0,1,1,1,1,2023-06-05
0001855474,0001213900-24-024872,2024-03-14,2024-03-21,0001520346,Porter Stuart D,Montana Technologies Corp.,ok,full,,,,,,0,0,1,1,1,1,2023-06-05
0001855474,0001213900-24-024914,2024-03-14,2024-03-21,0001246237,EILERS PATRICK C,Montana Technologies Corp.,ok,full,,,,,,0,0,1,1,1,1,2023-06-05
0001855485,0001140361-22-034298,2022-09-12,2022-09-21,0001571267,"Jackson Investment Group, LLC","First Light Acquisition Group, Inc.",ok,full,1.0,2023-01-09,8-K,A,0001193125-23-004705,3,1,0,4,0,0,
0001855485,0001493152-23-033651,2023-09-12,2023-09-26,0001991668,Leftwich Scott,"Calidi Biotherapeutics, Inc.",ok,full,,,,,,0,0,1,1,1,1,2023-08-31
0001855485,0001493152-23-033652,2023-09-12,2023-09-26,0001990674,Camaisa Allan,"Calidi Biotherapeutics, Inc.",ok,full,,,,,,0,0,1,1,1,1,2023-08-31
0001855485,0002021677-24-000001,2024-05-01,2024-05-01,0002021677,Kessler Judd S,"Calidi Biotherapeutics, Inc.",ok,full,0.0,,,,,0,0,0,0,1,1,2023-08-31
0001855509,0001104659-24-111477,2024-10-24,2024-10-25,0001726497,Palm Management (US) LLC,"Twin Vee PowerCats, Co.",ok,full,0.0,,,,,0,0,0,0,0,1,2022-12-08
0001855509,0001731122-25-000008,2024-12-31,2025-01-03,0001070916,VISCONTI JOSEPH C,"Twin Vee PowerCats, Co.",ok,full,0.0,,,,,0,0,0,0,0,1,2022-12-08
0001855631,0001140361-24-031635,2023-02-03,2024-06-27,0001964045,Komatsu Shuhei,AERWINS Technologies Inc.,ok,full,1.0,2023-02-03,8-K,A,0001193125-23-024348,1,0,0,1,0,0,
0001855644,0000950170-25-078447,2025-05-21,2025-05-28,0001942670,AI Biotechnology LLC,Zura Bio Ltd,ok,full,0.0,,,,,0,0,0,0,0,0,
0001856028,0001140361-22-035209,2022-09-19,2022-09-29,0001886630,Q Power LLC,"Stronghold Digital Mining, Inc.",ok,full,0.0,,,,,0,0,0,0,0,0,
0001856031,0001193125-25-272549,2025-10-31,2025-11-07,0001827977,GTCR INVESTMENT XI LLC,Vivid Seats Inc.,ok,full,0.0,,,,,0,0,0,0,0,0,
0001856084,0001213900-25-021217,2025-02-28,2025-03-06,0002057625,Kong Lingtao,Ridgetech Inc.,ok,full,0.0,,,,,0,0,0,0,0,0,
0001856437,0000921895-24-000186,2024-01-23,2024-02-01,0001930869,BBRC INTERNATIONAL PTE LTD,Victoria's Secret & Co.,ok,full,0.0,,,,,0,0,0,0,0,0,
0001856608,0000950103-23-011730,2023-08-08,2023-08-08,0000016732,CAMPBELL SOUP CO,"Sovos Brands, Inc.",ok,full,1.0,2023-08-31,PREM14A,A,0001104659-23-097100,3,1,0,0,1,1,2023-08-07
0001856725,0001104659-22-010232,2021-08-30,2022-02-01,0001854578,Quiroga Cortes Isidoro Alfonso,"Rani Therapeutics Holdings, Inc.",ok,full,0.0,,,,,0,0,0,0,0,0,
0001856725,0001699737-25-000014,2025-10-23,2025-10-30,0001699737,"Samsara BioCapital, L.P.","Rani Therapeutics Holdings, Inc.",ok,full,0.0,,,,,0,0,0,0,0,0,
0001857030,0001493152-25-026804,2025-03-02,2025-12-09,0002081490,Rabinovich Alexander,Intercure Ltd.,ok,full,0.0,,,,,0,0,0,0,0,0,
0001857044,0001493152-24-040734,2023-08-04,2024-10-10,0001506916,Meckler Jeffrey A,"Indaptus Therapeutics, Inc.",ok,full,0.0,,,,,0,0,0,0,0,0,
0001857475,0000921895-22-002573,2022-06-17,2022-08-29,0001892479,Barta Jan,Dole plc,ok,full,0.0,,,,,0,0,0,0,0,0,
0001857803,0001477932-24-007555,2024-11-15,2024-11-21,0002045502,Highview Bridge LLC,DP Cap Acquisition Corp I,ok,full,0.0,,,,,0,0,0,0,0,0,
0001857816,0001104659-22-095305,2022-08-18,2022-08-29,0001292877,DCM IV L P,GigaCloud Technology Inc,ok,full,0.0,,,,,0,0,0,0,0,0,
0001857853,0001857853-24-000112,2023-04-13,2024-11-04,0001523496,ANDRUS JEREMY,"Traeger, Inc.",ok,full,0.0,,,,,0,0,0,0,0,0,
0001858180,0001104659-22-065366,2022-05-12,2022-05-27,0001930005,Prime Number Acquisition LLC,Prime Number Acquisition I Corp.,ok,full,0.0,,,,,0,0,0,0,0,0,
0001858681,0000950142-22-000248,2022-01-01,2022-01-11,0001106636,HARRIS JOSHUA,"Apollo Global Management, Inc.",ok,full,0.0,,,,,0,0,0,0,0,0,
0001858681,0000950142-22-000251,2022-01-01,2022-01-11,0001032666,BLACK LEON D,"Apollo Global Management, Inc.",ok,full,0.0,,,,,0,0,0,0,0,0,
0001858681,0000950142-22-000252,2022-01-01,2022-01-11,0001901019,Heritage Trust u/a/d 11/12/2018,"Apollo Global Management, Inc.",ok,full,0.0,,,,,0,0,0,0,0,0,
0001858681,0000950142-22-000253,2022-01-01,2022-01-11,0001901017,LDB 2014 LLC,"Apollo Global Management, Inc.",ok,full,0.0,,,,,0,0,0,0,0,0,
0001858681,0000950142-22-000879,2022-03-02,2022-03-03,0001901019,Heritage Trust u/a/d 11/12/2018,"Apollo Global Management, Inc.",ok,full,0.0,,,,,0,0,0,0,0,0,
0001858681,0000950142-22-000880,2022-03-02,2022-03-03,0001901017,LDB 2014 LLC,"Apollo Global Management, Inc.",ok,full,0.0,,,,,0,0,0,0,0,0,
0001858681,0000950142-24-002712,2024-11-01,2024-11-08,0002043615,LB 2018 GST Trust,"Apollo Global Management, Inc.",ok,full,0.0,,,,,0,0,0,0,0,0,
0001858685,0001213900-22-051105,2022-08-23,2022-08-25,0001571071,DEUTSCHE BALATON AKTIENGESELLSCHAFT,Biofrontera Inc.,ok,full,0.0,,,,,0,0,0,0,0,0,
0001858912,0001104659-23-079185,2023-06-29,2023-07-07,0001858914,"Gardiner Healthcare Holdings, LLC",Gardiner Healthcare Acquisitions Corp.,ok,full,0.0,,,,,0,0,0,0,0,0,
0001858912,0001104659-23-095998,2023-08-16,2023-08-28,0001901525,Chardan Gardiner LLC,Gardiner Healthcare Acquisitions Corp.,ok,full,0.0,,,,,0,0,0,0,0,0,
0001859007,0001493152-22-036360,2022-12-12,2022-12-22,0001376847,O'Connor Daniel J.,"ZyVersa Therapeutics, Inc.",ok,full,,,,,,0,0,1,2,1,1,2022-07-22
0001859007,0001493152-22-036361,2022-12-12,2022-12-22,0001304406,Glover Stephen C.,"ZyVersa Therapeutics, Inc.",ok,full,,,,,,0,0,1,2,1,1,2022-07-22
0001859285,0000950142-22-003329,2022-11-29,2022-12-09,0001017645,"GENERAL ATLANTIC, L.P.",HireRight Holdings Corp,ok,full,0.0,,,,,0,0,0,0,0,0,
0001859639,0001208646-22-000070,2022-06-14,2022-06-27,0001935447,Rothermere Continuation Ltd,Cazoo Group Ltd,ok,full,0.0,,,,,0,0,0,0,0,0,
0001859639,0001140361-22-033804,2022-09-07,2022-09-19,0001103804,VIKING GLOBAL INVESTORS LP,Cazoo Group Ltd,ok,full,0.0,,,,,0,0,0,0,0,0,
0001859639,0001175707-23-000099,2023-03-17,2023-03-24,0001175707,"Farallon Capital Partners, L.P.",Cazoo Group Ltd,ok,full,1.0,2023-09-20,SC TO-C,A+B,0001213900-23-077852,1,0,0,0,0,0,
0001859639,0001104659-23-051717,2023-04-25,2023-04-28,0001704268,Mubadala Investment Co PJSC,Cazoo Group Ltd,ok,full,1.0,2023-09-20,SC TO-C,A+B,0001213900-23-077852,1,0,0,0,0,0,
0001859639,0001104659-23-128348,2023-12-06,2023-12-22,0001809732,"INHERENT CREDIT OPPORTUNITIES MASTER, LP",Cazoo Group Ltd,ok,full,0.0,,,,,0,0,0,0,1,1,2023-09-20
0001859807,0001213900-22-030784,2021-12-31,2022-06-02,0001890761,"NorthView Sponsor I, LLC",NorthView Acquisition Corp,ok,full,0.0,,,,,0,0,0,0,0,0,
0001860484,0001213900-23-001748,2022-12-30,2023-01-09,0001859851,Relativity Acquisition Sponsor LLC,Relativity Acquisition Corp,ok,full,,,,,,0,0,1,4,0,0,
0001860514,0001829126-25-001031,2025-01-24,2025-02-14,0001383194,LIPMAN JOHN C,Roth CH Acquisition Co.,ok,full,1.0,2025-11-12,DEFM14A,A,0001829126-25-008997,1,0,0,3,0,0,
0001860514,0001829126-25-001032,2025-01-24,2025-02-14,0001835871,"CR Financial Holdings, Inc.",Roth CH Acquisition Co.,ok,full,1.0,2025-11-12,DEFM14A,A,0001829126-25-008997,1,0,0,3,0,0,
0001860543,0001104659-25-112538,2025-11-10,2025-11-14,0000935577,KANDERS WARREN B,"Cadre Holdings, Inc.",ok,full,0.0,,,,,0,0,0,0,0,0,
0001860663,0001104659-23-036738,2023-03-09,2023-03-27,0001423905,GROSSMAN JONAS,Monterey Innovation Acquisition Corp,ok,full,0.0,,,,,0,0,0,0,0,0,
0001860805,0001104659-22-045510,2022-02-17,2022-04-13,0001317947,"Bain Capital Credit, LP",Algoma Steel Group Inc.,ok,full,1.0,2022-06-15,SC TO-C,A+B,0001193125-22-174329,2,0,0,0,0,0,
0001860805,0001140361-24-044315,2024-10-25,2024-10-25,0001658363,Maple Rock Capital Partners Inc.,Algoma Steel Group Inc.,ok,full,0.0,,,,,0,0,0,0,0,1,2022-06-16
0001860871,0001493152-23-023915,2023-06-07,2023-07-07,0001980644,"SSVK Associates, LLC",Semper Paratus Acquisition Corp,ok,full,1.0,2023-06-29,8-K,A,0001493152-23-022852,2,1,0,0,0,0,
0001860871,0001493152-24-007591,2024-02-14,2024-02-22,0002011728,Saadi Ryan H.,Tevogen Bio Holdings Inc.,ok,full,1.0,2024-02-14,8-K,A,0001493152-24-006751,1,0,0,0,1,1,2023-06-29
0001860871,0001493152-24-007593,2024-02-14,2024-02-22,0002011765,Desai Kirti,Tevogen Bio Holdings Inc.,ok,full,1.0,2024-02-14,8-K,A,0001493152-24-006751,1,0,0,0,1,1,2023-06-29
0001861115,0001062993-22-020126,2022-09-27,2022-10-03,0001510281,"Saba Capital Management, L.P.",Nuveen Multi-Asset Income Fund,ok,full,0.0,,,,,0,0,0,0,0,0,
0001861121,0001013762-23-002873,2023-09-29,2023-10-10,0001898049,Sheikh Kash,EVe Mobility Acquisition Corp,ok,full,0.0,,,,,0,0,0,0,0,0,
0001861121,0001213900-24-021075,2024-02-26,2024-03-08,0002013007,Blufire Capital Ltd,EVe Mobility Acquisition Corp,ok,full,0.0,,,,,0,0,0,0,0,0,
0001861449,0001891364-22-000004,2022-12-19,2022-12-21,0001891364,VanderZanden Travis,"Bird Global, Inc.",ok,full,0.0,,,,,0,0,0,0,0,0,
0001861449,0001437749-23-001381,2023-01-03,2023-01-20,0001962962,"MKB Partners Fund II, Limited Partnership","Bird Global, Inc.",ok,full,0.0,,,,,0,0,0,0,0,0,
0001861449,0001437749-23-001382,2023-01-03,2023-01-20,0001962963,Alate I LP,"Bird Global, Inc.",ok,full,0.0,,,,,0,0,0,0,0,0,
0001861449,0001437749-23-001383,2023-01-03,2023-01-20,0001962964,Relay Ventures Fund III L.P.,"Bird Global, Inc.",ok,full,0.0,,,,,0,0,0,0,0,0,
0001861449,0001437749-23-001384,2023-01-03,2023-01-20,0001962959,Obelysk Transport L.P.,"Bird Global, Inc.",ok,full,0.0,,,,,0,0,0,0,0,0,
0001861449,0001891364-23-000002,2023-01-03,2023-01-05,0001891364,VanderZanden Travis,"Bird Global, Inc.",ok,full,0.0,,,,,0,0,0,0,0,0,
0001861449,0000950127-23-000058,2023-09-19,2023-10-02,0001994876,Tier Mobility SE,"Bird Global, Inc.",ok,full,0.0,,,,,0,0,0,0,0,0,
0001861522,0001493152-22-014261,2022-05-15,2022-05-18,0001055163,DABAH EZRA,KIDPIK CORP.,ok,full,0.0,,,,,0,0,0,0,0,0,
0001861657,0001641172-25-015693,2025-04-30,2025-06-20,0001840140,Gravitas Capital LP,"Tharimmune, Inc.",ok,full,0.0,,,,,0,0,0,0,0,0,
0001861737,0001104659-25-041824,2025-04-24,2025-04-30,0001998254,Li Yifan,Hesai Group,ok,full,0.0,,,,,0,0,0,0,0,0,
0001861737,0001104659-25-041826,2025-04-24,2025-04-30,0001998050,Xiang Shaoqing,Hesai Group,ok,full,0.0,,,,,0,0,0,0,0,0,
0001861737,0001104659-25-041829,2025-04-24,2025-04-30,0001998340,Sun Kai,Hesai Group,ok,full,0.0,,,,,0,0,0,0,0,0,
0001862281,0000929638-25-001941,2025-04-01,2025-05-16,0001163648,CI INVESTMENTS INC.,ADAMS STREET PRIVATE EQUITY NAVIGATOR FUND LLC,ok,full,0.0,,,,,0,0,0,0,0,0,
0001862490,0001213900-22-065942,2022-01-13,2022-10-25,0001949915,St Baker Energy Holdings Pty Ltd,Tritium DCFC Ltd,ok,full,0.0,,,,,0,0,0,0,0,0,
0001863006,0001178913-24-002269,2024-07-23,2024-07-23,0001992355,Value Base Ltd.,Valens Semiconductor Ltd.,ok,full,0.0,,,,,0,0,0,0,0,0,
0001863362,0001104659-25-039600,2025-04-09,2025-04-25,0002065888,"Chemo Project, S.A.","Procaps Group, S.A.",ok,full,0.0,,,,,0,0,0,0,0,0,
0001863362,0001104659-25-040275,2025-04-09,2025-04-28,0002065959,Becaril S.A.,"Procaps Group, S.A.",ok,full,0.0,,,,,0,0,0,0,0,0,
0001863362,0001213900-25-034047,2025-04-09,2025-04-22,0002064752,Saint Thomas Commercial S.A.,"Procaps Group, S.A.",ok,full,0.0,,,,,0,0,0,0,0,0,
0001863362,0001213900-25-034049,2025-04-09,2025-04-22,0002064745,Flying Fish Ventures L.P.,"Procaps Group, S.A.",ok,full,0.0,,,,,0,0,0,0,0,0,
0001863934,0001062993-24-019213,2024-11-07,2024-11-15,0002044548,VICUS AVSHALOM OFER,ADURO CLEAN TECHNOLOGIES INC.,ok,full,0.0,,,,,0,0,0,0,0,0,
0001863990,0001104659-23-128812,2023-12-19,2023-12-22,0002004751,Strahan Gary Eugene,"Infrared Cameras Holdings, Inc.",ok,full,,,,,,0,0,1,1,1,1,2023-11-13
0001863990,0000921895-24-001536,2024-07-01,2024-07-03,0001873893,325 CAPITAL LLC,"MultiSensor AI Holdings, Inc.",ok,full,0.0,,,,,0,0,0,0,1,1,2023-11-13
0001864055,0001493152-23-015388,2023-04-10,2023-05-04,0001873464,Deng Conglin,Moxian (BVI) Inc,ok,full,0.0,,,,,0,0,0,0,0,0,
0001864290,0001062993-24-000527,2024-01-04,2024-01-05,0001510281,"Saba Capital Management, L.P.","Pioneer Municipal High Income Opportunities Fund, Inc.",ok,full,0.0,,,,,0,0,0,0,0,0,
0001864839,0000928785-25-000017,2025-08-05,2025-08-06,0000928785,STANDARD BANK OF SOUTH AFRICA LTD,Prosus N.V.,ok,full,0.0,,,,,0,0,0,0,0,0,
0001864843,0001062993-22-021329,2022-10-31,2022-11-01,0001510281,"Saba Capital Management, L.P.",BlackRock ESG Capital Allocation Trust,ok,full,0.0,,,,,0,0,0,0,0,0,
0001865191,0001731122-22-000246,2021-11-08,2022-02-15,0001909144,Liu Kelvin Chak Kwan,TG Venture Acquisition Corp.,ok,full,0.0,,,,,0,0,0,0,0,0,
0001865191,0001731122-23-000981,2023-05-19,2023-05-19,0001909144,Liu Kelvin Chak Kwan,TG Venture Acquisition Corp.,ok,full,,,,,,0,0,1,1,0,0,
0001865191,0001731122-23-000983,2023-05-19,2023-05-19,0001892281,Tsangs Group Holdings Ltd,TG Venture Acquisition Corp.,ok,full,,,,,,0,0,1,1,0,0,
0001865200,0001104659-25-090966,2025-09-10,2025-09-17,0002020176,Harmon Neal,"Angel Studios, Inc.",ok,full,,,,,,0,0,1,3,1,1,2025-02-14
0001865200,0001104659-25-090974,2025-09-10,2025-09-18,0002020174,Harmon Jeffrey,"Angel Studios, Inc.",ok,full,,,,,,0,0,1,3,1,1,2025-02-14
0001865248,0001104659-24-055825,2024-04-25,2024-05-01,0001882608,Guduru Suresh,Capitalworks Emerging Markets Acquisition Corp,ok,full,0.0,,,,,0,0,0,0,0,0,
0001865248,0001094891-25-000015,2025-07-11,2025-07-16,0002076925,"Valleypark Road, LLC",Piermont Valley Acquisition Corp,ok,full,,,,,,0,0,1,1,0,0,
0001865389,0001062993-24-001013,2024-01-09,2024-01-18,0001510281,"Saba Capital Management, L.P.",Nuveen Variable Rate Preferred & Income Fund,ok,full,0.0,,,,,0,0,0,0,0,0,
0001865407,0001140361-23-018752,2023-04-06,2023-04-18,0001876530,Kensington Capital Sponsor V LLC,Kensington Capital Acquisition Corp. V,ok,full,,,,,,0,0,1,1,0,0,
0001865506,0000950103-24-017408,2024-11-01,2024-12-06,0002046915,"LHX Intermediate, LLC",Zeo Energy Corp.,ok,full,0.0,,,,,0,0,0,0,1,1,2024-02-13
0001865533,0001140361-22-023593,2022-06-08,2022-06-21,0001934225,New Emerging Markets Horizon,Emerging Markets Horizon Corp.,ok,full,0.0,,,,,0,0,0,0,0,0,
0001865602,0001213900-24-071575,2024-08-14,2024-08-21,0002029095,"Cantor EP Holdings, LLC","Cantor Equity Partners, Inc.",ok,full,,,,,,0,0,1,1,0,0,
0001865631,0001213900-22-049682,2022-08-09,2022-08-19,0001201333,SUBIN NEIL S,NEXTNAV INC.,ok,full,0.0,,,,,0,0,0,0,0,0,
0001865631,0001193805-24-000342,2024-03-05,2024-03-08,0001402258,Frischer Charles L,NEXTNAV INC.,ok,full,0.0,,,,,0,0,0,0,0,0,
0001865782,0001140361-24-041401,2024-09-11,2024-09-18,0001890568,KKR Phoenix Aggregator L.P.,"BrightSpring Health Services, Inc.",ok,full,0.0,,,,,0,0,0,0,0,0,
0001865852,0001213900-24-077072,2024-09-03,2024-09-09,0001611545,Sterling Fund Management LLC,"Keypath Education International, Inc.",ok,full,1.0,2024-09-12,8-K,A,0001213900-24-077843,1,0,0,0,1,1,2024-06-25
0001865861,0001437749-24-017997,2024-05-16,2024-05-22,0002024185,Chee Graham MacGregor,Cactus Acquisition Corp. 1 Ltd,ok,full,0.0,,,,,0,0,0,0,0,0,
0001866226,0001213900-22-001343,2021-12-30,2022-01-10,0001866218,Welsbach Acquisition Holdings LLC,Welsbach Technology Metals Acquisition Corp.,ok,full,0.0,,,,,0,0,0,0,0,0,
0001866390,0001068238-22-000235,2022-11-03,2022-11-10,0001910075,VNV (Cyprus) Ltd,Babylon Holdings Ltd,ok,full,0.0,,,,,0,0,0,0,0,0,
0001866390,0001068238-22-000237,2022-11-03,2022-11-14,0001766574,Kinnevik AB (publ),Babylon Holdings Ltd,ok,full,0.0,,,,,0,0,0,0,0,0,
0001866501,0000898432-22-000110,2021-12-31,2022-02-14,0001911175,"Infisol 3000, S.L.",Wallbox N.V.,ok,full,0.0,,,,,0,0,0,0,0,0,
0001866501,0001437749-24-025235,2024-08-05,2024-08-07,0001474735,GENERAC HOLDINGS INC.,Wallbox N.V.,ok,full,0.0,,,,,0,0,0,0,0,0,
0001866547,0001493152-22-001009,2022-01-03,2022-01-12,0001871435,Aetherium Capital Holdings LLC,Aetherium Acquisition Corp,ok,full,0.0,,,,,0,0,0,0,0,0,
0001866550,0001213900-24-067359,2024-08-05,2024-08-12,0001882279,Murphy Christopher Gerard,"Thoughtworks Holding, Inc.",ok,full,,,,,,0,0,1,2,0,0,
0001866581,0001883088-22-000004,2021-09-17,2022-03-02,0001883088,Ricci Joth,Dutch Bros Inc.,ok,full,0.0,,,,,0,0,0,0,0,0,
0001866581,0001866581-23-000028,2023-02-01,2023-02-21,0001883088,Ricci Joth,Dutch Bros Inc.,ok,full,0.0,,,,,0,0,0,0,0,0,
0001866816,0001493152-23-041166,2023-11-08,2023-11-14,0001890832,Kapoor Alok,"SYNTEC OPTICS HOLDINGS, INC.",ok,full,1.0,2023-11-14,8-K,A,0001493152-23-041322,1,0,0,0,1,1,2023-05-10
0001867102,0001193125-24-081594,2024-03-22,2024-03-29,0001911254,Fitzpatrick Stephen James,Vertical Aerospace Ltd.,ok,full,0.0,,,,,0,0,0,0,0,0,
0001867102,0001104659-24-110937,2024-10-20,2024-10-23,0001655183,"Mudrick Capital Management, L.P.",Vertical Aerospace Ltd.,ok,full,0.0,,,,,0,0,0,0,0,0,
0001867714,0001493152-24-007880,2022-12-05,2024-02-26,0001953760,Meli Ali,Monachil Credit Income Fund,ok,full,0.0,,,,,0,0,0,0,0,0,
0001867714,0001104659-23-118466,2023-03-23,2023-11-15,0002000161,"Pitt's Bay 18 Partners, L.P.",Monachil Credit Income Fund,ok,full,0.0,,,,,0,0,0,0,0,0,
0001867729,0001104659-24-113896,2024-10-28,2024-11-04,0002039251,"Alliance Ventures, B.V.",WeRide Inc.,ok,full,0.0,,,,,0,0,0,0,0,0,
0001867834,0001140361-22-018416,2021-01-20,2022-05-10,0001927014,Mazij Matevz,Bragg Gaming Group Inc.,ok,full,0.0,,,,,0,0,0,0,0,0,
0001867834,0000912282-24-000533,2024-06-08,2024-07-10,0002028647,FALLON DOUG,Bragg Gaming Group Inc.,ok,full,0.0,,,,,0,0,0,0,0,0,
0001868279,0000947871-24-000091,2024-01-30,2024-02-05,0001055951,ORBIMED ADVISORS LLC,"ArriVent Biopharma, Inc.",ok,full,0.0,,,,,0,0,0,0,0,0,
0001868419,0001104659-22-006465,2022-01-21,2022-01-21,0001868423,Western Acquisition Ventures Sponsor LLC,Western Acquisition Ventures Corp.,ok,full,,,,,,0,0,1,1,0,0,
0001868419,0000919574-25-005403,2025-08-04,2025-08-29,0002083498,McCoy III Alvin,"Cycurion, Inc.",ok,full,,,,,,0,0,1,1,0,0,
0001868640,0000950170-23-068297,2023-09-20,2023-12-06,0001986636,"Avacara PTE, Ltd.",Roadzen Inc.,ok,full,,,,,,0,0,1,1,1,1,2023-08-25
0001868734,0000950142-22-000407,2022-01-11,2022-01-21,0001017645,"GENERAL ATLANTIC, L.P.","CinCor Pharma, Inc.",ok,full,1.0,2023-01-09,SC TO-C,A+B,0001104659-23-002291,2,1,0,0,0,0,
0001868734,0001104659-22-006437,2022-01-11,2022-01-21,0001680200,"Sofinnova Venture Partners X, L.P.","CinCor Pharma, Inc.",ok,full,1.0,2023-01-09,SC TO-C,A+B,0001104659-23-002291,2,1,0,0,0,0,
0001868734,0001104659-23-019448,2023-02-10,2023-02-13,0001849915,Sofinnova Capital IX,"CinCor Pharma, Inc.",ok,full,1.0,2023-02-24,8-K,A,0001193125-23-047746,1,0,0,0,1,1,2023-01-23
0001869105,0001213900-24-015480,2024-02-13,2024-02-20,0001869101,Helix Holdings II LLC,Helix Acquisition Corp. II,ok,full,0.0,,,,,0,0,0,0,0,0,
0001869105,0001193125-25-182790,2025-08-11,2025-08-18,0002076615,BridgeBio Pharma LLC,"BridgeBio Oncology Therapeutics, Inc.",ok,full,0.0,,,,,0,0,0,0,0,0,
0001869198,0001213900-24-113683,2024-12-19,2024-12-31,0001688079,Bevco Lux S.a.r.l.,"Life Time Group Holdings, Inc.",ok,full,0.0,,,,,0,0,0,0,0,0,
0001869467,0000919574-23-000129,2022-09-30,2023-01-06,0001318885,DIANA SHIPPING INC.,OceanPal Inc.,ok,full,0.0,,,,,0,0,0,0,0,0,
0001869467,0000919574-23-002778,2023-04-15,2023-05-03,0001771346,Abra Marinvest Inc.,OceanPal Inc.,ok,full,0.0,,,,,0,0,0,0,0,0,
0001869467,0000919574-23-004011,2023-06-28,2023-07-07,0001390775,Papatrifon Eleftherios,OceanPal Inc.,ok,full,0.0,,,,,0,0,0,0,0,0,
0001869467,0001104659-23-104561,2023-09-18,2023-09-28,0001308557,Economou George,OceanPal Inc.,ok,full,0.0,,,,,0,0,0,0,0,0,
0001869467,0000919574-23-006808,2023-12-18,2023-12-20,0001771346,Abra Marinvest Inc.,OceanPal Inc.,ok,full,0.0,,,,,0,0,0,0,0,0,
0001869467,0000919574-24-001891,2024-03-01,2024-03-07,0001771346,Abra Marinvest Inc.,OceanPal Inc.,ok,full,0.0,,,,,0,0,0,0,0,0,
0001869467,0000919574-24-003820,2024-06-24,2024-06-26,0001390775,Papatrifon Eleftherios,OceanPal Inc.,ok,full,0.0,,,,,0,0,0,0,0,0,
0001869467,0002100084-25-000001,2025-10-27,2025-12-16,0002100084,Blackdragon Ventures LLC,OceanPal Inc.,ok,full,0.0,,,,,0,0,0,0,0,0,
0001869467,0001140361-25-040377,2025-10-28,2025-11-04,0001798896,Near Foundation,OceanPal Inc.,ok,full,0.0,,,,,0,0,0,0,0,0,
0001869824,0001104659-23-025345,2023-02-14,2023-02-24,0001894180,"Seaport Global SPAC II, LLC",Seaport Global Acquisition II Corp.,ok,full,,,,,,0,0,1,1,0,0,
0001869974,0001493152-23-006017,2023-02-14,2023-02-24,0001874219,"Poseidon Bio, LLC","Ocean Biomedical, Inc.",ok,full,,,,,,0,0,1,1,1,1,2023-02-13
0001869974,0001493152-23-006020,2023-02-14,2023-02-24,0001884003,"Aesther Healthcare Sponsor, LLC","Ocean Biomedical, Inc.",ok,full,,,,,,0,0,1,1,1,1,2023-02-13
0001870144,0000935836-22-000580,2022-10-25,2022-11-03,0001950789,Dogan Meeshanthini,"Cardio Diagnostics Holdings, Inc.",ok,full,0.0,,,,,0,0,0,0,1,1,2022-09-15
0001870144,0000935836-22-000585,2022-10-25,2022-11-04,0001949924,Philibert Robert,"Cardio Diagnostics Holdings, Inc.",ok,full,0.0,,,,,0,0,0,0,1,1,2022-09-15
0001870404,0001213900-24-092444,2024-09-25,2024-10-30,0001266567,ATWOOD BRIAN G,"CERO THERAPEUTICS HOLDINGS, INC.",ok,full,0.0,,,,,0,0,0,0,1,1,2024-01-22
0001871149,0000921895-23-002397,2023-10-12,2023-10-26,0001688522,"Philotimo Fund, LP","Real Good Food Company, Inc.",ok,full,0.0,,,,,0,0,0,0,0,0,
0001871321,0001213900-25-038294,2025-04-24,2025-05-01,0001176309,ORAMED PHARMACEUTICALS INC.,Alpha Tau Medical Ltd.,ok,full,0.0,,,,,0,0,0,0,0,0,
0001871509,0000921895-24-001846,2024-08-08,2024-08-15,0001559771,Engaged Capital LLC,Portillo's Inc.,ok,full,0.0,,,,,0,0,0,0,0,0,
0001871638,0001213900-25-004767,2025-01-13,2025-01-21,0001733859,Bess Lane,"Blaize Holdings, Inc.",ok,full,,,,,,0,0,1,1,1,1,2024-12-02
0001871638,0000950170-25-095308,2025-05-02,2025-07-11,0002048309,Munagala Dinakar,"Blaize Holdings, Inc.",ok,full,0.0,,,,,0,0,0,0,1,1,2024-12-02
0001871983,0001104659-24-044818,2024-04-01,2024-04-08,0002018653,OSN Streaming Ltd,Anghami Inc,ok,full,0.0,,,,,0,0,0,0,0,0,
0001871983,0000950170-25-098874,2025-07-23,2025-07-25,0001437107,"Warner Bros. Discovery, Inc.",Anghami Inc,ok,full,0.0,,,,,0,0,0,0,0,0,
0001872195,0000950170-25-110743,2025-08-14,2025-08-21,0001974189,Yuan Kokuei,Bullish,ok,full,0.0,,,,,0,0,0,0,0,0,
0001872195,0000950170-25-110767,2025-08-14,2025-08-21,0001955357,Blumer Brendan Francis,Bullish,ok,full,0.0,,,,,0,0,0,0,0,0,
0001872302,0001213900-23-078499,2023-09-13,2023-09-22,0001802733,Sun Qifeng,Nano Labs Ltd,ok,full,0.0,,,,,0,0,0,0,0,0,
0001872302,0001213900-23-078502,2023-09-13,2023-09-22,0001802732,Kong Jianping,Nano Labs Ltd,ok,full,0.0,,,,,0,0,0,0,0,0,
0001872356,0001104659-23-005825,2023-01-12,2023-01-23,0001671899,"FG Next GP, LLC","Molekule Group, Inc.",ok,full,1.0,2023-01-12,8-K,A,0001104659-23-003483,1,0,0,1,0,0,
0001872812,0001213900-22-021888,2021-02-10,2022-04-27,0001920179,Renaissance Capital Partners Ltd,TC BioPharm (Holdings) plc,ok,full,0.0,,,,,0,0,0,0,0,0,
0001872964,0001213900-22-025928,2022-02-04,2022-05-12,0001899620,Gottlieb Joseph,Maris Tech Ltd.,ok,full,0.0,,,,,0,0,0,0,0,0,
0001873093,0001493152-23-013202,2023-04-14,2023-04-21,0001970632,Choo Chee Kong,CytoMed Therapeutics Ltd,ok,full,0.0,,,,,0,0,0,0,0,0,
0001873093,0001493152-23-018344,2023-04-14,2023-05-19,0001970819,Zeng Jieming,CytoMed Therapeutics Ltd,ok,full,0.0,,,,,0,0,0,0,0,0,
0001873835,0001068238-23-000182,2023-08-21,2023-08-30,0001977769,"GKCC, LLC","Immix Biopharma, Inc.",ok,full,0.0,,,,,0,0,0,0,0,0,
0001873923,0001534242-25-000010,2025-06-12,2025-06-20,0001534242,"Kawa Capital Management, Inc",Orion Properties Inc.,ok,full,0.0,,,,,0,0,0,0,0,0,
0001874074,0001213900-23-002911,2023-01-04,2023-01-17,0001958236,Lucky Cookie Holdings Ltd,MultiMetaVerse Holdings Ltd,ok,full,0.0,,,,,0,0,0,0,0,0,
0001874074,0001213900-23-002914,2023-01-04,2023-01-17,0001958712,F.L.M Holdings Ltd,MultiMetaVerse Holdings Ltd,ok,full,0.0,,,,,0,0,0,0,0,0,
0001874097,0001213900-22-005922,2021-10-19,2022-02-08,0001889113,Tal Lior,Cyngn Inc.,ok,full,0.0,,,,,0,0,0,0,0,0,
0001874138,0001599916-22-000213,2021-09-17,2022-08-10,0001940261,"NVC Holdings, LLC","Sparx Holdings Group, Inc.",ok,full,0.0,,,,,0,0,0,0,0,0,
0001874138,0001599916-22-000243,2022-08-29,2022-09-08,0001945273,"Sparx Holdings, LLC","Sparx Holdings Group, Inc.",ok,full,0.0,,,,,0,0,0,0,0,0,
0001874315,0001011438-23-000044,2022-01-25,2023-02-02,0001962608,Hannover Holdings S.A.,Satellogic Inc.,ok,full,0.0,,,,,0,0,0,0,0,0,
0001874315,0001140361-22-003920,2022-01-25,2022-02-04,0001897580,Kargieman Emiliano,Satellogic Inc.,ok,full,0.0,,,,,0,0,0,0,0,0,
0001874315,0001213900-22-005523,2022-01-25,2022-02-04,0001024896,"CANTOR FITZGERALD, L. P.",Satellogic Inc.,ok,full,0.0,,,,,0,0,0,0,0,0,
0001874315,0000950142-22-000779,2022-02-10,2022-02-22,0001905374,Liberty 77 Capital L.P.,Satellogic Inc.,ok,full,0.0,,,,,0,0,0,0,0,0,
0001874495,0000950103-22-002503,2021-12-09,2022-02-14,0001897943,Forbion Growth Sponsor FEAC I B.V.,Forbion European Acquisition Corp.,ok,full,0.0,,,,,0,0,0,0,0,0,
0001874944,0000902664-24-003017,2024-04-18,2024-04-22,0001595082,DAVIDSON KEMPNER CAPITAL MANAGEMENT LP,"Vacasa, Inc.",ok,full,1.0,2024-12-31,8-K,A,0001140361-24-050634,3,1,0,2,0,1,2021-12-09
0001874944,0001140361-24-027329,2024-05-16,2024-05-23,0001403525,"Oaktree Capital Group Holdings GP, LLC","Vacasa, Inc.",ok,full,1.0,2024-12-31,8-K,A,0001140361-24-050634,4,0,0,2,0,1,2021-12-09
0001874944,0000950170-25-002871,2024-12-30,2025-01-07,0001641818,"LEVEL EQUITY OPPORTUNITIES FUND 2015, L.P.","Vacasa, Inc.",ok,full,1.0,2024-12-31,8-K,A,0001140361-24-050634,4,1,0,2,0,1,2021-12-09
0001874944,0000950170-25-002915,2024-12-30,2025-01-07,0001737652,"SLTA V (GP), L.L.C.","Vacasa, Inc.",ok,full,1.0,2024-12-31,8-K,A,0001140361-24-050634,4,0,0,2,0,1,2021-12-09
0001874944,0000950170-25-003166,2024-12-30,2025-01-07,0001596118,Riverwood Capital Partners II (Parallel-B) L.P.,"Vacasa, Inc.",ok,full,1.0,2024-12-31,8-K,A,0001140361-24-050634,4,0,0,2,0,1,2021-12-09
0001875558,0001104659-22-038886,2022-03-17,2022-03-28,0001251213,BENTSUR RON,"Nuvectis Pharma, Inc.",ok,full,0.0,,,,,0,0,0,0,0,0,
0001875609,0001437749-22-008657,2022-03-30,2022-04-11,0001921850,Agility Public Warehousing Co K.S.C.P.,Swvl Holdings Corp,ok,full,0.0,,,,,0,0,0,0,0,0,
0001875609,0001068238-22-000094,2022-03-31,2022-04-08,0001910075,VNV (Cyprus) Ltd,Swvl Holdings Corp,ok,full,0.0,,,,,0,0,0,0,0,0,
0001875609,0001104659-24-036086,2022-03-31,2024-03-19,0002015958,Memphis Equity Ltd,Swvl Holdings Corp,ok,full,0.0,,,,,0,0,0,0,0,0,
0001875609,0001539497-22-000798,2022-03-31,2022-04-11,0001922270,DiGAME Africa,Swvl Holdings Corp,ok,full,0.0,,,,,0,0,0,0,0,0,
0001875609,0001068238-22-000261,2022-12-21,2022-12-22,0001910075,VNV (Cyprus) Ltd,Swvl Holdings Corp,ok,full,0.0,,,,,0,0,0,0,0,0,
0001876431,0001104659-22-066118,2022-05-18,2022-05-31,0001930070,Yeung Danny Sheng Wu,Prenetics Global Ltd,ok,full,0.0,,,,,0,0,0,0,0,0,
0001876588,0000807249-25-000097,2025-07-25,2025-07-28,0000807249,"GAMCO INVESTORS, INC. ET AL",ZimVie Inc.,ok,full,1.0,2025-08-15,PREM14A,A,0001193125-25-181940,3,0,0,0,1,1,2025-07-21
0001876716,0001213900-25-064101,2025-07-07,2025-07-15,0002075647,YIP Tsz Yan,ASPAC II Acquisition Corp.,ok,full,0.0,,,,,0,0,0,0,0,0,
0001876945,0001140361-23-034834,2023-07-07,2023-07-17,0001983842,"GOLD FLORA CAPITAL, LLC",Gold Flora Corp.,ok,full,0.0,,,,,0,0,0,0,1,1,2023-05-15
0001877333,0001104659-22-110661,2022-10-12,2022-10-21,0001426890,Yu Peter,TH International Ltd,ok,full,0.0,,,,,0,0,0,0,0,0,
0001877557,0001104659-24-029811,2024-02-01,2024-03-01,0002010802,Suntone Investment Pty Ltd,Integrated Wellness Acquisition Corp,ok,full,1.0,2024-08-27,8-K,A,0001104659-24-092999,1,0,0,1,1,1,2023-04-28
0001877787,0001104659-25-073258,2025-07-29,2025-08-04,0001021944,Temasek Holdings (Private) Ltd,Ermenegildo Zegna N.V.,ok,full,0.0,,,,,0,0,0,0,0,0,
0001877939,0001575872-22-001020,2022-10-12,2022-10-24,0001310272,WRIGHT JAY O,"Castellum, Inc.",ok,full,0.0,,,,,0,0,0,0,0,0,
0001877939,0001575872-22-001021,2022-10-12,2022-10-24,0001944544,Fuller Mark C,"Castellum, Inc.",ok,full,0.0,,,,,0,0,0,0,0,0,
0001878057,0001104659-22-126598,2022-01-27,2022-12-13,0001953643,Knutsson Ltd,Super Group (SGHC) Ltd,ok,full,0.0,,,,,0,0,0,0,0,0,
0001878057,0001104659-22-127182,2022-01-27,2022-12-15,0001954552,Chivers Ltd,Super Group (SGHC) Ltd,ok,full,0.0,,,,,0,0,0,0,0,0,
0001878074,0001213900-22-004970,2022-01-31,2022-02-02,0001892597,Blue World Holdings Ltd,Blue World Acquisition Corp,ok,full,0.0,,,,,0,0,0,0,0,0,
0001878313,0001564590-22-028823,2022-08-01,2022-08-10,0001913199,Smith Stan,"MAIA Biotechnology, Inc.",ok,full,0.0,,,,,0,0,0,0,0,0,
0001878848,0001062993-22-023759,2022-11-07,2022-12-13,0001449359,Everest Hill Group Inc.,Iris Energy Ltd,ok,full,0.0,,,,,0,0,0,0,0,0,
0001879016,0001140361-22-025727,2022-06-30,2022-07-11,0001714217,ORION RESOURCE PARTNERS (USA) LP,Ivanhoe Electric Inc.,ok,full,0.0,,,,,0,0,0,0,0,0,
0001879016,0001104659-23-081632,2023-07-06,2023-07-17,0001977962,Saudi Arabian Mining Co (Ma'aden),Ivanhoe Electric Inc.,ok,full,0.0,,,,,0,0,0,0,0,0,
0001879103,0000943374-22-000014,2022-01-12,2022-01-12,0001903509,"15 Beach, MHC","CFSB Bancorp, Inc. /MA/",ok,full,0.0,,,,,0,0,0,0,0,0,
0001879248,0001213900-22-000422,2021-12-22,2022-01-04,0001902682,ads-tec Holding GmbH,Ads-Tec Energy Public Ltd Co,ok,full,0.0,,,,,0,0,0,0,0,0,
0001879248,0000950142-25-001870,2025-06-30,2025-07-09,0001218961,LUCERNE CAPITAL MANAGEMENT LP,Ads-Tec Energy Public Ltd Co,ok,full,0.0,,,,,0,0,0,0,0,0,
0001879293,0001493152-22-014910,2022-05-17,2022-05-24,0001641138,Rouf Henrik,"Myson, Inc.",ok,full,0.0,,,,,0,0,0,0,0,0,
0001879373,0001213900-25-043302,2025-04-22,2025-05-14,0002068377,Ping Wei Aiden Lee,GRAPHJET TECHNOLOGY,ok,full,0.0,,,,,0,0,0,0,0,1,2024-03-20
0001879848,0001683168-23-007194,2023-09-26,2023-10-16,0001427051,Palo Alto Clean Tech Holding Ltd,PHOENIX MOTOR INC.,ok,full,0.0,,,,,0,0,0,0,0,0,
0001879851,0001493152-23-011705,2023-03-30,2023-04-10,0001920169,2TM Holding LP,TMT Acquisition Corp.,ok,full,1.0,2023-12-04,8-K,A,0001493152-23-043518,1,1,0,0,0,0,
0001880249,0001599916-22-000082,2022-03-21,2022-03-24,0001859934,"White Knight Co., Ltd.","Perfect Solutions Group, Inc.",ok,full,0.0,,,,,0,0,0,0,0,0,
0001880249,0001599916-23-000215,2023-09-08,2023-10-06,0001992891,"WeCapital Co., Ltd.","Perfect Solutions Group, Inc.",ok,full,0.0,,,,,0,0,0,0,0,0,
0001880343,0001213900-22-042836,2022-07-20,2022-07-29,0001898426,Novak Damian,"Fresh Vine Wine, Inc.",ok,full,0.0,,,,,0,0,0,0,0,0,
0001880343,0001213900-22-044068,2022-07-20,2022-08-02,0001898039,Nechio Rick,"Fresh Vine Wine, Inc.",ok,full,0.0,,,,,0,0,0,0,0,0,
0001880431,0001493152-25-016667,2025-10-02,2025-10-02,0001746470,Taylor Paul Richard,Vocodia Holdings Corp,ok,full,0.0,,,,,0,0,0,0,0,0,
0001880438,0001373604-25-000074,2025-05-07,2025-05-07,0001373604,"BML Investment Partners, L.P.","AN2 Therapeutics, Inc.",ok,full,0.0,,,,,0,0,0,0,0,0,
0001880441,0001929980-24-000014,2024-01-16,2024-01-19,0002007471,"Camel Bay, LLC",Battery Future Acquisition Corp.,ok,full,1.0,2024-05-15,8-K,A,0001929980-24-000191,1,0,0,0,0,0,
0001880613,0001104659-24-003687,2022-06-10,2024-01-12,0001897454,"Direct Digital Management, LLC","Direct Digital Holdings, Inc.",ok,full,0.0,,,,,0,0,0,0,0,0,
0001881462,0001213900-22-018098,2021-12-20,2022-04-05,0001904747,"Spree Operandi, LP",Spree Acquisition Corp. 1 Ltd,ok,full,0.0,,,,,0,0,0,0,0,0,
0001881472,0001493152-23-018500,2023-05-22,2023-05-22,0001934204,Chan Wai Ho,Magic Empire Global Ltd,ok,full,0.0,,,,,0,0,0,0,0,0,
0001881472,0001493152-23-018502,2023-05-22,2023-05-22,0001934205,"Chen Sze Hon, Johnson",Magic Empire Global Ltd,ok,full,0.0,,,,,0,0,0,0,0,0,
0001881551,0001213900-24-010680,2024-02-02,2024-02-06,0001678511,"Global Graphene Group, Inc.",Solidion Technology Inc.,ok,full,0.0,,,,,0,0,0,0,1,1,2023-11-08
0001881551,0001213900-25-105610,2025-10-21,2025-11-04,0002092793,Madison Bond LLC,Solidion Technology Inc.,ok,full,0.0,,,,,0,0,0,0,0,1,2023-11-08
0001882464,0001829126-22-008176,2022-04-05,2022-04-14,0001914427,M-Star Management Corp,Metal Sky Star Acquisition Corp,ok,full,0.0,,,,,0,0,0,0,0,0,
0001882607,0001140361-22-025604,2022-07-09,2022-07-08,0001512486,Perry Craig,"ALPINE SUMMIT ENERGY PARTNERS, INC.",ok,full,0.0,,,,,0,0,0,0,0,0,
0001882850,0001013594-24-000433,2024-04-29,2024-05-06,0001163648,CI INVESTMENTS INC.,"Apollo Realty Income Solutions, Inc.",ok,full,0.0,,,,,0,0,0,0,0,0,
0001882963,0001213900-22-004464,2022-01-21,2022-01-31,0001906359,AIB LLC,AIB Acquisition Corp,ok,full,0.0,,,,,0,0,0,0,0,0,
0001883085,0001104659-22-077254,2022-06-22,2022-07-05,0001703441,"OAK HC/FT PARTNERS II, L.P.",Pagaya Technologies Ltd.,ok,full,0.0,,,,,0,0,0,0,0,0,
0001883085,0001140361-22-044753,2022-06-23,2022-12-07,0001935202,Yulzari Yahav,Pagaya Technologies Ltd.,ok,full,0.0,,,,,0,0,0,0,0,0,
0001883085,0001140361-22-044754,2022-06-23,2022-12-07,0001935363,Krubiner Gal,Pagaya Technologies Ltd.,ok,full,0.0,,,,,0,0,0,0,0,0,
0001883085,0001140361-22-044755,2022-06-23,2022-12-07,0001935207,Pardo Avital,Pagaya Technologies Ltd.,ok,full,0.0,,,,,0,0,0,0,0,0,
0001883085,0001140361-23-015380,2023-03-21,2023-03-31,0000936828,GIC Private Ltd,Pagaya Technologies Ltd.,ok,full,0.0,,,,,0,0,0,0,0,0,
0001883788,0001104659-24-025613,2024-02-07,2024-02-20,0002011735,DIH Technology Ltd.,"DIH HOLDING US, INC.",ok,full,0.0,,,,,0,0,0,0,0,0,
0001883814,0001829126-23-001666,2023-02-14,2023-02-24,0001965929,Renda Frankie S.,"Southland Holdings, Inc.",ok,full,,,,,,0,0,1,1,0,0,
0001883814,0001829126-23-001668,2023-02-14,2023-02-24,0001965927,Renda Rudolph V.,"Southland Holdings, Inc.",ok,full,,,,,,0,0,1,1,0,0,
0001883984,0001213900-24-007398,2023-12-22,2024-01-29,0001896404,Alternus Energy Group Plc,"Alternus Clean Energy, Inc.",ok,full,0.0,,,,,0,0,0,0,1,1,2023-11-13
0001884082,0001213900-22-037912,2022-06-23,2022-07-07,0001936654,Volvo Car Corp,Polestar Automotive Holding UK PLC,ok,full,0.0,,,,,0,0,0,0,0,0,
0001884697,0001104659-22-046100,2022-03-29,2022-04-14,0001822220,FirstMark Horizon Sponsor LLC,"Starry Group Holdings, Inc.",ok,full,1.0,2022-03-29,8-K,A,0001193125-22-086972,1,1,0,1,0,0,
0001885336,0001213900-24-081022,2021-01-01,2024-09-23,0001297613,Li Sze Tang (Albert),"FORMATION MINERALS, INC.",ok,full,0.0,,,,,0,0,0,0,0,0,
0001885336,0001213900-24-070032,2022-02-09,2024-08-16,0001886064,Trainor John Damien,"FORMATION MINERALS, INC.",ok,full,0.0,,,,,0,0,0,0,0,0,
0001885336,0001213900-24-064920,2022-12-15,2024-08-02,0002023567,King Chan Tsz,"FORMATION MINERALS, INC.",ok,full,0.0,,,,,0,0,0,0,0,0,
0001885408,0001213900-22-063419,2022-08-30,2022-10-12,0001946542,Hakmon Viki,Jeffs' Brands Ltd,ok,full,0.0,,,,,0,0,0,0,0,0,
0001885408,0001213900-22-055642,2022-09-13,2022-09-13,0001618500,Medigus Ltd.,Jeffs' Brands Ltd,ok,full,0.0,,,,,0,0,0,0,0,0,
0001885408,0001493152-24-041830,2024-09-18,2024-10-21,0002040809,Conroy Jeffrey J.,Jeffs' Brands Ltd,ok,full,0.0,,,,,0,0,0,0,0,0,
0001885522,0001072613-23-000508,2023-09-19,2023-10-02,0001906837,"ARCH Venture Fund XII, L.P.","Neumora Therapeutics, Inc.",ok,full,0.0,,,,,0,0,0,0,0,0,
0001885849,0001731122-25-000665,2025-02-03,2025-05-05,0002054209,Alice Group USA LLC,Tofla Megaline Inc.,ok,full,0.0,,,,,0,0,0,0,0,0,
0001885849,0001731122-25-000673,2025-02-03,2025-05-06,0002054346,Calero Katerine A,Tofla Megaline Inc.,ok,full,0.0,,,,,0,0,0,0,0,0,
0001886799,0001493152-22-036342,2022-12-12,2022-12-22,0001928342,Rafih Terry,Bright Green Corp,ok,full,0.0,,,,,0,0,0,0,0,0,
0001886799,0001493152-23-021443,2023-05-30,2023-06-15,0001927032,Stockwell Lynn,Bright Green Corp,ok,full,0.0,,,,,0,0,0,0,0,0,
0001888012,0001395064-22-000067,2022-04-28,2022-05-09,0001395064,TAKEDA PHARMACEUTICAL CO LTD,"HilleVax, Inc.",ok,full,0.0,,,,,0,0,0,0,0,0,
0001888012,0001214659-25-006873,2025-05-02,2025-05-02,0001232621,TANG CAPITAL MANAGEMENT LLC,"HilleVax, Inc.",ok,full,1.0,2025-08-04,8-K,A,0001193125-25-172151,5,0,0,0,0,0,
0001888014,0000912282-24-000168,2023-07-25,2024-02-20,0001520211,Halo Collective Inc.,AKANDA CORP.,ok,full,0.0,,,,,0,0,0,0,0,0,
0001888151,0002018265-24-000002,2024-04-03,2024-04-05,0002018265,Cloud Alliance Inc,BYND CANNASOFT ENTERPRISES INC.,ok,full,0.0,,,,,0,0,0,0,0,0,
0001888151,0001493152-24-024829,2024-06-14,2024-06-21,0002027705,Ben Yaackov Yftah,BYND CANNASOFT ENTERPRISES INC.,ok,full,0.0,,,,,0,0,0,0,0,0,
0001888151,0001493152-25-007633,2025-02-07,2025-02-20,0001750740,Wolkin Harold,Femto Technologies Inc.,ok,full,0.0,,,,,0,0,0,0,0,0,
0001888151,0001493152-25-007636,2025-02-07,2025-02-20,0002056811,ZIGDON CARMEL,Femto Technologies Inc.,ok,full,0.0,,,,,0,0,0,0,0,0,
0001888151,0001493152-25-007661,2025-02-07,2025-02-20,0001336334,Kabazo Gabriel,Femto Technologies Inc.,ok,full,0.0,,,,,0,0,0,0,0,0,
0001888151,0001094891-25-000008,2025-04-22,2025-04-25,0001896206,Alta Partners LLC,Femto Technologies Inc.,ok,full,0.0,,,,,0,0,0,0,0,0,
0001888447,0001140361-22-015547,2022-04-18,2022-04-22,0001908900,Maya Maritime LLC,"Excelerate Energy, Inc.",ok,full,0.0,,,,,0,0,0,0,0,0,
0001888525,0001213900-24-108903,2024-11-28,2024-12-13,0002048447,CHEN Jian,U-BX Technology Ltd.,ok,full,0.0,,,,,0,0,0,0,0,0,
0001888654,0001193125-23-291725,2023-12-05,2023-12-08,0001942819,Bluescape Energy Partners IV GP LLC,"5E Advanced Materials, Inc.",ok,full,0.0,,,,,0,0,0,0,0,0,
0001888846,0001599916-22-000321,2022-11-15,2022-12-01,0001875883,"CRS Consulting, LLC","Ultimate Holdings Group, Inc.",ok,full,0.0,,,,,0,0,0,0,0,0,
0001888846,0001599916-23-000104,2023-04-21,2023-05-15,0001977012,SKYPR LLC,"Ultimate Holdings Group, Inc.",ok,full,0.0,,,,,0,0,0,0,0,0,
0001889123,0001213900-25-022414,2025-02-14,2025-03-10,0002057403,Kirkwood Jonathan,"Fold Holdings, Inc.",ok,full,0.0,,,,,0,0,0,0,0,0,
0001889123,0001213900-25-022909,2025-02-14,2025-03-11,0002057455,Reeves William Brian Poppic,"Fold Holdings, Inc.",ok,full,0.0,,,,,0,0,0,0,0,0,
0001889539,0001493152-24-049899,2024-12-09,2024-12-13,0000905591,NIPPON LIFE INSURANCE CO,"Corebridge Financial, Inc.",ok,full,0.0,,,,,0,0,0,0,0,0,
0001890107,0001123292-23-000088,2023-07-10,2023-07-20,0000753308,NEXTERA ENERGY INC,First Eagle Private Credit Fund,ok,full,0.0,,,,,0,0,0,0,0,0,
0001891101,0001193805-22-000377,2022-02-09,2022-02-22,0001559771,Engaged Capital LLC,BRC Inc.,ok,full,1.0,2022-02-10,8-K,A,0001104659-22-019525,1,1,0,0,0,0,
0001892316,0001213900-23-094955,2023-11-27,2023-12-12,0001893343,Zhang Liang,Longduoduo Co Ltd,ok,full,0.0,,,,,0,0,0,0,0,0,
0001892492,0001493152-25-003017,2025-01-20,2025-01-21,0001479044,Vassilakos Paul,Eightco Holdings Inc.,ok,full,0.0,,,,,0,0,0,0,0,0,
0001892492,0001493152-25-014292,2025-09-09,2025-09-19,0002077248,MOZAYYX UGP LLC,Eightco Holdings Inc.,ok,full,0.0,,,,,0,0,0,0,0,0,
0001892492,0001104659-25-115548,2025-09-10,2025-11-24,0002089815,"World Assets, Ltd.",Eightco Holdings Inc.,ok,full,0.0,,,,,0,0,0,0,0,0,
0001892922,0001104659-23-023897,2023-02-13,2023-02-22,0001966293,Mars Capital Holding Corp,Mars Acquisition Corp.,ok,full,1.0,2023-09-08,8-K,A,0001104659-23-099289,2,1,0,0,0,0,
0001892922,0001104659-24-032484,2023-02-13,2024-03-08,0001335910,Brenza Karl,Mars Acquisition Corp.,ok,full,1.0,2023-09-08,8-K,A,0001104659-23-099289,2,0,0,0,0,0,
0001893311,0001104659-22-128787,2022-12-20,2022-12-21,0001788856,Kothari Shanoop,LUXURBAN HOTELS INC.,ok,full,0.0,,,,,0,0,0,0,0,0,
0001893448,0001493152-23-019727,2023-05-18,2023-06-01,0001934724,"Strong/MDI Screen Systems, Inc.","Strong Global Entertainment, Inc.",ok,full,0.0,,,,,0,0,0,0,0,0,
0001894057,0001104659-22-007941,2022-01-19,2022-01-27,0001894059,"Papaya Growth Opportunity I Sponsor, LLC",Papaya Growth Opportunity Corp. I,ok,full,0.0,,,,,0,0,0,0,0,0,
0001894176,0001213900-24-088556,2024-10-10,2024-10-17,0001894482,"Cohen Circle Sponsor I, LLC",Cohen Circle Acquisition Corp. I,ok,full,1.0,2025-07-23,DEFM14A,A,0001213900-25-066764,1,0,0,4,0,0,
0001894210,0001213900-23-017277,2022-09-29,2023-03-03,0001968127,Qomolangma Investments LLC,Qomolangma Acquisition Corp.,ok,full,0.0,,,,,0,0,0,0,0,0,
0001894525,0001213900-25-045604,2025-05-12,2025-05-19,0002057997,Inscobee Inc.,"Apimeds Pharmaceuticals US, Inc.",ok,full,,,,,,0,0,1,1,0,0,
0001894562,0001072613-24-000265,2024-02-15,2024-02-22,0001906837,"ARCH Venture Fund XII, L.P.","Prime Medicine, Inc.",ok,full,0.0,,,,,0,0,0,0,0,0,
0001894693,0001213900-22-039338,2022-06-15,2022-07-14,0001936829,Tenenboim Yaacov,SaverOne 2014 Ltd.,ok,full,0.0,,,,,0,0,0,0,0,0,
0001894951,0001213900-22-030162,2022-05-12,2022-05-27,0001920920,"Global Blockchain Sponsor, LLC",Global Blockchain Acquisition Corp.,ok,full,0.0,,,,,0,0,0,0,0,0,
0001894951,0001213900-24-099121,2024-11-13,2024-11-15,0002044703,Fourcore Capital Inc.,Global Blockchain Acquisition Corp.,ok,full,0.0,,,,,0,0,0,0,0,0,
0001895262,0000950103-22-017718,2022-10-03,2022-10-13,0001948709,APMH Invest A/S,Noble Corp plc,ok,full,0.0,,,,,0,0,0,0,0,0,
0001895316,0001104659-22-103558,2022-09-26,2022-09-28,0001480561,UAW Retiree Medical Benefits Trust,Brightwood Capital Corp I,ok,full,0.0,,,,,0,0,0,0,0,0,
0001896036,0000894579-22-000161,2022-06-01,2022-06-10,0001756081,EPCM Holdings LLC,Eagle Point Institutional Income Fund,ok,full,0.0,,,,,0,0,0,0,0,0,
0001896212,0001493152-22-004468,2022-02-02,2022-02-14,0001910050,"Murphy Canyon Acquisition Sponsor, LLC",Murphy Canyon Acquisition Corp.,ok,full,,,,,,0,0,1,1,0,0,
0001896212,0001766806-23-000091,2022-02-13,2023-02-16,0001766806,Shaolin Capital Management LLC,Murphy Canyon Acquisition Corp.,ok,full,,,,,,0,0,1,1,0,0,
0001896212,0001493152-23-034860,2023-09-22,2023-09-29,0001990829,Corvus Capital Ltd.,CONDUIT PHARMACEUTICALS INC.,ok,full,0.0,,,,,0,0,0,0,0,0,
0001896511,0001213900-23-070822,2023-07-31,2023-08-25,0001989736,Liao Jinqi,ZKGC New Energy Ltd,ok,full,0.0,,,,,0,0,0,0,0,0,
0001896511,0001213900-23-070824,2023-07-31,2023-08-25,0001935088,Zhong Zhuowei,ZKGC New Energy Ltd,ok,full,0.0,,,,,0,0,0,0,0,0,
0001897245,0001493152-22-003834,2022-01-31,2022-02-10,0001261725,Chan Heng Fai Ambrose,Alset Capital Acquisition Corp.,ok,full,0.0,,,,,0,0,0,0,0,0,
0001897971,0001104659-23-119164,2023-11-13,2023-11-16,0002000188,Miao Zhizhuang,Global Lights Acquisition Corp,ok,full,0.0,,,,,0,0,0,0,0,0,
0001897982,0000950103-22-009378,2022-05-16,2022-05-26,0000032604,EMERSON ELECTRIC CO,"Aspen Technology, Inc.",ok,full,0.0,,,,,0,0,0,0,1,1,2022-05-04
0001898019,0001104659-23-026765,2022-11-04,2023-02-28,0001901320,Axios Sponsor LP,AXIOS Sustainable Growth Acquisition Corp,ok,full,0.0,,,,,0,0,0,0,0,0,
0001898416,0001104659-22-076943,2022-06-15,2022-07-05,0001936288,Aztiq Pharma Partners S.a r.l.,Alvotech,ok,full,0.0,,,,,0,0,0,0,0,0,
0001898416,0001213900-22-035188,2022-06-15,2022-06-27,0001935390,Celtic Holdings SCA,Alvotech,ok,full,0.0,,,,,0,0,0,0,0,0,
0001898474,0001213900-24-089298,2024-10-16,2024-10-21,0001972305,Nelson Daniel D,"Signing Day Sports, Inc.",ok,full,,,,,,0,0,1,2,0,0,
0001898496,0001140361-22-027705,2022-07-22,2022-08-01,0001465109,Neuberger Berman Group LLC,"Getty Images Holdings, Inc.",ok,full,,,,,,0,0,1,1,0,0,
0001898496,0000950142-22-002665,2022-08-24,2022-09-06,0001056213,GETTY INVESTMENTS LLC,"Getty Images Holdings, Inc.",ok,full,0.0,,,,,0,0,0,0,0,0,
0001898604,0001493152-22-026453,2022-09-08,2022-09-21,0001935210,Chae James,Yoshiharu Global Co.,ok,full,0.0,,,,,0,0,0,0,0,0,
0001898766,0001493152-23-020107,2023-06-02,2023-06-05,0001415554,Ingriselli Frank C,Trio Petroleum Corp.,ok,full,0.0,,,,,0,0,0,0,0,0,
0001899017,0000950170-25-016475,2025-02-01,2025-02-07,0002055128,"Bain Capital DCB Investments, LP",Bain Capital Private Credit,ok,full,0.0,,,,,0,0,0,0,0,0,
0001899017,0001140361-25-016135,2025-04-21,2025-04-28,0001317947,"Bain Capital Credit, LP",Bain Capital Private Credit,ok,full,0.0,,,,,0,0,0,0,0,0,
0001899123,0001140361-23-027362,2023-04-13,2023-05-31,0001977915,Victory Courage Ltd,Bitdeer Technologies Group,ok,full,0.0,,,,,0,0,0,0,0,0,
0001899123,0001140361-23-027364,2023-04-13,2023-05-31,0001977747,"Shinning Stone Invest Co., Ltd.",Bitdeer Technologies Group,ok,full,0.0,,,,,0,0,0,0,0,0,
0001899123,0001104659-24-068877,2024-05-30,2024-06-06,0002025889,Tether Holdings Ltd,Bitdeer Technologies Group,ok,full,0.0,,,,,0,0,0,0,0,0,
0001899830,0000950103-22-019249,2022-10-28,2022-11-07,0001838682,Provident Acquisition Holdings Ltd.,Perfect Corp.,ok,full,0.0,,,,,0,0,0,0,0,0,
0001899830,0000898432-25-000092,2024-06-06,2025-02-05,0001962464,Chang Alice Hua-Jen,Perfect Corp.,ok,full,0.0,,,,,0,0,0,0,0,0,
0001899830,0000898432-25-000090,2024-12-31,2025-02-05,0001962952,Perfect AA Corp.,Perfect Corp.,ok,full,0.0,,,,,0,0,0,0,0,0,
0001899883,0000950170-25-033537,2025-02-26,2025-03-05,0002023029,"LIF AIV 1, L.P.",FTAI Infrastructure Inc.,ok,full,0.0,,,,,0,0,0,0,0,0,
0001900304,0000078003-22-000089,2022-07-17,2022-07-27,0000078003,PFIZER INC,Haleon plc,ok,full,0.0,,,,,0,0,0,0,0,0,
0001900304,0001387131-22-008007,2022-07-17,2022-07-27,0001131399,GSK PLC,Haleon plc,ok,full,0.0,,,,,0,0,0,0,0,0,
0001900402,0001493152-22-005922,2022-02-11,2022-03-03,0001900403,Evergreen LLC,Evergreen Corp,ok,full,0.0,,,,,0,0,0,0,0,0,
0001900520,0000947871-24-000868,2024-11-01,2024-11-08,0001055951,ORBIMED ADVISORS LLC,"Lomond Therapeutics Holdings, Inc.",ok,full,,,,,,0,0,1,1,0,0,
0001900520,0001213900-24-096045,2024-11-01,2024-11-08,0002042386,"Eilean Therapeutics, LLC","Lomond Therapeutics Holdings, Inc.",ok,full,,,,,,0,0,1,1,0,0,
0001900520,0001213900-24-096046,2024-11-01,2024-11-08,0002017798,"TPAV, LLC","Lomond Therapeutics Holdings, Inc.",ok,full,,,,,,0,0,1,1,0,0,
0001900679,0001493152-22-002139,2022-01-20,2022-01-24,0001900203,Technology & Telecommunication LLC,Technology & Telecommunication Acquisition Corp,ok,full,0.0,,,,,0,0,0,0,0,0,
0001901037,0001178913-23-000852,2022-01-31,2023-03-06,0001679543,Phoenix Holdings Ltd.,Stellus Private Credit BDC,ok,full,0.0,,,,,0,0,0,0,0,0,
0001901215,0001213900-22-037743,2022-06-09,2022-07-07,0001936611,Brenmiller Avraham,Brenmiller Energy Ltd.,ok,full,0.0,,,,,0,0,0,0,0,0,
0001901215,0001213900-24-050965,2024-06-06,2024-06-10,0001140358,ALPHA CAPITAL ANSTALT,Brenmiller Energy Ltd.,ok,full,0.0,,,,,0,0,0,0,0,0,
0001901297,0001493152-23-013867,2023-04-14,2023-04-27,0001974593,Stauss John,"ZRCN, Inc.",ok,full,0.0,,,,,0,0,0,0,0,0,
0001901297,0001493152-23-013870,2023-04-14,2023-04-27,0001974676,Stauss Eric,"ZRCN, Inc.",ok,full,0.0,,,,,0,0,0,0,0,0,
0001901297,0001493152-23-013872,2023-04-14,2023-04-27,0001974677,Stauss Kurt,"ZRCN, Inc.",ok,full,0.0,,,,,0,0,0,0,0,0,
0001901297,0001493152-23-013875,2023-04-14,2023-04-27,0001974693,Wyler Robert,"ZRCN, Inc.",ok,full,0.0,,,,,0,0,0,0,0,0,
0001901637,0001104659-22-001814,2021-12-30,2022-01-06,0001583223,"Patriot Financial Partners II, L.P.","USCB FINANCIAL HOLDINGS, INC.",ok,full,0.0,,,,,0,0,0,0,0,0,
0001901799,0000950170-25-086529,2025-05-30,2025-06-16,0001952409,Mintz Brandon Taylor,Bitcoin Depot Inc.,ok,full,0.0,,,,,0,0,0,0,0,1,2023-06-20
0001902314,0000807249-22-000131,2022-10-07,2022-10-14,0000807249,"GAMCO INVESTORS, INC. ET AL","M-tron Industries, Inc.",ok,full,0.0,,,,,0,0,0,0,0,0,
0001902314,0000807249-23-000160,2023-11-28,2023-12-05,0001233348,GABELLI MARC,"M-tron Industries, Inc.",ok,full,0.0,,,,,0,0,0,0,0,0,
0001902733,0000899140-22-000084,2022-01-07,2022-01-18,0001710959,"Insight Venture Partners X, L.P.","nCino, Inc.",ok,full,0.0,,,,,0,0,0,0,0,0,
0001902733,0000902664-24-005919,2024-10-14,2024-10-21,0001469026,"HMI Capital Management, L.P.","nCino, Inc.",ok,full,0.0,,,,,0,0,0,0,0,0,
0001903145,0001213900-22-041299,2022-07-13,2022-07-25,0001939672,Origin Rise Ltd,Gorilla Technology Group Inc.,ok,full,0.0,,,,,0,0,0,0,0,0,
0001903870,0001493152-22-017068,2022-06-09,2022-06-17,0001931010,Lighthouse Capital Ltd,Forafric Global PLC,ok,full,0.0,,,,,0,0,0,0,0,0,
0001903870,0001493152-22-027287,2022-09-09,2022-09-30,0001931010,Lighthouse Capital Ltd,Forafric Global PLC,ok,full,0.0,,,,,0,0,0,0,0,0,
0001904286,0000897069-23-001176,2023-08-02,2023-08-14,0001986593,Bay Shore Trust,"MIRA PHARMACEUTICALS, INC.",ok,full,0.0,,,,,0,0,0,0,0,0,
0001905088,0000945621-23-000165,2022-09-02,2023-03-22,0001330714,Cox William Christopher,Ark Venture Fund,ok,full,0.0,,,,,0,0,0,0,0,0,
0001905088,0000945621-23-000163,2022-09-13,2023-03-22,0001820212,Wood Catherine D.,Ark Venture Fund,ok,full,0.0,,,,,0,0,0,0,0,0,
0001905511,0001493152-22-014918,2022-04-22,2022-05-24,0001928509,Hong Bee Yin,JE Cleantech Holdings Ltd,ok,full,0.0,,,,,0,0,0,0,0,0,
0001905660,0001753926-24-000558,2024-03-14,2024-03-18,0001532798,Dominion Capital L.L.C.,Hub Cyber Security Ltd.,ok,full,0.0,,,,,0,0,0,0,0,0,
0001905824,0000945621-22-000272,2022-07-11,2022-07-11,0001163368,PACIFIC INVESTMENT MANAGEMENT CO LLC,PIMCO Capital Solutions BDC Corp.,ok,full,0.0,,,,,0,0,0,0,0,0,
0001905956,0001213900-24-011884,2024-02-02,2024-02-09,0001910570,TEO CHONG CHAN,TREASURE GLOBAL INC,ok,full,0.0,,,,,0,0,0,0,0,0,
0001907184,0000902664-25-003155,2025-07-21,2025-07-24,0000919185,HIGHBRIDGE CAPITAL MANAGEMENT LLC,Electra Battery Materials Corp,ok,full,0.0,,,,,0,0,0,0,0,0,
0001907184,0000905148-25-002551,2025-07-21,2025-07-24,0001257391,WHITEBOX ADVISORS LLC,Electra Battery Materials Corp,ok,full,0.0,,,,,0,0,0,0,0,0,
0001907184,0001132716-25-000017,2025-07-21,2025-07-25,0001132716,"OCONNOR, A Distinct Business Unit of UBS ASSET MANAGEMENT AMERICAS (LLC)",Electra Battery Materials Corp,ok,full,0.0,,,,,0,0,0,0,0,0,
0001907425,0001493152-24-032933,2024-08-07,2024-08-19,0002034176,Worldory Sdn Bhd,JOCOM HOLDINGS CORP.,ok,full,0.0,,,,,0,0,0,0,0,0,
0001907425,0001493152-24-035210,2024-08-27,2024-09-06,0002034176,Worldory Sdn Bhd,JOCOM HOLDINGS CORP.,ok,full,0.0,,,,,0,0,0,0,0,0,
0001908705,0001013762-25-000819,2025-03-13,2025-03-21,0001946888,Lee Yat Lung Andrew,Global Engine Group Holding Ltd,ok,full,0.0,,,,,0,0,0,0,0,0,
0001908984,0000919574-22-005209,2022-08-11,2022-08-22,0001633986,Kiel Steven L,ENDI Corp.,ok,full,0.0,,,,,0,0,0,0,0,0,
0001908984,0001437749-22-021073,2022-08-11,2022-08-22,0001517133,"Cohanzick Management, LLC",ENDI Corp.,ok,full,0.0,,,,,0,0,0,0,0,0,
0001908984,0001437749-22-021074,2022-08-11,2022-08-22,0001940675,Sherman David K.,ENDI Corp.,ok,full,0.0,,,,,0,0,0,0,0,0,
0001908984,0001437749-22-021075,2022-08-11,2022-08-22,0001942724,David K. Sherman 1997 Family Trust,ENDI Corp.,ok,full,0.0,,,,,0,0,0,0,0,0,
0001909152,0001628280-22-019068,2022-06-29,2022-07-18,0001938462,"Lightrock Growth Fund I S.A., SICAV-RAIF",Kalera Public Ltd Co,ok,full,,,,,,0,0,1,1,0,0,
0001909747,0001628280-23-031213,2023-02-14,2023-09-01,0001455939,Cacioppo James,Jushi Holdings Inc.,ok,full,0.0,,,,,0,0,0,0,0,0,
0001909770,0001683168-25-001276,2025-02-04,2025-02-27,0002054421,TONG TIEN SENG,KHEOBA CORP.,ok,full,0.0,,,,,0,0,0,0,0,0,
0001910851,0001193125-22-187216,2022-06-21,2022-07-01,0001844960,"New Mountain Investments V, L.L.C.",R1 RCM Inc. /DE,ok,full,0.0,,,,,0,0,0,0,0,0,
0001910975,0001683168-25-006725,2025-08-22,2025-09-05,0002084840,Nova Aura Ltd,Rapid Line Inc.,ok,full,0.0,,,,,0,0,0,0,0,0,
0001911467,0001096906-23-001673,2023-08-23,2023-08-23,0001307230,"Rochford Living Trust Lloyd Timothy Rochford, Trustee","Circle Energy, Inc./NV",ok,full,0.0,,,,,0,0,0,0,0,0,
0001911545,0001991499-23-000001,2023-08-03,2023-09-05,0001991499,KO JOSHUA,"Hanryu Holdings, Inc.",ok,full,0.0,,,,,0,0,0,0,0,0,
0001911545,0001991499-23-000002,2023-08-03,2023-09-05,0001991499,KO JOSHUA,"Hanryu Holdings, Inc.",ok,full,0.0,,,,,0,0,0,0,0,0,
0001911545,0001213900-24-013665,2023-12-07,2024-02-14,0002010923,Shin Hang Muk,"Hanryu Holdings, Inc.",ok,full,0.0,,,,,0,0,0,0,0,0,
0001911545,0001213900-25-046970,2025-02-18,2025-05-22,0002062532,Evan Trust,"Global Interactive Technologies, Inc.",ok,full,0.0,,,,,0,0,0,0,0,0,
0001911545,0001213900-25-054340,2025-05-20,2025-06-13,0002062471,Shi Amy Xianglin,"Global Interactive Technologies, Inc.",ok,full,0.0,,,,,0,0,0,0,0,0,
0001912582,0001213900-22-034080,2022-06-15,2022-06-22,0001912588,Feutune Light Sponsor LLC,Feutune Light Acquisition Corp,ok,full,0.0,,,,,0,0,0,0,0,0,
0001912847,0001140361-23-000837,2022-10-14,2023-01-06,0001953130,Tsantanis Stamatios,United Maritime Corp,ok,full,0.0,,,,,0,0,0,0,0,0,
0001913210,0001493152-23-044414,2023-10-11,2023-12-11,0002003326,Yaletown Bros. Ventures Ltd.,Bruush Oral Care Inc.,ok,full,0.0,,,,,0,0,0,0,0,0,
0001913721,0000820478-22-000013,2020-05-10,2022-07-20,0000820478,STRS OHIO,AGTB Private BDC,ok,partial,0.0,,,,,0,0,0,0,0,0,
0001913721,0000820478-22-000014,2022-05-10,2022-07-20,0000820478,STRS OHIO,AGTB Private BDC,ok,full,,,,,,0,0,1,1,0,0,
0001913721,0001104659-22-078871,2022-06-30,2022-07-11,0001659851,Cliffwater LLC,AGTB Private BDC,ok,full,,,,,,0,0,1,1,0,0,
0001913749,0001213900-25-066648,2024-08-15,2025-07-22,0002011877,Yang Haogang,Global Mofy AI Ltd,ok,full,0.0,,,,,0,0,0,0,0,0,
0001913838,0000943374-22-000285,2022-07-13,2022-07-22,0001936943,Turnwald Thomas,"VWF Bancorp, Inc.",ok,full,0.0,,,,,0,0,0,0,0,0,
0001913838,0000943374-22-000286,2022-07-13,2022-07-22,0001936981,Koch Charles F,"VWF Bancorp, Inc.",ok,full,0.0,,,,,0,0,0,0,0,0,
0001913838,0000943374-22-000287,2022-07-13,2022-07-22,0001937098,Keysor Michael,"VWF Bancorp, Inc.",ok,full,0.0,,,,,0,0,0,0,0,0,
0001914023,0001213900-22-032304,2022-06-09,2022-06-13,0001914031,Acri Capital Sponsor LLC,Acri Capital Acquisition Corp,ok,full,0.0,,,,,0,0,0,0,0,0,
0001914818,0001493152-24-019231,2024-05-07,2024-05-14,0001964683,Nevis International B&T Sdn Bhd,Starbox Group Holdings Ltd.,ok,full,0.0,,,,,0,0,0,0,0,0,
0001915380,0001193805-25-001314,2025-09-15,2025-09-19,0001785342,National Philanthropic Trust,"dMY Squared Technology Group, Inc.",ok,full,1.0,2026-02-17,DEFM14A,A,0001213900-26-017460,1,0,0,4,0,0,
0001915403,0001104659-22-115515,2022-10-27,2022-11-07,0001865021,"Endurance Antarctica Partners, LLC",SatixFy Communications Ltd.,ok,full,0.0,,,,,0,0,0,0,0,0,
0001916099,0001104659-24-035772,2024-03-11,2024-03-18,0002012136,APO Corp.,Diameter Credit Co,ok,full,0.0,,,,,0,0,0,0,0,0,
0001916331,0001213900-24-040462,2024-04-01,2024-05-07,0002016205,Asset Empire International Ltd,Neo-Concept International Group Holdings Ltd,ok,full,0.0,,,,,0,0,0,0,0,0,
0001916425,0000897069-25-000423,2025-02-20,2025-02-27,0001569147,"PL Capital Advisors, LLC",American Riviera Bancorp,ok,full,0.0,,,,,0,0,0,0,0,0,
0001916879,0001065949-23-000013,2023-02-13,2023-02-14,0001126534,LITTMAN M A,"VECTOR 21 HOLDINGS, INC.",ok,full,0.0,,,,,0,0,0,0,0,0,
0001918080,0001213900-25-078087,2025-07-23,2025-08-18,0002081850,Muller Elizabeth,"Deep Isolation Nuclear, Inc.",ok,full,,,,,,0,0,1,1,0,0,
0001918102,0001213900-25-090840,2025-09-05,2025-09-23,0002081850,Muller Elizabeth,"DEEP FISSION, INC.",ok,full,0.0,,,,,0,0,0,0,0,0,
0001918102,0001213900-25-090841,2025-09-05,2025-09-23,0002081872,Muller Richard,"DEEP FISSION, INC.",ok,full,0.0,,,,,0,0,0,0,0,0,
0001918767,0001193125-22-260452,2022-10-01,2022-10-11,0001523591,Universities Superannuation Scheme Ltd as sole corporate trustee for Universities Superannuation Scheme,"Constitution Capital Access Fund, LLC",ok,full,0.0,,,,,0,0,0,0,0,0,
0001918767,0000919574-24-000290,2024-01-04,2024-01-10,0001523591,Universities Superannuation Scheme Ltd as sole corporate trustee for Universities Superannuation Scheme,"Constitution Capital Access Fund, LLC",ok,full,0.0,,,,,0,0,0,0,0,0,
0001918767,0000919574-24-004378,2024-02-05,2024-08-12,0001523591,Universities Superannuation Scheme Ltd as sole corporate trustee for Universities Superannuation Scheme,"Constitution Capital Access Fund, LLC",ok,full,0.0,,,,,0,0,0,0,0,0,
0001918767,0000919574-24-005287,2024-07-31,2024-08-30,0001523591,Universities Superannuation Scheme Ltd as sole corporate trustee for Universities Superannuation Scheme,"Constitution Capital Access Fund, LLC",ok,full,0.0,,,,,0,0,0,0,0,0,
0001918767,0000919574-24-005675,2024-08-31,2024-09-30,0001523591,Universities Superannuation Scheme Ltd as sole corporate trustee for Universities Superannuation Scheme,"Constitution Capital Access Fund, LLC",ok,full,0.0,,,,,0,0,0,0,0,0,
0001918767,0000919574-24-006181,2024-09-30,2024-11-06,0001523591,Universities Superannuation Scheme Ltd as sole corporate trustee for Universities Superannuation Scheme,"Constitution Capital Access Fund, LLC",ok,full,0.0,,,,,0,0,0,0,0,0,
0001918767,0000919574-25-002257,2024-12-31,2025-04-04,0001523591,Universities Superannuation Scheme Ltd as sole corporate trustee for Universities Superannuation Scheme,"Constitution Capital Access Fund, LLC",ok,full,0.0,,,,,0,0,0,0,0,0,
0001919246,0001753926-24-000393,2024-02-15,2024-02-26,0001679440,Friedberg Ezra M,Chromocell Therapeutics Corp,ok,full,,,,,,0,0,1,1,0,0,
0001919246,0000950170-25-093838,2025-07-01,2025-07-03,0000886163,LIGAND PHARMACEUTICALS INC,Pelthos Therapeutics Inc.,ok,full,0.0,,,,,0,0,0,0,0,0,
0001919369,0001628280-23-034283,2023-10-02,2023-10-12,0001216495,"VEP Group, LLC",VISTA CREDIT STRATEGIC LENDING CORP.,ok,full,0.0,,,,,0,0,0,0,0,0,
0001919369,0001216495-24-000006,2024-09-27,2024-10-01,0001216495,"VEP Group, LLC",VISTA CREDIT STRATEGIC LENDING CORP.,ok,full,0.0,,,,,0,0,0,0,0,0,
0001919369,0001104659-25-070562,2025-07-21,2025-07-25,0002078336,Nonghyup Bank as trustee of DBAM Vista Credit Investment Trust No. 2,VISTA CREDIT STRATEGIC LENDING CORP.,ok,full,0.0,,,,,0,0,0,0,0,0,
0001920294,0001104659-24-092039,2024-08-15,2024-08-22,0002034918,Lychagov Igor,REZOLVE GROUP Ltd,ok,full,0.0,,,,,0,0,0,0,0,0,
0001920406,0001213900-25-087881,2025-09-12,2025-09-16,0001635075,Ramaswamy Vivek,"Strive, Inc.",ok,full,,,,,,0,0,1,2,1,1,2025-07-03
0001920453,0000315066-23-002207,2023-03-13,2023-03-23,0000315066,FMR LLC,Fidelity Private Credit Fund,ok,full,0.0,,,,,0,0,0,0,0,0,
0001921158,0001213900-24-020765,2024-02-29,2024-03-07,0002014317,Lu Liang (Leo),Bitfufu Inc.,ok,full,0.0,,,,,0,0,0,0,0,0,
0001921800,0001805833-24-000021,2022-01-27,2024-01-05,0001805833,"System1, Inc.",Baker Nicholas,ok,full,0.0,,,,,0,0,0,0,0,0,
0001922097,0001104659-22-129880,2022-12-14,2022-12-23,0001447884,Fosun International Ltd,Lanvin Group Holdings Ltd,ok,full,0.0,,,,,0,0,0,0,0,0,
0001922446,0001213900-25-048513,2025-03-14,2025-05-29,0001578109,"EIG Energy Fund XVI, L.P.",Diversified Energy Co PLC,ok,full,0.0,,,,,0,0,0,0,0,0,
0001922858,0001213900-24-006545,2023-12-12,2024-01-25,0002003706,Humble Emily Jayne,"ECD Automotive Design, Inc.",ok,full,,,,,,0,0,1,1,1,1,2023-03-06
0001922858,0001213900-24-006546,2023-12-12,2024-01-25,0002003772,Wallace Scott Malcom,"ECD Automotive Design, Inc.",ok,full,,,,,,0,0,1,1,1,1,2023-03-06
0001922858,0001213900-24-006548,2023-12-12,2024-01-25,0002003707,Humble Thomas Ashley,"ECD Automotive Design, Inc.",ok,full,,,,,,0,0,1,1,1,1,2023-03-06
0001923622,0001104659-23-082367,2023-07-14,2023-07-19,0001972703,"PGIM Strategic Investments, Inc.",PGIM Private Credit Fund,ok,full,0.0,,,,,0,0,0,0,0,0,
0001923780,0001575872-23-001783,2023-09-29,2023-11-16,0001997103,Li Lin,Northann Corp.,ok,full,0.0,,,,,0,0,0,0,0,0,
0001923840,0000947871-22-001022,2022-09-19,2022-09-28,0001055951,ORBIMED ADVISORS LLC,"Third Harmonic Bio, Inc.",ok,full,0.0,,,,,0,0,0,0,0,0,
0001923840,0000950142-22-002792,2022-09-19,2022-09-28,0001017645,"GENERAL ATLANTIC, L.P.","Third Harmonic Bio, Inc.",ok,full,0.0,,,,,0,0,0,0,0,0,
0001923840,0001387131-22-010131,2022-09-19,2022-09-29,0001708269,"Atlas Venture Fund XI, L.P.","Third Harmonic Bio, Inc.",ok,full,0.0,,,,,0,0,0,0,0,0,
0001925531,0001104659-22-097033,2022-08-22,2022-09-01,0001935633,"New Mountain Guardian Investments IV, L.L.C.","New Mountain Guardian IV BDC, L.L.C.",ok,full,0.0,,,,,0,0,0,0,0,0,
0001927578,0001104659-25-013249,2024-12-31,2025-02-14,0002056395,Dai Jianbiao,NetClass Technology Inc,ok,full,0.0,,,,,0,0,0,0,0,0,
0001927719,0001104659-24-035647,2024-02-08,2024-03-18,0000922898,M&G INVESTMENT MANAGEMENT LTD,Freightos Ltd,ok,full,0.0,,,,,0,0,0,0,0,0,
0001928340,0001213900-24-034510,2024-04-12,2024-04-19,0002019199,Gong Cuizhang,GOLDEN HEAVEN GROUP HOLDINGS LTD.,ok,full,0.0,,,,,0,0,0,0,0,0,
0001928340,0001213900-24-070301,2024-08-13,2024-08-16,0002032999,Gan Xiaochun,GOLDEN HEAVEN GROUP HOLDINGS LTD.,ok,full,0.0,,,,,0,0,0,0,0,0,
0001928948,0001013762-23-004711,2022-12-15,2023-10-18,0001997181,Zhang Guohua,Caravelle International Group,ok,full,0.0,,,,,0,0,0,0,0,0,
0001928948,0001213900-24-062622,2024-07-11,2024-07-18,0002029746,Chang Jinyu,Caravelle International Group,ok,full,0.0,,,,,0,0,0,0,0,0,
0001929589,0000899140-23-000991,2022-12-16,2023-10-12,0001958016,Ingels Jurgen G. A.,MariaDB plc,ok,full,,,,,,0,0,1,1,0,0,
0001929589,0001140361-24-034690,2024-07-29,2024-07-29,0002020235,Meridian BidCo LLC,MariaDB plc,ok,full,0.0,,,,,0,0,0,0,1,1,2024-05-24
0001930021,0001213900-24-004954,2024-01-12,2024-01-22,0001321269,Shindo Dustin M,New Horizon Aircraft Ltd.,ok,full,0.0,,,,,0,0,0,0,0,0,
0001930179,0001213900-24-012106,2024-01-26,2024-02-09,0002011460,Liew Kok Leong,ARB IOT Group Ltd,ok,full,0.0,,,,,0,0,0,0,0,0,
0001930179,0001213900-24-094618,2024-11-05,2024-11-05,0002042263,ARB IOT Ltd,ARB IOT Group Ltd,ok,full,0.0,,,,,0,0,0,0,0,0,
0001930313,0001140361-24-005918,2024-01-26,2024-02-06,0002010776,ZUU Co. Ltd.,"Pono Capital Two, Inc.",ok,full,1.0,2024-08-12,DEFM14A,A,0001213900-24-067438,1,0,0,3,1,1,2023-11-09
0001930313,0001213900-24-080818,2024-09-17,2024-09-23,0002037003,Aikawa Yoshiyuki,SBC Medical Group Holdings Inc,ok,full,0.0,,,,,0,0,0,0,1,1,2024-08-12
0001930419,0001903596-22-000782,2022-11-07,2022-11-14,0001308120,Chan Sidney,ALR Technologies SG Ltd.,ok,full,0.0,,,,,0,0,0,0,0,0,
0001930679,0001140361-23-029145,2023-05-30,2023-06-09,0001820655,KKR Alternative Assets LLC,KKR FS Income Trust,ok,full,0.0,,,,,0,0,0,0,0,0,
0001930679,0001123292-23-000104,2023-08-29,2023-09-05,0000753308,NEXTERA ENERGY INC,KKR FS Income Trust,ok,full,0.0,,,,,0,0,0,0,0,0,
0001931055,0001663577-25-000202,2025-04-16,2025-06-12,0002071168,Vizirgianakis Gregory,Medinotec Inc.,ok,full,0.0,,,,,0,0,0,0,0,0,
0001931055,0001663577-25-000205,2025-04-16,2025-06-12,0001559834,Vizirgianakis Stavros G.,Medinotec Inc.,ok,full,0.0,,,,,0,0,0,0,0,0,
0001932072,0001493152-24-040897,2024-10-09,2024-10-11,0002015052,Wealthford Capital Ltd,LOBO EV TECHNOLOGIES LTD,ok,full,0.0,,,,,0,0,0,0,0,0,
0001932737,0001213900-23-004212,2022-11-14,2023-01-23,0001956472,Muse Ltd,"NWTN, Inc.",ok,full,0.0,,,,,0,0,0,0,0,0,
0001933414,0001104659-23-025333,2023-02-14,2023-02-24,0001346824,"RA CAPITAL MANAGEMENT, L.P.","Mineralys Therapeutics, Inc.",ok,full,0.0,,,,,0,0,0,0,0,0,
0001933414,0001628280-23-005044,2023-02-14,2023-02-24,0001699737,"Samsara BioCapital, L.P.","Mineralys Therapeutics, Inc.",ok,full,0.0,,,,,0,0,0,0,0,0,
0001933567,0001622627-24-000064,2024-11-12,2024-12-02,0001622627,"Rosalind Advisors, Inc.","Neuraxis, INC",ok,full,0.0,,,,,0,0,0,0,0,0,
0001933951,0001493152-25-008045,2024-12-31,2025-02-24,0002057695,Soon Aik Global Pte. Ltd.,SAG Holdings Ltd,ok,full,0.0,,,,,0,0,0,0,0,0,
0001933951,0001641172-25-012125,2025-05-15,2025-05-22,0002057695,Soon Aik Global Pte. Ltd.,INNEOVA Holdings Ltd,ok,full,0.0,,,,,0,0,0,0,0,0,
0001934064,0001013762-23-005851,2023-09-20,2023-10-23,0001545867,"SMC Holdings II, LP","ProSomnus, Inc.",ok,full,0.0,,,,,0,0,0,0,1,1,2022-12-13
0001934245,0001493152-25-025066,2025-11-19,2025-11-26,0001966393,Hoge Brett Widney,"Newton Golf Company, Inc.",ok,full,0.0,,,,,0,0,0,0,0,0,
0001934642,0001493152-23-026305,2021-07-25,2023-08-01,0001083544,DIGIANDOMENICO ANTHONY,"MDB Capital Holdings, LLC",ok,full,0.0,,,,,0,0,0,0,0,0,
0001934642,0001493152-23-026311,2021-07-25,2023-08-01,0000897744,MARLETT CHRISTOPHER A,"MDB Capital Holdings, LLC",ok,full,0.0,,,,,0,0,0,0,0,0,
0001935172,0001213900-23-098197,2023-12-13,2023-12-22,0002005342,Yuan Hui,Xiao-I Corp,ok,full,0.0,,,,,0,0,0,0,0,0,
0001935418,0001183740-24-000027,2023-08-21,2024-03-19,0002015415,Barnard Jason,Foremost Lithium Resource & Technology Ltd.,ok,full,0.0,,,,,0,0,0,0,0,0,
0001936804,0001213900-23-043991,2023-05-17,2023-05-30,0001978272,Automobile Services Group Ltd,SunCar Technology Group Inc.,ok,full,0.0,,,,,0,0,0,0,0,0,
0001937653,0000935836-24-000244,2024-02-22,2024-02-22,0001587114,"EcoR1 Capital, LLC",Zymeworks Inc.,ok,full,0.0,,,,,0,0,0,0,0,0,
0001937653,0000935836-25-000439,2025-06-26,2025-06-27,0001587114,"EcoR1 Capital, LLC",Zymeworks Inc.,ok,full,0.0,,,,,0,0,0,0,0,0,
0001937737,0001213900-23-001713,2022-12-30,2023-01-09,0001959732,Union Group Ventures Ltd.,Moolec Science SA,ok,full,0.0,,,,,0,0,0,0,0,0,
0001937737,0001213900-23-001733,2022-12-30,2023-01-09,0001960299,BG Farming Technologies Ltd.,Moolec Science SA,ok,full,0.0,,,,,0,0,0,0,0,0,
0001937737,0001213900-24-033865,2024-04-10,2024-04-17,0002020056,Biotech Co LLC,Moolec Science SA,ok,full,0.0,,,,,0,0,0,0,0,0,
0001937891,0002089104-25-000001,2025-12-09,2025-12-17,0002089104,Da Shengwei (Sean),AMC Robotics Corp,ok,full,1.0,2025-12-16,8-K,A,0001493152-25-027820,1,0,0,0,0,1,2024-08-22
0001937926,0001104659-25-009798,2025-02-04,2025-02-05,0001001085,BROOKFIELD Corp /ON/,Brookfield Asset Management Ltd.,ok,full,0.0,,,,,0,0,0,0,0,0,
0001937987,0001013762-23-004125,2023-10-05,2023-10-16,0001851351,FAST Sponsor II LLC,"Falcon's Beyond Global, Inc.",ok,full,1.0,2023-10-12,8-K,A,0001013762-23-003583,1,1,0,0,0,0,
0001937987,0001213900-24-013595,2024-02-03,2024-02-13,0001995723,"CilMar Ventures, LLC Series A","Falcon's Beyond Global, Inc.",ok,full,0.0,,,,,0,0,0,0,1,1,2023-10-12
0001937993,0001213900-25-007997,2025-01-23,2025-01-29,0001405290,Pham Quang X,"Cadrenal Therapeutics, Inc.",ok,full,0.0,,,,,0,0,0,0,0,0,
0001938046,0001493152-23-015231,2023-04-10,2023-05-03,0001432078,Cohen Jacob D.,"MANGOCEUTICALS, INC.",ok,full,0.0,,,,,0,0,0,0,0,0,
0001938109,0001641172-25-016312,2025-06-16,2025-06-24,0001954945,Marin Kendall Leo,Pineapple Financial Inc.,ok,full,0.0,,,,,0,0,0,0,0,0,
0001938338,0001477932-24-003958,2022-12-31,2024-06-28,0002028557,Green Dana Frank,GlobalTech Corp,ok,full,0.0,,,,,0,0,0,0,0,0,
0001938569,0001213900-25-096683,2023-10-09,2025-10-06,0002002106,Lucius Partners LLC,Palomino Laboratories Inc.,ok,full,0.0,,,,,0,0,0,0,0,0,
0001938569,0001493152-25-017262,2025-09-29,2025-10-07,0001700533,Denbaars Steven,Palomino Laboratories Inc.,ok,full,,,,,,0,0,1,1,0,0,
0001938569,0001493152-25-017501,2025-09-29,2025-10-08,0001568078,Ogawa Richard,Palomino Laboratories Inc.,ok,full,,,,,,0,0,1,1,0,0,
0001938569,0001493152-25-019712,2025-09-29,2025-10-27,0001700683,Shealy Jeffrey B.,Palomino Laboratories Inc.,ok,full,,,,,,0,0,1,1,0,0,
0001938571,0001213900-25-014977,2025-02-11,2025-02-18,0001316736,Pedder Simon,"ADAPTIN BIO, INC.",ok,full,,,,,,0,0,1,1,0,0,
0001938571,0001213900-25-014978,2025-02-11,2025-02-18,0001481629,Roberts Michael J,"ADAPTIN BIO, INC.",ok,full,,,,,,0,0,1,1,0,0,
0001939780,0001213900-24-087819,2024-06-17,2024-10-15,0002040958,Fortune Light Assets Ltd.,U Power Ltd,ok,full,0.0,,,,,0,0,0,0,0,0,
0001939965,0001213900-24-019722,2024-02-26,2024-03-04,0001776758,Gardner Christopher P,Brera Holdings PLC,ok,full,0.0,,,,,0,0,0,0,0,0,
0001939965,0001213900-24-020499,2024-02-29,2024-03-06,0002012026,Pinehurst Partners LLC,Brera Holdings PLC,ok,full,0.0,,,,,0,0,0,0,0,0,
0001939965,0001213900-24-020497,2024-03-04,2024-03-06,0002014184,Perrine Dicey McGraw,Brera Holdings PLC,ok,full,0.0,,,,,0,0,0,0,0,0,
0001939965,0001213900-25-004724,2024-12-31,2025-01-17,0002052573,S.S. Juve Stabia S.r.l.,Brera Holdings PLC,ok,full,0.0,,,,,0,0,0,0,0,0,
0001939965,0001213900-25-004725,2024-12-31,2025-01-17,0002052567,XX Settembre Holding S.r.l.,Brera Holdings PLC,ok,full,0.0,,,,,0,0,0,0,0,0,
0001939965,0001641172-25-018891,2025-06-20,2025-07-14,0002075569,Hirsch Guy Pinchas,Brera Holdings PLC,ok,full,0.0,,,,,0,0,0,0,0,0,
0001939965,0001104659-25-095189,2025-09-23,2025-09-30,0002088938,RBCH Ltd,Brera Holdings PLC,ok,full,0.0,,,,,0,0,0,0,0,0,
0001940177,0001731122-25-000573,2025-04-14,2025-04-14,0001991451,"Galloway Capital Partners, LLC","PodcastOne, Inc.",ok,full,0.0,,,,,0,0,0,0,0,0,
0001940177,0001213900-25-077629,2025-06-11,2025-08-15,0001491419,"LiveOne, Inc.","PodcastOne, Inc.",ok,full,0.0,,,,,0,0,0,0,0,0,
0001940674,0001493152-24-022488,2023-12-31,2024-06-04,0002013337,Afik Doron,SMX (Security Matters) Public Ltd Co,ok,full,0.0,,,,,0,0,0,0,0,0,
0001940674,0001493152-24-030209,2024-07-16,2024-08-05,0002031116,PMB Partners LP,SMX (Security Matters) Public Ltd Co,ok,full,0.0,,,,,0,0,0,0,0,0,
0001940941,0000950170-25-079430,2025-05-22,2025-05-30,0002069246,"Fire Lucky Investment Co., Ltd.",mF International Ltd,ok,full,0.0,,,,,0,0,0,0,0,0,
0001941131,0000950157-23-000399,2023-04-17,2023-04-27,0001974347,Pani Corp.,TORO CORP.,ok,full,0.0,,,,,0,0,0,0,0,0,
0001941500,0001493152-24-030617,2024-08-01,2024-08-07,0001978874,MWE Investments Ltd,Multi Ways Holdings Ltd,ok,full,0.0,,,,,0,0,0,0,0,0,
0001941536,0001140361-23-008306,2023-02-13,2023-02-23,0001822261,JCIC Sponsor LLC,"Bridger Aerospace Group Holdings, Inc.",ok,full,0.0,,,,,0,0,0,0,0,0,
0001943421,0001171843-25-005233,2025-08-01,2025-08-08,0001786648,Family Trading Inc.,Rubico Inc.,ok,full,0.0,,,,,0,0,0,0,0,0,
0001943802,0001085146-25-002089,2025-04-07,2025-04-14,0002064346,DAB Financial LLC,"First Seacoast Bancorp, Inc.",ok,full,0.0,,,,,0,0,0,0,0,0,
0001943896,0001415889-25-009469,2025-03-25,2025-04-01,0001685768,Sinha Bipul,"Rubrik, Inc.",ok,full,0.0,,,,,0,0,0,0,0,0,
0001944399,0001753926-25-001652,2025-10-10,2025-10-27,0002093582,North York Ltd,"Earlyworks Co., Ltd.",ok,full,0.0,,,,,0,0,0,0,0,0,
0001944558,0000950170-25-039480,2025-03-07,2025-03-14,0002059858,FR XIII PetroShale Holdings L.P.,"Vitesse Energy, Inc.",ok,full,0.0,,,,,0,0,0,0,1,1,2025-01-31
0001944885,0000947871-23-000450,2023-03-29,2023-04-12,0001055951,ORBIMED ADVISORS LLC,Apollomics Inc.,ok,full,0.0,,,,,0,0,0,0,0,0,
0001944885,0000950170-25-113757,2025-09-03,2025-09-09,0002023674,Chen Hung-Wen,Apollomics Inc.,ok,full,0.0,,,,,0,0,0,0,0,0,
0001946021,0001929980-22-000070,2022-12-21,2022-12-27,0001955074,Horizon Space Acquisition I Sponsor Corp.,Horizon Space Acquisition I Corp.,ok,full,0.0,,,,,0,0,0,0,0,0,
0001946216,0001493152-24-009153,2023-03-30,2024-03-07,0001946120,Yuto Yoshiyuki,"SYLA Technologies Co., Ltd.",ok,full,0.0,,,,,0,0,0,0,0,0,
0001946216,0001493152-24-009154,2023-03-30,2024-03-07,0001946134,Sugimoto Hiroyuki,"SYLA Technologies Co., Ltd.",ok,full,0.0,,,,,0,0,0,0,0,0,
0001946399,0001213900-24-013772,2024-02-07,2024-02-14,0002011156,Wong Fung Ching,"YS Biopharma Co., Ltd.",ok,full,0.0,,,,,0,0,0,0,0,0,
0001946399,0001213900-25-066359,2025-07-08,2025-07-22,0002078050,Crystal Peak Investment Inc.,"LakeShore Biopharma Co., Ltd.",ok,full,0.0,,,,,0,0,0,0,0,0,
0001946425,0000950142-23-000608,2023-02-23,2023-03-06,0001967203,"1901 Lux Holdings, LP",Hammerhead Energy Inc.,ok,full,0.0,,,,,0,0,0,0,0,0,
0001946746,0001683168-25-003176,2025-04-29,2025-05-06,0001825968,Song Dai,Leet INC.,ok,full,0.0,,,,,0,0,0,0,0,0,
0001947210,0001753926-24-001801,2024-10-23,2024-11-05,0002009695,Cascadia Holdings Ltd,"High Roller Technologies, Inc.",ok,full,0.0,,,,,0,0,0,0,0,0,
0001947210,0001753926-24-001803,2024-10-23,2024-11-05,0002010157,OEH Invest AB,"High Roller Technologies, Inc.",ok,full,0.0,,,,,0,0,0,0,0,0,
0001947210,0001753926-24-001826,2024-10-23,2024-11-07,0002043607,Legendman Investments Ltd,"High Roller Technologies, Inc.",ok,full,0.0,,,,,0,0,0,0,0,0,
0001947244,0001493152-23-014037,2023-04-21,2023-04-28,0001538847,GoldMining Inc.,U.S. GoldMining Inc.,ok,full,0.0,,,,,0,0,0,0,0,0,
0001947861,0001213900-24-033894,2024-03-11,2024-04-17,0002015113,Zhang Zhiyi,Nature's Miracle Holding Inc.,ok,full,,,,,,0,0,1,3,0,0,
0001947861,0001213900-24-060125,2024-03-11,2024-07-09,0002025763,LI TIE JAMES,Nature's Miracle Holding Inc.,ok,full,,,,,,0,0,1,3,0,0,
0001947861,0001213900-24-061776,2024-03-11,2024-07-16,0002015087,Doudakian Varto Levon,Nature's Miracle Holding Inc.,ok,full,,,,,,0,0,1,3,0,0,
0001948099,0001213900-25-015442,2024-04-18,2025-02-20,0002057188,Xu Yingkai,Mingteng International Corp Inc.,ok,full,0.0,,,,,0,0,0,0,0,0,
0001948099,0001213900-25-015443,2024-04-18,2025-02-20,0002056673,Ding Jingzhu,Mingteng International Corp Inc.,ok,full,0.0,,,,,0,0,0,0,0,0,
0001948294,0001493152-23-041565,2023-10-09,2023-11-16,0001999629,Chan Wing Luk,Nature Wood Group Ltd,ok,full,0.0,,,,,0,0,0,0,0,0,
0001948294,0001493152-23-041567,2023-10-09,2023-11-16,0002000781,Huang Qing Cai,Nature Wood Group Ltd,ok,full,0.0,,,,,0,0,0,0,0,0,
0001948294,0001213900-25-112541,2025-10-22,2025-11-19,0002096212,Wang Liying,Nature Wood Group Ltd,ok,full,0.0,,,,,0,0,0,0,0,0,
0001948864,0001493152-24-038023,2024-09-17,2024-09-24,0001512158,Holman Jeffrey Elliot,HEALTHY CHOICE WELLNESS CORP.,ok,full,0.0,,,,,0,0,0,0,0,0,
0001948864,0001493152-24-038047,2024-09-17,2024-09-25,0001564870,Santi Christopher,HEALTHY CHOICE WELLNESS CORP.,ok,full,0.0,,,,,0,0,0,0,0,0,
0001949478,0001683168-24-002337,2024-04-02,2024-04-12,0001949400,Leck Li Peng,DAVIS COMMODITIES Ltd,ok,full,0.0,,,,,0,0,0,0,0,0,
0001949478,0001683168-24-008579,2024-12-05,2024-12-10,0001949400,Leck Li Peng,DAVIS COMMODITIES Ltd,ok,full,0.0,,,,,0,0,0,0,0,0,
0001949543,0000902664-23-000092,2022-12-29,2023-01-09,0001706220,"Kimmeridge Energy Management Company, LLC",Sitio Royalties Corp.,ok,full,0.0,,,,,0,0,0,0,0,0,
0001949543,0000950142-23-000112,2022-12-29,2023-01-13,0000949509,OAKTREE CAPITAL MANAGEMENT LP,Sitio Royalties Corp.,ok,full,0.0,,,,,0,0,0,0,0,0,
0001949594,0000315066-23-002277,2023-05-19,2023-05-26,0000315066,FMR LLC,Fidelity Multi-Strategy Credit Fund,ok,full,0.0,,,,,0,0,0,0,0,0,
0001950246,0001140361-23-030960,2023-06-15,2023-06-22,0001521365,Glencore plc,Metals Acquisition Ltd,ok,full,0.0,,,,,0,0,0,0,0,0,
0001951089,0001213900-24-020138,2024-02-27,2024-03-05,0002013090,European Lithium Ltd.,Critical Metals Corp.,ok,full,0.0,,,,,0,0,0,0,0,0,
0001951294,0001493152-24-039486,2023-10-04,2024-10-04,0002039456,Amazing Grace Ltd,VS MEDIA Holdings Ltd,ok,full,0.0,,,,,0,0,0,0,0,0,
0001951667,0001104659-24-106234,2024-09-30,2024-10-04,0001991920,Liu Huan,CHEETAH NET SUPPLY CHAIN SERVICE INC.,ok,full,0.0,,,,,0,0,0,0,0,0,
0001952853,0001493152-25-002378,2024-12-31,2025-01-15,0002016180,Shan David,Massimo Group,ok,full,0.0,,,,,0,0,0,0,0,0,
0001952976,0001870300-25-000002,2025-02-19,2025-02-20,0001870300,Asset Value Investors Ltd,Net Lease Office Properties,ok,full,0.0,,,,,0,0,0,0,0,0,
0001953021,0001213900-25-114144,2025-11-09,2025-11-24,0002090299,Demir Yaman,Mega Matrix Inc,ok,full,0.0,,,,,0,0,0,0,0,0,
0001953578,0000928785-25-000013,2025-07-24,2025-07-28,0000928785,STANDARD BANK OF SOUTH AFRICA LTD,Renergen Ltd,ok,full,0.0,,,,,0,0,0,0,0,0,
0001953578,0000928785-25-000014,2025-07-25,2025-07-28,0000928785,STANDARD BANK OF SOUTH AFRICA LTD,Renergen Ltd,ok,full,0.0,,,,,0,0,0,0,0,0,
0001953578,0000928785-25-000022,2025-08-26,2025-08-28,0000928785,STANDARD BANK OF SOUTH AFRICA LTD,Renergen Ltd,ok,full,0.0,,,,,0,0,0,0,0,0,
0001953578,0000928785-25-000023,2025-08-27,2025-08-28,0000928785,STANDARD BANK OF SOUTH AFRICA LTD,Renergen Ltd,ok,full,0.0,,,,,0,0,0,0,0,0,
0001953926,0001104659-25-057322,2025-05-30,2025-06-06,0001228865,MOULDER LEON O JR,"Zenas BioPharma, Inc.",ok,full,0.0,,,,,0,0,0,0,0,0,
0001954042,0001104659-25-000553,2024-12-31,2025-01-03,0002048914,Geely Automobile Holdings Ltd,ZEEKR Intelligent Technology Holding Ltd,ok,full,0.0,,,,,0,0,0,0,0,0,
0001954269,0001213900-24-082742,2024-09-20,2024-09-27,0002037194,Oriental Moon Tree Ltd,Garden Stage Ltd,ok,full,0.0,,,,,0,0,0,0,0,0,
0001954269,0001213900-24-087155,2024-10-10,2024-10-11,0002037194,Oriental Moon Tree Ltd,Garden Stage Ltd,ok,full,0.0,,,,,0,0,0,0,0,0,
0001954269,0001213900-24-090626,2024-10-24,2024-10-25,0002037194,Oriental Moon Tree Ltd,Garden Stage Ltd,ok,full,0.0,,,,,0,0,0,0,0,0,
0001954269,0001213900-24-093272,2024-10-31,2024-11-01,0002037194,Oriental Moon Tree Ltd,Garden Stage Ltd,ok,full,0.0,,,,,0,0,0,0,0,0,
0001954269,0001213900-24-095622,2024-11-01,2024-11-08,0002037194,Oriental Moon Tree Ltd,Garden Stage Ltd,ok,full,0.0,,,,,0,0,0,0,0,0,
0001956055,0001929980-23-000097,2023-06-27,2023-06-30,0001983083,Bukit Jalil Global Investment Ltd.,Bukit Jalil Global Acquisition 1 Ltd.,ok,full,0.0,,,,,0,0,0,0,0,0,
0001956166,0001493152-24-026441,2024-06-27,2024-07-08,0002028403,Lam Chi Ming,Ming Shing Group Holdings Ltd,ok,full,0.0,,,,,0,0,0,0,0,0,
0001956166,0001493152-24-047227,2024-11-21,2024-11-21,0002028403,Lam Chi Ming,Ming Shing Group Holdings Ltd,ok,full,0.0,,,,,0,0,0,0,0,0,
0001956648,0001213900-25-049487,2025-04-15,2025-05-30,0002032843,"CO2 Energy Transition, LLC",CO2 Energy Transition Corp.,ok,full,0.0,,,,,0,0,0,0,0,0,
0001956741,0001213900-24-040852,2024-04-30,2024-05-08,0002019268,Ansari Mohammad Jawad,"CleanCore Solutions, Inc.",ok,full,0.0,,,,,0,0,0,0,0,0,
0001956741,0001213900-24-044801,2024-05-10,2024-05-17,0001967607,Cox Brent,"CleanCore Solutions, Inc.",ok,full,0.0,,,,,0,0,0,0,0,0,
0001956744,0001493152-23-029898,2023-08-14,2023-08-23,0001534743,Miller Richard A,"SRM Entertainment, Inc.",ok,full,0.0,,,,,0,0,0,0,0,0,
0001956744,0001493152-23-030101,2023-08-14,2023-08-24,0001760903,"Jupiter Wellness, Inc.","SRM Entertainment, Inc.",ok,full,0.0,,,,,0,0,0,0,0,0,
0001956744,0001641172-25-020966,2025-06-16,2025-07-25,0002075159,Bravemorning Ltd,Tron Inc.,ok,full,0.0,,,,,0,0,0,0,0,0,
0001956827,0001104659-23-112496,2023-10-20,2023-10-30,0001845105,Sofinnova Crossover I,Abivax S.A.,ok,full,0.0,,,,,0,0,0,0,0,0,
0001956845,0001956845-22-000002,2022-12-06,2022-12-12,0001956845,"Estate of Nicholas D. Trbovich, Sr.","Estate of Nicholas D. Trbovich, Sr.",ok,full,0.0,,,,,0,0,0,0,0,0,
0001956955,0001554795-24-000022,2024-02-16,2024-02-22,0000748268,"Red Cat Holdings, Inc.","Unusual Machines, Inc.",ok,full,,,,,,0,0,1,2,0,0,
0001957001,0001493152-23-044939,2023-12-01,2023-12-15,0002004513,Shing Li Kin,Fenbo Holdings Ltd,ok,full,0.0,,,,,0,0,0,0,0,0,
0001957001,0001493152-24-052630,2024-11-29,2024-12-31,0002050184,HUANG Hongwu,Fenbo Holdings Ltd,ok,full,0.0,,,,,0,0,0,0,0,0,
0001957146,0001213900-24-007094,2024-01-24,2024-01-29,0001997390,"Cama Commercial Group, Corp.",Almacenes Exito S.A.,ok,full,0.0,,,,,0,0,0,0,1,1,2023-12-20
0001957413,0001493152-24-006944,2023-06-01,2024-02-16,0002011624,Mu Hongwei,"Chijet Motor Company, Inc.",ok,full,0.0,,,,,0,0,0,0,0,0,
0001957413,0001493152-25-001716,2025-01-07,2025-01-10,0002011671,Wu Lichun,"Chijet Motor Company, Inc.",ok,full,0.0,,,,,0,0,0,0,0,0,
0001957489,0001213900-23-071269,2023-08-17,2023-08-28,0001990805,Healthy Great Investing Co Ltd,Able View Global Inc.,ok,full,0.0,,,,,0,0,0,0,0,0,
0001957489,0001213900-23-073941,2023-08-17,2023-09-05,0001992369,Scenery Investing Co Ltd,Able View Global Inc.,ok,full,0.0,,,,,0,0,0,0,0,0,
0001957538,0001493152-23-027749,2023-08-02,2023-08-11,0001933367,Quek Leng Chuang,ESGL Holdings Ltd,ok,full,0.0,,,,,0,0,0,0,0,0,
0001957538,0001493152-23-027751,2023-08-02,2023-08-11,0001913448,"Genesis Unicorn Capital, LLC",ESGL Holdings Ltd,ok,full,0.0,,,,,0,0,0,0,0,0,
0001957538,0001493152-23-033617,2023-08-02,2023-09-25,0001913041,Lui Samuel,ESGL Holdings Ltd,ok,full,0.0,,,,,0,0,0,0,0,0,
0001957538,0001493152-24-015802,2024-04-03,2024-04-24,0002020101,WU SAMUEL,ESGL Holdings Ltd,ok,full,0.0,,,,,0,0,0,0,0,0,
0001957783,0000807249-23-000117,2023-08-31,2023-09-08,0000807249,"GAMCO INVESTORS, INC. ET AL","MachTen, Inc.",ok,full,0.0,,,,,0,0,0,0,0,0,
0001958133,0001185185-25-002107,2025-01-22,2025-12-18,0002076971,Decent Ecolo Ltd,Decent Holding Inc.,ok,full,0.0,,,,,0,0,0,0,0,0,
0001958133,0001185185-25-002108,2025-01-22,2025-12-18,0002076974,Decent Ltd,Decent Holding Inc.,ok,full,0.0,,,,,0,0,0,0,0,0,
0001958140,0000807249-23-000090,2023-07-18,2023-07-25,0000807249,"GAMCO INVESTORS, INC. ET AL","Atlanta Braves Holdings, Inc.",ok,full,0.0,,,,,0,0,0,0,0,0,
0001958217,0001985460-23-000001,2023-07-06,2023-07-18,0001985460,Liddell Keith Stuart,Lifezone Metals Ltd,ok,full,0.0,,,,,0,0,0,0,0,0,
0001958399,0001213900-25-024126,2025-03-11,2025-03-14,0002059030,Lu Bin,"Huachen AI Parking Management Technology Holding Co., Ltd",ok,full,0.0,,,,,0,0,0,0,0,0,
0001958399,0001213900-25-024130,2025-03-11,2025-03-14,0002059659,Zhu Liping,"Huachen AI Parking Management Technology Holding Co., Ltd",ok,full,0.0,,,,,0,0,0,0,0,0,
0001959224,0001213900-25-086845,2025-09-03,2025-09-11,0002011871,Gemini Asia Holdings Ltd,"Solowin Holdings, Ltd.",ok,full,0.0,,,,,0,0,0,0,0,0,
0001959224,0001213900-25-098701,2025-09-03,2025-10-14,0002091058,Zhu Haokang,"Solowin Holdings, Ltd.",ok,full,0.0,,,,,0,0,0,0,0,0,
0001959348,0000950170-25-096649,2025-07-10,2025-07-17,0001188365,GUND GORDON,WK Kellogg Co,ok,full,1.0,2025-07-10,8-K,A,0001193125-25-157425,4,0,0,0,0,0,
0001960208,0001213900-25-112297,2025-10-29,2025-11-18,0002097251,"Mark T. Mitchell Revocable Living Trust U/A dated July 31, 1998, as amended",Carbon Revolution Public Ltd Co,ok,full,0.0,,,,,0,0,0,0,0,0,
0001960847,0001213900-25-046843,2025-05-21,2025-05-22,0002017850,Feliciano John III,Toppoint Holdings Inc.,ok,full,0.0,,,,,0,0,0,0,0,0,
0001961847,0001493152-24-035922,2023-12-18,2024-09-11,0002034110,ZFounder Organization Inc.,INNO HOLDINGS INC.,ok,full,0.0,,,,,0,0,0,0,0,0,
0001961847,0001493152-24-035924,2024-05-31,2024-09-11,0002034117,NEXT LEVEL MARKET FUND INC.,INNO HOLDINGS INC.,ok,full,0.0,,,,,0,0,0,0,0,0,
0001961847,0001493152-24-035926,2024-05-31,2024-09-11,0002034128,West Lake Club Inc.,INNO HOLDINGS INC.,ok,full,0.0,,,,,0,0,0,0,0,0,
0001962481,0000897069-24-001972,2024-10-14,2024-10-17,0002001906,Kaufman Daniel Louis,BranchOut Food Inc.,ok,full,0.0,,,,,0,0,0,0,0,0,
0001962738,0001193125-25-220898,2025-09-26,2025-09-26,0002010692,Panacea Innovation Ltd,"CASI Pharmaceuticals, Inc.",ok,full,0.0,,,,,0,0,0,0,0,0,
0001962918,0001104659-23-062635,2023-05-09,2023-05-19,0001811947,"Westlake BioPartners Fund II, L.P.","ACELYRIN, Inc.",ok,full,0.0,,,,,0,0,0,0,0,0,
0001962918,0001214659-25-003193,2025-02-18,2025-02-20,0001232621,TANG CAPITAL MANAGEMENT LLC,"ACELYRIN, Inc.",ok,full,1.0,2025-04-04,DEFM14A,A,0001104659-25-032228,3,0,0,0,1,1,2025-02-06
0001962918,0001963860-25-000010,2025-03-06,2025-03-06,0001963860,Trium Capital LLP,"ACELYRIN, Inc.",ok,full,1.0,2025-04-04,DEFM14A,A,0001104659-25-032228,3,0,0,0,1,1,2025-02-06
0001962918,0001213900-25-037931,2025-04-29,2025-04-30,0001801265,"Madison Avenue Partners, LP","ACELYRIN, Inc.",ok,full,1.0,2025-05-21,8-K,A,0001193125-25-123707,1,0,0,0,1,1,2025-04-21
0001963088,0001104659-24-051395,2024-02-09,2024-04-24,0001843626,Schaible John,"AtlasClear Holdings, Inc.",ok,full,,,,,,0,0,1,1,0,0,
0001963088,0001104659-24-051396,2024-02-09,2024-04-24,0001843688,Quantum Ventures LLC,"AtlasClear Holdings, Inc.",ok,full,,,,,,0,0,1,1,0,0,
0001963088,0001104659-24-051409,2024-02-09,2024-04-24,0001677188,Atlas Fintech Holdings Corp.,"AtlasClear Holdings, Inc.",ok,full,,,,,,0,0,1,1,0,0,
0001963088,0001104659-24-051415,2024-02-09,2024-04-24,0001419502,McBey Robert G,"AtlasClear Holdings, Inc.",ok,full,,,,,,0,0,1,1,0,0,
0001963088,0001419502-24-000002,2024-10-11,2024-10-11,0001419502,McBey Robert G,"AtlasClear Holdings, Inc.",ok,full,0.0,,,,,0,0,0,0,0,0,
0001963130,0001963130-23-000009,2023-01-09,2023-01-23,0001963130,Sotirios Vahaviolos January 2023 2-Year Grantor Retained Annuity Trust,Sotirios Vahaviolos January 2023 2-Year Grantor Retained Annuity Trust,ok,full,0.0,,,,,0,0,0,0,0,0,
0001963439,0001213900-24-013903,2024-02-14,2024-02-14,0002010872,Umbrella Solar Investment S.A.,"Turbo Energy, S.A.",ok,full,0.0,,,,,0,0,0,0,0,0,
0001964504,0001062993-24-001719,2024-01-23,2024-02-01,0001236508,WOODYER NEIL,Aris Mining Corp,ok,full,0.0,,,,,0,0,0,0,0,0,
0001964630,0001104659-24-000961,2023-12-18,2024-01-03,0001871552,Nabors Lux 2 S.a.r.l.,Vast Renewables Ltd,ok,full,0.0,,,,,0,0,0,0,0,0,
0001964979,0000902664-23-004381,2023-08-01,2023-08-11,0001493215,"RTW INVESTMENTS, LP","ALLURION TECHNOLOGIES, INC.",ok,full,,,,,,0,0,1,1,0,0,
0001965040,0001193805-23-001408,2023-10-09,2023-10-17,0001517137,Starboard Value LP,Fortrea Holdings Inc.,ok,full,0.0,,,,,0,0,0,0,0,0,
0001965052,0000950170-25-055668,2025-04-07,2025-04-17,0001458069,"MARBLEGATE SPECIAL OPPORTUNITIES MASTER FUND, L.P.",Marblegate Capital Corp,ok,full,0.0,,,,,0,0,0,0,0,0,
0001965143,0001213900-25-046021,2025-05-15,2025-05-20,0001994208,Schurmann Pierre,Nvni Group Ltd,ok,full,0.0,,,,,0,0,0,0,0,0,
0001965143,0001213900-25-098981,2025-10-10,2025-10-15,0002085865,Usero Gustavo de Lima,Nvni Group Ltd,ok,full,0.0,,,,,0,0,0,0,0,0,
0001965473,0001013762-23-003636,2023-09-14,2023-10-13,0001994879,Mutong Holdings Ltd,Cheche Group Inc.,ok,full,0.0,,,,,0,0,0,0,0,0,
0001965473,0001641172-25-001178,2024-10-23,2025-03-28,0001786998,Zhang Lei,Cheche Group Inc.,ok,full,0.0,,,,,0,0,0,0,0,0,
0001966233,0001641172-25-027150,2025-09-05,2025-09-12,0002085538,Apex Cyber Capital Ltd,NIP Group Inc.,ok,full,0.0,,,,,0,0,0,0,0,0,
0001966233,0001641172-25-027152,2025-09-05,2025-09-12,0002085245,Prosperity Oak Holdings Ltd,NIP Group Inc.,ok,full,0.0,,,,,0,0,0,0,0,0,
0001966287,0000919574-23-005446,2023-09-22,2023-10-02,0001421306,"BRIGADE CAPITAL MANAGEMENT, LP",Greenfire Resources Ltd.,ok,full,0.0,,,,,0,0,0,0,0,0,
0001966494,0001214659-25-003297,2025-02-13,2025-02-21,0001232621,TANG CAPITAL MANAGEMENT LLC,"CARGO Therapeutics, Inc.",ok,full,1.0,2025-07-08,8-K,A,0001193125-25-156413,4,0,0,0,0,0,
0001967478,0000950170-24-092154,2024-05-29,2024-08-06,0001967478,Captivision Inc.,Captivision Inc.,ok,full,0.0,,,,,0,0,0,0,0,0,
0001967478,0000950170-24-092156,2024-05-29,2024-08-06,0001967478,Captivision Inc.,Captivision Inc.,ok,full,0.0,,,,,0,0,0,0,0,0,
0001967649,0001011438-24-000325,2024-05-02,2024-05-08,0001535472,Corvex Management LP,Vestis Corp,ok,full,0.0,,,,,0,0,0,0,0,0,
0001969401,0001213900-25-058288,2025-06-06,2025-06-26,0001846981,Chen Guojian,Linkage Global Inc,ok,full,0.0,,,,,0,0,0,0,0,0,
0001970622,0001013762-25-001801,2025-03-13,2025-03-24,0001458423,BLITZER MICHAEL,"USA Rare Earth, Inc.",ok,full,1.0,2025-03-19,8-K,A,0001213900-25-025163,1,0,0,1,0,0,
0001970622,0001641172-25-000982,2025-03-13,2025-03-27,0001666771,Gutnick Mordechai Zev,"USA Rare Earth, Inc.",ok,full,1.0,2025-03-19,8-K,A,0001213900-25-025163,1,0,0,1,0,0,
0001971115,0001493152-25-008604,2025-02-28,2025-02-28,0002057345,Octava Fund Ltd,Ryde Group Ltd,ok,full,0.0,,,,,0,0,0,0,0,0,
0001971387,0001104659-25-045628,2025-04-30,2025-05-07,0002067359,Valetudo Therapeutics LLC,"Liminatus Pharma, Inc.",ok,full,,,,,,0,0,1,1,0,0,
0001971387,0001200876-25-000020,2025-04-30,2025-05-08,0002064461,Iris Acquisition Holdings LLC,"Liminatus Pharma, Inc.",ok,full,,,,,,0,0,1,1,0,0,
0001971542,0001493152-24-052399,2024-10-28,2024-12-30,0002050198,Lo Sin Ying Stella,QMMM Holdings Ltd,ok,full,0.0,,,,,0,0,0,0,0,0,
0001973056,0001493152-24-006886,2024-01-18,2024-02-15,0001979850,Createcharm Holdings Ltd,Bowen Acquisition Corp,ok,full,1.0,2024-01-24,8-K,A,0001493152-24-003599,1,0,0,1,0,0,
0001973056,0001493152-24-006887,2024-01-18,2024-02-15,0001981789,Bowen Holding LP,Bowen Acquisition Corp,ok,full,1.0,2024-01-24,8-K,A,0001493152-24-003599,1,0,0,1,0,0,
0001973266,0000950170-25-015735,2025-01-30,2025-02-06,0001766363,"Endeavor Group Holdings, Inc.","TKO Group Holdings, Inc.",ok,full,0.0,,,,,0,0,0,0,0,0,
0001973266,0000950170-25-015761,2025-01-30,2025-02-06,0001868088,"Silver Lake West HoldCo, L.P.","TKO Group Holdings, Inc.",ok,full,0.0,,,,,0,0,0,0,0,0,
0001973368,0001493152-24-040572,2024-09-26,2024-10-09,0002040656,Ramasamy Mohanraj,SRIVARU Holding Ltd,ok,full,0.0,,,,,0,0,0,0,0,0,
0001975218,0001937147-25-000007,2025-10-16,2025-10-22,0001937147,"Funicular Funds, LP",Nabors Energy Transition Corp. II,ok,full,0.0,,,,,0,0,0,0,1,1,2025-02-12
0001975218,0001193125-25-302737,2025-11-20,2025-11-28,0001940093,ATG Fund II LLC,Nabors Energy Transition Corp. II,ok,full,0.0,,,,,0,0,0,0,1,1,2025-02-12
0001975736,0001104659-24-023494,2024-02-09,2024-02-14,0001697432,"Franklin Square Holdings, L.P.",KKR FS Income Trust Select,ok,full,0.0,,,,,0,0,0,0,0,0,
0001975736,0001140361-24-011419,2024-02-27,2024-03-05,0001820655,KKR Alternative Assets LLC,KKR FS Income Trust Select,ok,full,0.0,,,,,0,0,0,0,0,0,
0001976543,0001437749-23-018777,2022-09-07,2023-06-28,0001088034,"Usio, Inc.",Ayers Katherine,ok,full,0.0,,,,,0,0,0,0,0,0,
0001976543,0001437749-23-033174,2023-10-05,2023-11-29,0001088034,"Usio, Inc.",Ayers Katherine,ok,full,0.0,,,,,0,0,0,0,0,0,
0001976695,0001493152-25-026090,2025-09-17,2025-12-04,0002097611,Indopacific Health Investment Corporation Pte. Ltd.,Mobile-health Network Solutions,ok,full,0.0,,,,,0,0,0,0,0,0,
0001976695,0001493152-25-023471,2025-11-05,2025-11-14,0002092421,Teoh Pui Pui,Mobile-health Network Solutions,ok,full,0.0,,,,,0,0,0,0,0,0,
0001976927,0001213900-23-077143,2023-09-05,2023-09-18,0001992686,"Invesco Realty, Inc.","Invesco Commercial Real Estate Finance Trust, Inc.",ok,full,0.0,,,,,0,0,0,0,0,0,
0001976927,0001213900-23-077144,2023-09-05,2023-09-18,0001992686,"Invesco Realty, Inc.","Invesco Commercial Real Estate Finance Trust, Inc.",ok,full,0.0,,,,,0,0,0,0,0,0,
0001976927,0001213900-23-077149,2023-09-05,2023-09-18,0001992686,"Invesco Realty, Inc.","Invesco Commercial Real Estate Finance Trust, Inc.",ok,full,0.0,,,,,0,0,0,0,0,0,
0001976927,0001213900-23-077151,2023-09-05,2023-09-18,0001992686,"Invesco Realty, Inc.","Invesco Commercial Real Estate Finance Trust, Inc.",ok,full,0.0,,,,,0,0,0,0,0,0,
0001978867,0000919574-24-000400,2023-12-19,2024-01-17,0001646142,Scorpio Services Holding Ltd,Cadeler A/S,ok,full,0.0,,,,,0,0,0,0,0,0,
0001978867,0001213900-25-015362,2024-02-15,2025-02-19,0002057227,BW Altor Pte. Ltd.,Cadeler A/S,ok,full,0.0,,,,,0,0,0,0,0,0,
0001979005,0001493152-23-044941,2023-12-06,2023-12-15,0002002807,Aimei Investment Ltd,"Aimei Health Technology Co., Ltd.",ok,full,1.0,2024-06-20,8-K,A,0001493152-24-024409,1,1,0,0,0,0,
0001979332,0000921895-24-002467,2024-10-29,2024-11-05,0001113303,STILWELL JOSEPH,"Central Plains Bancshares, Inc.",ok,full,0.0,,,,,0,0,0,0,0,0,
0001979407,0001493152-24-030753,2024-07-24,2024-08-08,0001979434,Goh Kian Hwa,ORANGEKLOUD TECHNOLOGY INC.,ok,full,0.0,,,,,0,0,0,0,0,0,
0001979414,0001829126-25-002957,2025-03-26,2025-04-25,0001443035,Heshmatpour Amir F,"NEONC TECHNOLOGIES HOLDINGS, INC.",ok,full,0.0,,,,,0,0,0,0,0,0,
0001979887,0001193125-25-270032,2025-07-23,2025-11-06,0002042206,Hou Yifei,XCHG Ltd,ok,full,0.0,,,,,0,0,0,0,0,0,
0001979887,0001193125-25-270033,2025-07-23,2025-11-06,0002042208,Ding Rui,XCHG Ltd,ok,full,0.0,,,,,0,0,0,0,0,0,
0001980088,0001213900-25-055243,2025-06-10,2025-06-17,0001997530,BCE-Mach Aggregator LLC,MACH NATURAL RESOURCES LP,ok,full,0.0,,,,,0,0,0,0,0,0,
0001980845,0001140361-23-051933,2023-10-31,2023-11-08,0001702636,Lumira Capital Investment Management Inc.,enGene Holdings Inc.,ok,full,,,,,,0,0,1,1,0,0,
0001981535,0001641172-25-014202,2025-05-30,2025-06-06,0002071490,Lubin Joseph Michael,"SharpLink Gaming, Inc.",ok,full,0.0,,,,,0,0,0,0,0,0,
0001981546,0000898432-25-000814,2025-10-01,2025-10-08,0001405609,Lee Terry L,"Commercial Bancgroup, Inc.",ok,full,0.0,,,,,0,0,0,0,0,0,
0001981546,0000898432-25-000815,2025-10-01,2025-10-08,0002088269,"Robertson Holding Company, L.P.","Commercial Bancgroup, Inc.",ok,full,0.0,,,,,0,0,0,0,0,0,
0001981546,0000898432-25-000816,2025-10-01,2025-10-08,0002089353,Unified Shares LLC,"Commercial Bancgroup, Inc.",ok,full,0.0,,,,,0,0,0,0,0,0,
0001981599,0001539497-25-002948,2025-11-10,2025-11-13,0000921669,ICAHN CARL C,"Centuri Holdings, Inc.",ok,full,0.0,,,,,0,0,0,0,0,0,
0001981662,0001213900-24-031719,2024-04-03,2024-04-10,0002009969,Siu Wing Fung Alfred,NewGenIvf Group Ltd,ok,full,0.0,,,,,0,0,0,0,0,0,
0001983324,0001493152-25-028429,2025-07-17,2025-12-19,0002099450,Ma Kwai Hoi,Real Messenger Corp,ok,full,0.0,,,,,0,0,0,0,0,0,
0001984076,0001493152-24-008413,2024-02-23,2024-03-01,0002002226,Koshiba Yoshihiro,"Metros Development Co., Ltd.",ok,full,0.0,,,,,0,0,0,0,0,0,
0001984124,0001213900-25-021361,2025-02-28,2025-03-07,0002059370,Diamond Horses Group Ltd,Luda Technology Group Ltd,ok,full,0.0,,,,,0,0,0,0,0,0,
0001985062,0001104659-24-010648,2024-01-25,2024-02-05,0002009573,Psyence Group Inc.,PSYENCE BIOMEDICAL LTD.,ok,full,0.0,,,,,0,0,0,0,0,0,
0001985062,0001539497-25-003250,2025-11-25,2025-12-10,0002100448,Kaos Capital Ltd,PSYENCE BIOMEDICAL LTD.,ok,full,0.0,,,,,0,0,0,0,0,0,
0001988776,0001140361-24-015806,2024-03-20,2024-03-28,0002013457,Sacal Cababie Elias,Murano Global Investments Ltd,ok,full,0.0,,,,,0,0,0,0,0,0,
0001988776,0001140361-24-016670,2024-03-20,2024-03-29,0001864019,"HCM Investor Holdings, LLC",Murano Global Investments Ltd,ok,full,0.0,,,,,0,0,0,0,0,0,
0001988855,0000950170-25-017802,2025-02-03,2025-02-11,0002055606,John Hancock Stable Value Fund Collective Investment Trust,Manulife Private Credit Plus Fund,ok,full,0.0,,,,,0,0,0,0,0,0,
0001988855,0001193125-25-330171,2025-12-04,2025-12-23,0002101789,John Hancock Stable Value Advantage Trust,Manulife Private Credit Plus Fund,ok,full,0.0,,,,,0,0,0,0,0,0,
0001988894,0000929638-24-000731,2024-02-08,2024-02-15,0002010451,ANLLIAN Sports Products Ltd,"Amer Sports, Inc.",ok,full,0.0,,,,,0,0,0,0,0,0,
0001990251,0001213900-25-016095,2024-10-01,2025-02-21,0002056626,Shek Kin Pong,Wellchange Holdings Co Ltd,ok,full,0.0,,,,,0,0,0,0,0,0,
0001990251,0001213900-25-097359,2025-09-09,2025-10-08,0002090059,Chan Cheung Hing,Wellchange Holdings Co Ltd,ok,full,0.0,,,,,0,0,0,0,0,0,
0001990251,0001213900-25-097360,2025-09-09,2025-10-08,0002090071,Chan Fuk Hing,Wellchange Holdings Co Ltd,ok,full,0.0,,,,,0,0,0,0,0,0,
0001990251,0001213900-25-097361,2025-09-09,2025-10-08,0002090080,Ni Saijun,Wellchange Holdings Co Ltd,ok,full,0.0,,,,,0,0,0,0,0,0,
0001990354,0001140361-25-037277,2025-10-01,2025-10-03,0001034196,"ADVENT INTERNATIONAL, L.P.",Waystar Holding Corp.,ok,full,0.0,,,,,0,0,0,0,0,0,
0001991261,0001493152-25-008507,2024-12-31,2025-02-27,0002058401,Liao Xiaoyan,SKK Holdings Ltd,ok,full,0.0,,,,,0,0,0,0,0,0,
0001991332,0001493152-24-031296,2024-07-31,2024-08-12,0002033095,Huang Ming-Chao,MKDWELL Tech Inc.,ok,full,0.0,,,,,0,0,0,0,0,0,
0001991332,0001493152-24-031298,2024-07-31,2024-08-12,0002033096,Huang Ming-Chia,MKDWELL Tech Inc.,ok,full,0.0,,,,,0,0,0,0,0,0,
0001991332,0001493152-24-031616,2024-07-31,2024-08-13,0001936734,Cetus Sponsor LLC,MKDWELL Tech Inc.,ok,full,0.0,,,,,0,0,0,0,0,0,
0001991792,0001013594-25-001163,2025-09-11,2025-09-18,0002059170,Seven Fleet Partners LP,"CG Oncology, Inc.",ok,full,0.0,,,,,0,0,0,0,0,0,
0001991792,0001193125-25-207734,2025-09-11,2025-09-18,0001829169,"Longitude Capital Partners IV, LLC","CG Oncology, Inc.",ok,full,0.0,,,,,0,0,0,0,0,0,
0001992243,0001193805-24-000548,2024-04-18,2024-04-22,0001541901,Encompass Capital Advisors LLC,"FREYR Battery, Inc. /DE/",ok,full,0.0,,,,,0,0,0,0,0,0,
0001992243,0001140361-24-050502,2024-12-23,2024-12-27,0002047012,TRINA SOLAR (SCHWEIZ) AG,"FREYR Battery, Inc. /DE/",ok,full,0.0,,,,,0,0,0,0,0,0,
0001992243,0000950170-24-141714,2024-12-27,2024-12-31,0001888978,"Wood River Capital, LLC","FREYR Battery, Inc. /DE/",ok,full,0.0,,,,,0,0,0,0,0,0,
0001992818,0001213900-24-032230,2024-04-04,2024-04-11,0001869509,Zheng Fang,ZOOZ Power Ltd.,ok,full,0.0,,,,,0,0,0,0,0,0,
0001994624,0000950170-25-067179,2025-02-18,2025-05-08,0001801142,SEAPORT GLOBAL ASSET MANAGEMENT LLC,ScanTech AI Systems Inc.,ok,full,0.0,,,,,0,0,0,0,1,1,2025-01-08
0001994702,0001999371-24-005643,2024-02-12,2024-05-03,0001724489,"Vida Ventures, LLC","Kyverna Therapeutics, Inc.",ok,full,0.0,,,,,0,0,0,0,0,0,
0001995075,0001213900-25-101349,2025-09-22,2025-10-22,0002090229,Hoo Wei Sern,Megan Holdings Ltd.,ok,full,0.0,,,,,0,0,0,0,0,0,
0001995116,0001013762-25-003359,2024-06-21,2025-03-27,0002060264,ZHANG JIAN,Rectitude Holdings Ltd.,ok,full,0.0,,,,,0,0,0,0,0,0,
0001995116,0001213900-25-021641,2024-06-21,2025-03-07,0002059513,XU YUKAI,Rectitude Holdings Ltd.,ok,full,0.0,,,,,0,0,0,0,0,0,
0001995194,0001213900-24-065205,2024-07-26,2024-08-05,0001873257,"Smilodon Capital, LLC",Heramba Electric plc,ok,full,0.0,,,,,0,0,0,0,0,0,
0001995306,0001104659-25-115697,2025-09-09,2025-11-25,0002050145,Shu Ping,SUPER HI INTERNATIONAL HOLDING LTD.,ok,full,0.0,,,,,0,0,0,0,0,0,
0001995574,0001140361-25-025252,2025-06-30,2025-07-08,0002044902,Atlantis Holding Corp. /RMI/,Icon Energy Corp,ok,full,0.0,,,,,0,0,0,0,0,0,
0001995668,0001085146-24-001646,2024-03-25,2024-04-08,0001133639,NEW YORK LIFE INVESTMENT MANAGEMENT LLC,MainStay MacKay Municipal Income Opportunities Fund,ok,full,0.0,,,,,0,0,0,0,0,0,
0001995668,0001085146-24-001647,2024-03-25,2024-04-08,0001133639,NEW YORK LIFE INVESTMENT MANAGEMENT LLC,MainStay MacKay Municipal Income Opportunities Fund,ok,full,0.0,,,,,0,0,0,0,0,0,
0001995668,0001085146-24-001648,2024-03-25,2024-04-08,0001133639,NEW YORK LIFE INVESTMENT MANAGEMENT LLC,MainStay MacKay Municipal Income Opportunities Fund,ok,full,0.0,,,,,0,0,0,0,0,0,
0001995668,0001085146-24-001649,2024-03-25,2024-04-08,0001133639,NEW YORK LIFE INVESTMENT MANAGEMENT LLC,MainStay MacKay Municipal Income Opportunities Fund,ok,full,0.0,,,,,0,0,0,0,0,0,
0001995807,0001056823-24-000014,2024-06-30,2024-07-11,0001056823,HORIZON KINETICS ASSET MANAGEMENT LLC,LandBridge Co LLC,ok,full,0.0,,,,,0,0,0,0,0,0,
0001996862,0001104659-25-066494,2025-07-02,2025-07-08,0001283718,CANADA PENSION PLAN INVESTMENT BOARD,Bunge Global SA,ok,full,0.0,,,,,0,0,0,0,0,0,
0001996862,0001140361-25-025077,2025-07-02,2025-07-07,0001521365,Glencore plc,Bunge Global SA,ok,full,0.0,,,,,0,0,0,0,0,0,
0001997201,0001013762-24-000891,2024-07-18,2024-07-25,0002029950,Kwong Kin Yin Alfred,PS International Group Ltd.,ok,full,0.0,,,,,0,0,0,0,0,0,
0001997201,0001013762-24-000893,2024-07-18,2024-07-25,0002029954,Chan Yee Kit,PS International Group Ltd.,ok,full,0.0,,,,,0,0,0,0,0,0,
0001997377,0000912282-25-000717,2025-06-24,2025-06-25,0001698535,NexGen Energy Ltd.,IsoEnergy Ltd.,ok,full,0.0,,,,,0,0,0,0,0,0,
0001997403,0001376474-25-000097,2024-09-30,2025-01-21,0001671957,Passley Shaun,"ZenaTech, Inc.",ok,full,0.0,,,,,0,0,0,0,0,0,
0001997403,0001376474-25-000302,2025-03-17,2025-03-31,0001671957,Passley Shaun,"ZenaTech, Inc.",ok,full,0.0,,,,,0,0,0,0,0,0,
0001997403,0001376474-25-000474,2025-04-15,2025-05-15,0002068532,Star Financial Corp,"ZenaTech, Inc.",ok,full,0.0,,,,,0,0,0,0,0,0,
0001997403,0001376474-25-000478,2025-04-15,2025-05-19,0002069079,GG Mars Capital Inc,"ZenaTech, Inc.",ok,full,0.0,,,,,0,0,0,0,0,0,
0001997403,0001376474-25-000820,2025-09-03,2025-09-24,0002069079,GG Mars Capital Inc,"ZenaTech, Inc.",ok,full,0.0,,,,,0,0,0,0,0,0,
0001997403,0001376474-25-000906,2025-11-05,2025-11-06,0002068532,Star Financial Corp,"ZenaTech, Inc.",ok,full,0.0,,,,,0,0,0,0,0,0,
0001997711,0001493152-24-012976,2024-03-27,2024-04-03,0001873034,McDonald Thomas,Logistic Properties of the Americas,ok,full,0.0,,,,,0,0,0,0,0,0,
0001998043,0001437749-24-023649,2024-07-19,2024-07-26,0001697228,University of Wisconsin Foundation,Pearl Diver Credit Co Inc.,ok,full,0.0,,,,,0,0,0,0,0,0,
0001998056,0001493152-24-041035,2024-09-23,2024-10-15,0002041092,Hero Global Enterprises Ltd,Premium Catering (Holdings) Ltd,ok,full,0.0,,,,,0,0,0,0,0,0,
0001998387,0000950170-25-031273,2024-11-07,2025-03-03,0001105497,MSD CAPITAL L P,5C Lending Partners Corp.,ok,full,0.0,,,,,0,0,0,0,0,0,
0001998560,0001213900-25-048054,2025-01-07,2025-05-28,0002069869,Deep Vision Enterprise Ltd,Mint Inc Ltd,ok,full,0.0,,,,,0,0,0,0,0,0,
0001998560,0001213900-25-048057,2025-01-07,2025-05-28,0002069852,I Sparks Enterprise Ltd,Mint Inc Ltd,ok,full,0.0,,,,,0,0,0,0,0,0,
0001998781,0001493152-24-013989,2024-03-28,2024-04-08,0002016686,"I-B Good Works 4, LLC",IB Acquisition Corp.,ok,full,0.0,,,,,0,0,0,0,0,0,
0001998781,0001493152-24-014369,2024-03-28,2024-04-11,0002019332,McCrory James Michael,IB Acquisition Corp.,ok,full,0.0,,,,,0,0,0,0,0,0,
0001999297,0001213900-25-086467,2025-01-08,2025-09-10,0002081895,PLOUTOS GROUP LIMITED,Big Tree Cloud Holdings Ltd,ok,full,0.0,,,,,0,0,0,0,0,0,
0002000230,0001213900-24-108589,2024-11-29,2024-12-13,0002048491,Podiono Salim,BrilliA Inc,ok,full,0.0,,,,,0,0,0,0,0,0,
0002000230,0001213900-24-109494,2024-11-29,2024-12-17,0002048799,Hartanto Kendrew,BrilliA Inc,ok,full,0.0,,,,,0,0,0,0,0,0,
0002000410,0001213900-24-059026,2024-07-01,2024-07-03,0002026879,Hercules Capital Management Corp,Eureka Acquisition Corp,ok,full,0.0,,,,,0,0,0,0,0,0,
0002000640,0001213900-24-100681,2024-11-13,2024-11-20,0002043845,Giraud Damon Jay,Damon Inc.,ok,full,0.0,,,,,0,0,0,0,0,0,
0002000756,0001829126-25-008079,2025-05-13,2025-10-14,0002086830,Kim Ted,K Wave Media Ltd.,ok,full,0.0,,,,,0,0,0,0,0,0,
0002000775,0001829126-24-002128,2024-03-22,2024-04-01,0002000779,Black Hawk Management LLC,Black Hawk Acquisition Corp,ok,full,0.0,,,,,0,0,0,0,0,0,
0002001557,0001140361-24-042991,2024-10-02,2024-10-07,0002039923,WE-INN LLC,"Innventure, Inc.",ok,full,,,,,,0,0,1,1,0,0,
0002001557,0001847082-25-000002,2025-04-24,2025-08-18,0001847082,Otworth Michael,"Innventure, Inc.",ok,full,0.0,,,,,0,0,0,0,0,0,
0002002045,0001213900-25-015788,2025-02-14,2025-02-20,0002051487,Epicsoft Ventures Ltd,GCL Global Holdings Ltd,ok,full,0.0,,,,,0,0,0,0,0,0,
0002002236,0001013762-25-002195,2024-10-17,2025-03-25,0002062053,LEE SIEW YIAN,SPRINGVIEW HOLDINGS LTD,ok,full,0.0,,,,,0,0,0,0,0,0,
0002002236,0001213900-25-044912,2024-10-17,2025-05-16,0001811387,Wang Zhuo,SPRINGVIEW HOLDINGS LTD,ok,full,0.0,,,,,0,0,0,0,0,0,
0002003750,0001290929-24-000002,2024-08-19,2024-11-06,0002002221,Huang Fang,"Maitong Sunshine Cultural Development Co., Ltd",ok,full,0.0,,,,,0,0,0,0,0,0,
0002003977,0001213900-25-080996,2025-07-22,2025-08-27,0002080590,Cre8 Investments Ltd,Cre8 Enterprise Ltd,ok,full,0.0,,,,,0,0,0,0,0,0,
0002004024,0001213900-25-086527,2025-09-09,2025-09-10,0002080036,Jia Dengyao,Lianhe Sowell International Group Ltd,ok,full,0.0,,,,,0,0,0,0,0,0,
0002005563,0000950170-25-027005,2025-02-18,2025-02-25,0002012136,APO Corp.,Lord Abbett Flexible Income Fund,ok,full,0.0,,,,,0,0,0,0,0,0,
0002005569,0001641172-25-024144,2025-07-01,2025-08-14,0002081019,Yeoh Chee Wei,Empro Group Inc.,ok,full,0.0,,,,,0,0,0,0,0,0,
0002006189,0001420506-25-000740,2025-03-31,2025-04-07,0001781002,Bleichroeder LP,First Eagle Real Estate Debt Fund,ok,full,0.0,,,,,0,0,0,0,0,0,
0002007702,0001213900-25-109034,2025-10-06,2025-11-12,0002096212,Wang Liying,Hong Kong Pharma Digital Technology Holdings Ltd,ok,full,0.0,,,,,0,0,0,0,0,0,
0002007825,0000950170-25-075642,2025-05-15,2025-05-21,0001327392,Klein Michael Stuart,Churchill Capital Corp X/Cayman,ok,full,,,,,,0,0,1,2,0,0,
0002007919,0000950142-24-001548,2024-05-29,2024-06-03,0001366074,Lappe Mark,"Inhibrx Biosciences, Inc.",ok,full,0.0,,,,,0,0,0,0,0,0,
0002007919,0000950142-24-001549,2024-05-29,2024-06-03,0001366268,Kayyem Jon Faiz,"Inhibrx Biosciences, Inc.",ok,full,0.0,,,,,0,0,0,0,0,0,
0002009233,0001213900-25-098060,2025-10-01,2025-10-10,0001957285,Lim Chun Hoo,Agroz Inc.,ok,full,0.0,,,,,0,0,0,0,0,0,
0002009233,0001213900-25-101962,2025-10-01,2025-10-24,0002092837,Tan Kay Yen,Agroz Inc.,ok,full,0.0,,,,,0,0,0,0,0,0,
0002009233,0001213900-25-102213,2025-10-01,2025-10-24,0002092640,Lim Gerard Kim Meng,Agroz Inc.,ok,full,0.0,,,,,0,0,0,0,0,0,
0002009312,0001641172-25-006752,2025-02-10,2025-04-30,0002064776,Cheung ChiPing,Aureus Greenway Holdings Inc,ok,full,0.0,,,,,0,0,0,0,0,0,
0002009312,0001641172-25-009133,2025-02-10,2025-05-08,0002067365,Cheung Ching Ping Stephen,Aureus Greenway Holdings Inc,ok,full,0.0,,,,,0,0,0,0,0,0,
0002009312,0001213900-25-072737,2025-07-25,2025-08-06,0002079897,Steven Scopellite 2021 IRR,Aureus Greenway Holdings Inc,ok,full,,,,,,0,0,1,1,0,0,
0002009312,0001213900-25-083454,2025-08-26,2025-09-02,0002078215,"American Ventures LLC, Series XVI AGH",Aureus Greenway Holdings Inc,ok,full,,,,,,0,0,1,1,0,0,
0002009684,0000930413-24-002266,2024-07-31,2024-08-07,0001336528,"Pershing Square Capital Management, L.P.",Seaport Entertainment Group Inc.,ok,full,0.0,,,,,0,0,0,0,0,0,
0002010499,0001493152-25-004321,2025-01-30,2025-01-30,0002050408,Pelham Miles Christian,Diginex Ltd,ok,full,0.0,,,,,0,0,0,0,0,0,
0002010788,0001493152-24-046636,2024-11-14,2024-11-18,0000897744,MARLETT CHRISTOPHER A,Invizyne Technologies Inc,ok,full,0.0,,,,,0,0,0,0,0,0,
0002010788,0001493152-24-046637,2024-11-14,2024-11-18,0002030843,Bowie James Ulrich,Invizyne Technologies Inc,ok,full,0.0,,,,,0,0,0,0,0,0,
0002010788,0001493152-24-046638,2024-11-14,2024-11-18,0002033517,Opgenorth Paul Hideo,Invizyne Technologies Inc,ok,full,0.0,,,,,0,0,0,0,0,0,
0002010788,0001493152-24-046639,2024-11-14,2024-11-18,0002032745,Korman Tyler Paz,Invizyne Technologies Inc,ok,full,0.0,,,,,0,0,0,0,0,0,
0002011208,0001493152-24-035869,2024-08-29,2024-09-11,0002031280,Todd Christopher Michael,Safe Pro Group Inc.,ok,full,0.0,,,,,0,0,0,0,0,0,
0002011208,0001493152-24-035871,2024-08-29,2024-09-11,0001257950,ERDBERG DANIYEL,Safe Pro Group Inc.,ok,full,0.0,,,,,0,0,0,0,0,0,
0002011208,0001493152-24-035873,2024-08-29,2024-09-11,0002030332,Borkar Pravin,Safe Pro Group Inc.,ok,full,0.0,,,,,0,0,0,0,0,0,
0002011286,0000950157-24-001378,2024-09-27,2024-10-04,0002037182,Amentum Joint Venture LP,"Amentum Holdings, Inc.",ok,full,1.0,2024-10-03,8-K,A,0000950157-24-001361,1,1,0,0,0,0,
0002011286,0000950157-24-001703,2024-12-17,2024-12-23,0001621183,ASP Manager Corp.,"Amentum Holdings, Inc.",ok,full,0.0,,,,,0,0,0,0,1,1,2024-10-03
0002011286,0001493152-24-051925,2024-12-17,2024-12-23,0001077430,GOLDBERG ALAN E,"Amentum Holdings, Inc.",ok,full,0.0,,,,,0,0,0,0,1,1,2024-10-03
0002012139,0001104659-25-084959,2025-08-20,2025-08-28,0001449433,"Apollo Management Holdings GP, LLC",Fortress Private Lending Fund,ok,full,0.0,,,,,0,0,0,0,0,0,
0002012219,0001213900-25-050288,2025-05-14,2025-06-02,0002069928,How Meng Hock,OMS Energy Technologies Inc.,ok,full,0.0,,,,,0,0,0,0,0,0,
0002012590,0001628280-24-029420,2024-06-17,2024-06-21,0001805833,"System1, Inc.",CEE Holdings Trust,ok,full,0.0,,,,,0,0,0,0,0,0,
0002012593,0001104659-24-071732,2024-06-10,2024-06-14,0001882303,"Sofinnova Venture Partners XI, L.P.","Rapport Therapeutics, Inc.",ok,full,0.0,,,,,0,0,0,0,0,0,
0002012600,0001641172-25-024951,2025-08-13,2025-08-20,0002000353,Baba Ryoji,"rYojbaba Co., Ltd.",ok,full,0.0,,,,,0,0,0,0,0,0,
0002012600,0001641172-25-024952,2025-08-13,2025-08-20,0002005225,Saito Satoshi,"rYojbaba Co., Ltd.",ok,full,0.0,,,,,0,0,0,0,0,0,
0002012706,0001829126-24-008574,2024-07-09,2024-12-26,0001200461,TANNENBAUM LEONARD M,"Sunrise Realty Trust, Inc.",ok,full,0.0,,,,,0,0,0,0,0,0,
0002013536,0001104659-25-066477,2025-07-07,2025-07-08,0001607203,Eagle Point Credit Management LLC,Eagle Point Defensive Income Trust,ok,full,0.0,,,,,0,0,0,0,0,0,
0002013745,0000921895-25-000609,2025-02-21,2025-02-25,0001751492,"Wasserstein Debt Opportunities Management, L.P.","Calumet, Inc. /DE",ok,full,0.0,,,,,0,0,0,0,0,0,
0002013792,0000943374-24-000386,2024-09-20,2024-09-20,0002037911,Schneider Kory J,"EWSB Bancorp, Inc. /MD/",ok,full,0.0,,,,,0,0,0,0,0,0,
0002013792,0000943374-24-000387,2024-09-20,2024-09-20,0002037909,Mangold James E,"EWSB Bancorp, Inc. /MD/",ok,full,0.0,,,,,0,0,0,0,0,0,
0002013807,0001213900-24-082306,2024-09-26,2024-09-26,0001913915,Hua Joy Yi,Foxx Development Holdings Inc.,ok,full,1.0,2024-10-02,8-K,A,0001213900-24-084719,1,0,0,0,0,0,
0002013807,0001213900-24-082825,2024-09-26,2024-09-27,0002039305,BRR Investment Corp,Foxx Development Holdings Inc.,ok,full,1.0,2024-10-02,8-K,A,0001213900-24-084719,1,1,0,0,0,0,
0002013807,0001213900-24-085696,2024-09-26,2024-10-07,0002039881,BR Technologies Pte. Ltd.,Foxx Development Holdings Inc.,ok,full,1.0,2024-10-02,8-K,A,0001213900-24-084719,1,1,0,0,0,0,
0002013807,0001213900-24-085699,2024-09-26,2024-10-07,0002039239,New Bay Capital Ltd,Foxx Development Holdings Inc.,ok,full,1.0,2024-10-02,8-K,A,0001213900-24-084719,1,1,0,0,0,0,
0002016072,0001315863-25-000436,2025-05-27,2025-06-03,0001816637,"CC Capital GP, LLC",M3-Brigade Acquisition V Corp.,ok,full,1.0,2026-05-13,DEFM14A,A,0001213900-26-055964,1,0,0,1,0,0,
0002016072,0001213900-25-123846,2025-12-12,2025-12-19,0000017018,CANTOR FITZGERALD & CO.,M3-Brigade Acquisition V Corp.,ok,full,1.0,2026-05-13,DEFM14A,A,0001213900-26-055964,1,0,0,0,0,0,
0002016337,0001213900-25-086451,2025-09-10,2025-09-10,0002070283,Chow Ying Ying,PTL Ltd,ok,full,0.0,,,,,0,0,0,0,0,0,
0002017206,0000950170-25-021181,2025-02-07,2025-02-14,0000920760,LENNAR CORP /NEW/,"Millrose Properties, Inc.",ok,full,0.0,,,,,0,0,0,0,0,0,
0002017206,0000950170-25-021290,2025-02-07,2025-02-14,0001049444,MILLER STUART A,"Millrose Properties, Inc.",ok,full,0.0,,,,,0,0,0,0,0,0,
0002017206,0000950170-25-021291,2025-02-07,2025-02-14,0000931318,MP Alpha Holdings LLLP,"Millrose Properties, Inc.",ok,full,0.0,,,,,0,0,0,0,0,0,
0002017526,0001346824-25-000070,2025-12-05,2025-12-12,0001346824,"RA CAPITAL MANAGEMENT, L.P.",Perceptive Capital Solutions Corp,ok,full,0.0,,,,,0,0,0,0,0,0,
0002018545,0000038777-24-000109,2024-07-03,2024-07-11,0000038777,FRANKLIN RESOURCES INC,Franklin BSP Real Estate Debt BDC,ok,full,0.0,,,,,0,0,0,0,0,0,
0002018545,0001761054-25-000008,2025-09-10,2025-09-16,0001761054,Treasurer of the State of North Carolina,Franklin BSP Real Estate Debt BDC,ok,full,0.0,,,,,0,0,0,0,0,0,
0002019103,0000912282-24-000498,2024-06-11,2024-06-20,0002021311,Augusta Ozama Investment LP,Solaris Resources Inc.,ok,full,0.0,,,,,0,0,0,0,0,0,
0002019103,0000912282-24-000802,2024-11-13,2024-11-14,0001829974,EARLE DANIEL,Solaris Resources Inc.,ok,full,0.0,,,,,0,0,0,0,0,0,
0002019435,0001213900-25-062158,2025-06-25,2025-07-08,0002076016,Cavaghan Andrew,Blue Gold Ltd,ok,full,0.0,,,,,0,0,0,0,0,0,
0002019804,0001104659-25-106325,2025-10-28,2025-11-04,0002091865,Irish Simon,Terrestrial Energy Inc. /DE/,ok,full,,,,,,0,0,1,1,1,1,2025-03-26
0002019804,0001104659-25-106326,2025-10-28,2025-11-04,0002092979,LeBlanc David Michael,Terrestrial Energy Inc. /DE/,ok,full,,,,,,0,0,1,1,1,1,2025-03-26
0002020354,0001140361-24-044040,2024-10-16,2024-10-23,0001441449,Qatar Investment Authority,West Bay BDC LLC,ok,full,0.0,,,,,0,0,0,0,0,0,
0002020510,0001213900-25-035583,2024-10-08,2025-04-25,0001573767,HAMILTON LANE ADVISORS LLC,Hamilton Lane Private Infrastructure Fund,ok,full,0.0,,,,,0,0,0,0,0,0,
0002020795,0000902664-25-003448,2025-08-01,2025-08-08,0001791786,Elliott Investment Management L.P.,Uniti Group Inc.,ok,full,1.0,2025-08-04,8-K,A,0000950103-25-009757,1,0,0,0,0,0,
0002022308,0001094891-25-000004,2025-04-04,2025-04-09,0002058856,Luo Hui,"Classover Holdings, Inc.",ok,full,1.0,2025-04-10,8-K,A,0001929980-25-000257,1,0,0,0,0,0,
0002022416,0000904454-24-000480,2024-08-15,2024-08-22,0001582384,"Wildcat Capital Management, LLC",Silexion Therapeutics Corp,ok,full,,,,,,0,0,1,1,0,0,
0002022416,0001213900-24-071928,2024-08-15,2024-08-22,0001849192,"Moringa Sponsor, LP",Silexion Therapeutics Corp,ok,full,,,,,,0,0,1,1,0,0,
0002022416,0001213900-24-100344,2024-08-15,2024-11-20,0002039018,Guangzhou Sino-Israel Bio-Industry Investment Fund LLP,Silexion Therapeutics Corp,ok,full,,,,,,0,0,1,1,0,0,
0002022626,0000947871-24-000805,2024-10-15,2024-10-17,0001055951,ORBIMED ADVISORS LLC,"Upstream Bio, Inc.",ok,full,0.0,,,,,0,0,0,0,0,0,
0002023153,0001641172-25-014217,2025-05-19,2025-06-09,0002033154,Phua Yong Tat,HomesToLife Ltd,ok,full,0.0,,,,,0,0,0,0,0,0,
0002023658,0001104659-24-102048,2024-09-16,2024-09-23,0001346824,"RA CAPITAL MANAGEMENT, L.P.",Bicara Therapeutics Inc.,ok,full,0.0,,,,,0,0,0,0,0,0,
0002024203,0001493152-24-038296,2024-09-19,2024-09-26,0002037723,Cayson Holding LP,Cayson Acquisition Corp,ok,full,,,,,,0,0,1,1,0,0,
0002024203,0001493152-24-038297,2024-09-19,2024-09-26,0002037783,Cao Yawei,Cayson Acquisition Corp,ok,full,,,,,,0,0,1,1,0,0,
0002024218,0001213900-24-105108,2024-12-02,2024-12-03,0002045908,"Connect Midstream, LLC",Summit Midstream Corp,ok,full,0.0,,,,,0,0,0,0,1,1,2024-10-31
0002024306,0002059595-25-000003,2025-03-06,2025-03-12,0002059595,Basile Lisa Ann,JFB Construction Holdings,ok,full,,,,,,0,0,1,1,0,0,
0002024459,0001213900-24-090755,2024-10-23,2024-10-25,0002041480,ST Sponsor II Ltd,Charlton Aria Acquisition Corp,ok,full,0.0,,,,,0,0,0,0,0,0,
0002024460,0001213900-25-051062,2025-05-27,2025-06-04,0002041281,Tan Kah Wei,ChampionsGate Acquisition Corp,ok,full,0.0,,,,,0,0,0,0,0,0,
0002025218,0001213900-25-071813,2025-07-10,2025-08-05,0002078865,Xie Dongjian,Delixy Holdings Ltd,ok,full,0.0,,,,,0,0,0,0,0,0,
0002025218,0001213900-25-071815,2025-07-10,2025-08-05,0002078864,Tran Cam Tieu,Delixy Holdings Ltd,ok,full,0.0,,,,,0,0,0,0,0,0,
0002025341,0001213900-24-105618,2024-09-09,2024-12-04,0002032960,Andretti Sponsor II LLC,Andretti Acquisition Corp. II,ok,full,0.0,,,,,0,0,0,0,0,0,
0002025401,0001213900-25-021940,2025-03-03,2025-03-10,0002030279,Fifth Era Acquisition Sponsor I LLC,Fifth Era Acquisition Corp I,ok,full,0.0,,,,,0,0,0,0,0,0,
0002025608,0001641172-25-003440,2025-04-03,2025-04-09,0002025601,SOULPOWER ACQUISITION SPONSOR LLC,Soulpower Acquisition Corp.,ok,full,1.0,2025-12-01,8-K,A,0001493152-25-025622,1,1,0,1,0,0,
0002025774,0001493152-25-021754,2025-10-31,2025-11-12,0002096272,Tham Seng Kong,Alps Group Inc,ok,full,0.0,,,,,0,0,0,0,0,0,
0002026478,0001213900-25-026305,2025-03-28,2025-03-31,0001644499,Ruddy Christopher,Newsmax Inc.,ok,full,0.0,,,,,0,0,0,0,0,0,
0002026514,0001213900-25-053440,2025-06-05,2025-06-11,0002067269,Khumalo Mzilikazi Godfrey,Namib Minerals,ok,full,0.0,,,,,0,0,0,0,0,0,
0002026514,0001213900-25-053441,2025-06-05,2025-06-11,0002067240,Southern SelliBen Trust,Namib Minerals,ok,full,0.0,,,,,0,0,0,0,0,0,
0002026514,0001213900-25-053442,2025-06-05,2025-06-11,0002067360,Sikwila Tulani,Namib Minerals,ok,full,0.0,,,,,0,0,0,0,0,0,
0002026767,0001436468-25-000003,2025-10-21,2025-10-28,0001436468,Zhang Dahe,Calisa Acquisition Corp,ok,full,0.0,,,,,0,0,0,0,0,0,
0002026767,0001981748-25-000002,2025-10-21,2025-10-28,0001981748,Gai Na,Calisa Acquisition Corp,ok,full,0.0,,,,,0,0,0,0,0,0,
0002027076,0002027076-25-000057,2025-08-07,2025-08-07,0001294357,Barry John F,Prospect Enhanced Yield Fund,ok,full,0.0,,,,,0,0,0,0,0,0,
0002027076,0002027076-25-000070,2025-10-27,2025-10-30,0001294355,Eliasek M Grier,Prospect Enhanced Yield Fund,ok,full,0.0,,,,,0,0,0,0,0,0,
0002027360,0001641172-25-016661,2025-03-24,2025-06-26,0002070781,Byland Christina Elisabeth,RedCloud Holdings plc,ok,full,0.0,,,,,0,0,0,0,0,0,
0002027360,0001641172-25-016663,2025-03-24,2025-06-26,0002070909,HRK Participations SA,RedCloud Holdings plc,ok,full,0.0,,,,,0,0,0,0,0,0,
0002027360,0001641172-25-016666,2025-03-24,2025-06-26,0002070908,Senn Nikolaus Beat,RedCloud Holdings plc,ok,full,0.0,,,,,0,0,0,0,0,0,
0002027537,0000950170-25-005474,2025-01-06,2025-01-14,0002051961,"KREI West St. Investments, LLC",Goldman Sachs Real Estate Finance Trust Inc,ok,full,0.0,,,,,0,0,0,0,0,0,
0002027708,0001213900-25-003108,2025-01-06,2025-01-13,0002029098,"Cantor EP Holdings I, LLC","Cantor Equity Partners I, Inc.",ok,full,0.0,,,,,0,0,0,0,0,0,
0002027722,0001213900-25-095810,2025-06-30,2025-10-02,0002081249,Grande Holding Ltd,Grande Group Ltd/HK,ok,full,0.0,,,,,0,0,0,0,0,0,
0002028027,0001213900-24-095313,2024-11-04,2024-11-07,0002039666,Newbury Street II Acquisition Sponsor LLC,Newbury Street II Acquisition Corp,ok,full,0.0,,,,,0,0,0,0,0,0,
0002028177,0001213900-25-093367,2025-07-09,2025-09-30,0002088930,Wang Yunlei,Youlife Group Inc.,ok,full,0.0,,,,,0,0,0,0,0,0,
0002028201,0001213900-25-006669,2025-01-22,2025-01-24,0002046110,Hercules Capital Management VII Corp,Columbus Acquisition Corp/Cayman Islands,ok,full,1.0,2025-11-13,8-K,A,0001213900-25-110047,1,1,0,0,0,0,
0002028293,0001104659-25-000973,2024-12-31,2025-01-03,0001432602,You Harry L.,"Rain Enhancement Technologies Holdco, Inc.",ok,full,0.0,,,,,0,0,0,0,0,0,
0002028336,0001104659-24-129080,2024-12-09,2024-12-16,0002048827,Pecos Slope Holdings LLC,NEW ERA HELIUM INC.,ok,full,,,,,,0,0,1,1,0,0,
0002028355,0001477932-25-001246,2025-02-14,2025-02-25,0002051608,Maywood Sponsor LLC,Maywood Acquisition Corp.,ok,full,,,,,,0,0,1,3,0,0,
0002028355,0001213900-25-088305,2025-09-09,2025-09-16,0002062187,"Inflection Point Fund I, LP",Maywood Acquisition Corp.,ok,full,1.0,2026-08-12,DEFM14A,A,0001213900-26-087896,1,0,0,5,0,0,
0002028614,0001213900-25-019525,2025-02-18,2025-03-03,0002038492,Drugs Made In America Acquisition LLC,Drugs Made In America Acquisition Corp.,ok,full,0.0,,,,,0,0,0,0,0,0,
0002028707,0001213900-24-096093,2024-11-04,2024-11-12,0002031321,Bleichroeder Sponsor 1 LLC,Bleichroeder Acquisition Corp. I,ok,full,0.0,,,,,0,0,0,0,0,0,
0002029138,0001213900-25-064239,2025-03-11,2025-07-15,0002070001,Ng Chen Lok,SAGTEC GLOBAL Ltd,ok,full,0.0,,,,,0,0,0,0,0,0,
0002029138,0001683168-25-008366,2025-11-11,2025-11-14,0001945619,Kinetic Seas Inc.,SAGTEC GLOBAL Ltd,ok,full,0.0,,,,,0,0,0,0,0,0,
0002029471,0000919574-25-001673,2025-02-19,2025-02-26,0002058323,Rhea Marine Ltd.,Heidmar Maritime Holdings Corp.,ok,full,0.0,,,,,0,0,0,0,0,0,
0002029471,0000950170-25-028106,2025-02-19,2025-02-26,0002058237,Maistros Shipinvest Corp.,Heidmar Maritime Holdings Corp.,ok,full,0.0,,,,,0,0,0,0,0,0,
0002029976,0001213900-25-013080,2025-02-06,2025-02-12,0002040988,K&F Growth Acquisition LLC II,K&F GROWTH ACQUISITION CORP. II,ok,full,0.0,,,,,0,0,0,0,0,0,
0002030663,0001213900-25-030561,2025-04-03,2025-04-10,0002039126,VO Sponsor II LLC,Sizzle Acquisition Corp. II,ok,full,0.0,,,,,0,0,0,0,0,0,
0002030829,0001213900-24-106602,2024-12-02,2024-12-06,0002046944,Aitefund Sponsor LLC,Shepherd Ave Capital Acquisition Corp,ok,full,0.0,,,,,0,0,0,0,0,0,
0002031009,0001477932-25-006902,2025-08-29,2025-09-22,0001921865,ASP Isotopes Inc.,Skyline Builders Group Holding Ltd,ok,full,0.0,,,,,0,0,0,0,0,0,
0002031283,0000820478-25-000008,2025-01-22,2025-01-29,0000820478,STRS OHIO,Stone Point Credit Income Fund,ok,full,0.0,,,,,0,0,0,0,0,0,
0002031561,0001104659-25-014424,2024-10-23,2025-02-14,0002031565,Aldel Investors II LLC,Aldel Financial II Inc.,ok,full,0.0,,,,,0,0,0,0,0,0,
0002032432,0000950170-25-062849,2025-05-01,2025-05-02,0001464695,Blackstone Holdings I/II GP L.L.C.,Blackstone Private Multi-Asset Credit & Income Fund,ok,full,0.0,,,,,0,0,0,0,0,0,
0002032779,0000919574-25-003708,2025-03-17,2025-06-20,0001389310,Friends Investment CO Inc.,Euroholdings Ltd.,ok,full,0.0,,,,,0,0,0,0,0,0,
0002032779,0000919574-25-003710,2025-03-17,2025-06-20,0001795852,Eurobulk Marine Holdings Inc.,Euroholdings Ltd.,ok,full,0.0,,,,,0,0,0,0,0,0,
0002032779,0000919574-25-003712,2025-03-17,2025-06-20,0001786818,Containers Shareholders Trinity Ltd.,Euroholdings Ltd.,ok,full,0.0,,,,,0,0,0,0,0,0,
0002032779,0001104659-25-064195,2025-06-23,2025-06-30,0002069347,Marla Investments Inc.,Euroholdings Ltd.,ok,full,0.0,,,,,0,0,0,0,0,0,
0002032950,0001929980-24-000563,2024-11-12,2024-11-19,0002044573,Horizon Space Acquisition II Sponsor Corp.,Horizon Space Acquisition II Corp.,ok,full,0.0,,,,,0,0,0,0,0,0,
0002032966,0001213900-25-014381,2025-02-14,2025-02-14,0000940603,FRANKLIN MARTIN E,ACUREN CORP,ok,full,0.0,,,,,0,0,0,0,0,0,
0002033362,0001193125-25-180765,2025-08-14,2025-08-14,0002075450,"Audax Institutional Feeder, LP","Audax Private Credit Fund, LLC",ok,full,0.0,,,,,0,0,0,0,0,0,
0002033515,0001213900-25-107890,2025-11-07,2025-11-10,0002070153,Sora Vision Ltd,AsiaStrategy,ok,full,0.0,,,,,0,0,0,0,0,0,
0002033535,0000950157-25-000367,2025-05-06,2025-05-06,0001513017,Konstantakopoulos Konstantinos,Costamare Bulkers Holdings Ltd,ok,full,0.0,,,,,0,0,0,0,0,0,
0002033593,0001213900-25-043356,2025-01-30,2025-05-14,0001911194,Stellar V Sponsor LLC,Stellar V Capital Corp. (Cayman Islands),ok,full,0.0,,,,,0,0,0,0,0,0,
0002033770,0001213900-25-065832,2025-06-18,2025-07-18,0001847751,Newhouse Phyllis W.,"CID Holdco, Inc.",ok,full,0.0,,,,,0,0,0,0,0,0,
0002033770,0001493152-25-023677,2025-06-18,2025-11-14,0002095777,Reny William Tremaine,"CID Holdco, Inc.",ok,full,0.0,,,,,0,0,0,0,0,0,
0002033991,0001104659-25-099266,2025-09-18,2025-10-14,0002089425,"Yorkville Acquisition Sponsor II, LLC",Texas Ventures Acquisition III Corp,ok,full,1.0,2025-09-24,8-K,A,0001104659-25-092948,1,1,0,0,0,0,
0002034266,0001213900-25-108010,2025-11-05,2025-11-10,0002034270,"Cantor EP Holdings V, LLC","Cantor Equity Partners V, Inc.",ok,full,0.0,,,,,0,0,0,0,0,0,
0002034267,0001213900-25-079989,2025-08-22,2025-08-22,0002034271,"Cantor EP Holdings IV, LLC","Cantor Equity Partners IV, Inc.",ok,full,0.0,,,,,0,0,0,0,0,0,
0002034268,0001213900-25-060466,2025-06-27,2025-07-01,0002034272,"Cantor EP Holdings III, LLC","Cantor Equity Partners III, Inc.",ok,full,1.0,2025-11-07,8-K,A,0001213900-25-107383,1,1,0,1,0,0,
0002034269,0001213900-25-042056,2025-05-01,2025-05-12,0002034273,"Cantor EP Holdings II, LLC","Cantor Equity Partners II, Inc.",ok,full,0.0,,,,,0,0,0,0,0,0,
0002034400,0001493152-25-017246,2025-10-01,2025-10-07,0002057221,Dass Danny Vincent,Black Titan Corp,ok,full,0.0,,,,,0,0,0,0,0,0,
0002034520,0001493152-25-021643,2025-10-07,2025-11-12,0002096056,Chen XiaoPing Angel,GIBO HOLDINGS Ltd,ok,full,0.0,,,,,0,0,0,0,0,0,
0002034723,0001213900-25-125492,2025-10-10,2025-12-23,0002094669,Yan Caifen,One & one Green Technologies. INC,ok,full,0.0,,,,,0,0,0,0,0,0,
0002035989,0000950103-25-007937,2025-06-23,2025-06-27,0001165731,SCHMIDHEINY THOMAS,Amrize Ltd,ok,full,0.0,,,,,0,0,0,0,0,0,
0002036042,0000947871-25-000138,2025-02-10,2025-02-13,0001055951,ORBIMED ADVISORS LLC,"Sionna Therapeutics, Inc.",ok,full,0.0,,,,,0,0,0,0,0,0,
0002036042,0001415889-25-004410,2025-02-10,2025-02-18,0001953107,"Enavate Sciences GP, LLC","Sionna Therapeutics, Inc.",ok,full,0.0,,,,,0,0,0,0,0,0,
0002036042,0001415889-25-004419,2025-02-10,2025-02-18,0001346824,"RA CAPITAL MANAGEMENT, L.P.","Sionna Therapeutics, Inc.",ok,full,0.0,,,,,0,0,0,0,0,0,
0002036042,0001415889-25-004453,2025-02-10,2025-02-18,0001708269,"Atlas Venture Fund XI, L.P.","Sionna Therapeutics, Inc.",ok,full,0.0,,,,,0,0,0,0,0,0,
0002036042,0001839882-25-009559,2025-02-10,2025-02-18,0001903793,"TPG GP A, LLC","Sionna Therapeutics, Inc.",ok,full,0.0,,,,,0,0,0,0,0,0,
0002036272,0001104659-25-116073,2025-11-18,2025-11-25,0002011937,"Apollo Principal Holdings B GP, LLC",TCW Private Asset Income Fund,ok,full,0.0,,,,,0,0,0,0,0,0,
0002036973,0001829126-25-002657,2025-04-01,2025-04-15,0002063725,UY Scuti Investments Ltd,UY Scuti Acquisition Corp.,ok,full,,,,,,0,0,1,1,0,0,
0002037431,0001829126-25-004582,2025-05-30,2025-06-18,0002064019,Pelican Sponsor LLC,Pelican Acquisition Corp,ok,full,1.0,2025-09-10,8-K,A,0001829126-25-007274,1,0,0,0,0,0,
0002037804,0001104659-24-131320,2024-12-17,2024-12-23,0001018327,KLINSKY STEVEN B,New Mountain Private Credit Fund,ok,full,,,,,,0,0,1,1,0,0,
0002039060,0000919574-25-002515,2025-04-14,2025-04-17,0001974347,Pani Corp.,Robin Energy Ltd.,ok,full,0.0,,,,,0,0,0,0,0,0,
0002039497,0000950142-25-000685,2025-02-28,2025-03-07,0002037164,Resolute Compo Holdings LLC,"Resolute Holdings Management, Inc.",ok,full,0.0,,,,,0,0,0,0,0,0,
0002040278,0001213900-25-033806,2024-10-23,2025-04-21,0001573767,HAMILTON LANE ADVISORS LLC,HL Scope RIC LLC,ok,full,0.0,,,,,0,0,0,0,0,0,
0002040290,0001641172-25-009593,2025-03-24,2025-05-12,0002067675,Nozawa Yasuyuki,LOGPROSTYLE INC.,ok,full,0.0,,,,,0,0,0,0,0,0,
0002040315,0001140361-25-016740,2025-04-23,2025-04-30,0002057671,Global Atlantic Ltd (Delaware),Capital Group KKR Core Plus (plus),ok,full,0.0,,,,,0,0,0,0,0,0,
0002040318,0001140361-25-016735,2025-04-23,2025-04-30,0002057671,Global Atlantic Ltd (Delaware),Capital Group KKR Multi-Sector (plus),ok,full,0.0,,,,,0,0,0,0,0,0,
0002040475,0001213900-25-094944,2025-10-01,2025-10-02,0002088432,Drugs Made In America Acquisition II LLC,Drugs Made In America Acquisition II Corp.,ok,full,0.0,,,,,0,0,0,0,0,0,
0002040807,0001072613-25-000107,2025-02-03,2025-02-10,0001906837,"ARCH Venture Fund XII, L.P.","Metsera, Inc.",ok,full,1.0,2025-09-22,8-K,A,0001193125-25-210030,5,1,0,0,0,0,
0002042022,0001213900-25-073673,2025-08-08,2025-08-08,0001710350,"Bit Digital, Inc","WhiteFiber, Inc.",ok,full,0.0,,,,,0,0,0,0,0,0,
0002042182,0001213900-25-049672,2025-05-23,2025-06-02,0002046100,Oyster Enterprises II LLC,Oyster Enterprises II Acquisition Corp,ok,full,0.0,,,,,0,0,0,0,0,0,
0002042292,0000929638-25-003818,2025-10-01,2025-10-06,0002086269,BTC Development Sponsor LLC,BTC Development Corp.,ok,full,0.0,,,,,0,0,0,0,0,0,
0002042292,0000929638-25-003819,2025-10-01,2025-10-06,0002086247,BTC Development Advisors LLC,BTC Development Corp.,ok,full,0.0,,,,,0,0,0,0,0,0,
0002042460,0001213900-25-102633,2025-10-22,2025-10-27,0002089308,Northlake Partners Ltd.,Harvard Ave Acquisition Corp,ok,full,0.0,,,,,0,0,0,0,0,0,
0002042460,0001213900-25-102636,2025-10-22,2025-10-27,0002092554,Copley Square LLC,Harvard Ave Acquisition Corp,ok,full,0.0,,,,,0,0,0,0,0,0,
0002044009,0000950170-25-113643,2025-08-28,2025-09-08,0001727934,"Arrington XRP Capital Fund, LP",Armada Acquisition Corp. II,ok,full,1.0,2025-10-20,8-K,A,0001193125-25-243103,2,1,0,1,0,0,
0002044635,0001213900-25-026208,2025-03-24,2025-03-31,0002045949,Gesher Acquisition Sponsor II LLC,Gesher Acquisition Corp. II,ok,full,0.0,,,,,0,0,0,0,0,0,
0002044725,0001193125-25-283141,2025-11-07,2025-11-14,0001876264,LSP 7 Cooperative UA,"Evommune, Inc.",ok,full,0.0,,,,,0,0,0,0,0,0,
0002044725,0001346824-25-000063,2025-11-07,2025-11-17,0001346824,"RA CAPITAL MANAGEMENT, L.P.","Evommune, Inc.",ok,full,0.0,,,,,0,0,0,0,0,0,
0002047235,0000950170-25-071716,2025-04-30,2025-05-14,0002068396,"Winchester Bancorp, MHC","Winchester Bancorp, Inc./MD/",ok,full,0.0,,,,,0,0,0,0,0,0,
0002047273,0001213900-25-124707,2025-09-03,2025-12-22,0002098653,BUBI Services Ltd,BUUU Group Ltd,ok,full,0.0,,,,,0,0,0,0,0,0,
0002047455,0001829126-25-002366,2025-03-19,2025-04-03,0002063772,Blue Jay Investment LLC,Quartzsea Acquisition Corp,ok,full,1.0,2025-06-06,8-K,A,0001829126-25-004323,1,0,0,1,0,0,
0002048948,0001213900-25-038751,2025-04-25,2025-05-02,0002058365,"NEW PROVIDENCE HOLDINGS III, LLC",New Providence Acquisition Corp. III/Cayman,ok,full,0.0,,,,,0,0,0,0,0,0,
0002049248,0001929980-25-000392,2025-05-01,2025-05-07,0001867283,RedOne Investment Ltd,Lakeshore Acquisition III Corp.,ok,full,0.0,,,,,0,0,0,0,0,0,
0002049733,0000950170-25-090888,2025-06-23,2025-06-27,0001464695,Blackstone Holdings I/II GP L.L.C.,Blackstone Private Real Estate Credit & Income Fund,ok,full,0.0,,,,,0,0,0,0,0,0,
0002050501,0001104659-25-117787,2025-11-25,2025-12-02,0002098097,"Yorkville BW Acquisition Sponsor, LLC",Blue Water Acquisition Corp. III,ok,full,1.0,2025-11-28,8-K,A,0001104659-25-116938,1,1,0,0,0,0,
0002052152,0001193125-25-203885,2025-09-11,2025-09-15,0002011937,"Apollo Principal Holdings B GP, LLC",Apollo Origination II (Levered) Capital Trust,ok,full,0.0,,,,,0,0,0,0,0,0,
0002052153,0000950170-25-052104,2025-04-01,2025-04-08,0002011937,"Apollo Principal Holdings B GP, LLC",Apollo Origination II (UL) Capital Trust,ok,full,0.0,,,,,0,0,0,0,0,0,
0002052243,0001213900-25-124276,2025-12-15,2025-12-22,0002096061,Twelve Seas Sponsor LLC,Twelve Seas Investment Co III/Cayman,ok,full,0.0,,,,,0,0,0,0,0,0,
0002052250,0001641172-25-020243,2025-07-16,2025-07-18,0001278951,GOLDENTREE ASSET MANAGEMENT LP,GoldenTree Opportunistic Credit Fund,ok,full,0.0,,,,,0,0,0,0,0,0,
0002052547,0001104659-25-050429,2025-05-12,2025-05-19,0002052540,EGH Sponsor LLC,EGH Acquisition Corp.,ok,full,0.0,,,,,0,0,0,0,0,0,
0002052959,0000947871-25-000475,2025-05-06,2025-05-08,0001570585,Liberty Global Ltd.,Lionsgate Studios Corp.,ok,full,0.0,,,,,0,0,0,0,0,0,
0002052959,0000950142-25-001330,2025-05-06,2025-05-12,0001905374,Liberty 77 Capital L.P.,Lionsgate Studios Corp.,ok,full,0.0,,,,,0,0,0,0,0,0,
0002052959,0000950170-25-067289,2025-05-06,2025-05-08,0001277742,MHR FUND MANAGEMENT LLC,Lionsgate Studios Corp.,ok,full,0.0,,,,,0,0,0,0,0,0,
0002053799,0001213900-25-051360,2025-05-29,2025-06-05,0002067407,Kochav Sponsor LLC,Kochav Defense Acquisition Corp.,ok,full,0.0,,,,,0,0,0,0,0,0,
0002053927,0001829126-25-004393,2025-05-30,2025-06-11,0002070605,MACRO DREAM Holdings Ltd,Wintergreen Acquisition Corp.,ok,full,0.0,,,,,0,0,0,0,0,0,
0002054174,0001213900-25-039121,2025-04-24,2025-05-02,0002064692,"Crane Harbor Sponsor, LLC",Crane Harbor Acquisition Corp.,ok,full,1.0,2025-11-03,8-K,A,0001213900-25-104918,2,1,0,0,0,0,
0002054876,0001213900-25-062145,2025-06-30,2025-07-08,0002074415,Next Move Capital LLC,NMP Acquisition Corp.,ok,full,0.0,,,,,0,0,0,0,0,0,
0002055116,0001104659-25-056099,2025-05-27,2025-06-03,0002069757,Kestrel Intermediate Ledbetter Holdings LLC,Kestrel Group Ltd,ok,full,0.0,,,,,0,0,0,0,0,0,
0002055116,0001140361-25-020974,2025-05-27,2025-05-30,0001365555,"Amtrust Financial Services, Inc.",Kestrel Group Ltd,ok,full,0.0,,,,,0,0,0,0,0,0,
0002056263,0001213900-25-047669,2025-05-15,2025-05-27,0002068275,COLUMBUS CIRCLE 1 SPONSOR Corp LLC,Columbus Circle Capital Corp. I,ok,full,1.0,2025-11-12,DEFM14A,A,0001213900-25-108479,1,0,0,2,0,0,
0002056263,0001076809-25-000142,2025-11-14,2025-11-18,0001076809,"GLAZER CAPITAL, LLC",Columbus Circle Capital Corp. I,ok,full,,,,,,0,0,1,1,1,1,2025-11-12
0002057030,0001213900-25-059005,2025-06-20,2025-06-27,0002061467,Axiom Intelligence Holdings 1 LLC,Axiom Intelligence Acquisition Corp 1,ok,full,,,,,,0,0,1,1,0,0,
0002057463,0001104659-25-068336,2025-07-14,2025-07-16,0000937797,MALONE JOHN C,"GCI Liberty, Inc.",ok,full,0.0,,,,,0,0,0,0,0,0,
0002057463,0001104659-25-068338,2025-07-14,2025-07-16,0000937797,MALONE JOHN C,"GCI Liberty, Inc.",ok,full,0.0,,,,,0,0,0,0,0,0,
0002059033,0001213900-25-061758,2025-06-30,2025-07-07,0002070740,FIGX Acquisition Partners LLC,FIGX Capital Acquisition Corp.,ok,full,0.0,,,,,0,0,0,0,0,0,
0002059165,0001829126-25-006433,2025-08-11,2025-08-18,0002080626,STARRY SEA INVESTMENT Ltd,STARRY SEA ACQUISITION CORP,ok,full,0.0,,,,,0,0,0,0,0,0,
0002059653,0000921895-25-002050,2025-07-23,2025-07-30,0001113303,STILWELL JOSEPH,"Lake Shore Bancorp, Inc. /MD/",ok,full,0.0,,,,,0,0,0,0,0,0,
0002059654,0001185185-25-000680,2025-06-16,2025-06-23,0002059122,Seth Ketan,Blue Acquisition Corp/Cayman,ok,full,1.0,2025-11-19,8-K,A,0001185185-25-001805,1,0,0,2,0,0,
0002060083,0001213900-25-102189,2025-09-12,2025-10-24,0002091681,Qian Fenglei,"Hang Feng Technology Innovation Co., Ltd.",ok,full,0.0,,,,,0,0,0,0,0,0,
0002060337,0001213900-25-051667,2025-05-30,2025-06-05,0002060349,JENA ACQUISITION SPONSOR LLC II,JENA ACQUISITION Corp II,ok,full,0.0,,,,,0,0,0,0,0,0,
0002063816,0001094891-25-000018,2025-06-30,2025-08-05,0002076444,Indigo Sponsor Group LLC,Indigo Acquisition Corp.,ok,full,0.0,,,,,0,0,0,0,0,0,
0002064658,0001213900-25-061612,2025-06-26,2025-07-03,0002074603,Yorkville Acquisition Sponsor LLC,Yorkville Acquisition Corp.,ok,full,0.0,,,,,0,0,0,0,0,0,
0002064683,0001213900-25-061860,2025-06-30,2025-07-07,0002070683,"Cohen Circle Sponsor II, LLC",Cohen Circle Acquisition Corp. II,ok,full,0.0,,,,,0,0,0,0,0,0,
0002065601,0001104659-25-116536,2025-11-19,2025-11-26,0002094509,"Central Bancompany, Inc. Amended & Restated Voting Trust Agreement, dated March 5, 2025","Central Bancompany, Inc.",ok,full,0.0,,,,,0,0,0,0,0,0,
0002065948,0001185185-25-000812,2025-07-17,2025-07-21,0002077985,"Solarius Capital Sponsor, LLC",Solarius Capital Acquisition Corp.,ok,full,0.0,,,,,0,0,0,0,0,0,
0002068577,0001493152-25-028763,2025-09-12,2025-12-22,0002083841,"Viking Cake BR, LLC","Black Rock Coffee Bar, Inc.",ok,full,0.0,,,,,0,0,0,0,0,0,
0002069785,0001493152-25-025370,2025-11-20,2025-11-28,0001715783,"Grace & Mercy Foundation, Inc.","Gloo Holdings, Inc.",ok,full,0.0,,,,,0,0,0,0,0,0,
0002070602,0001185185-25-000963,2025-08-11,2025-08-13,0002078602,"Highview Sponsor Co., LLC",Highview Merger Corp.,ok,full,0.0,,,,,0,0,0,0,0,0,
0002070900,0001829126-25-007403,2025-08-05,2025-09-15,0002068027,Whiteowl Holdings LLC,Quantumsphere Acquisition Corp,ok,full,0.0,,,,,0,0,0,0,0,0,
0002072421,0000943374-25-000442,2025-10-15,2025-10-21,0001807896,Zames Mark,"Seneca Bancorp, Inc.",ok,full,0.0,,,,,0,0,0,0,0,0,
0002073340,0001213900-25-090826,2025-09-10,2025-09-23,0002084615,TALON CAPITAL SPONSOR LLC,Talon Capital Corp.,ok,full,0.0,,,,,0,0,0,0,0,0,
0002074176,0000950170-25-111487,2025-08-19,2025-08-26,0001539838,"Diamondback Energy, Inc.","Viper Energy, Inc.",ok,full,0.0,,,,,0,0,0,0,0,0,
0002074973,0001213900-25-126205,2025-12-18,2025-12-29,0002078043,CHURCHILL SPONSOR XI LLC,Churchill Capital Corp XI,ok,full,,,,,,0,0,1,1,0,0,
0002075068,0001213900-25-118384,2025-11-26,2025-12-04,0002065370,IG SPAC Sponsor LLC,Invest Green Acquisition Corp,ok,full,0.0,,,,,0,0,0,0,0,0,
0002075816,0001213900-25-096868,2025-09-26,2025-10-07,0002075117,Emmis Capital Sponsor LLC,Emmis Acquisition Corp.,ok,full,0.0,,,,,0,0,0,0,0,0,
0002076163,0001213900-25-120807,2025-12-05,2025-12-11,0002067990,Pompliano Anthony John III,"ProCap Financial, Inc.",ok,full,1.0,2026-02-19,PREM14A,A,0001493152-26-007489,2,0,0,1,0,0,
0002076192,0001213900-25-121186,2025-11-05,2025-12-12,0002076660,Westin Investment Co. Ltd.,Westin Acquisition Corp,ok,full,,,,,,0,0,1,1,0,0,
0002076616,0001213900-25-112269,2025-11-10,2025-11-18,0002084610,TAILWIND 2.0 SPONSOR LLC,Tailwind 2.0 Acquisition Corp.,ok,full,0.0,,,,,0,0,0,0,0,0,
0002076739,0001213900-25-117633,2025-11-28,2025-12-03,0002076738,SC Capital II Sponsor LLC,SC II Acquisition Corp.,ok,full,0.0,,,,,0,0,0,0,0,0,
0002077033,0001493152-25-023881,2025-10-24,2025-11-17,0002082088,MilunaC Technology Ltd,Miluna Acquisition Corp,ok,full,,,,,,0,0,1,1,0,0,
0002078416,0001104659-25-122175,2025-12-15,2025-12-17,0000937797,MALONE JOHN C,"Liberty Live Holdings, Inc.",ok,full,0.0,,,,,0,0,0,0,0,0,
0002078416,0001104659-25-122176,2025-12-15,2025-12-17,0000937797,MALONE JOHN C,"Liberty Live Holdings, Inc.",ok,full,0.0,,,,,0,0,0,0,0,0,
0002078416,0001418812-25-000037,2025-12-15,2025-12-19,0001418812,"VA Partners I, LLC","Liberty Live Holdings, Inc.",ok,full,0.0,,,,,0,0,0,0,0,0,
0002078653,0001193125-25-234755,2025-10-06,2025-10-08,0002089986,"Range Capital Acquisition Sponsor II, LLC",Range Capital Acquisition Corp II,ok,full,0.0,,,,,0,0,0,0,0,0,
0002079106,0001213900-25-103258,2025-10-27,2025-10-29,0002090480,LaFayette Sponsor LLC,LaFayette Acquisition Corp.,ok,full,0.0,,,,,0,0,0,0,0,0,
0002081358,0001213900-25-124505,2025-12-15,2025-12-22,0002081357,"Crane Harbor Sponsor II, LLC",Crane Harbor Acquisition Corp. II,ok,full,0.0,,,,,0,0,0,0,0,0,
0002084563,0001185185-25-002053,2025-12-08,2025-12-15,0002095279,LeapFrog Partners LLC,Leapfrog Acquisition Corp,ok,full,0.0,,,,,0,0,0,0,0,0,
0002085408,0001140361-25-044365,2025-12-02,2025-12-04,0002086688,General Purpose Acquisition Corp Services LLC,General Purpose Acquisition Corp.,ok,full,0.0,,,,,0,0,0,0,0,0,
0002089126,0001193125-25-327245,2025-12-09,2025-12-19,0001284937,PENN ARTHUR H,PennantPark Private Income Fund,ok,full,0.0,,,,,0,0,0,0,0,0,
0002089189,0001493152-25-025860,2025-10-03,2025-12-03,0001599502,Allen Charles W,BTCS Labs Inc.,ok,full,0.0,,,,,0,0,0,0,0,0,
