subject_cik,permno,permco,cusip9,ticker,still_listed,match_route,matched,ambiguous_permnos,edgar_name,edgar_tickers,edgar_sic,filed_min,filed_max,n_filings
0000002178,,,,,,unmatched_name,False,,"ADAMS RESOURCES & ENERGY, INC.",,5172,2024-06-27,2024-06-27,1
0000002230,,,,,,unmatched,False,,"ADAMS DIVERSIFIED EQUITY FUND, INC.",ADX,,2023-09-01,2023-09-01,1
0000006176,18075,20192,03203710,AP,True,ticker_unique,True,,AMPCO PITTSBURGH CORP,AP,3561,2022-01-07,2025-12-19,2
0000007039,,,,,,unmatched_name,False,,TRECORA RESOURCES,,2911,2022-06-06,2022-06-06,1
0000008063,15457,397,04643310,ATRO,True,ticker_unique,True,,ASTRONICS CORP,ATRO;ATROB,3728,2022-03-21,2022-03-21,1
0000008146,15537,5225,04638F10,ALOT,True,ticker_unique,True,,"AstroNova, Inc.",ALOT,3577,2022-12-13,2025-03-17,2
0000008328,,,,,,unmatched_name,False,,"Applied Minerals, Inc.",,1400,2022-08-22,2022-08-23,2
0000009389,57568,20257,05849810,BALL,True,ticker_unique,True,,BALL Corp,BALL,3411,2025-03-24,2025-03-24,1
0000009521,,,,,,unmatched,False,,BANCROFT FUND LTD,BCV;BCVPA,,2025-02-13,2025-02-13,1
0000009984,,,,,,unmatched_name,False,,BARNES GROUP INC,,3490,2024-01-29,2024-01-29,1
0000010048,42358,20271,06822110,BRN,True,ticker_unique,True,,BARNWELL INDUSTRIES INC,BRN,1311,2025-07-03,2025-12-02,2
0000010254,,,,,,unmatched_name,False,,EARTHSTONE ENERGY INC,,1311,2022-04-22,2022-04-22,1
0000010329,17137,676,07020310,BSET,True,ticker_unique,True,,BASSETT FURNITURE INDUSTRIES INC,BSET,2511,2024-05-06,2024-05-06,1
0000011544,17743,544,08442310,WRB,True,ticker_unique,True,,BERKLEY W R CORP,WRB;WRBPE;WRBPF;WRBPG;WRBPH,6331,2025-12-11,2025-12-11,2
0000012239,18148,682,00887530,DOMH,True,ticker_unique,True,,Dominari Holdings Inc.,DOMH,6211,2022-12-28,2023-12-28,2
0000013156,,,,,,unmatched,False,,"Galaxy Gaming, Inc.",GLXZ,7900,2022-04-01,2022-04-01,1
0000016859,,,,,,unmatched,False,,Scully Royalty Ltd.,SRL,6795,2023-12-11,2023-12-11,1
0000019871,30509,20442,16808810,CVR,True,ticker_unique,True,,CHICAGO RIVET & MACHINE CO,CVR,3540,2025-12-12,2025-12-29,2
0000020520,,,,,,unmatched_name,False,,"Frontier Communications Parent, Inc.",,4813,2023-05-26,2024-10-21,3
0000021175,47626,20363,12611710,CNA,True,ticker_unique,True,,CNA FINANCIAL CORP,CNA,6331,2023-08-02,2023-08-02,1
0000022701,25452,5195,72303P50,SUNE,True,ticker_unique,True,,"SUNation Energy, Inc.",SUNE,1700,2022-04-06,2025-04-16,5
0000023111,,,,,,unmatched_name,False,,COMPUTER TASK GROUP INC,,7371,2023-03-10,2023-03-10,1
0000023197,26201,9654,20582620,CMTL,True,ticker_unique,True,,COMTECH TELECOMMUNICATIONS CORP /DE/,CMTL,3663,2024-01-24,2024-09-20,2
0000025743,13863,54369,88338N20,TXMD,True,ticker_unique,True,,"TherapeuticsMD, Inc.",TXMD,2834,2022-08-08,2022-08-08,1
0000026780,92570,52956,23582520,DAN,True,ticker_unique,True,,DANA Inc,DAN,3714,2022-01-07,2022-01-07,1
0000028823,24090,20582,25365120,DBD,True,ticker_unique,True,,"DIEBOLD NIXDORF, Inc",DBD,3578,2023-08-18,2023-08-21,4
0000029332,10886,8762,25551910,,False,ticker_unique,True,,DIXIE GROUP INC,DXYN,2273,2022-04-19,2024-03-19,3
0000030305,63132,1418,26414710,DCO,True,ticker_unique,True,,DUCOMMUN INC /DE/,DCO,3728,2024-04-08,2024-04-08,1
0000031235,14276,20626,27746140,KODK,True,ticker_unique,True,,EASTMAN KODAK CO,KODK,3861,2022-03-28,2022-03-28,1
0000033992,33770,1610,49671910,KINS,True,ticker_unique,True,,"KINGSTONE COMPANIES, INC.",KINS,6331,2022-07-21,2022-07-21,1
0000034067,33823,9028,23291C10,BOOM,True,ticker_unique,True,,DMC Global Inc.,BOOM,3390,2024-06-13,2024-06-13,1
0000034563,34367,1632,30767510,FARM,True,ticker_unique,True,,FARMER BROTHERS CO,FARM,2090,2022-09-19,2022-10-07,2
0000037472,36768,1768,33938210,FLXS,True,ticker_unique,True,,FLEXSTEEL INDUSTRIES INC,FLXS,2510,2023-11-14,2023-11-14,1
0000038264,37381,1810,34986240,FWDI,True,ticker_unique,True,,"Forward Industries, Inc.",FWDI,6199,2025-09-18,2025-09-18,3
0000040417,,,,,,unmatched,False,,GENERAL AMERICAN INVESTORS CO INC,GAM;GAMPB,,2024-10-28,2024-10-28,1
0000040570,46834,20793,36165A10,JOB,True,ticker_unique,True,,GEE Group Inc.,JOB,7361,2023-03-31,2023-08-15,2
0000041719,57154,20819,55939A10,MAGN,True,ticker_unique,True,,Magnera Corp,MAGN,2621,2022-10-17,2024-11-21,2
0000042682,53604,20836,38308210,GRC,True,ticker_unique,True,,GORMAN RUPP CO,GRC,3561,2024-02-14,2024-02-14,2
0000043920,,,,,,ambiguous_ticker,False,83233;83264,"GREIF, INC",GEF;GEFB,3412,2022-03-01,2022-03-01,1
0000045876,25304,20884,41586410,NVRI,True,name_fallback,True,,ENVIRI LLC,,8900,2024-12-30,2025-12-01,2
0000045919,79903,30030,41619620,HHS,True,ticker_unique,True,,HARTE HANKS INC,HHS,7331,2024-12-06,2025-05-30,2
0000046129,41188,2088,01933010,ALNT,True,ticker_unique,True,,ALLIENT INC,ALNT,3825,2024-11-06,2024-11-06,1
0000046207,,,,,,unmatched_name,False,,HAWAIIAN ELECTRIC CO INC,,4911,2024-01-26,2024-01-26,1
0000050292,,,,,,unmatched,False,,IEH Corp,IEHC,3678,2023-05-16,2023-05-16,1
0000050725,46463,20981,39843310,GFF,True,ticker_unique,True,,GRIFFON CORP,GFF,3442,2022-08-15,2022-08-15,1
0000054187,27617,7337,57847310,MAYS,True,ticker_unique,True,,MAYS J W INC,MAYS,6512,2024-12-09,2024-12-09,1
0000055067,,,,,,unmatched_name,False,,KELLANOVA,,2040,2024-08-19,2024-08-20,2
0000055529,47571,2527,49285410,KEQU,True,ticker_unique,True,,KEWAUNEE SCIENTIFIC CORP /DE/,KEQU,3821,2022-01-25,2022-01-25,1
0000056868,46923,2577,74158E10,PNRG,True,ticker_unique,True,,PRIMEENERGY RESOURCES CORP,PNRG,1311,2024-02-01,2025-02-04,2
0000058361,50286,21090,52376840,LEE,True,ticker_unique,True,,"LEE ENTERPRISES, Inc",LEE,2711,2022-04-11,2024-10-17,4
0000059440,,,,,,unmatched_name,False,,VECTOR GROUP LTD,,2111,2024-02-16,2024-02-16,1
0000059558,49015,21105,53418710,LNC,True,ticker_unique,True,,LINCOLN NATIONAL CORP,LNC;LNCPD,6311,2025-06-12,2025-06-12,1
0000060714,49488,21072,50216010,LXU,True,ticker_unique,True,,"LSB INDUSTRIES, INC.",LXU,2810,2022-08-16,2023-08-07,3
0000061398,,,,,,unmatched_name,False,,TELLURIAN INC. /DE/,,1311,2024-07-30,2024-07-30,1
0000062234,51423,3031,56633010,MCS,True,ticker_unique,True,,MARCUS CORP,MCS,7830,2025-12-09,2025-12-09,1
0000063296,80759,13210,57712810,MATW,True,ticker_unique,True,,MATTHEWS INTERNATIONAL CORP,MATW,3360,2025-06-13,2025-06-13,1
0000064463,52231,3074,58354330,SLNH,True,ticker_unique,True,,"Soluna Holdings, Inc",SLNH;SLNHP,6199,2023-08-01,2023-08-01,1
0000065433,,,,,,unmatched,False,,MEXICO FUND INC,MXF,,2025-07-24,2025-07-24,1
0000065596,53373,2913,82617610,SIEB,True,ticker_unique,True,,SIEBERT FINANCIAL CORP,SIEB,6211,2023-05-30,2023-05-30,1
0000067716,23835,21132,55269010,MDU,True,ticker_unique,True,,MDU RESOURCES GROUP INC,MDU,1400,2022-08-08,2022-08-08,1
0000071691,47466,21280,65011110,NYT,True,ticker_unique,True,,NEW YORK TIMES CO,NYT,2711,2022-08-11,2022-08-11,1
0000071829,34673,24025,65171850,NPKI,True,ticker_unique,True,,NPK International Inc.,NPKI,7350,2022-02-09,2022-02-09,1
0000072333,,,,,,unmatched_name,False,,NORDSTROM INC,,5651,2024-04-18,2024-12-23,6
0000074925,,,,,,unmatched_name,False,,ORIGINAL SIXTEEN TO ONE MINE INC /CA/,,1040,2022-01-06,2022-01-06,1
0000075252,,,,,,unmatched,False,,ACCENDRA HEALTH INC/VA/,ACH,5047,2025-11-14,2025-11-14,1
0000077159,,,,,,unmatched_name,False,,"BAYTEX ENERGY USA, INC.",,1311,2023-05-12,2023-05-12,1
0000077281,,,,,,unmatched_name,False,,PENNSYLVANIA REAL ESTATE INVESTMENT TRUST,,6798,2022-02-10,2022-02-10,1
0000078814,24459,21411,72447910,PBI,True,ticker_unique,True,,PITNEY BOWES INC /DE/,PBI;PBIPB,3579,2022-11-21,2022-11-21,1
0000080172,34497,21259,63721510,NPK,True,ticker_unique,True,,NATIONAL PRESTO INDUSTRIES INC,NPK,3480,2025-12-05,2025-12-05,1
0000084129,,,,,,unmatched_name,False,,"NEW RITE AID, LLC",,5912,2024-09-09,2024-09-12,5
0000084748,35991,21526,77513310,ROG,True,ticker_unique,True,,ROGERS CORP,ROG,2821,2023-02-06,2025-08-06,2
0000085961,27633,21541,78354910,R,True,ticker_unique,True,,RYDER SYSTEM INC,R,7510,2022-05-13,2022-05-13,1
0000087802,,,,,,unmatched,False,,SCIENTIFIC INDUSTRIES INC,SCND,3826,2023-12-15,2023-12-29,2
0000088000,,,,,,unmatched,False,,Horizon Kinetics Holding Corp,HKHC,6282,2023-01-11,2024-08-09,2
0000089140,,,,,,unmatched_name,False,,SERVOTRONICS INC /DE/,,3420,2022-05-23,2022-12-15,6
0000091576,64995,2535,49326710,KEY,True,ticker_unique,True,,KEYCORP /NEW/,KEY;KEYPI;KEYPJ;KEYPK;KEYPL,6021,2025-01-06,2025-01-06,1
0000092380,58683,4181,84474110,LUV,True,ticker_unique,True,,SOUTHWEST AIRLINES CO,LUV,4512,2024-08-05,2024-08-05,1
0000093389,39220,21658,85366610,SMP,True,ticker_unique,True,,"STANDARD MOTOR PRODUCTS, INC.",SMP,3714,2024-08-16,2024-08-16,1
0000095029,73219,4295,86415910,RGR,True,ticker_unique,True,,STURM RUGER & CO INC,RGR,3480,2025-09-22,2025-09-22,1
0000095552,,,,,,unmatched_name,False,,SUPERIOR INDUSTRIES INTERNATIONAL INC,,3714,2025-08-20,2025-08-20,1
0000095953,43334,21696,87156510,ACNT,True,ticker_unique,True,,ASCENT INDUSTRIES CO.,ACNT,2800,2025-06-06,2025-06-06,1
0000098222,50606,21752,88642R10,TDW,True,ticker_unique,True,,TIDEWATER INC,TDDWW;TDGMW;TDW,4400,2024-12-20,2024-12-20,1
0000100726,78044,4685,90467720,UFI,True,ticker_unique,True,,UNIFI INC,UFI,2200,2023-09-05,2023-09-05,1
0000101594,,,,,,unmatched,False,,BIG SKY INDUSTRIAL INC.,BSIN,1311,2022-01-12,2022-08-05,4
0000101984,78915,11960,91348310,UEIC,True,ticker_unique,True,,UNIVERSAL ELECTRONICS INC,UEIC,3651,2023-07-03,2025-03-27,2
0000102109,79573,4721,91382130,UUU,True,ticker_unique,True,,"UNIVERSAL SAFETY PRODUCTS, INC.",UUU,5065,2024-12-23,2025-07-02,2
0000104169,55976,21880,93114210,WMT,True,ticker_unique,True,,Walmart Inc.,WMT,5331,2022-06-17,2024-12-19,2
0000104889,53225,21888,38463710,GHC,True,ticker_unique,True,,Graham Holdings Co,GHC,8200,2024-05-10,2024-09-05,2
0000105319,89244,42430,98262P20,WW,True,ticker_unique,True,,"WW INTERNATIONAL, INC.",WW,7200,2025-04-25,2025-04-25,1
0000202947,,,,,,unmatched_name,False,,CAPITAL PROPERTIES INC /RI/,,6519,2022-02-25,2022-02-25,1
0000216851,,,,,,unmatched,False,,"ADAMS NATURAL RESOURCES FUND, INC.",PEO,,2023-08-11,2023-08-11,1
0000276720,64742,3500,74622830,PCYO,True,ticker_unique,True,,PURE CYCLE CORP,PCYO,4941,2025-11-19,2025-11-19,1
0000313216,,,,,,unmatched,False,,KONINKLIJKE PHILIPS NV,PHG;RYLPF,3844,2023-08-23,2023-08-23,1
0000313364,,,,,,unmatched,False,,MESA ROYALTY TRUST/TX,MTR,6792,2024-07-19,2024-07-19,1
0000314590,,,,,,unmatched,False,,SASOL LTD,SASOF;SSL,1311,2025-08-01,2025-08-04,2
0000315131,,,,,,unmatched_name,False,,PHX MINERALS INC.,,1311,2024-11-14,2025-05-15,2
0000315545,,,,,,unmatched,False,,"PROVECTUS BIOPHARMACEUTICALS, INC.",PVCT,2834,2024-07-03,2025-12-08,2
0000316253,,,,,,unmatched_name,False,,ENZO BIOCHEM INC,,2836,2023-03-27,2025-06-30,2
0000319458,,,,,,unmatched_name,False,,Enservco Corp,,1389,2024-08-16,2024-08-16,1
0000319654,,,,,,unmatched,False,,PERMIAN BASIN ROYALTY TRUST,PBT,6792,2025-10-10,2025-10-10,1
0000350698,76282,10594,05329W10,AN,True,ticker_unique,True,,"AUTONATION, INC.",AN,5500,2023-02-21,2023-02-21,1
0000350737,,,,,,unmatched_name,False,,OCEAN BIO CHEM INC,,2842,2022-07-01,2022-07-01,1
0000351789,32062,1513,28523310,ELSE,True,ticker_unique,True,,ELECTRO SENSORS INC,ELSE,3823,2022-01-14,2024-02-14,6
0000351817,,,,,,unmatched_name,False,,"SILVERBOW RESOURCES, INC.",,1311,2022-09-23,2023-06-14,2
0000352825,37402,1852,35006010,FSTR,True,ticker_unique,True,,FOSTER L B CO,FSTR,5051,2022-02-01,2022-02-01,1
0000354963,88742,40213,82312B10,SHEN,True,ticker_unique,True,,SHENANDOAH TELECOMMUNICATIONS CO/VA/,SHEN,4813,2024-04-08,2024-05-17,2
0000355019,,,,,,unmatched_name,False,,FONAR CORP,,3845,2025-07-11,2025-07-11,1
0000355356,,,,,,unmatched_name,False,,IMPERIAL PETROLEUM INC,,2860,2023-08-30,2023-08-30,1
0000355379,,,,,,unmatched_name,False,,MIDWEST HOLDING INC.,,6311,2022-05-20,2022-05-20,1
0000356037,20336,5286,12638910,CSPI,True,ticker_unique,True,,CSP INC /MA/,CSPI,7373,2024-08-19,2024-08-19,1
0000701288,,,,,,unmatched_name,False,,ATRION CORP,,3841,2024-05-29,2024-05-30,2
0000701347,11628,9449,15476040,CPF,True,ticker_unique,True,,CENTRAL PACIFIC FINANCIAL CORP,CPF,6022,2025-08-22,2025-08-22,1
0000701985,64282,2664,07083010,BBWI,True,ticker_unique,True,,"Bath & Body Works, Inc.",BBWI,5990,2022-12-08,2022-12-08,1
0000707179,12068,7067,68003310,ONB,True,ticker_unique,True,,OLD NATIONAL BANCORP /IN/,ONB;ONBPO;ONBPP,6021,2025-05-07,2025-05-07,1
0000707605,92807,7407,03074A10,ASRV,True,ticker_unique,True,,AMERISERV FINANCIAL INC /PA/,ASRV,6021,2022-11-18,2025-09-23,3
0000709005,,,,,,unmatched,False,,NOBLE ROMANS INC,NROM,5812,2022-11-28,2022-11-28,1
0000709283,87043,5722,74790660,QMCO,True,ticker_unique,True,,QUANTUM CORP /DE/,QMCO,3572,2022-03-28,2025-10-10,3
0000712515,75828,10303,28551210,EA,True,ticker_unique,True,,ELECTRONIC ARTS INC.,EA,7372,2025-09-29,2025-09-29,1
0000714310,80072,4818,91979410,VLY,True,ticker_unique,True,,VALLEY NATIONAL BANCORP,VLY;VLYPN;VLYPO;VLYPP,6021,2022-04-11,2022-04-11,1
0000715446,27167,6473,03528H10,ANIX,True,ticker_unique,True,,Anixa Biosciences Inc,ANIX,2834,2024-05-03,2024-05-03,1
0000716006,,,,,,unmatched_name,False,,Yellow Corp,,4213,2023-07-31,2023-07-31,1
0000716643,76711,37472,75893220,RGS,True,ticker_unique,True,,REGIS CORP,RGS,7200,2023-12-28,2024-01-09,2
0000717806,88384,37750,33744V10,FUSB,True,ticker_unique,True,,"FIRST US BANCSHARES, INC.",FUSB,6022,2024-01-05,2024-01-05,1
0000717826,,,,,,unmatched,False,,ERICSSON LM TELEPHONE CO,ERIC;ERIXF,3663,2024-05-21,2024-05-21,1
0000717954,65306,6051,90470810,UNF,True,ticker_unique,True,,UNIFIRST CORP,UNF,7200,2025-11-17,2025-11-17,1
0000718332,79618,12384,75419810,RAVE,True,ticker_unique,True,,"RAVE RESTAURANT GROUP, INC.",RAVE,5140,2023-10-30,2023-10-30,1
0000718937,72304,6144,85231230,STAA,True,ticker_unique,True,,STAAR SURGICAL CO,STAA,3851,2025-09-22,2025-09-22,1
0000719135,89891,44602,03837C10,APYX,True,ticker_unique,True,,Apyx Medical Corp,APYX,3841,2024-04-01,2024-04-05,2
0000719274,,,,,,unmatched_name,False,,"GRESHAM WORLDWIDE, INC.",,3825,2022-09-19,2022-09-19,1
0000719402,18554,56701,32106V10,FXNC,True,ticker_unique,True,,FIRST NATIONAL CORP /VA/,FXNC,6022,2022-03-29,2022-03-29,1
0000723603,27909,6342,23021510,CULP,True,ticker_unique,True,,CULP INC,CULP,2211,2022-12-13,2024-04-12,2
0000724742,65429,21695,89656D10,,False,name_fallback,True,,Trinity Place Holdings Inc.,,6512,2024-02-22,2025-02-21,2
0000725929,,,,,,unmatched_name,False,,"B2Digital, Inc.",,7997,2023-02-09,2023-02-09,1
0000727207,,,,,,unmatched_name,False,,"Accelerate Diagnostics, Inc",,3826,2023-06-20,2023-06-20,1
0000728387,22323,6905,46489V30,CATX,True,ticker_unique,True,,"Perspective Therapeutics, Inc.",CATX,2834,2024-02-01,2024-02-01,1
0000729217,,,,,,unmatched_name,False,,RENT A CENTER INC,,7359,2022-12-09,2022-12-09,1
0000729580,,,,,,ambiguous_ticker,False,17444;86242,BEL FUSE INC /NJ,BELFA;BELFB,3677,2022-11-10,2022-11-10,1
0000730255,,,,,,unmatched_name,False,,CalAmp Corp.,,3663,2022-05-26,2022-07-22,2
0000730263,76081,6765,88516010,THO,True,ticker_unique,True,,THOR INDUSTRIES INC,THO,3716,2023-02-09,2023-05-03,4
0000730669,,,,,,unmatched_name,False,,FCCC INC,,6770,2023-05-05,2023-05-05,1
0000732834,,,,,,unmatched_name,False,,"CONTINENTAL RESOURCES, INC",,1311,2022-02-09,2022-02-09,1
0000733590,89317,21022,89361720,TCI,True,ticker_unique,True,,TRANSCONTINENTAL REALTY INVESTORS INC,TCI,6798,2022-08-01,2022-08-01,1
0000740664,86474,6992,74955210,RFIL,True,ticker_unique,True,,R F INDUSTRIES LTD,RFIL,3678,2022-01-10,2022-01-10,1
0000740971,,,,,,unmatched_name,False,,OLD POINT FINANCIAL CORP,,6021,2022-05-12,2022-05-12,1
0000742112,,,,,,unmatched_name,False,,INVACARE HOLDINGS Corp,,3842,2022-05-02,2024-02-02,6
0000743758,,,,,,unmatched_name,False,,"AiAdvertising, Inc.",,5900,2022-01-07,2023-04-20,2
0000744452,15057,55103,03815U60,BNBX,True,ticker_unique,True,,BNB PLUS CORP.,BNBX,6199,2022-02-14,2022-02-14,1
0000744825,13769,7119,02959510,AMS,True,ticker_unique,True,,AMERICAN SHARED HOSPITAL SERVICES,AMS,8071,2024-11-20,2024-11-20,1
0000748592,76963,11101,11408230,ERNA,True,ticker_unique,True,,Ernexa Therapeutics Inc.,ERNA;ERNAW,2834,2022-12-20,2022-12-20,1
0000748691,,,,,,unmatched,False,,KOREA FUND INC,KF,,2022-03-24,2022-03-24,1
0000748790,,,,,,unmatched_name,False,,"Global Clean Energy Holdings, Inc.",,2860,2022-04-29,2022-04-29,1
0000750574,82251,13966,05047310,AUBN,True,ticker_unique,True,,"AUBURN NATIONAL BANCORPORATION, INC",AUBN,6022,2023-12-26,2025-09-15,4
0000761648,,,,,,unmatched,False,,"CEDAR REALTY TRUST, INC.",CDRPB;CDRPC,6798,2022-06-01,2022-06-01,1
0000764897,,,,,,unmatched_name,False,,"Broad Street Realty, Inc.",,6500,2022-11-29,2024-05-21,2
0000766011,,,,,,unmatched,False,,Caledonia Mining Corp Plc,CMCL,1040,2023-01-17,2023-01-17,1
0000766792,86290,7721,12660110,CVV,True,ticker_unique,True,,CVD EQUIPMENT CORP,CVV,3559,2024-05-29,2024-05-29,1
0000768408,10661,8565,23243730,,False,ticker_unique,True,,CYANOTECH CORP,CYAN,2833,2023-08-29,2023-08-29,1
0000768411,,,,,,unmatched_name,False,,CYBEROPTICS CORP,,3827,2022-08-22,2022-08-26,2
0000768835,,,,,,unmatched_name,False,,FORMER BL STORES INC,,5331,2022-03-15,2022-03-15,1
0000769520,75470,9375,59627810,MIDD,True,ticker_unique,True,,MIDDLEBY Corp,MIDD,3580,2025-05-16,2025-05-16,1
0000774415,,,,,,unmatched,False,,"King Resources, Inc.",KRFG,7380,2022-06-07,2022-06-07,2
0000778164,86165,16147,02151310,ALTO,True,ticker_unique,True,,"Alto Ingredients, Inc.",ALTO,2860,2025-02-24,2025-02-24,1
0000783324,,,,,,unmatched,False,,VISTA GOLD CORP,VGZ,1040,2023-03-13,2023-03-13,1
0000784199,78876,11958,22890310,AORT,True,ticker_unique,True,,"ARTIVION, INC.",AORT,3841,2022-09-26,2022-09-26,1
0000788611,16594,55866,82659860,NTRP,True,ticker_unique,True,,"NextTrip, Inc.",NTRP,4700,2025-11-12,2025-11-12,3
0000788965,47723,2545,40609P10,HNRG,True,ticker_unique,True,,HALLADOR ENERGY CO,HNRG,4911,2022-06-21,2022-06-21,1
0000789933,28118,21247,62957910,NC,True,ticker_unique,True,,NACCO INDUSTRIES INC,NC,1221,2024-12-17,2024-12-17,1
0000793040,,,,,,unmatched,False,,ELLSWORTH GROWTH & INCOME FUND LTD,ECF;ECFPA,0000,2022-07-11,2024-05-13,2
0000793171,,,,,,unmatched_name,False,,"Vitro Biopharma, Inc.",,2836,2022-12-02,2022-12-02,1
0000794172,,,,,,unmatched_name,False,,MERIDIAN BIOSCIENCE INC,,2835,2022-02-04,2022-09-19,2
0000797564,,,,,,unmatched,False,,"HST Global, Inc.",HSTC,2834,2025-11-10,2025-11-10,1
0000797721,84348,15199,92552V10,VSAT,True,ticker_unique,True,,VIASAT INC,VSAT,4899,2023-06-09,2023-06-09,5
0000798081,10645,8549,51179510,LAKE,True,ticker_unique,True,,LAKELAND INDUSTRIES INC,LAKE,3842,2025-12-22,2025-12-22,1
0000799850,11174,9023,03062T10,CRMT,True,ticker_unique,True,,AMERICAS CARMART INC,CRMT,5500,2024-09-24,2024-09-24,1
0000802257,,,,,,unmatched,False,,"Mitesco, Inc.",MITI,7370,2025-01-29,2025-09-11,8
0000803578,85377,15683,31797010,AIFF,True,ticker_unique,True,,"FIREFLY NEUROSCIENCE, INC.",AIFF,7372,2022-01-13,2024-08-19,2
0000804123,,,,,,unmatched,False,,TAIWAN FUND INC,TWN,,2022-03-24,2024-11-14,3
0000805267,,,,,,unmatched,False,,abrdn Healthcare Investors,HQH,,2024-03-15,2024-03-15,1
0000806172,11153,9009,83548310,SOTK,True,ticker_unique,True,,SONO TEK CORP,SOTK,3559,2022-01-18,2022-01-18,1
0000807707,,,,,,unmatched_name,False,,VOXX International Corp,,5065,2023-10-11,2025-02-26,3
0000807882,77453,25865,46636710,JACK,True,ticker_unique,True,,JACK IN THE BOX INC,JACK,5812,2025-07-10,2025-11-18,2
0000808326,,,,,,unmatched_name,False,,EMCORE CORP,,3674,2022-04-11,2023-08-24,2
0000809248,,,,,,unmatched_name,False,,"CARROLS RESTAURANT GROUP, INC.",,5812,2024-04-19,2024-04-19,1
0000809844,,,,,,unmatched_name,False,,MFS HIGH YIELD MUNICIPAL TRUST,,,2023-04-10,2023-07-17,2
0000810332,18051,9014,59047940,RJET,True,ticker_unique,True,,REPUBLIC AIRWAYS HOLDINGS INC.,RJET,4512,2023-01-23,2025-12-19,2
0000811641,11292,9146,45252530,ICCC,True,ticker_unique,True,,IMMUCELL CORP /DE/,ICCC,2835,2024-05-22,2024-08-27,2
0000813298,11379,9222,25065K10,DXLG,True,ticker_unique,True,,"DESTINATION XL GROUP, INC.",DXLG,5651,2024-06-26,2024-06-26,1
0000814052,,,,,,unmatched_name,False,,TELEFONICA S A,,4813,2024-04-12,2025-01-23,3
0000814586,12209,10059,53191410,LWAY,True,ticker_unique,True,,"Lifeway Foods, Inc.",LWAY,2020,2024-12-30,2024-12-30,1
0000814676,11511,9340,12619F10,CPSH,True,ticker_unique,True,,CPS TECHNOLOGIES CORP/DE/,CPSH,3260,2025-10-14,2025-10-14,1
0000816761,92293,52762,88076W10,TDC,True,ticker_unique,True,,TERADATA CORP /DE/,TDC,7372,2025-03-21,2025-03-21,1
0000818033,11636,9457,42774610,HRTX,True,ticker_unique,True,,"HERON THERAPEUTICS, INC. /DE/",HRTX,2834,2023-02-06,2023-02-06,1
0000818972,,,,,,unmatched,False,,"BNY MELLON STRATEGIC MUNICIPALS, INC.",LEO,,2023-07-24,2024-06-12,2
0000819050,,,,,,unmatched_name,False,,"Fresh Tracks Therapeutics, Inc.",,2836,2024-05-08,2024-05-08,1
0000819913,,,,,,unmatched_name,False,,HALLMARK FINANCIAL SERVICES INC,,6399,2023-05-25,2023-05-25,1
0000819926,,,,,,unmatched,False,,SHARING ECONOMY INTERNATIONAL INC.,SEII,7373,2022-09-30,2022-09-30,1
0000820318,11752,9558,19247G10,COHR,True,ticker_unique,True,,COHERENT CORP.,COHR,3827,2022-07-11,2022-07-11,1
0000823546,,,,,,unmatched_name,False,,"ROCKETFUEL BLOCKCHAIN, INC.",,6199,2024-01-26,2024-01-26,1
0000825313,,,,,,unmatched,False,,ALLIANCEBERNSTEIN HOLDING L.P.,AB,6282,2024-11-06,2024-12-20,2
0000825322,,,,,,unmatched_name,False,,"MPHASE TECHNOLOGIES, INC.",,7372,2022-02-15,2022-02-15,1
0000825345,,,,,,unmatched_name,False,,NEW AMERICA HIGH INCOME FUND INC,,,2023-11-14,2023-11-14,1
0000827187,,,,,,unmatched,False,,Sleep Number Corp,SNBRQ,2510,2023-08-25,2023-08-25,1
0000827773,,,,,,unmatched,False,,FRANKLIN PREMIER INCOME TRUST,PPT,,2023-10-02,2023-10-02,1
0000827871,,,,,,unmatched_name,False,,"EAGLE PHARMACEUTICALS, INC.",,2834,2024-02-14,2024-02-14,1
0000828803,,,,,,unmatched,False,,Saba Capital Income & Opportunities Fund II,SABA,,2022-09-12,2022-09-12,1
0000829365,,,,,,unmatched,False,,NAM TAI PROPERTY INC.,NTPIF,6500,2022-04-11,2022-04-11,1
0000830524,,,,,,unmatched_name,False,,CHASE CORP,,3640,2023-08-02,2023-08-02,1
0000830622,,,,,,unmatched,False,,FRANKLIN MASTER INTERMEDIATE INCOME TRUST,PIM,,2023-10-02,2023-10-02,1
0000831547,,,,,,unmatched_name,False,,SPECTRUM PHARMACEUTICALS INC,,2834,2022-02-01,2022-02-01,1
0000832327,,,,,,unmatched,False,,"BLACKROCK INCOME TRUST, INC.",BKT,,2024-11-26,2024-11-26,1
0000832428,84176,31806,81105440,SSP,True,ticker_unique,True,,E.W. SCRIPPS Co,SSP,4833,2025-11-17,2025-11-17,1
0000832988,,,,,,unmatched,False,,SIGNET JEWELERS LTD,SIG,5944,2025-02-27,2025-02-27,1
0000834285,,,,,,unmatched_name,False,,REPUBLIC FIRST BANCORP INC,,6022,2022-01-31,2022-01-31,1
0000835324,79013,12038,86102510,SYBT,True,ticker_unique,True,,"Stock Yards Bancorp, Inc.",SYBT,6022,2023-03-01,2023-03-01,1
0000835662,,,,,,unmatched,False,,"AiXin Life International, Inc.",AIXN,5912,2023-02-13,2023-02-13,2
0000835948,,,,,,unmatched_name,False,,"BLACKROCK MUNIVEST FUND, INC.",,,2024-01-03,2024-01-03,1
0000836147,,,,,,unmatched_name,False,,MIDDLEFIELD BANC CORP,,6022,2022-12-09,2023-01-05,2
0000836690,88534,38432,45769N10,ISSC,True,ticker_unique,True,,INNOVATIVE SOLUTIONS & SUPPORT INC,ISSC,7371,2022-09-13,2022-12-28,2
0000839122,,,,,,unmatched_name,False,,"BNY MELLON MUNICIPAL INCOME, INC.",,,2023-07-24,2024-03-05,3
0000839533,,,,,,unmatched,False,,DWS MUNICIPAL INCOME TRUST,KTF,,2023-10-06,2024-03-19,3
0000839923,,,,,,unmatched,False,,VODAFONE GROUP PUBLIC LTD CO,VOD;VODPF,4812,2023-04-24,2023-04-24,1
0000840715,75714,10127,18506U20,CLRO,True,ticker_unique,True,,CLEARONE INC,CLRO,3661,2025-07-01,2025-07-01,1
0000842518,,,,,,unmatched_name,False,,EVANS BANCORP INC,,6021,2022-11-14,2022-11-14,1
0000842633,92029,10110,89621520,TRS,True,ticker_unique,True,,TRIMAS CORP,TRS,3460,2024-10-15,2024-10-15,1
0000842717,19085,56960,09582510,BRBS,True,ticker_unique,True,,"BLUE RIDGE BANKSHARES, INC.",BRBS,6022,2024-04-10,2024-04-10,2
0000843006,75754,10181,46520M20,ACCS,True,ticker_unique,True,,ACCESS Newswire Inc.,ACCS,8742,2025-01-03,2025-08-19,2
0000844965,76127,10544,88162F10,TTI,True,ticker_unique,True,,TETRA TECHNOLOGIES INC,TTI,1311,2025-04-15,2025-04-15,1
0000845379,,,,,,unmatched_name,False,,"China Fund, Inc.",,,2022-04-28,2022-04-28,1
0000845606,,,,,,unmatched_name,False,,MFS HIGH INCOME MUNICIPAL TRUST,,,2023-07-19,2023-07-19,1
0000845611,,,,,,unmatched,False,,GABELLI CONVERTIBLE & INCOME SECURITIES FUND INC,GCV,,2023-02-07,2023-02-07,1
0000845982,,,,,,unmatched,False,,SMITH & NEPHEW PLC,SNN;SNNUF,3842,2024-07-09,2024-07-09,1
0000846596,,,,,,unmatched_name,False,,DWS STRATEGIC MUNICIPAL INCOME TRUST,,,2023-02-17,2023-11-15,2
0000847411,,,,,,unmatched_name,False,,MFS INVESTMENT GRADE MUNICIPAL TRUST,,,2023-07-24,2023-07-24,1
0000847942,,,,,,unmatched,False,,STRATEGIC ACQUISITIONS INC /NV/,STQN,6199,2022-09-06,2022-09-06,1
0000849146,13599,54194,53222K20,LFVN,True,ticker_unique,True,,Lifevantage Corp,LFVN,2834,2022-09-06,2023-05-15,2
0000849399,75607,10224,66877110,GEN,True,ticker_unique,True,,Gen Digital Inc.,GEN;GENVR,7372,2023-07-28,2023-07-28,1
0000849997,,,,,,unmatched,False,,FEC Resources Inc.,FECOF,1311,2025-08-26,2025-08-26,1
0000850027,,,,,,unmatched,False,,"EAGLE CAPITAL GROWTH FUND, INC.",GRF,,2023-10-02,2023-10-02,1
0000851310,81621,13739,41316010,HLIT,True,ticker_unique,True,,HARMONIC INC.,HLIT,3663,2023-09-21,2024-04-26,2
0000852772,,,,,,unmatched_name,False,,DENNY'S Corp,,5812,2025-09-15,2025-09-15,1
0000855787,,,,,,unmatched_name,False,,"TRULEUM, INC.",,1311,2022-06-10,2022-06-10,1
0000855887,,,,,,unmatched,False,,"BNY MELLON STRATEGIC MUNICIPAL BOND FUND, INC.",DSM,,2023-07-24,2023-12-29,2
0000858706,,,,,,unmatched,False,,NEW GERMANY FUND INC,GF,,2024-09-09,2024-09-09,1
0000859796,,,,,,unmatched,False,,JAPAN SMALLER CAPITALIZATION FUND INC,JOF,,2025-03-10,2025-03-10,1
0000861838,,,,,,unmatched_name,False,,"Aceragen, Inc.",,2836,2023-01-18,2023-03-28,2
0000862831,86965,16609,31758540,FISI,True,ticker_unique,True,,FINANCIAL INSTITUTIONS INC,FIISO;FIISP;FISI,6021,2025-03-18,2025-03-18,1
0000866095,,,,,,unmatched_name,False,,"ABRDN JAPAN EQUITY FUND, INC.",,,2025-01-22,2025-01-22,1
0000866439,,,,,,unmatched,False,,"DarkPulse, Inc.",DPLS,7372,2022-07-05,2022-07-05,1
0000866729,77354,11358,80706610,SCHL,True,ticker_unique,True,,SCHOLASTIC CORP,SCHL,2731,2024-04-19,2024-04-19,1
0000866829,85168,15563,42330P10,HLX,True,ticker_unique,True,,HELIX ENERGY SOLUTIONS GROUP INC,HLX,1389,2023-05-12,2023-05-12,1
0000867028,,,,,,unmatched_name,False,,"FOMO WORLDWIDE, INC.",,6799,2022-03-08,2022-03-08,1
0000867665,,,,,,unmatched_name,False,,ABRAXAS PETROLEUM CORP,,1311,2022-10-28,2022-10-28,1
0000867773,90978,48778,86765240,,False,name_fallback_span,True,20990;90978,SUNPOWER CORP,,3674,2022-09-09,2022-09-09,1
0000867840,77263,11283,74029440,POCI,True,ticker_unique,True,,"PRECISION OPTICS CORPORATION, INC.",POCI,3845,2023-04-17,2023-04-17,1
0000870780,,,,,,unmatched_name,False,,NUVEEN PENNSYLVANIA QUALITY MUNICIPAL INCOME FUND,,,2023-03-22,2024-06-05,2
0000872912,89169,40199,24661P80,DCTH,True,ticker_unique,True,,"DELCATH SYSTEMS, INC.",DCTH,3841,2022-07-27,2022-07-27,1
0000873860,84007,14969,67574660,ONIT,True,ticker_unique,True,,ONITY GROUP INC.,ONIT,6162,2022-09-23,2022-09-23,1
0000875355,,,,,,unmatched,False,,"BLOOMIA HOLDINGS, INC.",TULP,0100,2022-05-31,2022-05-31,1
0000876427,76750,11052,61023610,MNRO,True,ticker_unique,True,,"MONRO, INC.",MNRO,7500,2025-08-01,2025-11-05,2
0000876883,81527,30875,85256A10,STGW,True,ticker_unique,True,,Stagwell Inc,STGW,7311,2023-05-10,2025-04-25,2
0000877463,,,,,,unmatched,False,,Invesco Municipal Trust,VKQ,,2022-07-21,2024-04-26,2
0000878726,,,,,,unmatched_name,False,,TUESDAY MORNING CORP/DE,,5331,2022-09-22,2022-09-22,1
0000879407,80069,12204,04280A10,ARWR,True,ticker_unique,True,,"ARROWHEAD PHARMACEUTICALS, INC.",ARWR,2834,2025-02-14,2025-02-14,1
0000879585,77090,11204,00215F10,ATNI,True,ticker_unique,True,,"ATN International, Inc.",ATNI,4813,2024-05-07,2024-05-07,1
0000879635,85656,32185,59540G10,MPB,True,ticker_unique,True,,MID PENN BANCORP INC,MPB,6022,2024-11-08,2024-11-08,1
0000880631,77217,11235,97717P10,WT,True,ticker_unique,True,,"WisdomTree, Inc.",WT,6211,2022-01-24,2022-01-24,1
0000880892,,,,,,unmatched,False,,Invesco Trust for Investment Grade Municipals,VGM,,2024-04-26,2024-04-26,1
0000882150,,,,,,unmatched,False,,"BLACKROCK MUNIYIELD NEW YORK QUALITY FUND, INC.",MYN,,2022-07-05,2023-11-20,2
0000882300,,,,,,unmatched,False,,WESTERN ASSET INTERMEDIATE MUNI FUND INC.,SBI,,2023-01-30,2023-01-30,1
0000882361,,,,,,unmatched,False,,Aptose Biosciences Inc.,APTOF,2836,2023-09-12,2023-09-12,1
0000883265,,,,,,unmatched,False,,Invesco Trust for Investment Grade New York Municipals,VTN,,2023-10-18,2024-03-28,2
0000883412,,,,,,unmatched,False,,"BLACKROCK MUNIYIELD QUALITY FUND III, INC.",MYI,,2022-07-05,2022-07-05,1
0000883945,,,,,,unmatched_name,False,,USA TRUCK INC,,4213,2022-07-07,2022-07-07,1
0000883984,77447,11440,44930G10,ICUI,True,ticker_unique,True,,ICU MEDICAL INC/DE,ICUI,3841,2022-01-12,2022-01-12,1
0000884121,,,,,,unmatched,False,,abrdn Life Sciences Investors,HQL,,2023-12-29,2023-12-29,1
0000884152,,,,,,unmatched,False,,Invesco Municipal Opportunity Trust,VMO,,2024-01-24,2024-01-24,1
0000884624,78756,11486,68752M10,OFIX,True,ticker_unique,True,,Orthofix Medical Inc.,OFIX,3841,2023-11-03,2025-01-07,2
0000884650,,,,,,unmatched_name,False,,INFINITE GROUP INC,,7372,2022-02-08,2022-03-04,2
0000885307,,,,,,unmatched,False,,JEWETT CAMERON TRADING CO LTD,JCTC,5211,2022-10-21,2022-10-21,1
0000885550,77660,11561,22531010,CACC,True,ticker_unique,True,,CREDIT ACCEPTANCE CORP,CACC,6141,2022-09-16,2022-09-16,1
0000885590,,,,,,unmatched,False,,Bausch Health Companies Inc.,BHC,2834,2025-04-07,2025-04-07,1
0000886136,79033,29768,78659830,SGA,True,ticker_unique,True,,SAGA COMMUNICATIONS INC,SGA,4832,2022-12-12,2025-01-08,2
0000886158,,,,,,unmatched_name,False,,"20230930-DK-Butterfly-1, Inc.",,5700,2022-03-07,2022-03-07,1
0000886977,,,,,,unmatched,False,,METHANEX CORP,MEOH,2860,2025-04-23,2025-04-23,1
0000887247,,,,,,unmatched_name,False,,DMK PHARMACEUTICALS Corp,,2834,2023-06-05,2023-06-05,1
0000887394,,,,,,unmatched_name,False,,"BLACKROCK MUNIYIELD QUALITY FUND II, INC.",,,2024-01-02,2024-01-02,1
0000888721,,,,,,unmatched,False,,TRINITY BIOTECH PLC,TRIB,2835,2022-12-08,2024-12-26,3
0000888981,,,,,,unmatched,False,,NOCOPI TECHNOLOGIES INC/MD/,NNUP,3944,2022-03-30,2023-09-15,2
0000889971,83149,14385,53225780,LPTH,True,ticker_unique,True,,LIGHTPATH TECHNOLOGIES INC,LPTH,3674,2025-02-25,2025-02-25,1
0000890393,,,,,,unmatched,False,,"BLACKROCK MUNIYIELD MICHIGAN QUALITY FUND, INC.",MIY,,2022-07-05,2022-07-05,1
0000890447,,,,,,unmatched_name,False,,Vertex Energy Inc.,,2911,2024-07-31,2025-01-22,6
0000891038,,,,,,unmatched,False,,BLACKROCK MUNIYIELD PENNSYLVANIA QUALITY FUND,MPA,,2022-07-06,2023-01-30,2
0000891103,15850,55487,57667L10,MTCH,True,ticker_unique,True,,"Match Group, Inc.",MTCH,7370,2024-07-15,2024-07-15,1
0000891166,78211,11862,91359V10,UVE,True,ticker_unique,True,,"UNIVERSAL INSURANCE HOLDINGS, INC.",UVE,6331,2025-04-07,2025-04-07,1
0000892992,,,,,,unmatched,False,,NUVEEN ARIZONA QUALITY MUNICIPAL INCOME FUND,NAZ,,2024-05-17,2024-05-17,1
0000893739,,,,,,unmatched_name,False,,180 DEGREE CAPITAL CORP. /NY/,,6282,2022-09-21,2025-04-15,2
0000893847,88341,37716,42047610,HWBK,True,ticker_unique,True,,"HAWTHORN BANCSHARES, INC.",HWBK,6021,2022-02-17,2022-02-17,1
0000894242,,,,,,unmatched_name,False,,"BLACKROCK INVESTMENT QUALITY MUNICIPAL TRUST, INC.",,,2024-01-02,2024-01-02,1
0000894501,,,,,,unmatched,False,,"GOLD ROCK HOLDINGS, INC.",GRHI,7373,2023-10-10,2024-08-27,2
0000894556,,,,,,unmatched,False,,CitroTech Inc.,CITR,2800,2025-03-24,2025-04-15,3
0000894871,12928,53854,04004410,AREN,True,ticker_unique,True,,"Arena Group Holdings, Inc.",AREN,4841,2023-12-07,2024-01-25,2
0000895528,,,,,,unmatched,False,,Invesco Pennsylvania Value Municipal Income Trust,VPV,,2023-05-15,2024-03-28,2
0000895574,,,,,,unmatched_name,False,,abrdn National Municipal Income Fund,,,2022-02-15,2022-02-15,1
0000896841,,,,,,unmatched_name,False,,"AVID TECHNOLOGY, INC.",,7372,2023-08-18,2023-08-18,1
0000897269,,,,,,unmatched_name,False,,"BLACKROCK MUNIVEST FUND II, INC.",,,2024-01-02,2024-01-02,1
0000897322,,,,,,unmatched,False,,GILAT SATELLITE NETWORKS LTD,GILT,3663,2024-02-13,2024-02-13,1
0000897419,,,,,,unmatched,False,,NUVEEN MASSACHUSETTS QUALITY MUNICIPAL INCOME FUND,NMT,,2024-01-04,2024-01-04,1
0000897448,,,,,,unmatched,False,,AMARIN CORP PLC\UK,AMRN,2834,2022-01-24,2022-01-24,1
0000898437,79150,12119,03525510,ANIK,True,ticker_unique,True,,"Anika Therapeutics, Inc.",ANIK,3841,2023-08-17,2023-08-17,1
0000898770,,,,,,unmatched_name,False,,SHARPS COMPLIANCE CORP,,4955,2022-09-01,2022-09-01,1
0000899751,79198,12147,88830M10,TWI,True,ticker_unique,True,,TITAN INTERNATIONAL INC,TWI,3312,2024-03-07,2024-03-07,1
0000899782,,,,,,unmatched_name,False,,NUVEEN MISSOURI QUALITY MUNICIPAL INCOME FUND,,,2024-04-04,2024-04-04,1
0000907654,85293,15638,68760410,ORKA,True,ticker_unique,True,,"Oruka Therapeutics, Inc.",ORKA,2834,2022-03-28,2024-09-06,3
0000908311,80014,12702,12564W10,CMCT,True,ticker_unique,True,,Creative Media & Community Trust Corp,CMCT,6798,2023-03-13,2023-03-13,1
0000908937,80924,13304,82993310,SIRI,True,ticker_unique,True,,SIRIUS XM HOLDINGS INC.,SIRI,4832,2024-09-09,2024-09-11,2
0000909494,83382,14568,89869720,TCX,True,ticker_unique,True,,TUCOWS INC /PA/,TCX,7374,2022-12-20,2022-12-20,1
0000909724,79666,29969,87538X10,TLF,True,ticker_unique,True,,TANDY LEATHER FACTORY INC,TLF,3100,2023-05-25,2023-08-04,2
0000910073,79859,12608,64944540,FLG,True,ticker_unique,True,,"FLAGSTAR BANK, NATIONAL ASSOCIATION",FLG;FLGPA;FLGPU,6036,2024-03-14,2024-06-14,2
0000910267,,,,,,unmatched_name,False,,TITAN PHARMACEUTICALS INC,,2836,2022-04-25,2023-10-04,3
0000910612,22360,29993,12483087,CBL,True,ticker_unique,True,,CBL & ASSOCIATES PROPERTIES INC,CBL,6798,2022-09-01,2023-03-14,2
0000912463,,,,,,unmatched_name,False,,GUESS INC,,2340,2022-03-28,2025-04-02,5
0000912603,,,,,,unmatched_name,False,,"RADIUS RECYCLING, INC.",,5090,2025-04-16,2025-04-16,1
0000912728,79841,12577,34986A10,FWRD,True,ticker_unique,True,,FORWARD AIR CORP,FWRD,4731,2024-02-05,2024-08-14,2
0000912892,,,,,,unmatched,False,,"GRUPO TELEVISA, S.A.B.",GRPFF;TV,4833,2025-11-05,2025-11-14,2
0000912958,,,,,,unmatched,False,,MILLICOM INTERNATIONAL CELLULAR SA,MLCMF;TIGO,4812,2023-02-24,2023-02-24,1
0000914139,,,,,,unmatched,False,,PARKERVISION INC,PRKR,3663,2025-11-20,2025-11-20,1
0000914208,,,,,,unmatched,False,,Invesco Ltd.,IVZ,6282,2024-06-14,2024-06-14,1
0000914712,,,,,,unmatched_name,False,,Steel Connect LLC,,7389,2025-01-06,2025-01-06,1
0000915779,80233,12843,23426410,DAKT,True,ticker_unique,True,,DAKTRONICS INC /SD/,DAKT,3990,2023-01-26,2024-12-02,2
0000915840,80193,30251,07556Q88,BZH,True,ticker_unique,True,,BEAZER HOMES USA INC,BZH,1531,2025-11-24,2025-11-24,1
0000916618,,,,,,unmatched,False,,"MORGAN STANLEY INDIA INVESTMENT FUND, INC.",IIF,,2024-08-14,2024-08-14,1
0000917491,,,,,,unmatched_name,False,,FARO TECHNOLOGIES INC,,3829,2025-05-15,2025-05-15,1
0000918251,80341,12938,62007110,MPAA,True,ticker_unique,True,,MOTORCAR PARTS OF AMERICA INC,MPAA,3714,2022-03-21,2023-06-28,4
0000919864,22302,58943,31812F10,FNWD,True,ticker_unique,True,,Finward Bancorp,FNWD,6035,2024-03-21,2024-03-21,1
0000919893,,,,,,unmatched,False,,TEMPLETON DRAGON FUND INC,TDF,,2022-03-24,2025-03-13,3
0000920112,,,,,,unmatched_name,False,,HEARTLAND FINANCIAL USA INC,,6022,2022-03-08,2022-03-08,1
0000920465,,,,,,unmatched_name,False,,LA JOLLA PHARMACEUTICAL CO,,2836,2022-08-29,2022-08-29,1
0000921557,86287,16222,76028120,RBCAA,True,ticker_unique,True,,REPUBLIC BANCORP INC /KY/,RBCAA,6022,2022-02-15,2022-02-15,1
0000921738,80563,13115,70756910,PENN,True,ticker_unique,True,,"PENN Entertainment, Inc.",PENN,7011,2023-12-28,2023-12-28,1
0000922247,,,,,,unmatched_name,False,,"Cyclo Therapeutics, Inc.",,2836,2023-05-11,2023-05-11,1
0000922864,80711,30438,03748R74,AIV,True,ticker_unique,True,,APARTMENT INVESTMENT & MANAGEMENT CO,AIV,6798,2022-08-10,2022-10-28,2
0000923571,,,,,,unmatched_name,False,,US XPRESS ENTERPRISES INC,,4213,2023-04-10,2023-04-10,1
0000923601,88937,13422,82932250,RIME,True,ticker_unique,True,,"Algorhythm Holdings, Inc.",RIME,7373,2022-06-13,2023-11-30,2
0000924168,80812,13276,29268T50,EFOI,True,ticker_unique,True,,"ENERGY FOCUS, INC/DE",EFOI,3640,2025-12-31,2025-12-31,1
0000924396,,,,,,unmatched,False,,Crisp Momentum Inc.,CRSF,6199,2025-05-05,2025-10-09,5
0000924717,,,,,,unmatched_name,False,,SURMODICS INC,,3841,2025-03-19,2025-03-19,1
0000924901,,,,,,unmatched_name,False,,"Veris Residential, Inc.",,6798,2022-10-21,2022-10-21,1
0000925528,81084,13407,44414410,HDSN,True,ticker_unique,True,,HUDSON TECHNOLOGIES INC /NY,HDSN,5080,2025-12-10,2025-12-10,1
0000925741,18894,56859,09060U60,BCDA,True,ticker_unique,True,,"BioCardia, Inc.",BCDA,2836,2023-05-25,2025-05-22,2
0000926282,80791,13252,00486H10,ADTN,True,ticker_unique,True,,"ADTRAN Holdings, Inc.",ADTN,3661,2022-07-20,2022-07-20,1
0000928054,90783,46992,34338940,FTK,True,ticker_unique,True,,FLOTEK INDUSTRIES INC/CN/,FTK,2890,2022-02-14,2022-02-14,1
0000929351,,,,,,unmatched,False,,STARZ ENTERTAINMENT CORP /CN/,STRZ,7812,2023-09-05,2023-09-05,1
0000930245,,,,,,unmatched,False,,Agassi Sports Entertainment Corp.,AASP,5900,2024-07-05,2024-07-05,2
0000930775,,,,,,unmatched_name,False,,ENCISION INC,,3841,2025-03-07,2025-08-26,4
0000931148,17672,30940,38431360,EAF,True,ticker_unique,True,,GRAFTECH INTERNATIONAL LTD,EAF,3620,2024-02-12,2024-02-23,2
0000931584,,,,,,unmatched_name,False,,UNIVERSAL STAINLESS & ALLOY PRODUCTS INC,,3312,2024-11-12,2024-11-12,1
0000933034,81278,13585,86311110,STRT,True,ticker_unique,True,,STRATTEC SECURITY CORP,STRT,3714,2023-11-27,2023-11-27,1
0000933036,81222,13524,76009N10,UPBD,True,ticker_unique,True,,"UPBOUND GROUP, INC.",UPBD,7359,2022-12-09,2022-12-09,1
0000933972,83577,14456,88583P20,SCWO,True,ticker_unique,True,,374Water Inc.,SCWO,3621,2025-12-12,2025-12-12,1
0000933974,81241,13539,11434010,AZTA,True,ticker_unique,True,,"Azenta, Inc.",AZTA,3559,2023-09-14,2023-09-14,1
0000934549,89611,14801,00388130,ACTG,True,ticker_unique,True,,ACACIA RESEARCH CORP,ACTG,6794,2022-11-08,2022-11-08,1
0000937556,,,,,,unmatched_name,False,,MASIMO CORP,,3845,2022-08-16,2022-08-16,1
0000939767,88159,37154,30161Q10,EXEL,True,ticker_unique,True,,"EXELIXIS, INC.",EXEL,2836,2023-03-20,2023-03-20,2
0000939930,,,,,,unmatched,False,,"PYXUS INTERNATIONAL, INC.",PYYX,5150,2024-06-13,2024-06-13,1
0000944075,81741,13759,83368E20,SCKT,True,ticker_unique,True,,"SOCKET MOBILE, INC.",SCKT,3571,2023-06-05,2025-06-12,3
0000944480,,,,,,unmatched_name,False,,GSE SYSTEMS INC,,7372,2024-05-06,2024-10-11,2
0000944809,82567,14092,68375N10,OPK,True,ticker_unique,True,,"OPKO HEALTH, INC.",OPK,2834,2022-06-29,2022-06-29,2
0000946644,83762,14093,00901B30,AIM,True,ticker_unique,True,,AIM ImmunoTech Inc.,AIM,2836,2023-07-27,2023-07-27,1
0000946936,,,,,,unmatched,False,,DESWELL INDUSTRIES INC,DSWL,3089,2024-05-29,2024-05-29,1
0000948708,82281,13978,83215440,SMSI,True,ticker_unique,True,,"SMITH MICRO SOFTWARE, INC.",SMSI,7372,2025-11-17,2025-11-17,1
0000949858,82526,14043,00446850,ACHV,True,ticker_unique,True,,"ACHIEVE LIFE SCIENCES, INC.",ACHV,2835,2023-01-20,2023-01-20,1
0001000045,85705,15909,65373A10,OMCC,True,name_fallback,True,,OLD MARKET CAPITAL Corp,,6153,2025-09-12,2025-09-12,1
0001000209,83565,14648,58392810,MFIN,True,ticker_unique,True,,MEDALLION FINANCIAL CORP,MBNKO;MFIN,6199,2024-12-18,2024-12-18,1
0001000228,82581,14098,80640710,HSIC,True,ticker_unique,True,,HENRY SCHEIN INC,HSIC,5047,2025-03-17,2025-03-17,1
0001000694,82779,31389,67000240,NVAX,True,ticker_unique,True,,NOVAVAX INC,NVAX,2836,2023-04-27,2024-04-15,2
0001001250,82642,31196,51843910,EL,True,ticker_unique,True,,ESTEE LAUDER COMPANIES INC,EL,2844,2025-11-06,2025-11-06,1
0001001601,,,,,,unmatched,False,,"MGT CAPITAL INVESTMENTS, INC.",MGTI,6199,2024-05-30,2025-10-01,3
0001001902,,,,,,unmatched_name,False,,INTEVAC INC,,3559,2023-08-18,2023-08-18,1
0001001907,82747,14258,04648430,ASTC,True,ticker_unique,True,,ASTROTECH Corp,ASTC,3826,2023-06-26,2023-06-26,1
0001003078,82777,31388,55353010,MSM,True,ticker_unique,True,,MSC INDUSTRIAL DIRECT CO INC,MSM,5084,2023-02-06,2023-02-06,1
0001003972,,,,,,unmatched_name,False,,COMPANHIA BRASILEIRA DE DISTRIBUICAO /ADR/,,8880,2024-04-03,2024-04-03,1
0001004724,,,,,,unmatched,False,,"REGIONAL HEALTH PROPERTIES, INC",RHEP;RHEPA;RHEPB;RHEPZ,6519,2025-08-19,2025-08-21,2
0001004989,83303,14398,78493310,SGRP,True,ticker_unique,True,,"SPAR Group, Inc.",SGRP,7389,2024-09-09,2024-09-09,1
0001005286,83148,14374,51476610,LFCR,True,ticker_unique,True,,"LIFECORE BIOMEDICAL, INC. \DE\",LFCR,2834,2023-01-10,2023-01-12,2
0001006045,83145,14377,46268410,IRIX,True,ticker_unique,True,,IRIDEX CORP,IRIX,3845,2022-09-20,2022-11-23,2
0001007587,83390,14494,48273810,KVHI,True,ticker_unique,True,,KVH INDUSTRIES INC \DE\,KVHI,4899,2022-08-26,2022-08-26,1
0001008586,,,,,,unmatched_name,False,,STREAMLINE HEALTH SOLUTIONS INC.,,7373,2024-07-17,2024-11-22,2
0001008848,,,,,,unmatched_name,False,,"Acorda Therapeutics, Inc.",,2836,2022-06-10,2022-06-10,1
0001009829,83520,14582,47012E40,JAKK,True,ticker_unique,True,,JAKKS PACIFIC INC,JAKK,3944,2023-01-26,2023-01-26,1
0001009891,13976,54440,00912N40,AIRI,True,ticker_unique,True,,AIR INDUSTRIES GROUP,AIRI,3728,2022-08-03,2022-08-03,2
0001011060,,,,,,unmatched,False,,Nordicus Partners Corp,NORD,8742,2022-03-21,2025-10-14,9
0001013131,,,,,,unmatched,False,,BUENAVENTURA MINING CO INC,BVN,1000,2023-12-15,2023-12-15,1
0001013488,84062,15025,09180C10,BJRI,True,ticker_unique,True,,BJs RESTAURANTS INC,BJRI,5812,2024-01-18,2024-03-06,2
0001013706,83734,14858,96823520,,False,ticker_unique,True,,"Wilhelmina International, Inc.",WHLM,8742,2024-11-26,2024-11-26,1
0001014111,,,,,,unmatched_name,False,,"GlassBridge Enterprises, Inc.",,6282,2023-10-05,2023-10-05,1
0001014763,83840,14880,00902F40,AIMD,True,ticker_unique,True,,"Ainos, Inc.",AIMD;AIMDW,3577,2024-05-08,2025-11-28,5
0001015155,,,,,,unmatched_name,False,,CHARLES & COLVARD LTD,,3910,2023-04-11,2025-09-08,4
0001016169,,,,,,unmatched_name,False,,"ANTARES PHARMA, INC.",,3841,2022-05-02,2022-05-02,1
0001016178,80960,13396,14687560,,False,ticker_unique,True,,CARVER BANCORP INC,CARV,6035,2022-12-12,2025-12-08,7
0001016504,,,,,,unmatched,False,,INTEGRATED BIOPHARMA INC,INBP,2834,2023-11-14,2023-11-16,2
0001016838,,,,,,unmatched,False,,RADCOM LTD,RDCM,3577,2024-06-13,2024-06-13,1
0001017303,83910,14923,89291810,TACT,True,ticker_unique,True,,TRANSACT TECHNOLOGIES INC,TACT,3577,2022-04-06,2024-01-09,2
0001017480,,,,,,unmatched_name,False,,HIBBETT INC,,5940,2024-06-13,2024-06-13,1
0001018399,,,,,,unmatched_name,False,,ENTERPRISE BANCORP INC /MA/,,6022,2023-12-08,2023-12-08,1
0001021096,,,,,,unmatched_name,False,,"Troika Media Group, Inc.",,4841,2022-03-25,2022-03-25,1
0001021917,,,,,,unmatched,False,,"Awaysis Capital, Inc.",AWCA,6512,2022-03-14,2022-03-14,1
0001022505,,,,,,unmatched,False,,"SideChannel, Inc.",SDCH,7374,2022-07-05,2022-07-05,1
0001022652,88807,40996,45782B30,INSG,True,ticker_unique,True,,INSEEGO CORP.,INSG,3669,2024-11-14,2024-11-14,1
0001023024,89875,44505,00182C10,ANIP,True,ticker_unique,True,,ANI PHARMACEUTICALS INC,ANIP,2834,2022-03-02,2022-03-02,1
0001023512,,,,,,unmatched,False,,DRDGOLD LTD,DRD;DRDGF,1040,2024-11-14,2024-11-14,1
0001023731,85177,15567,28291410,EGHT,True,ticker_unique,True,,8X8 INC /DE/,EGHT,7374,2023-05-26,2025-10-16,2
0001023994,,,,,,unmatched,False,,OLENOX INDUSTRIES INC.,OLOX,5030,2023-03-29,2023-03-29,1
0001029125,,,,,,unmatched_name,False,,"Panbela Therapeutics, Inc.",,2834,2024-10-29,2024-10-29,1
0001029142,,,,,,unmatched_name,False,,DYNAVAX TECHNOLOGIES CORP,,2834,2024-09-16,2024-09-16,1
0001029145,,,,,,unmatched,False,,Golden Ocean Group Ltd,GOGL,4400,2025-03-11,2025-03-11,1
0001031029,,,,,,unmatched_name,False,,"Startek, Inc.",,7363,2023-01-13,2023-01-13,1
0001031316,90755,46878,35471R10,FSP,True,ticker_unique,True,,FRANKLIN STREET PROPERTIES CORP /MA/,FSP,6798,2024-11-05,2025-03-26,2
0001032033,66325,6412,78442P10,SLM,True,ticker_unique,True,,SLM Corp,SLM;SLMBP,6141,2022-03-10,2022-03-10,1
0001034665,,,,,,unmatched,False,,"BLACKROCK MUNIHOLDINGS FUND, INC.",MHD,,2024-01-02,2024-01-02,1
0001034760,86098,16113,96759020,WYY,True,ticker_unique,True,,WIDEPOINT CORP,WYY,7373,2023-10-26,2023-10-26,1
0001036044,85502,15745,45170X20,INVE,True,ticker_unique,True,,"Identiv, Inc.",INVE,3577,2023-05-08,2025-03-20,3
0001036262,85013,15529,46114710,INTT,True,ticker_unique,True,,INTEST CORP,INTT,3825,2022-10-03,2023-03-29,2
0001037390,,,,,,unmatched_name,False,,"INDUS REALTY TRUST, INC.",,6500,2022-11-25,2022-11-25,1
0001037643,,,,,,unmatched_name,False,,PARATEK PHARMACEUTICALS INC,,2834,2023-03-27,2023-03-27,1
0001038186,,,,,,unmatched_name,False,,"BLACKROCK MUNIHOLDINGS NEW YORK QUALITY FUND, INC.",,,2023-10-25,2023-10-25,1
0001038572,,,,,,unmatched_name,False,,BRAZILIAN DISTRIBUTION CO COMPANHIA BRASILEIRA DE DISTR CBD,,5411,2024-04-03,2024-04-03,1
0001039280,87508,17664,64115A40,NTWK,True,ticker_unique,True,,NETSOL TECHNOLOGIES INC,NTWK,7372,2023-07-26,2023-07-26,1
0001039466,,,,,,unmatched_name,False,,NovAccess Global Inc.,,2834,2024-06-11,2024-06-11,1
0001040130,90012,44816,71638210,PETS,True,ticker_unique,True,,PETMED EXPRESS INC,PETS,5912,2025-05-20,2025-05-20,1
0001041368,79734,12503,76939710,RVSB,True,ticker_unique,True,,RIVERVIEW BANCORP INC,RVSB,6035,2024-08-21,2024-08-21,1
0001041859,85390,15697,16890510,PLCE,True,ticker_unique,True,,"Childrens Place, Inc.",PLCE,5651,2024-02-16,2024-02-16,1
0001042418,,,,,,unmatched,False,,"Inhibitor Therapeutics, Inc.",INTI,2834,2023-05-23,2023-05-23,1
0001042893,85424,32108,45765110,INVX,True,ticker_unique,True,,"Innovex International, Inc.",INVX,3533,2022-06-23,2024-09-13,2
0001043894,,,,,,unmatched_name,False,,WOLF ENERGY SERVICES INC.,,3559,2022-09-16,2022-09-16,1
0001044777,88203,37195,68287N10,OSPN,True,ticker_unique,True,,OneSpan Inc.,OSPN,7373,2022-11-21,2022-11-21,1
0001044896,,,,,,unmatched_name,False,,Industrias Bachoco S.A.B. de C.V.,,2015,2023-03-17,2023-03-17,1
0001045942,,,,,,unmatched,False,,"Track Group, Inc.",TRCK,3669,2025-01-16,2025-01-16,1
0001046102,,,,,,unmatched,False,,RB GLOBAL INC.,RBA,7389,2023-03-06,2023-03-06,1
0001046995,,,,,,unmatched_name,False,,EMAGIN CORP,,3674,2023-05-25,2023-05-25,1
0001047716,,,,,,unmatched,False,,LATAM AIRLINES GROUP S.A.,LTM,4512,2022-11-14,2022-11-14,2
0001049521,85738,15939,58937810,MRCY,True,ticker_unique,True,,MERCURY SYSTEMS INC,MRCY,3670,2023-07-06,2023-07-06,1
0001050825,,,,,,unmatched_name,False,,STEELCASE INC,,2522,2025-08-08,2025-08-08,1
0001051004,,,,,,unmatched,False,,"BLACKROCK MUNIHOLDINGS CALIFORNIA QUALITY FUND, INC.",MUC,,2024-05-07,2024-05-07,1
0001052054,,,,,,unmatched_name,False,,"Symbolic Logic, Inc.",,7371,2022-08-01,2022-08-01,1
0001053691,86536,16357,15713L10,CRVO,True,ticker_unique,True,,CervoMed Inc.,CRVO,2834,2023-08-28,2024-02-09,3
0001054721,,,,,,unmatched_name,False,,BSQUARE CORP /WA,,7389,2022-05-13,2023-11-13,4
0001056285,89449,43328,49749810,TBHC,True,ticker_unique,True,,"BRAND HOUSE COLLECTIVE, INC.",TBHC,5990,2022-04-28,2024-10-28,2
0001057060,86128,34788,56790810,HZO,True,ticker_unique,True,,MARINEMAX INC,HZO,5531,2023-05-26,2023-05-26,1
0001057083,,,,,,unmatched_name,False,,PC TEL INC,,3663,2023-10-11,2023-10-11,1
0001057861,,,,,,unmatched,False,,BNY MELLON HIGH YIELD STRATEGIES FUND,DHF,,2023-12-08,2023-12-08,1
0001058307,21323,58303,68557F20,NXPL,True,ticker_unique,True,,NextPlat Corp,NXPL,4813,2022-02-08,2023-04-14,2
0001058623,18046,16182,23108280,,False,ticker_unique,True,,CUMULUS MEDIA INC,CMLS;CMLSQ,4832,2023-07-28,2024-01-24,2
0001058811,87394,17346,45252110,IMMR,True,ticker_unique,True,,IMMERSION CORP,IMMR,3577,2025-11-03,2025-11-03,1
0001059262,,,,,,unmatched_name,False,,SP Plus Corp,,7510,2023-11-24,2023-11-24,1
0001061894,,,,,,unmatched,False,,Gildan Activewear Inc.,GIL,2300,2023-12-27,2024-01-08,2
0001063537,,,,,,unmatched_name,False,,RiceBran Technologies,,2040,2023-12-11,2023-12-11,1
0001064728,16689,55925,70455110,BTU,True,ticker_unique,True,,PEABODY ENERGY CORP,BTU,1221,2024-08-20,2024-08-20,1
0001066194,87227,17135,28225C80,EGAN,True,ticker_unique,True,,EGAIN Corp,EGAN,7372,2023-04-24,2023-04-24,1
0001066605,,,,,,unmatched_name,False,,HEIDRICK & STRUGGLES INTERNATIONAL INC,,7361,2025-11-05,2025-11-05,1
0001066764,,,,,,unmatched,False,,Bimergen Energy Corp,BESS;BESSWT,4911,2024-05-10,2024-05-10,1
0001066923,93069,53237,36117V30,FTFT,True,ticker_unique,True,,Future FinTech Group Inc.,FTFT,7389,2024-02-22,2025-09-23,2
0001068689,,,,,,unmatched,False,,"Data443 Risk Mitigation, Inc.",ATDS,7372,2025-01-07,2025-01-07,1
0001069202,87034,35177,52610710,LII,True,ticker_unique,True,,LENNOX INTERNATIONAL INC,LII,3585,2025-02-04,2025-02-04,1
0001069394,,,,,,unmatched,False,,FLEXIBLE SOLUTIONS INTERNATIONAL INC,FSI,2890,2022-04-27,2022-04-27,1
0001069533,80294,26503,74955L10,RGCO,True,ticker_unique,True,,RGC RESOURCES INC,RGCO,4923,2023-10-05,2023-10-05,1
0001070050,,,,,,unmatched,False,,AppTech Payments Corp.,APCX;APCXW,7372,2025-07-03,2025-07-03,1
0001071058,,,,,,unmatched_name,False,,ABSOLUTE SOFTWARE CORP,,7372,2023-07-21,2023-07-21,1
0001071255,86578,16368,38101310,GDEN,True,ticker_unique,True,,NEW ROYAL HOLDCO I INC.,GDEN,7990,2025-10-10,2025-10-10,1
0001071899,,,,,,unmatched_name,False,,"BLACKROCK MUNIHOLDINGS QUALITY FUND II, INC.",,,2024-01-02,2024-01-02,1
0001072627,,,,,,unmatched,False,,KINGSWAY Corp,KWY,6331,2025-04-02,2025-04-02,2
0001074692,,,,,,unmatched,False,,Eaton Vance California Municipal Income Trust,CEV,,2023-11-06,2024-03-20,2
0001074828,23375,59388,49923820,USBC,True,ticker_unique,True,,"USBC, Inc.",USBC,6199,2023-10-26,2025-08-13,2
0001074952,,,,,,unmatched,False,,Nuveen California Quality Municipal Income Fund,NAC,,2023-10-12,2023-10-12,1
0001075415,,,,,,unmatched,False,,DIVERSIFIED HEALTHCARE TRUST,DHC;DHCNI;DHCNL,6798,2023-05-23,2023-06-30,4
0001075736,87404,17399,22655210,CXDO,True,ticker_unique,True,,"Crexendo, Inc.",CXDO,4813,2022-11-29,2022-11-29,1
0001077688,89416,43253,43903810,HOFT,True,ticker_unique,True,,HOOKER FURNISHINGS Corp,HOFT,2510,2025-03-17,2025-03-17,1
0001078207,,,,,,unmatched_name,False,,BOWFLEX INC.,,3949,2023-11-07,2023-11-07,1
0001080014,90423,45728,45781M10,INVA,True,ticker_unique,True,,"Innoviva, Inc.",INVA,2834,2024-05-08,2024-05-08,1
0001080657,19858,57373,74102L50,SQFT,True,ticker_unique,True,,"Presidio Property Trust, Inc.",SQFT;SQFTP;SQFTW,6798,2023-12-28,2024-12-13,5
0001082324,87084,16687,92823T20,VHC,True,ticker_unique,True,,VirnetX Holding Corp,VHC,6794,2022-12-29,2022-12-29,1
0001083301,87759,18404,88080T10,WULF,True,ticker_unique,True,,TERAWULF INC.,WULF,6199,2023-10-25,2023-10-25,1
0001083743,19624,57232,34405730,FLUX,True,ticker_unique,True,,"Flux Power Holdings, Inc.",FLUX,3690,2023-10-31,2023-10-31,1
0001083839,,,,,,unmatched,False,,Nuveen Quality Municipal Income Fund,NAD,,2024-05-07,2024-05-07,1
0001084201,,,,,,unmatched,False,,SINOVAC BIOTECH LTD,SVA,2834,2025-03-25,2025-03-25,1
0001084267,22578,59091,60743F60,,False,ticker_unique,True,,"Mobiquity Technologies, Inc.",MOBQ;MOBQW,7310,2022-04-01,2022-04-01,1
0001084765,88841,41062,76122Q10,RGP,True,ticker_unique,True,,"RESOURCES CONNECTION, INC.",RGP,7389,2025-08-21,2025-08-21,1
0001084991,89546,43631,63886Q10,NGS,True,ticker_unique,True,,NATURAL GAS SERVICES GROUP INC,NGS,1389,2022-11-28,2024-11-25,2
0001086303,,,,,,unmatched,False,,"Hongchang International Co., Ltd",HCIL,3845,2023-06-20,2023-09-07,3
0001086745,,,,,,unmatched,False,,"Fabric.AI, Inc.",FABC,4899,2024-06-10,2025-07-30,2
0001087786,,,,,,unmatched_name,False,,NUVEEN NEW JERSEY QUALITY MUNICIPAL INCOME FUND,,,2023-04-10,2024-06-05,2
0001089297,,,,,,unmatched_name,False,,NOVAGANT CORP,,4700,2022-07-28,2022-07-28,1
0001089815,,,,,,unmatched,False,,Elite Health Systems Inc.,EHSI,8093,2023-12-05,2025-12-29,2
0001089872,87321,17298,36269P10,GAIA,True,ticker_unique,True,,"GAIA, INC",GAIA,7812,2022-05-18,2022-05-25,2
0001091596,,,,,,unmatched,False,,"Nuo Therapeutics, Inc.",AURX,3841,2022-07-05,2022-07-05,1
0001092662,,,,,,unmatched_name,False,,"CHEMBIO DIAGNOSTICS, INC.",,2834,2023-04-07,2023-05-01,2
0001095348,,,,,,unmatched_name,False,,O2MICRO INTERNATIONAL LTD,,3674,2022-06-03,2022-06-03,1
0001095651,75846,22124,78646V10,SAFE,True,ticker_unique,True,,Safehold Inc.,SAFE,6798,2023-04-10,2023-04-11,2
0001096296,,,,,,unmatched,False,,MINERALRITE Corp,RITE,1090,2025-05-07,2025-05-07,3
0001096691,,,,,,unmatched_name,False,,PARTNER COMMUNICATIONS CO LTD,,4812,2022-04-05,2022-04-05,1
0001096938,,,,,,unmatched,False,,"United Health Products, Inc.",UEEC,3842,2024-12-19,2024-12-19,1
0001098146,80837,13294,70336F20,PNBK,True,ticker_unique,True,,PATRIOT NATIONAL BANCORP INC,PNBK,6021,2024-09-30,2025-04-11,3
0001099590,92221,52670,58733R10,MELI,True,ticker_unique,True,,MERCADOLIBRE INC,MELI,7389,2024-05-24,2024-05-24,1
0001100397,,,,,,unmatched_name,False,,"Ayala Pharmaceuticals, Inc.",,2834,2023-09-11,2023-09-11,1
0001101026,,,,,,unmatched,False,,"Zivo Bioscience, Inc.",ZIVO;ZIVOW,2836,2024-01-22,2024-06-12,4
0001101396,,,,,,unmatched_name,False,,"DELTA APPAREL, INC",,5130,2023-10-10,2023-10-10,1
0001101433,,,,,,unmatched,False,,QUOTEMEDIA INC,QMCI,7389,2022-12-29,2022-12-29,1
0001101680,,,,,,unmatched_name,False,,DZS INC.,,3661,2024-01-16,2024-01-16,1
0001102238,49322,20098,02917410,ARL,True,ticker_unique,True,,AMERICAN REALTY INVESTORS INC,ARL,6510,2022-08-01,2022-08-01,1
0001102993,88174,37168,53814630,LPSN,True,ticker_unique,True,,LIVEPERSON INC,LPSN,7372,2022-02-28,2024-03-06,2
0001103021,,,,,,unmatched_name,False,,BIODELIVERY SCIENCES INTERNATIONAL INC,,2834,2022-02-24,2022-02-24,1
0001104038,19494,57134,92346X20,VRME,True,ticker_unique,True,,"VerifyMe, Inc.",VRME,6199,2023-06-08,2023-06-08,1
0001107421,91488,51213,98973P30,TCRT,True,ticker_unique,True,,"Alaunos Therapeutics, Inc.",TCRT,2834,2025-05-14,2025-10-30,3
0001108426,55511,21457,69349H10,TXNM,True,ticker_unique,True,,TXNM ENERGY INC,TXNM,4911,2025-05-23,2025-05-23,1
0001108630,,,,,,unmatched_name,False,,Live Current Media Inc.,,7389,2022-05-03,2022-05-19,3
0001109448,,,,,,unmatched_name,False,,ALLIANCEBERNSTEIN L.P.,,6282,2024-11-06,2024-11-06,1
0001110607,,,,,,unmatched,False,,"Koil Energy Solutions, Inc.",KLNG,3533,2023-02-21,2024-10-15,4
0001110611,20465,57795,68339B10,ONTF,True,ticker_unique,True,,ON24 INC.,ONTF,7372,2022-12-20,2023-02-14,2
0001113256,,,,,,unmatched_name,False,,"MERITOR, INC.",,3714,2022-03-10,2022-03-10,1
0001113313,,,,,,unmatched,False,,ARVANA INC,AVNI,6770,2022-06-24,2022-10-28,3
0001113423,,,,,,unmatched,False,,COSCIENS Biopharma Inc.,CSCID;CSCIF,2844,2024-09-06,2024-09-06,1
0001113809,90371,45680,12007610,BBW,True,ticker_unique,True,,BUILD-A-BEAR WORKSHOP INC,BBW,5945,2022-07-26,2022-07-26,1
0001114925,88542,38439,51654820,LTRX,True,ticker_unique,True,,LANTRONIX INC,LTRX,3576,2023-06-06,2025-06-02,2
0001114995,16182,55623,45320410,PI,True,ticker_unique,True,,IMPINJ INC,PI,3679,2024-06-10,2024-06-10,1
0001115128,,,,,,unmatched_name,False,,Quotient Technology Inc.,,7310,2022-01-18,2023-07-20,2
0001116463,10860,8743,68554V10,OSUR,True,ticker_unique,True,,ORASURE TECHNOLOGIES INC,OSUR,3841,2025-09-09,2025-09-09,1
0001117057,93012,53203,72703U20,PLAG,True,ticker_unique,True,,Planet Green Holdings Corp.,PLAG,2030,2023-06-21,2023-06-21,1
0001117171,91269,50727,14986C10,CBAT,True,ticker_unique,True,,"CBAK Energy Technology, Inc.",CBAT,3690,2025-12-19,2025-12-19,1
0001117480,,,,,,unmatched_name,False,,CHIMERIX INC,,2834,2022-11-10,2022-11-10,1
0001119769,,,,,,unmatched,False,,CERAGON NETWORKS LTD,CRNT,3663,2022-06-27,2022-07-20,2
0001120193,90601,46282,63110310,NDAQ,True,ticker_unique,True,,"NASDAQ, INC.",NDAQ,6200,2023-11-03,2023-11-03,1
0001121702,,,,,,unmatched_name,False,,"YIELD10 BIOSCIENCE, INC.",,0100,2023-10-11,2023-10-11,1
0001122491,,,,,,unmatched_name,False,,BRF S.A.,,2011,2023-09-21,2023-09-21,1
0001124105,91184,50600,40378310,GYRE,True,ticker_unique,True,,"GYRE THERAPEUTICS, INC.",GYRE,2834,2022-06-21,2024-09-06,4
0001124804,,,,,,unmatched_name,False,,Veradigm Inc.,,7373,2024-05-16,2025-02-21,2
0001126234,,,,,,unmatched_name,False,,"LUMOS PHARMA, INC.",,2834,2023-02-15,2023-02-15,1
0001127703,,,,,,unmatched_name,False,,PROASSURANCE CORP,,6331,2025-04-11,2025-04-11,1
0001128281,,,,,,unmatched,False,,"Saker Aviation Services, Inc.",SKAS,4581,2022-03-02,2022-03-02,1
0001130166,90098,45005,23254L87,BGMS,True,ticker_unique,True,,"Bio Green Med Solution, Inc.",BGMS;BGMSP,5099,2025-02-28,2025-03-04,2
0001130598,14056,54486,68232V88,TRAW,True,ticker_unique,True,,"Traws Pharma, Inc.",TRAW,2834,2024-04-08,2024-09-23,2
0001130713,77659,11558,07589610,,False,ticker_span,True,77659;89394,"NEIGHBORHOOD INTELLIGENCE, INC.",BBBY;BBBYW;NXH,5961,2022-05-31,2023-10-16,2
0001130781,,,,,,unmatched,False,,"BMP AI Technologies, Inc.",BMPA,7812,2025-12-31,2025-12-31,1
0001131554,,,,,,unmatched_name,False,,SYNCHRONOSS TECHNOLOGIES INC,,7371,2023-12-04,2023-12-04,1
0001131903,,,,,,unmatched,False,,SPECTRAL CAPITAL Corp,FCCN,7374,2024-06-28,2025-01-16,4
0001132105,14609,54831,84920Y10,SPWH,True,ticker_unique,True,,"SPORTSMAN'S WAREHOUSE HOLDINGS, INC.",SPWH,5940,2022-09-23,2023-06-28,2
0001134982,,,,,,unmatched,False,,"Apple iSports Group, Inc.",AAPI,6411,2024-05-23,2024-05-23,1
0001136352,,,,,,unmatched_name,False,,Crestwood Equity Partners LP,,4923,2022-02-11,2022-07-15,2
0001137390,,,,,,unmatched_name,False,,BLACKROCK NEW YORK MUNICIPAL INCOME TRUST,,,2023-09-29,2023-09-29,1
0001137391,,,,,,unmatched_name,False,,BLACKROCK CALIFORNIA MUNICIPAL INCOME TRUST,,,2023-03-06,2024-05-07,2
0001137393,,,,,,unmatched_name,False,,BLACKROCK MUNICIPAL INCOME TRUST,,,2024-01-02,2024-01-02,1
0001137547,,,,,,unmatched_name,False,,UNITED SECURITY BANCSHARES,,6021,2023-06-12,2023-06-12,1
0001138723,91814,51803,00439710,ARAY,True,ticker_unique,True,,ACCURAY INC,ARAY,3841,2025-06-17,2025-06-17,1
0001140215,92449,52868,75833840,REED,True,ticker_unique,True,,"REED'S, INC.",REED,2086,2022-03-22,2025-02-28,4
0001140392,,,,,,unmatched_name,False,,PIMCO MUNICIPAL INCOME FUND,,,2023-09-22,2024-04-24,2
0001140410,,,,,,unmatched_name,False,,PIMCO NEW YORK MUNICIPAL INCOME FUND,,,2024-04-24,2024-04-24,1
0001140411,,,,,,unmatched,False,,PIMCO CALIFORNIA MUNICIPAL INCOME FUND,PCQ,,2023-09-22,2024-04-24,2
0001141103,89167,42265,22748310,CCRN,True,ticker_unique,True,,CROSS COUNTRY HEALTHCARE INC,CCRN,7363,2022-09-01,2024-12-20,2
0001141197,14135,54540,70532Y30,PED,True,ticker_unique,True,,PEDEVCO CORP,PED,1311,2025-01-27,2025-11-07,2
0001144169,,,,,,unmatched_name,False,,"ECO INNOVATION GROUP, INC.",,3690,2022-05-16,2022-05-16,1
0001144879,89986,44803,03816920,APLD,True,ticker_unique,True,,Applied Digital Corp.,APLD,7374,2022-04-21,2024-05-07,3
0001145986,14715,54908,04523Y10,ASPN,True,ticker_unique,True,,ASPEN AEROGELS INC,ASPN,5030,2022-04-05,2022-04-05,1
0001156041,91379,50954,44183U30,AGIG,True,ticker_unique,True,,"ABUNDIA GLOBAL IMPACT GROUP, INC.",AGIG,1311,2022-06-16,2025-07-09,2
0001156388,,,,,,unmatched_name,False,,BIG 5 SPORTING GOODS Corp,,5940,2025-10-02,2025-10-02,1
0001157601,91832,51819,55886810,MDGL,True,ticker_unique,True,,"MADRIGAL PHARMACEUTICALS, INC.",MDGL,2834,2023-06-20,2023-06-20,1
0001158172,92102,52381,20564W20,SCOR,True,ticker_unique,True,,"COMSCORE, INC.",SCOR,7389,2023-03-06,2023-05-23,2
0001158463,89353,42997,47714310,JBLU,True,ticker_unique,True,,JETBLUE AIRWAYS CORP,JBLU,4512,2024-02-12,2024-09-05,2
0001158780,92468,52886,72942G20,PLUR,True,ticker_unique,True,,Pluri Inc.,PLUR,2836,2023-01-04,2025-02-12,2
0001159167,,,,,,unmatched_name,False,,IROBOT CORP,,3630,2022-09-09,2022-09-09,1
0001160951,,,,,,unmatched_name,False,,"DUCK CREEK TECHNOLOGIES, INC.",,7372,2023-01-18,2023-01-18,1
0001161582,,,,,,unmatched_name,False,,"GROWLIFE, INC.",,3231,2023-01-18,2023-01-18,2
0001162027,,,,,,unmatched,False,,ALLIANCEBERNSTEIN NATIONAL MUNICIPAL INCOME FUND,AFB,,2023-09-21,2023-09-25,2
0001162194,12577,53677,34385P10,LAB,True,ticker_unique,True,,STANDARD BIOTOOLS INC.,LAB,2834,2022-04-08,2023-10-16,2
0001162461,,,,,,unmatched_name,False,,CUTERA INC,,3845,2023-04-13,2023-04-13,2
0001162896,,,,,,unmatched,False,,Prairie Operating Co.,PROP,1311,2023-05-15,2023-11-21,2
0001163560,,,,,,unmatched_name,False,,GRUPO TMM SAB,,4412,2022-06-13,2022-06-13,1
0001164256,,,,,,unmatched_name,False,,"DAYBREAK OIL & GAS, INC.",,1311,2022-05-31,2022-05-31,1
0001164771,,,,,,unmatched,False,,NORTHERN DYNASTY MINERALS LTD,NAK,1040,2024-11-04,2024-11-04,1
0001165002,89443,43281,96176510,WHG,True,ticker_unique,True,,WESTWOOD HOLDINGS GROUP INC,WHG,6282,2023-12-13,2025-08-04,2
0001166834,,,,,,unmatched,False,,SHL TELEMEDICINE LTD,SHMLF,8011,2023-12-21,2023-12-26,2
0001169034,,,,,,unmatched,False,,BLACKROCK VIRGINIA MUNICIPAL BOND TRUST,BHV,,2022-07-05,2023-11-20,3
0001169445,,,,,,unmatched_name,False,,"TruBridge, Inc.",,7371,2024-03-12,2024-08-14,3
0001169652,,,,,,unmatched_name,False,,CHANNELADVISOR CORP,,7372,2022-09-23,2022-09-23,1
0001169770,89482,43449,05990K10,BANC,True,ticker_unique,True,,"BANC OF CALIFORNIA, INC.",BANC;BANCPF,6021,2023-12-01,2023-12-01,1
0001169987,,,,,,unmatched_name,False,,"HTG MOLECULAR DIAGNOSTICS, INC",,3826,2022-08-05,2022-08-05,1
0001170299,,,,,,unmatched,False,,PIMCO MUNICIPAL INCOME FUND II,PML,,2024-04-24,2024-04-24,1
0001170300,,,,,,unmatched_name,False,,PIMCO CALIFORNIA MUNICIPAL INCOME FUND II,,,2024-04-24,2025-02-05,2
0001170311,,,,,,unmatched,False,,PIMCO NEW YORK MUNICIPAL INCOME FUND II,PNI,,2024-04-24,2024-04-24,1
0001170858,,,,,,unmatched,False,,COMPANHIA DE SANEAMENTO BASICO DO ESTADO DE SAO PAULO-SABESP,SBS,4941,2024-07-29,2024-08-05,2
0001171759,89453,43332,75689M10,RRGB,True,ticker_unique,True,,RED ROBIN GOURMET BURGERS INC,RRGB,5812,2024-10-09,2024-10-09,1
0001172178,,,,,,unmatched,False,,LIBERTY STAR URANIUM & METALS CORP.,LBSR,1000,2022-04-20,2025-12-12,3
0001172358,,,,,,unmatched,False,,"DORCHESTER MINERALS, L.P.",DMLP,1311,2024-11-07,2024-11-07,1
0001173281,,,,,,unmatched_name,False,,"NeuBase Therapeutics, Inc.",,2834,2023-08-31,2023-08-31,1
0001173313,21828,58640,00091F30,ABVC,True,ticker_unique,True,,"ABVC BIOPHARMA, INC.",ABVC;ECOC,2834,2022-07-12,2025-06-03,2
0001173382,,,,,,unmatched,False,,CAE INC,CAE,3690,2025-02-14,2025-02-14,1
0001173514,13577,28836,44917210,HY,True,ticker_unique,True,,"HYSTER-YALE, INC.",HY,3537,2022-02-14,2022-02-14,3
0001174169,,,,,,unmatched,False,,ALGONQUIN POWER & UTILITIES CORP.,AGQPF;AQN;AQNB,4911,2023-06-30,2023-06-30,1
0001174891,,,,,,unmatched,False,,"TerraVolt Holdings, Inc.",GEDC,6798,2024-03-14,2025-08-13,2
0001174940,90170,45180,68402360,OGEN,True,ticker_unique,True,,ORAGENICS INC,OGEN,2834,2024-02-12,2024-02-12,1
0001175535,,,,,,unmatched,False,,Whitestone REIT,WSR,6798,2024-06-03,2024-06-03,1
0001176194,,,,,,unmatched_name,False,,BLACKROCK MUNICIPAL INCOME TRUST II,,,2024-01-03,2024-01-03,1
0001176309,13798,54333,68403P20,ORMP,True,ticker_unique,True,,ORAMED PHARMACEUTICALS INC.,ORMP,2834,2024-03-22,2024-03-22,1
0001176334,,,,,,unmatched,False,,MARTIN MIDSTREAM PARTNERS L.P.,MMLP,5171,2024-12-30,2024-12-30,2
0001176984,,,,,,unmatched,False,,Eaton Vance Municipal Bond Fund,EIM,,2024-01-19,2024-01-19,1
0001177161,,,,,,unmatched_name,False,,Eaton Vance California Municipal Bond Fund,,,2023-08-02,2023-10-06,2
0001177162,,,,,,unmatched_name,False,,Eaton Vance New York Municipal Bond Fund,,,2022-12-12,2023-10-06,2
0001178697,18670,56753,83548F40,SONM,True,ticker_unique,True,,"DNA X, Inc.",SONM,3661,2022-07-19,2024-10-18,2
0001178711,,,,,,unmatched_name,False,,"Paratek Pharmaceuticals, Inc.",,2834,2023-03-30,2023-03-30,1
0001178839,,,,,,unmatched,False,,NEUBERGER MUNICIPAL FUND INC.,NBH,,2023-11-20,2023-11-20,1
0001178840,,,,,,unmatched_name,False,,NEUBERGER BERMAN CALIFORNIA MUNICIPAL FUND INC.,,,2023-10-13,2023-10-13,1
0001178841,,,,,,unmatched_name,False,,NEUBERGER BERMAN NEW YORK MUNICIPAL FUND INC.,,,2023-10-16,2023-10-16,1
0001178879,,,,,,unmatched_name,False,,"AMICUS THERAPEUTICS, INC.",,2834,2022-02-22,2022-02-22,1
0001179821,,,,,,unmatched,False,,BIRKS GROUP INC.,BGI,5944,2023-06-13,2023-06-13,1
0001181187,,,,,,unmatched_name,False,,BLACKROCK MUNICIPAL INCOME QUALITY TRUST,,,2024-01-02,2024-01-02,1
0001181504,,,,,,unmatched_name,False,,PIMCO CALIFORNIA MUNICIPAL INCOME FUND III,,,2024-04-24,2024-04-24,1
0001181505,,,,,,unmatched_name,False,,PIMCO NEW YORK MUNICIPAL INCOME FUND III,,,2024-04-24,2024-04-24,1
0001181506,,,,,,unmatched_name,False,,PIMCO MUNICIPAL INCOME FUND III,,,2024-04-24,2024-04-24,1
0001185348,89574,43690,69354N10,PRAA,True,ticker_unique,True,,PRA GROUP INC,PRAA,6153,2023-12-13,2023-12-13,1
0001191070,25978,59059,64136E10,NEUP,True,ticker_unique,True,,Neuphoria Therapeutics Inc.,NEUP,2834,2025-10-23,2025-10-23,1
0001195734,,,,,,unmatched_name,False,,POTBELLY CORP,,5812,2022-07-21,2022-07-21,1
0001195737,,,,,,unmatched,False,,Nuveen AMT-Free Quality Municipal Income Fund,NEA,,2023-11-07,2023-11-07,1
0001195739,,,,,,unmatched,False,,NUVEEN NEW YORK AMT-FREE QUALITY MUNICIPAL INCOME FUND,NRK,,2023-11-07,2023-11-07,1
0001199004,,,,,,unmatched,False,,Federated Hermes Premier Municipal Income Fund,FMN,,2023-04-18,2023-04-18,1
0001201792,92428,52854,02913V10,APEI,True,ticker_unique,True,,AMERICAN PUBLIC EDUCATION INC,APEI,8200,2023-03-31,2023-03-31,1
0001203464,,,,,,unmatched,False,,IAMGOLD CORP,IAG,1040,2022-01-03,2022-01-03,1
0001204413,,,,,,unmatched_name,False,,POINTS.COM INC.,,7389,2022-04-14,2022-05-20,2
0001205059,,,,,,unmatched_name,False,,REPLICEL LIFE SCIENCES INC.,,2836,2022-09-29,2022-09-29,1
0001205922,18061,56497,91864030,,False,ticker_unique,True,,"VACCINEX, INC.",VCNX,2834,2022-02-10,2022-02-10,1
0001207179,,,,,,unmatched,False,,GOLAR LNG LTD,GLNG,4400,2025-08-15,2025-08-15,1
0001211805,16179,55622,62844N40,MYSZ,True,ticker_unique,True,,"My Size, Inc.",MYSZ,7372,2022-11-21,2022-11-21,1
0001213660,,,,,,unmatched_name,False,,BIMI Holdings Inc.,,5122,2022-06-21,2024-06-17,3
0001218683,,,,,,unmatched,False,,"Big Digital Energy, Inc.",BGDE,6199,2024-07-03,2025-12-22,2
0001219601,17726,20537,22836810,CCK,True,ticker_unique,True,,"CROWN HOLDINGS, INC.",CCK,3411,2022-11-03,2022-11-03,1
0001220754,,,,,,unmatched_name,False,,ModivCare Inc,,4700,2024-11-08,2025-01-17,2
0001222922,,,,,,unmatched,False,,Eaton Vance Ltd Duration Income Fund,EVV,,2022-09-23,2025-10-20,2
0001223026,,,,,,unmatched_name,False,,"PIONEER MUNICIPAL HIGH INCOME FUND, INC.",,,2023-06-07,2024-01-05,2
0001223389,,,,,,unmatched_name,False,,CONNS INC,,5731,2022-01-28,2024-12-30,3
0001227500,15838,55480,29460X10,EQBK,True,ticker_unique,True,,EQUITY BANCSHARES INC,EQBK,6022,2025-07-10,2025-07-10,1
0001227636,17898,56420,64131A10,STIM,True,ticker_unique,True,,"Neuronetics, Inc.",STIM,3841,2022-06-21,2024-12-17,2
0001227654,89952,44705,20451N10,CMP,True,ticker_unique,True,,COMPASS MINERALS INTERNATIONAL INC,CMP,1400,2022-10-21,2022-10-21,1
0001228627,92665,53015,67577R10,IRD,True,ticker_unique,True,,"Opus Genetics, Inc.",IRD,2834,2024-10-29,2024-10-29,1
0001230524,,,,,,unmatched,False,,"Leopard Energy, Inc.",LEEN,8742,2023-09-11,2023-09-11,1
0001230869,,,,,,unmatched,False,,ASA Gold & Precious Metals Ltd,ASA,,2023-10-13,2025-04-09,2
0001232860,,,,,,unmatched_name,False,,"BlackRock Municipal Credit Alpha Portfolio, Inc.",,,2022-04-08,2025-09-24,3
0001236275,16680,55920,82846H40,QXO,True,ticker_unique,True,,"QXO, Inc.",QXO;QXOPB,5030,2022-08-22,2025-05-06,3
0001239819,,,,,,unmatched_name,False,,LUNA INNOVATIONS INC,,8731,2023-12-27,2023-12-27,1
0001253176,,,,,,unmatched_name,False,,VAPOTHERM INC,,3841,2022-12-08,2024-06-25,2
0001253689,,,,,,ambiguous_ticker,False,14431;91184,"CRESCENT BIOPHARMA, INC.",CBIO,2834,2024-11-04,2025-06-23,2
0001254370,,,,,,unmatched,False,,WESTERN ASSET INFLATION-LINKED INCOME FUND,WIA,,2023-12-13,2023-12-13,1
0001258602,89964,44717,64031N10,NNI,True,ticker_unique,True,,NELNET INC,NNI,6141,2022-03-21,2022-03-21,1
0001258943,,,,,,unmatched_name,False,,"PIONEER MUNICIPAL HIGH INCOME ADVANTAGE FUND, INC.",,,2023-06-07,2023-11-07,2
0001260563,,,,,,unmatched,False,,"Virtus Dividend, Interest & Premium Strategy Fund",NFJ,6163,2024-06-14,2024-06-14,1
0001260729,,,,,,unmatched,False,,GABELLI DIVIDEND & INCOME TRUST,GDV;GDVPH;GDVPK,,2024-08-01,2024-10-18,2
0001261654,89973,44727,91391510,UTI,True,ticker_unique,True,,UNIVERSAL TECHNICAL INSTITUTE INC,UTI,8200,2025-12-05,2025-12-05,1
0001262104,89935,44689,55279B30,LITS,True,ticker_unique,True,,"Lite Strategy, Inc.",LITS,2834,2023-05-30,2023-05-30,1
0001262976,,,,,,unmatched,False,,CIMPRESS plc,CMPR,2750,2025-07-03,2025-07-03,1
0001263364,,,,,,unmatched,False,,Idaho Copper Corp,COPR;COPRWT,1000,2025-04-08,2025-04-08,1
0001265521,,,,,,unmatched,False,,"Polomar Health Services, Inc.",PMHS,2834,2023-08-23,2024-01-12,2
0001266585,,,,,,unmatched,False,,NUVEEN MUNICIPAL HIGH INCOME OPPORTUNITY FUND,NMZ,,2023-04-12,2023-04-12,1
0001266806,15062,55108,92854B10,VANI,True,ticker_unique,True,,"Vivani Medical, Inc.",VANI,3845,2022-09-01,2023-04-25,2
0001267602,,,,,,unmatched_name,False,,ALIMERA SCIENCES INC,,2834,2022-05-25,2023-03-31,2
0001268533,,,,,,unmatched,False,,TORTOISE ENERGY INFRASTRUCTURE CORP,TYG,,2024-12-30,2024-12-30,1
0001273441,92619,52991,38500T20,GTE,True,ticker_unique,True,,GRAN TIERRA ENERGY INC.,GTE,1311,2025-10-06,2025-10-06,1
0001273636,,,,,,unmatched_name,False,,APPLIED GENETIC TECHNOLOGIES CORP,,2836,2022-12-08,2022-12-08,1
0001273685,90214,45287,64960484,ADAM,True,ticker_unique,True,,"ADAMAS TRUST, INC.",ADAM;ADAMG;ADAMH;ADAMI;ADAMK;ADAML;ADAMM;ADAMN;ADAMO;ADAMZ,6798,2025-02-26,2025-02-26,1
0001274173,,,,,,unmatched_name,False,,Janus Henderson Group Ltd.,,6282,2025-12-23,2025-12-23,1
0001274494,91611,51447,33643310,FSLR,True,ticker_unique,True,,"FIRST SOLAR, INC.",FSLR,3674,2024-01-26,2024-12-10,2
0001275158,13959,54431,65540B10,NDLS,True,ticker_unique,True,,NOODLES & Co,NDLS,5812,2022-09-08,2025-12-03,5
0001275477,,,,,,unmatched,False,,"BIMINI CAPITAL MANAGEMENT, INC.",BMNM,6798,2025-08-04,2025-08-04,1
0001276469,,,,,,unmatched_name,False,,MACQUARIE/FIRST TRUST GLOBAL INFRASTR/UTIL DIV & INC FUND,,,2024-02-28,2024-02-28,1
0001277250,,,,,,unmatched_name,False,,"Charge Enterprises, Inc.",,4822,2023-08-21,2024-02-16,2
0001278211,,,,,,unmatched,False,,LAZARD GLOBAL TOTAL RETURN & INCOME FUND INC,LGI,,2024-03-18,2024-03-18,1
0001280058,90276,45417,09227Q10,BLKB,True,ticker_unique,True,,BLACKBAUD INC,BLKB,7372,2022-10-03,2022-10-03,1
0001283140,,,,,,unmatched_name,False,,HOLLY ENERGY PARTNERS LP,,4610,2022-03-24,2022-03-24,1
0001286973,,,,,,unmatched,False,,Americas Gold & Silver Corp,USAS,1000,2024-12-23,2024-12-23,1
0001287098,21745,58583,57777K10,MXCT,True,ticker_unique,True,,"MAXCYTE, INC.",MXCT,8731,2025-10-24,2025-10-24,1
0001287498,,,,,,unmatched,False,,Eaton Vance Short Duration Diversified Income Fund,EVG,,2025-10-20,2025-10-20,1
0001287808,,,,,,unmatched_name,False,,"Hill International, Inc.",,8711,2022-09-02,2022-09-02,1
0001288784,,,,,,unmatched_name,False,,Signature Bank Corp,,6022,2024-12-09,2024-12-09,1
0001288795,,,,,,unmatched,False,,Clough Global Dividend & Income Fund,GLV,,2024-09-03,2024-09-03,1
0001288847,14596,54820,33830710,FIVN,True,ticker_unique,True,,"Five9, Inc.",FIVN,7374,2025-04-15,2025-04-15,1
0001289850,,,,,,unmatched_name,False,,"NeuroMetrix, Inc.",,3841,2024-02-26,2024-02-27,2
0001290900,90314,45478,20260810,CVGI,True,ticker_unique,True,,"Commercial Vehicle Group, Inc.",CVGI,3714,2025-07-01,2025-07-01,1
0001293818,,,,,,unmatched,False,,CapForce Inc.,CFOR,8071,2024-04-01,2024-10-24,2
0001299969,90476,45998,20568420,CHCI,True,ticker_unique,True,,"Comstock Holding Companies, Inc.",CHCI,6500,2022-12-28,2022-12-28,1
0001300524,66800,137,02687478,AIG,True,name_fallback,True,,AMERICAN INTERNATIONAL HOLDINGS CORP.,,1311,2023-04-13,2023-04-13,1
0001300699,,,,,,unmatched_name,False,,"Athenex, Inc.",,2834,2023-02-02,2023-02-02,1
0001300734,,,,,,unmatched_name,False,,"SHINECO, INC.",,0100,2022-08-26,2024-07-12,2
0001301236,,,,,,unmatched,False,,Sotherly Hotels Inc.,SOHOB;SOHON,6798,2025-11-14,2025-11-14,1
0001303523,,,,,,unmatched,False,,British American Tobacco p.l.c.,BTAFF;BTI,2111,2025-08-28,2025-09-03,2
0001303942,,,,,,unmatched_name,False,,BankFinancial CORP,,6035,2024-02-12,2024-02-12,1
0001304492,15226,55200,03676C10,ATEX,True,ticker_unique,True,,Anterix Inc.,ATEX,4813,2024-07-29,2024-07-29,1
0001305168,,,,,,unmatched_name,False,,"ARC DOCUMENT SOLUTIONS, INC.",,7330,2024-06-28,2024-06-28,1
0001305253,,,,,,unmatched_name,False,,"Eiger BioPharmaceuticals, Inc.",,2836,2022-01-21,2023-11-24,3
0001307579,14339,54673,53632A30,LIQT,True,ticker_unique,True,,LIQTECH INTERNATIONAL INC,LIQT,3590,2024-11-19,2024-11-19,1
0001309108,90569,46169,96208T10,WEX,True,ticker_unique,True,,WEX Inc.,WEX,7389,2022-12-09,2022-12-09,1
0001311673,,,,,,unmatched,False,,"Yale Transaction Finders, Inc.",YTFD,6770,2022-03-24,2022-04-15,3
0001314196,19648,57251,67086U40,OLB,True,ticker_unique,True,,"OLB GROUP, INC.",OLB,7389,2025-08-04,2025-08-04,1
0001315399,89573,43689,70088510,PKBK,True,ticker_unique,True,,"PARKE BANCORP, INC.",PKBK,6022,2024-03-05,2024-03-05,1
0001316463,,,,,,unmatched,False,,Clough Global Equity Fund,GLQ,,2025-12-09,2025-12-09,1
0001317833,,,,,,unmatched_name,False,,"Golden Ally Lifetech Group, Inc.",,3590,2022-04-20,2022-04-20,2
0001318268,,,,,,unmatched,False,,Madison Technologies Inc.,MDEX,5900,2023-09-29,2023-09-29,1
0001318484,90706,46691,17306X10,CTRN,True,ticker_unique,True,,Citi Trends Inc,CTRN,5600,2023-09-28,2023-09-28,1
0001318885,,,,,,unmatched,False,,DIANA SHIPPING INC.,DSX;DSXPB;DSXWT,4412,2025-06-12,2025-06-12,1
0001319643,,,,,,unmatched,False,,"FinTrade Sherpa, Inc.",FTSP,1040,2025-03-06,2025-03-06,1
0001320350,19680,57326,52634L10,LNSR,True,ticker_unique,True,,"LENSAR, Inc.",LNSR,3841,2023-05-19,2023-05-19,1
0001320414,,,,,,unmatched_name,False,,SELECT MEDICAL HOLDINGS CORP,,8060,2025-11-24,2025-11-24,1
0001321834,14419,54711,62856X30,QCLS,True,ticker_unique,True,,"Q/C TECHNOLOGIES, INC.",QCLS,2835,2022-09-08,2024-05-30,2
0001321851,,,,,,unmatched,False,,Origin Agritech LTD,SEED,0100,2025-10-23,2025-10-31,2
0001322439,,,,,,unmatched_name,False,,Eagle Bulk Shipping Inc.,,4412,2023-07-06,2023-07-06,1
0001325670,91622,51457,74167B10,FRST,True,ticker_unique,True,,Primis Financial Corp.,FRST,6022,2025-08-19,2025-08-19,1
0001325702,12629,53698,55933J20,MX,True,ticker_unique,True,,MAGNACHIP SEMICONDUCTOR Corp,MX,3674,2025-11-20,2025-11-20,1
0001326200,,,,,,unmatched,False,,GENCO SHIPPING & TRADING LTD,GNK,4412,2023-12-29,2025-07-17,2
0001326205,91201,50471,45408X30,IGC,True,ticker_unique,True,,"IGC Pharma, Inc.",IGC,2834,2024-05-21,2024-05-21,1
0001327318,,,,,,unmatched_name,False,,"TrueCar, Inc.",,7370,2025-12-03,2025-12-03,1
0001328792,23884,59564,87873920,TPCS,True,ticker_unique,True,,TECHPRECISION CORP,TPCS,3440,2024-07-02,2024-07-02,1
0001328919,,,,,,unmatched,False,,StealthGas Inc.,GASS,4412,2022-12-07,2022-12-07,1
0001331284,,,,,,unmatched,False,,"DHT Holdings, Inc.",DHT,4412,2025-01-29,2025-01-29,1
0001331421,,,,,,unmatched,False,,"SDR Drone, Inc.",SDCO,3721,2023-08-30,2023-08-30,1
0001331863,,,,,,unmatched_name,False,,Nedbank Group LTD,,,2025-08-22,2025-08-22,2
0001332551,91119,50319,00489Q10,ACR,True,ticker_unique,True,,ACRES Commercial Realty Corp.,ACR;ACRPC;ACRPD,6798,2022-05-11,2022-05-11,1
0001332943,,,,,,unmatched,False,,Voya Global Advantage & Premium Opportunity Fund,IGA,,2023-11-01,2023-11-01,1
0001333172,,,,,,unmatched_name,False,,Navios Maritime Holdings Inc.,,4412,2023-10-31,2023-10-31,1
0001333822,12488,53629,81664520,LEDS,True,ticker_unique,True,,SemiLEDs Corp,LEDS,3674,2024-01-16,2024-01-16,1
0001334388,,,,,,unmatched,False,,OBSIDIAN ENERGY LTD.,OBE,1311,2024-11-07,2024-11-07,1
0001334978,90989,48787,18453H10,CCO,True,ticker_unique,True,,"Clear Channel Outdoor Holdings, Inc.",CCO,7310,2023-05-16,2023-12-05,3
0001335112,,,,,,unmatched_name,False,,"LOGIQ, INC.",,7389,2023-02-17,2023-02-23,2
0001335258,91041,50016,53803410,LYV,True,ticker_unique,True,,"Live Nation Entertainment, Inc.",LYV,7900,2025-12-17,2025-12-17,1
0001337619,,,,,,unmatched_name,False,,"ENVESTNET, INC.",,7389,2022-04-06,2022-04-06,1
0001338940,,,,,,unmatched,False,,Perion Network Ltd.,PERI,7371,2025-04-21,2025-06-30,2
0001339005,21540,58448,31447E10,FEMY,True,ticker_unique,True,,FEMASYS INC,FEMY,3841,2023-11-22,2023-11-22,1
0001340243,,,,,,unmatched_name,False,,MorphoSys AG,,2834,2024-04-18,2024-04-18,1
0001342219,,,,,,unmatched_name,False,,"Namliong SkyCosmos, Inc.",,2860,2022-09-16,2022-09-16,1
0001342423,93397,53423,53274610,LMNR,True,ticker_unique,True,,Limoneira CO,LMNR,0100,2023-10-06,2023-10-06,1
0001342958,,,,,,unmatched,False,,"KUSTOM ENTERTAINMENT, INC.",KUST,3663,2025-05-19,2025-05-19,1
0001345126,,,,,,unmatched,False,,Compass Diversified Holdings,CODI;CODIPA;CODIPB;CODIPC,2510,2024-01-10,2024-01-10,1
0001346830,14422,54713,14075530,TVRD,True,ticker_unique,True,,"Tvardi Therapeutics, Inc.",TVRD,2834,2024-10-30,2024-10-30,1
0001347242,23625,59461,53630L20,,False,ticker_unique,True,,LIPELLA PHARMACEUTICALS INC.,LIPO,2834,2022-12-29,2022-12-29,2
0001347426,,,,,,unmatched,False,,Macro Bank Inc.,BMA,6029,2024-08-12,2024-08-12,1
0001348362,20437,57757,52886N40,LEXX,True,ticker_unique,True,,Lexaria Bioscience Corp.,LEXX,2834,2023-09-18,2023-09-18,1
0001348911,,,,,,unmatched_name,False,,"KalVista Pharmaceuticals, Inc.",,2834,2023-01-09,2023-01-09,1
0001349706,,,,,,unmatched,False,,"TurnOnGreen, Inc.",TOGI;TOGIW,3690,2025-09-30,2025-09-30,1
0001350102,91428,50968,04363580,ASTI,True,ticker_unique,True,,"Ascent Solar Technologies, Inc.",ASTI,3674,2023-04-17,2023-04-17,1
0001350869,,,,,,unmatched,False,,Clough Global Opportunities Fund,GLO,,2024-08-08,2024-08-08,1
0001352081,,,,,,unmatched_name,False,,Cardinal Ethanol LLC,,2860,2022-02-14,2022-02-14,1
0001352952,,,,,,unmatched,False,,CFN Enterprises Inc.,CNFN,7389,2022-08-15,2022-08-15,1
0001353283,,,,,,unmatched_name,False,,SPLUNK INC,,7372,2022-03-04,2022-10-13,2
0001353538,,,,,,unmatched_name,False,,"Appgate, Inc.",,7372,2024-02-14,2024-02-14,1
0001354272,,,,,,unmatched_name,False,,Investec PLC,,,2025-06-20,2025-09-03,4
0001354866,21272,58282,12448X20,BYRN,True,ticker_unique,True,,Byrna Technologies Inc.,BYRN,3690,2023-12-15,2023-12-15,1
0001356093,18255,56587,22530J30,CREX,True,ticker_unique,True,,"CREATIVE REALITIES, INC.",CREX,7373,2022-04-13,2025-11-14,4
0001357450,,,,,,unmatched_name,False,,"Hollysys Automation Technologies, Ltd.",,3620,2023-11-06,2023-11-06,1
0001358356,,,,,,unmatched_name,False,,"LIMESTONE BANCORP, INC.",,6021,2023-02-14,2023-02-14,1
0001358403,,,,,,unmatched_name,False,,"BELLICUM PHARMACEUTICALS, INC",,2834,2022-11-18,2023-05-05,2
0001358762,,,,,,unmatched_name,False,,REATA PHARMACEUTICALS INC,,2834,2023-08-07,2023-08-07,1
0001359841,,,,,,unmatched_name,False,,Hanesbrands Inc.,,5600,2025-08-12,2025-08-12,1
0001360604,13439,54106,42226K10,HR,True,ticker_unique,True,,Healthcare Realty Trust Inc,HR,6798,2024-11-26,2024-11-26,1
0001360901,91413,51094,29977A10,EVR,True,ticker_unique,True,,Evercore Inc.,EVR,6282,2022-02-25,2022-02-25,1
0001362481,,,,,,unmatched,False,,abrdn Global Dynamic Dividend Fund,AGD,,2024-07-25,2024-07-25,1
0001362705,,,,,,unmatched_name,False,,Evolve Transition Infrastructure LP,,1311,2023-07-06,2023-07-06,1
0001363438,,,,,,unmatched_name,False,,FIRST TRUST/ABRDN EMERGING OPPORTUNITY FUND,,,2022-08-11,2022-08-11,1
0001363829,,,,,,unmatched_name,False,,Enstar Group LTD,,6331,2024-07-30,2024-08-02,3
0001364125,,,,,,unmatched,False,,Western Copper & Gold Corp,WRN,1000,2022-11-23,2022-11-23,1
0001364128,,,,,,unmatched_name,False,,ALEXCO RESOURCE CORP,,1040,2022-07-19,2022-07-19,1
0001365767,,,,,,unmatched,False,,Allot Ltd.,ALLT,3576,2022-03-30,2022-03-30,1
0001366561,,,,,,unmatched_name,False,,SMARTSHEET INC,,7372,2024-09-24,2024-09-24,2
0001368493,,,,,,unmatched,False,,"Morgan Stanley China A Share Fund, Inc.",CAF,,2022-04-28,2023-02-08,2
0001368514,15056,55102,00089910,ADMA,True,ticker_unique,True,,"ADMA BIOLOGICS, INC.",ADMA,2836,2022-02-04,2022-02-04,1
0001368622,91733,51651,00807310,AVAV,True,ticker_unique,True,,AeroVironment Inc,AVAV,3721,2025-05-08,2025-05-08,1
0001369290,16765,55972,62857J20,MYO,True,ticker_unique,True,,"MYOMO, INC.",MYO,3842,2025-12-29,2025-12-29,1
0001370450,91625,51459,96924N10,WLDN,True,ticker_unique,True,,"Willdan Group, Inc.",WLDN,8711,2023-06-06,2023-06-06,1
0001372183,,,,,,unmatched_name,False,,NextPlay Technologies Inc.,,6199,2023-09-01,2023-09-01,1
0001374339,,,,,,unmatched,False,,ProMIS Neurosciences Inc.,PMN,2834,2025-10-29,2025-10-29,1
0001375195,,,,,,unmatched_name,False,,CORETEC GROUP INC.,,3669,2024-09-10,2024-09-10,1
0001376339,13878,54378,60249610,MDXG,True,ticker_unique,True,,"MIMEDX GROUP, INC.",MDXG,3841,2022-04-28,2022-04-28,1
0001377149,,,,,,unmatched,False,,CareView Communications Inc,CRVW,3663,2022-11-22,2022-11-22,1
0001377630,91822,51811,63530920,NCMI,True,ticker_unique,True,,"National CineMedia, Inc.",NCMI,7310,2023-08-16,2023-08-16,1
0001377789,91836,51949,05366Y20,AVNW,True,ticker_unique,True,,"AVIAT NETWORKS, INC.",AVNW,3663,2023-12-06,2023-12-06,1
0001378140,91964,52138,67487050,OPTT,True,ticker_unique,True,,"Ocean Power Technologies, Inc.",OPTT,4911,2023-07-07,2023-07-07,1
0001378239,,,,,,unmatched,False,,Central North Airport Group,GAERF;OMAB,4581,2022-12-16,2022-12-16,1
0001378453,,,,,,unmatched_name,False,,TravelCenters of America Inc. /MD/,,5500,2023-02-22,2023-05-05,2
0001378590,92091,52371,10807Q70,BLIN,True,ticker_unique,True,,"Bridgeline Digital, Inc.",BLIN,7372,2022-08-30,2022-08-30,1
0001379400,,,,,,unmatched,False,,abrdn Total Dynamic Dividend Fund,AOD,,2024-08-02,2024-08-02,1
0001380106,21761,58597,75340L10,RPID,True,ticker_unique,True,,"RAPID MICRO BIOSYSTEMS, INC.",RPID,3826,2022-06-30,2025-08-19,2
0001381074,,,,,,unmatched,False,,Baijiayun Group Ltd,RTCJF,7372,2024-04-02,2024-11-13,3
0001381202,,,,,,unmatched_name,False,,BARLOWORLD LTD,,,2025-06-12,2025-06-12,2
0001383395,,,,,,unmatched,False,,SEQUANS COMMUNICATIONS,SQNS,3674,2022-03-24,2022-03-24,1
0001384195,14137,54542,76680V10,REI,True,ticker_unique,True,,"RING ENERGY, INC.",REI,1311,2022-02-04,2022-09-12,2
0001384905,14136,54541,76680R20,RNG,True,ticker_unique,True,,"RingCentral, Inc.",RNG,7374,2023-05-26,2023-05-26,1
0001385632,,,,,,unmatched,False,,Voya Asia Pacific High Dividend Equity Income Fund,IAE,,2025-05-08,2025-05-08,1
0001385818,16974,56089,05475485,AYTU,True,ticker_unique,True,,"AYTU BIOPHARMA, INC",AYTU,2834,2023-05-26,2023-05-26,1
0001385867,,,,,,unmatched_name,False,,Coupa Software Inc,,7372,2022-12-01,2022-12-01,1
0001386278,11664,53462,39304D10,GDOT,True,ticker_unique,True,,GREEN DOT CORP,GDOT,6199,2025-03-07,2025-03-07,1
0001386301,19315,57055,76102510,RSSS,True,ticker_unique,True,,"Research Solutions, Inc.",RSSS,7389,2023-08-15,2023-08-15,1
0001386716,,,,,,unmatched,False,,Star Bulk Carriers Corp.,SBLK,4412,2024-04-12,2025-10-06,2
0001389545,,,,,,unmatched,False,,Stablecoin Development Corp,SDEV,6199,2025-06-04,2025-10-15,4
0001391127,,,,,,unmatched_name,False,,"Edgio, Inc.",,7389,2022-06-27,2022-06-27,1
0001391437,,,,,,unmatched,False,,Gabelli Healthcare & WellnessRx Trust,GRX,,2024-07-10,2024-07-10,1
0001392272,25673,60019,15746L10,CBNA,True,ticker_unique,True,,CHAIN BRIDGE BANCORP INC,CBNA,6021,2024-10-15,2024-10-15,1
0001392326,,,,,,unmatched,False,,Capital Clean Energy Carriers Corp.,CCEC,4412,2024-01-03,2024-01-03,1
0001392994,,,,,,unmatched_name,False,,FIRST TRUST SPECIALTY FINANCE & FINANCIAL OPPORTUNITIES FUND,,,2024-04-29,2024-04-29,1
0001393726,92111,52391,88822Q10,TIPT,True,ticker_unique,True,,TIPTREE INC.,TIPT,6331,2025-09-30,2025-11-12,3
0001393781,,,,,,unmatched,False,,Quality Industrial Corp.,QIND,3590,2024-12-06,2024-12-06,1
0001394056,17327,56277,68247W10,OSS,True,ticker_unique,True,,"ONE STOP SYSTEMS, INC.",OSS,3571,2023-11-03,2023-11-03,1
0001396033,,,,,,unmatched_name,False,,"LL Flooring Holdings, Inc.",,5211,2023-05-25,2023-06-12,3
0001396167,,,,,,unmatched_name,False,,Delaware Enhanced Global Dividend & Income Fund,,,2022-08-22,2022-08-22,1
0001396814,12583,53682,69512710,PCRX,True,ticker_unique,True,,"Pacira BioSciences, Inc.",PCRX,2834,2025-08-08,2025-08-08,1
0001397702,,,,,,unmatched_name,False,,Silk Road Medical Inc,,3841,2024-08-12,2024-08-12,1
0001398805,18553,56700,07373B10,BEEM,True,ticker_unique,True,,Beam Global,BEEM,3690,2022-07-08,2022-07-08,1
0001398987,,,,,,unmatched_name,False,,Anywhere Real Estate Inc.,,6531,2022-11-23,2022-11-23,1
0001399249,,,,,,unmatched_name,False,,"Pzena Investment Management, Inc.",,6282,2022-08-08,2022-09-01,3
0001399520,15383,55281,88338K10,STKS,True,ticker_unique,True,,"ONE Group Hospitality, Inc.",STKS,5812,2024-05-08,2024-05-08,1
0001400810,92780,53060,40416E10,HCI,True,ticker_unique,True,,"HCI Group, Inc.",HCI;HCIIP,6331,2022-03-29,2022-03-29,1
0001401395,,,,,,unmatched_name,False,,Neptune Wellness Solutions Inc.,,2834,2022-12-27,2023-10-17,2
0001401708,,,,,,unmatched_name,False,,"NS Wind Down Co., Inc.",,2836,2023-09-28,2023-09-28,1
0001402388,,,,,,unmatched,False,,"WEST FRASER TIMBER CO., LTD",WFG,2421,2022-02-03,2022-02-03,1
0001402945,,,,,,unmatched_name,False,,Progressive Care Inc.,,5912,2022-09-09,2022-09-09,1
0001403256,,,,,,unmatched_name,False,,"Sculptor Capital Management, Inc.",,6282,2023-10-13,2023-10-13,1
0001403475,87476,17669,06342510,BMRC,True,ticker_unique,True,,Bank of Marin Bancorp,BMRC,6022,2022-04-06,2022-04-06,1
0001403708,,,,,,unmatched_name,False,,Evoke Pharma Inc,,2834,2024-09-20,2025-11-12,2
0001403752,16668,55912,98985Y10,ZYME,True,name_fallback,True,,Zymeworks BC Inc.,,2834,2022-04-22,2022-04-22,1
0001404644,14535,54781,64135M10,NGNE,True,ticker_unique,True,,Neurogene Inc.,NGNE,2834,2023-07-27,2023-12-21,2
0001408100,92502,52845,48939810,KW,True,ticker_unique,True,,"Kennedy-Wilson Holdings, Inc.",KW,6500,2022-11-08,2022-11-08,1
0001408201,,,,,,unmatched_name,False,,TORTOISE POWER & ENERGY INFRASTRUCTURE FUND INC,,,2024-01-22,2024-01-22,1
0001408443,,,,,,unmatched,False,,Milestone Pharmaceuticals Inc.,MIST,2834,2023-11-09,2023-11-09,1
0001408534,15840,55481,32043P10,FGBI,True,ticker_unique,True,,"First Guaranty Bancshares, Inc.",FGBI;FGBIP,6035,2023-02-14,2023-02-14,3
0001409036,,,,,,unmatched,False,,Silver North Resources Ltd.,TARSF,1040,2023-08-09,2023-08-10,2
0001409375,92466,52884,68627520,OESX,True,ticker_unique,True,,"ORION ENERGY SYSTEMS, INC.",OESX,3640,2022-09-30,2022-09-30,1
0001409430,,,,,,unmatched_name,False,,All American Gold Corp.,,1040,2022-09-06,2022-09-06,1
0001409624,,,,,,unmatched_name,False,,"HIMALAYA TECHNOLOGIES, INC",,1311,2022-08-26,2023-07-03,4
0001410172,92448,52867,78112T20,,False,ticker_unique,True,,"Rubicon Technology, Inc.",RBCN,3674,2022-07-05,2022-07-05,1
0001410428,12017,53444,98420U80,XWEL,True,ticker_unique,True,,"XWELL, Inc.",XWEL,7200,2024-06-17,2024-06-17,1
0001410708,,,,,,unmatched_name,False,,Emo Capital Corp.,,2870,2023-09-27,2023-12-12,3
0001411579,14328,54665,00165C30,AMC,True,ticker_unique,True,,"AMC ENTERTAINMENT HOLDINGS, INC.",AMC,7830,2023-01-04,2023-01-04,1
0001412100,,,,,,unmatched,False,,"Maiden Holdings, Ltd.",MHLA;MHNC,6331,2023-01-06,2024-12-31,2
0001412558,,,,,,unmatched,False,,Evotec SE,EVO;EVOTF,2834,2024-11-08,2024-11-08,1
0001413837,,,,,,unmatched_name,False,,First Foundation Inc.,,6022,2024-10-08,2025-11-03,2
0001413855,,,,,,unmatched,False,,AIFU Inc.,AIFU,6411,2024-01-05,2025-12-23,4
0001413898,,,,,,unmatched_name,False,,DallasNews Corp,,2711,2023-09-27,2025-07-28,4
0001414767,23235,59342,64113L20,NCPL,True,ticker_unique,True,,Netcapital Inc.,NCPL;NCPLW,6199,2023-01-06,2025-12-01,3
0001414932,,,,,,unmatched,False,,Oaktree Specialty Lending Corp,OCSL,,2025-02-10,2025-02-10,1
0001415921,,,,,,unmatched,False,,Navios Maritime Partners L.P.,NMM,4412,2023-11-28,2023-11-28,1
0001417663,,,,,,unmatched,False,,"SANUWAVE Health, Inc.",SNWV,3841,2022-08-11,2022-08-11,1
0001417802,,,,,,unmatched,False,,"Voya Infrastructure, Industrials & Materials Fund",IDE,,2023-05-08,2023-05-08,1
0001417892,,,,,,unmatched_name,False,,Emeren Group Ltd,,4931,2022-09-14,2022-09-14,1
0001418076,,,,,,unmatched,False,,SLR Investment Corp.,SLRC,,2022-04-11,2022-04-11,1
0001418091,,,,,,unmatched_name,False,,"TWITTER, INC.",,7370,2022-04-05,2022-10-31,4
0001419041,16681,55921,34962G20,FBRX,True,ticker_unique,True,,"Forte Biosciences, Inc.",FBRX,2834,2022-05-24,2023-08-23,5
0001419275,,,,,,unmatched,False,,"RTB Digital, Inc.",RTB,8742,2025-06-27,2025-12-05,2
0001421461,92621,52993,46121Y20,IPI,True,ticker_unique,True,,"Intrepid Potash, Inc.",IPI,1400,2024-11-04,2024-12-19,3
0001421636,,,,,,unmatched_name,False,,"C-Bond Systems, Inc",,6799,2023-01-24,2023-01-24,1
0001421876,,,,,,unmatched,False,,Lakefront Biotherapeutics NV,GLPGF;LKFT,2834,2024-08-23,2025-02-14,2
0001422142,17869,56397,00032Q10,WHWK,True,ticker_unique,True,,"Whitehawk Therapeutics, Inc.",WHWK,2834,2024-12-31,2025-01-30,2
0001422183,,,,,,unmatched,False,,FS KKR Capital Corp,FSK,,2022-02-16,2022-02-16,1
0001423221,92635,53000,74761910,NX,True,ticker_unique,True,,Quanex Building Products CORP,NX,3350,2024-08-02,2024-08-02,1
0001423774,,,,,,unmatched_name,False,,ZUORA INC,,7372,2022-03-28,2024-10-23,3
0001423869,18052,56488,69320M10,PCB,True,ticker_unique,True,,PCB BANCORP,PCB,6022,2023-03-16,2023-03-16,1
0001424404,,,,,,unmatched_name,False,,Wolverine Resources Corp.,,1000,2022-03-22,2023-08-09,7
0001424864,,,,,,unmatched,False,,Rise Gold Corp.,RYES,1000,2022-02-04,2023-10-02,2
0001425287,15914,55512,98138J50,WKHS,True,ticker_unique,True,,Workhorse Group Inc.,WKHS,3711,2025-12-16,2025-12-16,1
0001425292,,,,,,unmatched,False,,"CVR PARTNERS, LP",UAN,2870,2024-03-18,2024-03-18,1
0001425355,23260,59353,59982U20,SUIG,True,ticker_unique,True,,SUI Group Holdings Ltd.,SUIG,6199,2025-06-24,2025-08-07,2
0001426506,,,,,,unmatched_name,False,,SMG Industries Inc.,,4700,2023-08-31,2023-08-31,2
0001426800,12497,53635,04539620,ASMB,True,ticker_unique,True,,"ASSEMBLY BIOSCIENCES, INC.",ASMB,2834,2023-10-25,2023-10-31,2
0001427570,16393,55755,92943X10,HIND,True,ticker_unique,True,,"Vyome Holdings, Inc",HIND,2834,2023-02-15,2025-01-07,3
0001427925,12573,53673,00444T20,TLPH,True,ticker_unique,True,,"TALPHERA, INC.",TLPH,2834,2024-01-23,2025-09-12,2
0001428522,,,,,,unmatched_name,False,,"Radius Health, Inc.",,2834,2022-03-07,2022-06-16,2
0001430162,,,,,,unmatched,False,,Cosan S.A.,CSAN,5500,2022-06-14,2022-06-14,1
0001431852,,,,,,unmatched,False,,Osisko Gold Group Inc.,OGG;OGGWZ;OSDVF,1040,2025-02-04,2025-08-28,2
0001432133,21737,58579,48346710,KLTR,True,ticker_unique,True,,KALTURA INC,KLTR,7372,2022-07-28,2022-07-28,1
0001432364,,,,,,unmatched,False,,AZUL SA,AZUL;AZUXY,4512,2025-02-04,2025-02-04,1
0001433195,15410,55298,03783C10,APPF,True,ticker_unique,True,,APPFOLIO INC,APPF,7372,2022-11-10,2022-11-10,1
0001433607,13844,54363,45779A84,NSPR,True,ticker_unique,True,,"InspireMD, Inc.",NSPR,3841,2023-06-16,2025-10-29,2
0001433660,92729,53050,47783910,JBTM,True,ticker_unique,True,,JBT MAREL Corp,JBTM,3550,2025-01-10,2025-01-10,1
0001434728,16008,55545,37946310,GWRS,True,ticker_unique,True,,"Global Water Resources, Inc.",GWRS,4941,2023-06-16,2025-04-24,3
0001435049,,,,,,unmatched_name,False,,"CHINOOK THERAPEUTICS, INC.",,2834,2022-06-01,2023-08-11,2
0001435617,,,,,,unmatched,False,,"POWERDYNE INTERNATIONAL, INC.",PWDY,7374,2025-12-05,2025-12-08,3
0001436126,93065,53234,60649T10,MG,True,ticker_unique,True,,"Mistras Group, Inc.",MG,8711,2023-01-26,2024-07-09,3
0001437107,22976,59247,93442310,WBD,True,ticker_unique,True,,"Warner Bros. Discovery, Inc.",WBD,4841,2022-04-12,2022-04-12,1
0001437283,,,,,,unmatched,False,,"REGO PAYMENT ARCHITECTURES, INC.",RPMT,7372,2023-05-26,2023-05-26,1
0001437491,,,,,,unmatched_name,False,,"RiskOn International, Inc.",,7374,2023-03-10,2023-03-10,1
0001437925,,,,,,unmatched,False,,Meridian Holdings Inc./NV,MRDN,7372,2024-04-11,2024-04-11,1
0001438231,92808,53096,25381B10,DMRC,True,name_fallback,True,,Old Digimarc CORP,,7373,2025-03-20,2025-08-04,2
0001438472,27149,60430,59356Q10,MIAX,True,ticker_unique,True,,"MIAMI INTERNATIONAL HOLDINGS, INC.",MIAX,6211,2025-08-21,2025-08-21,2
0001438893,,,,,,unmatched,False,,"GAMCO Natural Resources, Gold & Income Trust",GNT;GNTPA,,2024-01-16,2024-01-16,1
0001439288,13305,54014,98983L10,ZWS,True,ticker_unique,True,,Zurn Elkay Water Solutions Corp,ZWS,3560,2022-07-12,2022-07-12,1
0001439725,19948,57427,09075X20,BDSX,True,ticker_unique,True,,BIODESIX INC,BDSX,8071,2022-04-18,2023-01-13,3
0001440972,,,,,,unmatched,False,,Lithium Argentina AG,LAR,1000,2023-02-28,2023-02-28,1
0001442236,14663,54866,74836W20,QRHC,True,ticker_unique,True,,Quest Resource Holding Corp,QRHC,4953,2025-05-08,2025-05-08,1
0001442620,,,,,,unmatched,False,,"Recon Technology, Ltd",RCON,1389,2022-04-04,2022-04-04,2
0001442999,,,,,,unmatched_name,False,,ALTEROLA BIOTECH INC.,,2833,2022-10-13,2022-10-13,1
0001443575,27120,60419,05368J10,AVBH,True,ticker_unique,True,,"Avidbank Holdings, Inc.",AVBH,6022,2025-08-12,2025-08-12,1
0001443611,,,,,,unmatched_name,False,,SinglePoint Inc.,,5960,2022-05-20,2022-05-20,1
0001444380,,,,,,unmatched_name,False,,NEVRO CORP,,3841,2023-12-11,2025-03-27,2
0001444839,,,,,,unmatched,False,,Bravo Multinational Inc.,BRVO,7990,2023-06-05,2023-06-14,5
0001445109,,,,,,unmatched_name,False,,NewStream Energy Technologies Group Inc,,1311,2022-05-26,2022-05-26,1
0001445283,,,,,,unmatched_name,False,,"KINETA, INC./DE",,2834,2023-02-14,2023-02-14,2
0001445499,,,,,,unmatched_name,False,,IPI Legacy Liquidation Co,,2834,2023-09-15,2023-09-15,1
0001446687,,,,,,unmatched_name,False,,"SILVER STAR PROPERTIES REIT, INC",,6500,2023-10-17,2023-10-17,1
0001447028,,,,,,unmatched,False,,Arbutus Biopharma Corp,ABUS,2834,2024-05-09,2024-05-09,1
0001447380,,,,,,unmatched,False,,MOBIVITY HOLDINGS CORP.,MFON,7372,2023-05-03,2023-05-03,1
0001448056,,,,,,unmatched_name,False,,"NEW RELIC, INC.",,7372,2022-06-21,2022-06-21,1
0001448397,,,,,,unmatched,False,,Seanergy Maritime Holdings Corp.,SHIP,4412,2023-03-31,2023-11-24,2
0001448431,17895,56419,68401U20,OPRX,True,ticker_unique,True,,OptimizeRx Corp,OPRX,7389,2025-02-05,2025-02-05,1
0001449488,,,,,,unmatched_name,False,,CSI Compressco LP,,1389,2023-08-03,2023-08-03,1
0001450704,22804,59199,92852R40,,False,ticker_unique,True,,"Vivakor, Inc.",VIVK,4953,2022-08-11,2022-08-11,1
0001452965,,,,,,unmatched_name,False,,MINERVA SURGICAL INC,,3841,2023-02-09,2023-02-09,1
0001453593,12592,53689,98420P30,XTNT,True,ticker_unique,True,,"Xtant Medical Holdings, Inc.",XTNT,3841,2022-09-06,2025-04-17,2
0001453687,16108,55591,81621230,RNAC,True,ticker_unique,True,,"Cartesian Therapeutics, Inc.",RNAC,2834,2023-11-22,2023-11-22,2
0001454789,,,,,,unmatched_name,False,,"Astria Therapeutics, Inc.",,2834,2025-10-24,2025-10-24,1
0001454938,21749,58586,69002R10,TEAD,True,ticker_unique,True,,Teads Holding Co.,TEAD,7370,2025-02-10,2025-02-10,1
0001455684,,,,,,unmatched,False,,"TPI COMPOSITES, INC",TPICQ,3510,2023-12-22,2025-02-12,2
0001459188,,,,,,unmatched,False,,Charging Robotics Inc.,CHEV,5013,2022-04-04,2022-04-04,1
0001460329,92486,52838,34380C20,FLNT,True,ticker_unique,True,,"Fluent, Inc.",FLNT,7310,2023-11-16,2023-11-16,1
0001460702,15436,55320,74754R30,AIXC,True,ticker_unique,True,,"AIxCrypto Holdings, Inc.",AIXC,6199,2025-11-12,2025-11-12,1
0001462418,,,,,,unmatched,False,,ALTISOURCE PORTFOLIO SOLUTIONS S.A.,ASPS;ASPSW;ASPSZ,7380,2023-02-21,2025-02-26,2
0001463000,,,,,,unmatched,False,,Grown Rogue International Inc.,GRUSF,0100,2025-07-01,2025-07-01,1
0001463833,,,,,,unmatched_name,False,,"IDW MEDIA HOLDINGS, INC.",,7310,2023-02-28,2023-02-28,1
0001464343,86819,16488,04914Y10,ATLC,True,ticker_unique,True,,Atlanticus Holdings Corp,ATLC;ATLCL;ATLCP;ATLCZ,6141,2022-02-10,2022-02-10,1
0001464591,,,,,,unmatched,False,,GeoPark Ltd,GPRK,1311,2025-05-30,2025-10-29,2
0001464790,15540,55369,05580M10,RILY,True,ticker_unique,True,,"BRC Group Holdings, Inc.",RILY;RILYG;RILYL;RILYN;RILYP;RILYT;RILYZ,6282,2022-02-02,2023-02-09,4
0001465311,,,,,,unmatched,False,,Zicix Corp,ZICX,7310,2025-11-12,2025-11-12,1
0001466538,,,,,,unmatched_name,False,,COWEN INC.,,6211,2022-08-12,2022-08-12,1
0001467761,21743,58581,60365W20,FIEE,True,ticker_unique,True,,"FiEE, Inc.",FIEE,3661,2024-01-30,2025-02-25,2
0001467808,,,,,,unmatched_name,False,,Global Cord Blood Corp,,8090,2022-05-23,2022-05-23,1
0001468091,,,,,,unmatched,False,,VEON Ltd.,VEON,4812,2023-04-17,2023-04-17,1
0001468327,22232,58882,76010Y20,RENT,True,ticker_unique,True,,"Rent the Runway, Inc.",RENT,5990,2024-01-17,2025-10-29,4
0001468492,23185,59315,42254E30,HSCS,True,ticker_unique,True,,HeartSciences Inc.,HSCS;HSCSW,6199,2023-06-14,2023-06-14,2
0001469395,,,,,,unmatched,False,,Pampa Energy Inc.,PAM;PPENF,4911,2024-10-15,2024-10-15,1
0001470683,,,,,,unmatched,False,,Antelope Enterprise Holdings Ltd,AEHL,4899,2023-04-20,2024-04-16,4
0001472012,19969,57444,45257U10,IMNM,True,ticker_unique,True,,Immunome Inc.,IMNM,2834,2023-07-07,2023-10-12,3
0001472326,,,,,,unmatched,False,,Brazil Potash Corp.,GRO,1400,2025-03-07,2025-03-07,1
0001474167,22771,59172,22141330,COSM,True,ticker_unique,True,,Cosmos Health Inc.,COSM,5122,2022-08-04,2022-11-04,2
0001474627,,,,,,unmatched,False,,"Newegg Commerce, Inc.",NEGG,5990,2025-07-01,2025-07-01,1
0001476034,17093,56141,59177410,MCB,True,ticker_unique,True,,Metropolitan Bank Holding Corp.,MCB,6022,2023-08-18,2023-08-18,1
0001477641,,,,,,unmatched,False,,DAQO NEW ENERGY CORP.,DQ,3674,2022-08-19,2022-08-19,1
0001477720,19746,57296,04342Y10,ASAN,True,ticker_unique,True,,"Asana, Inc.",ASAN,7372,2022-02-14,2022-02-14,1
0001479290,,,,,,unmatched_name,False,,"Revance Therapeutics, Inc.",,2834,2023-09-01,2023-09-01,1
0001479419,16824,56008,48311920,KALA,True,ticker_unique,True,,"KALA BIO, Inc.",KALA,2834,2024-06-28,2024-07-08,2
0001479615,,,,,,unmatched,False,,Silence Therapeutics plc,SLN;SLNCF,2834,2022-06-15,2022-06-15,1
0001479681,23041,59270,67079U30,NUTX,True,ticker_unique,True,,Nutex Health Inc.,NUTX,7389,2022-04-11,2022-04-11,2
0001481241,,,,,,unmatched,False,,Performance Shipping Inc.,PSHG,4412,2023-04-21,2023-09-01,3
0001481513,,,,,,unmatched,False,,"JinkoSolar Holding Co., Ltd.",JKS,3674,2022-12-23,2022-12-23,1
0001481646,,,,,,unmatched_name,False,,"Accolade, Inc.",,7389,2025-01-21,2025-01-21,1
0001482541,22768,59170,86887P30,BNC,True,ticker_unique,True,,CEA Industries Inc.,BNC;BNCWW;BNCWZ,0700,2023-11-30,2025-11-26,4
0001482554,,,,,,unmatched,False,,"Hartford Creative Group, Inc.",HFUS,7374,2024-03-05,2024-12-05,5
0001482688,,,,,,unmatched_name,False,,Sageworth Trust Co,,,2023-06-26,2023-09-11,3
0001483510,,,,,,unmatched_name,False,,"EXP OldCo Winddown, Inc.",,5600,2023-02-01,2023-02-01,1
0001484565,,,,,,unmatched_name,False,,SOLENO THERAPEUTICS INC,,2834,2023-05-18,2023-06-01,2
0001484769,19893,57384,35953D10,FUBO,True,ticker_unique,True,,FuboTV Inc.,FUBO,7812,2025-11-05,2025-11-05,1
0001485003,14452,54734,14216R10,,False,ticker_unique,True,,Carisma Therapeutics Inc.,CARM,2834,2022-11-18,2023-03-17,3
0001485074,,,,,,unmatched,False,,"Freeze Tag, Inc.",FRZT,7372,2025-07-17,2025-07-17,1
0001487198,16856,56030,04530L20,,False,ticker_unique,True,,"ASPEN GROUP, INC.",ASPU,8200,2022-03-21,2022-03-21,1
0001488775,,,,,,unmatched_name,False,,ClearBridge MLP & Midstream Fund Inc.,,,2022-10-07,2023-07-25,3
0001488917,12078,53490,28540910,ELMD,True,ticker_unique,True,,"Electromed, Inc.",ELMD,3845,2022-07-11,2022-07-11,1
0001490281,13108,53932,39947320,GRPN,True,ticker_unique,True,,"Groupon, Inc.",GRPN,7311,2022-05-27,2023-09-07,2
0001490286,,,,,,unmatched_name,False,,"Tortoise Midstream Energy Fund, Inc.",,,2023-03-21,2023-03-21,1
0001492074,,,,,,unmatched_name,False,,Abcam plc,,2836,2023-05-01,2023-10-16,2
0001492633,,,,,,unmatched_name,False,,Nielsen Holdings plc,,7389,2022-03-14,2022-03-14,1
0001492674,,,,,,unmatched_name,False,,"T2 Biosystems, Inc.",,3841,2024-04-19,2024-04-19,1
0001493137,,,,,,unmatched,False,,"Lifeloc Technologies, Inc",LCTC,3826,2025-04-18,2025-04-18,1
0001493318,,,,,,unmatched,False,,eToro Group Ltd.,ETOR,6211,2025-05-21,2025-05-22,2
0001493566,,,,,,unmatched_name,False,,"OTONOMY, INC.",,2834,2022-12-27,2022-12-27,1
0001493712,,,,,,unmatched,False,,Stimcell Energetics Inc.,STME,3841,2023-09-07,2023-09-07,1
0001493761,13328,54031,90045020,TBCH,True,ticker_unique,True,,Turtle Beach Corp,TBCH,3669,2023-03-23,2024-03-21,3
0001494413,,,,,,unmatched,False,,Two Hands Corp,TWOH,7389,2025-01-10,2025-01-10,1
0001495222,,,,,,unmatched,False,,Oxford Lane Capital Corp.,OXLC;OXLCG;OXLCI;OXLCL;OXLCM;OXLCN;OXLCO;OXLCZ,,2023-05-26,2024-11-14,3
0001495231,15943,55523,46604H20,IZEA,True,ticker_unique,True,,"IZEA Worldwide, Inc.",IZEA,7310,2024-05-17,2024-05-17,1
0001495320,12363,53546,92335C10,VRA,True,ticker_unique,True,,"Vera Bradley, Inc.",VRA,3100,2024-06-26,2024-06-26,1
0001495584,,,,,,unmatched,False,,"Firsthand Technology Value Fund, Inc.",SVVC,,2022-11-25,2022-11-25,1
0001495932,,,,,,unmatched,False,,"AGNT, Inc.",AGNT,6531,2025-03-04,2025-03-04,2
0001496292,,,,,,unmatched,False,,Voya Emerging Markets High Dividend Equity Fund,IHD,,2024-12-20,2024-12-20,1
0001496671,,,,,,unmatched_name,False,,"Calithera Biosciences, Inc.",,2834,2022-04-21,2022-04-21,1
0001496963,,,,,,unmatched_name,False,,"Squarespace, Inc.",,7372,2024-05-20,2024-10-16,4
0001497645,12566,53670,86608210,INN,True,ticker_unique,True,,"Summit Hotel Properties, Inc.",INN;INNPE;INNPF,6798,2022-07-25,2022-07-25,1
0001498233,,,,,,unmatched_name,False,,"Cepton, Inc.",,3714,2022-02-18,2022-02-18,1
0001498382,16164,55615,89892010,HURA,True,ticker_unique,True,,"TuHURA Biosciences, Inc./NV",HURA,2834,2024-10-25,2024-10-25,2
0001498403,,,,,,unmatched,False,,BioLineRx Ltd.,BLRX,2834,2023-10-26,2023-10-26,1
0001498710,,,,,,unmatched,False,,"Spirit Aviation Holdings, Inc.",FLYYQ,4512,2025-09-12,2025-09-12,1
0001499505,,,,,,unmatched,False,,Adecoagro S.A.,AGRO,0100,2024-08-16,2024-08-16,1
0001499717,,,,,,unmatched_name,False,,"Staffing 360 Solutions, Inc.",,7363,2023-08-10,2023-08-10,1
0001499780,,,,,,unmatched,False,,GLOBUS MARITIME LTD,GLBS,4412,2023-09-28,2025-12-03,2
0001499832,14778,54938,89223110,TSQ,True,ticker_unique,True,,"Townsquare Media, Inc.",TSQ,4832,2023-04-24,2023-04-24,1
0001499961,,,,,,unmatched,False,,"BOLLINGER INNOVATIONS, INC.",BINI,3711,2025-10-15,2025-10-15,1
0001500096,,,,,,unmatched_name,False,,"Kayne Anderson NextGen Energy & Infrastructure, Inc.",,,2022-10-20,2022-10-20,1
0001500305,,,,,,unmatched_name,False,,Sustainable Projects Group Inc.,,1311,2023-02-24,2023-02-24,4
0001501697,17105,56149,98420X20,XFOR,True,ticker_unique,True,,"X4 Pharmaceuticals, Inc",XFOR,2836,2022-07-19,2025-08-18,3
0001501756,,,,,,unmatched_name,False,,"Adverum Biotechnologies, Inc.",,2836,2025-05-20,2025-05-20,1
0001502377,22369,59001,21077F10,CTGO,True,ticker_unique,True,,Contango Silver & Gold Inc.,CTGO,1040,2025-10-30,2025-10-30,1
0001502557,,,,,,unmatched,False,,Kun Peng International Ltd.,KPEA,8200,2024-05-07,2025-08-28,6
0001503274,17155,56181,74766Q10,QTRX,True,ticker_unique,True,,Quanterix Corp,QTRX,3826,2025-01-16,2025-02-13,2
0001505065,,,,,,unmatched,False,,Brainsway Ltd.,BRSYF;BWAY,3841,2024-11-13,2024-11-13,1
0001505155,15087,55124,91544A10,UPLD,True,ticker_unique,True,,"Upland Software, Inc.",UPLD,7372,2022-08-25,2022-08-25,1
0001505611,,,,,,unmatched_name,False,,"DecisionPoint Systems, Inc.",,7370,2022-06-30,2022-06-30,1
0001506488,,,,,,unmatched,False,,NXG NextGen Infrastructure Income Fund,NXG,,2023-05-08,2023-05-08,1
0001506492,13279,54003,67113Y70,NUWE,True,ticker_unique,True,,"Nuwellis, Inc.",NUWE,3845,2025-06-16,2025-06-16,1
0001506928,,,,,,unmatched_name,False,,Avinger Inc,,3841,2024-03-14,2024-03-14,1
0001506929,,,,,,unmatched,False,,"VERDE RESOURCES, INC.",VRDR,1040,2023-02-28,2023-03-21,2
0001508475,,,,,,unmatched,False,,"VNET Group, Inc.",VNET,7370,2022-04-08,2024-01-05,2
0001509253,,,,,,unmatched_name,False,,Nuveen Short Duration Credit Opportunities Fund,,,2023-02-06,2023-02-06,1
0001509470,,,,,,unmatched,False,,Neostellar Capital Corp.,NSLR;NSLRL,,2024-10-08,2024-12-04,2
0001509589,,,,,,unmatched_name,False,,"CIVITAS RESOURCES, INC.",,1311,2025-11-10,2025-11-10,1
0001509745,16542,55835,52187K20,CYPH,True,ticker_unique,True,,CYPHERPUNK TECHNOLOGIES INC.,CYPH,2834,2025-10-16,2025-10-16,1
0001512228,,,,,,unmatched,False,,NIOCORP DEVELOPMENTS LTD,NB;NIOBW,1000,2024-01-17,2024-01-17,1
0001512717,,,,,,unmatched_name,False,,Theratechnologies Inc.,,2834,2023-11-13,2023-11-28,2
0001512922,21866,58674,71681740,,False,ticker_unique,True,,"PetVivo Holdings, Inc.",PETV,3841,2022-06-23,2024-01-22,4
0001513789,,,,,,unmatched_name,False,,FIRST TRUST ENERGY INFRASTRUCTURE FUND,,,2023-02-23,2023-02-23,1
0001514056,,,,,,unmatched,False,,Titan Environmental Solutions Inc.,TESI,7371,2023-06-28,2025-04-28,5
0001514281,12828,53803,00122850,MITT,True,ticker_unique,True,,"TPG Mortgage Investment Trust, Inc.",MITN;MITP;MITT;MITTPA;MITTPB;MITTPC,6798,2022-04-12,2025-08-08,3
0001514743,,,,,,unmatched_name,False,,"IF Bancorp, Inc.",,6035,2023-09-18,2023-09-18,1
0001514946,,,,,,unmatched,False,,"AXIM BIOTECHNOLOGIES, INC.",AXIM,2834,2022-08-31,2022-09-23,3
0001515139,,,,,,unmatched,False,,WASTE ENERGY CORP.,WAST,7389,2024-01-10,2024-01-10,1
0001515156,90400,45708,00770C10,ARQ,True,ticker_unique,True,,"Arq, Inc.",ARQ,2890,2023-02-14,2023-03-20,3
0001515317,,,,,,unmatched,False,,MAGELLAN COPPER & GOLD Corp,MAGE,1000,2024-01-16,2024-01-16,1
0001515816,,,,,,unmatched_name,False,,"Plymouth Industrial REIT, Inc.",,6798,2025-08-18,2025-08-18,1
0001516551,,,,,,unmatched,False,,"Skye Bioscience, Inc.",SKYE,2834,2023-08-28,2023-08-28,1
0001516899,,,,,,unmatched,False,,"Yatra Online, Inc.",YTRA,4700,2022-07-01,2025-12-08,2
0001517396,,,,,,unmatched,False,,STRATASYS LTD.,SSYS,3577,2023-03-06,2025-04-10,4
0001517518,,,,,,unmatched,False,,ClearBridge Energy Midstream Opportunity Fund Inc.,EMO,,2022-09-26,2022-09-26,1
0001517767,,,,,,unmatched,False,,Carlyle Credit Income Fund,CCID;CCIF,,2023-01-23,2023-12-01,2
0001518715,13278,54001,43785V10,MCHB,True,ticker_unique,True,,Mechanics Bancorp,MCHB,6022,2025-09-09,2025-09-09,1
0001519061,,,,,,unmatched,False,,Trinseo PLC,TSEOQ,2821,2022-05-10,2022-08-12,2
0001519505,,,,,,unmatched_name,False,,Miller/Howard High Income Equity Fund,,,2022-01-05,2022-01-05,1
0001520697,13105,53929,00404A10,ACHC,True,ticker_unique,True,,"Acadia Healthcare Company, Inc.",ACHC,8093,2025-10-01,2025-10-01,1
0001521945,,,,,,unmatched_name,False,,"Prospect Floating Rate & Alternative Income Fund, Inc.",,,2024-02-26,2024-02-26,1
0001522222,,,,,,unmatched_name,False,,"CLS Holdings USA, Inc.",,5900,2024-02-12,2025-01-03,4
0001523289,,,,,,unmatched,False,,Destra Multi-Alternative Fund,DMA,,2023-08-22,2023-08-22,1
0001524025,13399,54077,88688510,TLYS,True,ticker_unique,True,,"TILLY'S, INC.",TLYS,5600,2023-03-15,2023-03-15,1
0001524358,13085,53923,57164Y10,VAC,True,ticker_unique,True,,MARRIOTT VACATIONS WORLDWIDE Corp,VAC,6531,2024-04-19,2024-04-19,1
0001524931,,,,,,unmatched_name,False,,"CHUY'S HOLDINGS, INC.",,5812,2024-08-29,2024-10-08,2
0001526113,15455,55328,37937820,GNL,True,ticker_unique,True,,"Global Net Lease, Inc.",GNL;GNLPA;GNLPB;GNLPD;GNLPE,6798,2023-09-22,2023-09-22,1
0001526329,,,,,,unmatched_name,False,,"TORTOISE PIPELINE & ENERGY FUND, INC.",,,2023-03-21,2023-03-21,1
0001526520,13168,53964,89694520,TRIP,True,ticker_unique,True,,"TripAdvisor, Inc.",TRIP,7370,2025-07-03,2025-07-03,1
0001527096,,,,,,unmatched_name,False,,Miromatrix Medical Inc.,,2836,2023-12-22,2023-12-22,1
0001527508,,,,,,unmatched_name,False,,Pactiv Evergreen Inc.,,2673,2022-06-28,2022-06-28,1
0001527541,13700,54273,96302578,WHLR,True,ticker_unique,True,,"Wheeler Real Estate Investment Trust, Inc.",WHLR;WHLRD;WHLRL;WHLRP,6798,2022-06-02,2025-09-02,6
0001527590,13787,54326,75574U10,RC,True,ticker_unique,True,,Ready Capital Corp,RC;RCD;RCPC;RCPE,6798,2025-08-05,2025-08-05,1
0001527599,15787,55461,87166L20,SYBX,True,ticker_unique,True,,"SYNLOGIC, INC.",SYBX,2834,2024-02-16,2024-02-16,1
0001527613,,,,,,unmatched,False,,CIMG Inc.,CIMG,5900,2025-04-03,2025-10-23,7
0001527636,,,,,,unmatched,False,,Autohome Inc.,ATHM,7374,2025-08-29,2025-08-29,1
0001527728,18309,56608,29350E20,LNAI,True,ticker_unique,True,,Lunai Bioworks Inc.,LNAI,2834,2023-05-19,2023-05-19,1
0001527753,18783,56798,71535D10,PSNL,True,ticker_unique,True,,"Personalis, Inc.",PSNL,8071,2024-07-03,2024-07-03,1
0001527762,,,,,,unmatched,False,,Chaince Digital Holdings Inc.,CD,6199,2022-01-21,2024-01-05,5
0001528115,19544,57166,03589W10,ANNX,True,ticker_unique,True,,"Annexon, Inc.",ANNX,2834,2022-07-18,2022-07-18,1
0001528129,,,,,,unmatched_name,False,,"Vital Energy, Inc.",,1311,2023-12-05,2023-12-05,1
0001528287,21081,58213,64128810,NPCE,True,ticker_unique,True,,NeuroPace Inc,NPCE,3841,2022-11-21,2022-11-21,1
0001528437,,,,,,unmatched,False,,BlackRock Municipal 2030 Target Term Trust,BTT,,2024-05-07,2024-05-07,1
0001528930,,,,,,unmatched_name,False,,"Franchise Group, Inc.",,6794,2023-05-11,2023-08-11,7
0001529113,14610,54832,98423K40,XTIA,True,ticker_unique,True,,"XTI Aerospace, Inc.",XTIA,7371,2024-03-19,2024-03-19,1
0001529274,21017,58194,01644J10,ALKT,True,ticker_unique,True,,"ALKAMI TECHNOLOGY, INC.",ALKT,7372,2025-08-20,2025-08-20,1
0001530163,,,,,,unmatched_name,False,,"Samsara Luggage, Inc.",,5990,2024-01-09,2024-01-09,1
0001530185,,,,,,unmatched,False,,"Globaltek Ventures, Inc.",ATVK,3714,2023-04-18,2023-04-18,1
0001530766,18103,56515,09073N30,STEX,True,ticker_unique,True,,Streamex Corp.,STEX,3845,2025-11-10,2025-11-10,2
0001532619,,,,,,unmatched,False,,Power REIT,PW;PWPA,6798,2024-07-25,2025-12-01,2
0001533743,19985,57459,74275C40,PCSA,True,ticker_unique,True,,"Processa Pharmaceuticals, Inc.",PCSA,2834,2025-08-13,2025-08-13,1
0001533924,16442,54043,03212B10,AMPY,True,ticker_unique,True,,Amplify Energy Corp.,AMPY,1311,2025-04-16,2025-04-16,1
0001534133,19833,57348,38942Q20,CALC,True,ticker_unique,True,,"CalciMedica, Inc.",CALC,2834,2023-03-30,2024-11-26,2
0001534154,21829,58645,46264C30,AUID,True,ticker_unique,True,,authID Inc.,AUID,7372,2022-04-28,2022-04-28,1
0001534248,,,,,,unmatched,False,,Chemomab Therapeutics Ltd.,CMMB,2834,2022-01-20,2022-01-20,1
0001534504,13730,54291,69318G10,PBF,True,ticker_unique,True,,PBF Energy Inc.,PBF,2911,2024-10-03,2024-10-03,1
0001534525,16473,55796,98401560,XBIO,True,ticker_unique,True,,"Xenetic Biosciences, Inc.",XBIO,2834,2023-06-15,2023-06-15,1
0001534708,16887,56046,27780250,BLNE,True,ticker_unique,True,,"Beeline Holdings, Inc.",BLNE,6162,2022-12-21,2025-03-20,2
0001534969,21763,58599,81749D10,SERA,True,ticker_unique,True,,"SERA PROGNOSTICS, INC.",SERA,8071,2025-02-14,2025-02-14,1
0001537028,,,,,,unmatched_name,False,,"Independence Contract Drilling, Inc.",,1381,2022-01-26,2022-03-29,2
0001537917,,,,,,unmatched_name,False,,"TYME TECHNOLOGIES, INC.",,2834,2022-07-13,2022-07-13,1
0001538210,,,,,,unmatched_name,False,,"NexImmune, Inc.",,2834,2023-04-07,2023-04-07,1
0001538263,13534,54151,43787210,HTB,True,ticker_unique,True,,"HomeTrust Bancshares, Inc.",HTB,6035,2023-02-22,2023-02-22,1
0001538716,18958,56892,68376D10,OPRT,True,ticker_unique,True,,Oportun Financial Corp,OPRT,6199,2023-11-27,2024-11-20,2
0001538822,,,,,,unmatched_name,False,,Pacific Coast Oil Trust,,1311,2022-10-11,2025-12-09,3
0001539337,,,,,,unmatched,False,,Nuveen Real Asset Income & Growth Fund,JRI,,2023-08-14,2023-08-14,1
0001539838,13641,54222,25278X10,FANG,True,ticker_unique,True,,"Diamondback Energy, Inc.",FANG,1311,2024-09-13,2024-09-13,1
0001540013,,,,,,unmatched_name,False,,Quipt Home Medical Corp.,,8090,2024-12-11,2025-11-07,3
0001540159,,,,,,unmatched,False,,"Edesa Biotech, Inc.",EDSA,2834,2025-02-18,2025-02-18,1
0001540684,,,,,,unmatched,False,,Atlas Lithium Corp,ATLX,1400,2022-06-30,2024-04-10,4
0001540755,,,,,,unmatched_name,False,,"Anaplan, Inc.",,7372,2022-03-17,2022-03-17,2
0001541157,,,,,,unmatched,False,,Akari Therapeutics Plc,AKTX,2834,2024-06-07,2024-06-18,2
0001542028,,,,,,unmatched_name,False,,DOLLY VARDEN SILVER CORP,,1040,2025-05-30,2025-05-30,1
0001543418,,,,,,unmatched,False,,Trilogy Metals Inc.,TMQ,1040,2025-10-27,2025-10-27,1
0001543916,,,,,,unmatched_name,False,,"ForgeRock, Inc.",,7372,2022-02-14,2023-03-20,3
0001544227,13883,54381,87978U20,TPST,True,ticker_unique,True,,"Tempest Therapeutics, Inc.",TPST,2834,2022-05-09,2022-05-09,1
0001544400,,,,,,unmatched,False,,NFiniTi inc.,NFTN,1382,2025-07-17,2025-07-17,2
0001544522,21895,58697,35805410,FRSH,True,ticker_unique,True,,Freshworks Inc.,FRSH,7372,2022-03-21,2025-01-29,2
0001546296,13828,54354,74312Y40,IPDN,True,ticker_unique,True,,"Professional Diversity Network, Inc.",IPDN,7370,2022-11-23,2025-01-31,4
0001546417,13548,54162,09423510,BLMN,True,ticker_unique,True,,"Bloomin' Brands, Inc.",BLMN,5812,2023-08-18,2023-08-18,1
0001547158,,,,,,unmatched_name,False,,"TORTOISE ENERGY INDEPENDENCE FUND, INC.",,,2022-01-10,2023-05-31,2
0001547341,,,,,,unmatched_name,False,,ClearBridge MLP & Midstream Total Return Fund Inc.,,,2022-09-26,2022-09-26,1
0001547546,13809,54342,55025L10,LFT,True,ticker_unique,True,,"Lument Finance Trust, Inc.",LFT;LFTPA,6798,2022-02-25,2022-02-25,1
0001549107,,,,,,unmatched,False,,Manchester United plc,MANU,7900,2024-02-21,2024-02-21,1
0001550913,25804,60068,55453W50,MKZR,True,ticker_unique,True,,"MacKenzie Realty Capital, Inc.",MKZR,6798,2025-08-21,2025-08-21,1
0001551693,,,,,,unmatched_name,False,,"PROJECT SAGE OLDCO, INC.",,3842,2022-11-15,2022-11-15,1
0001552189,,,,,,unmatched_name,False,,"PANACEA LIFE SCIENCES HOLDINGS, INC.",,2833,2023-06-23,2023-06-23,1
0001552800,13563,54170,88677Q20,,False,ticker_unique,True,,"TILE SHOP HOLDINGS, INC.",TTSH,5700,2022-07-22,2025-10-07,2
0001553788,21417,58345,84862C30,SBEV,True,ticker_unique,True,,"Endovia Health Sciences, Inc.",EDVA;SBEV,2080,2025-10-21,2025-10-31,6
0001553846,,,,,,unmatched,False,,RedHill Biopharma Ltd.,RDHL,2834,2024-08-07,2024-08-07,1
0001556263,,,,,,unmatched_name,False,,"Syros Pharmaceuticals, Inc.",,2834,2022-07-13,2023-10-20,2
0001556266,,,,,,unmatched_name,False,,"BAIYU Holdings, Inc.",,5050,2022-07-01,2023-12-07,7
0001556336,,,,,,unmatched_name,False,,FIRST TRUST MLP & ENERGY INCOME FUND,,,2023-06-09,2023-06-09,1
0001556801,,,,,,unmatched,False,,"My City Builders, Inc.",MYCB,6500,2024-01-22,2025-01-22,6
0001557376,,,,,,unmatched,False,,"Zeo ScientifiX, Inc.",ZEOX,2836,2022-09-13,2022-12-30,3
0001557523,,,,,,unmatched,False,,Principal Real Estate Income Fund,PGZ,,2023-10-03,2023-10-16,2
0001557798,26599,60255,88631G20,CIIT,True,ticker_unique,True,,"Tianci International, Inc.",CIIT,3576,2025-11-07,2025-11-07,1
0001558569,21562,58469,45032V20,ISPC,True,ticker_unique,True,,iSpecimen Inc.,ISPC,8731,2023-04-17,2023-04-17,1
0001559356,,,,,,unmatched_name,False,,Biostax Corp.,,2834,2022-12-15,2022-12-15,1
0001559432,,,,,,unmatched,False,,"TXO Partners, L.P.",TXO,1311,2024-07-02,2025-05-19,3
0001559998,,,,,,unmatched_name,False,,"Gaucho Group Holdings, Inc.",,6552,2022-03-25,2022-03-25,1
0001560258,17877,56402,28531P20,ECOR,True,ticker_unique,True,,"electroCore, Inc.",ECOR,3845,2023-12-18,2025-05-14,2
0001560293,23058,59274,88066N30,TNON,True,ticker_unique,True,,"Tenon Medical, Inc.",TNON;TNONW,3841,2025-08-08,2025-08-08,1
0001560327,15541,55370,75342210,RPD,True,ticker_unique,True,,"Rapid7, Inc.",RPD,7372,2024-09-27,2024-09-27,1
0001560385,,,,,,ambiguous_ticker,False,13757;14811,Liberty Media Corp,FWONA;FWONB;FWONK,4833,2025-02-11,2025-02-11,1
0001561921,19082,56957,87238110,TELA,True,ticker_unique,True,,"TELA Bio, Inc.",TELA,3841,2022-06-10,2022-06-10,1
0001562733,25759,60051,87165D20,SNYR,True,ticker_unique,True,,Synergy CHC Corp.,SNYR,2833,2024-10-31,2024-10-31,1
0001563568,,,,,,unmatched,False,,"AZIO AI HOLDINGS, INC.",AZIO,3714,2025-06-06,2025-06-06,1
0001563577,19072,56947,36338D10,,False,ticker_unique,True,,"Galera Therapeutics, Inc.",GRTX;GRTXD,2834,2023-02-09,2023-02-09,1
0001563665,,,,,,unmatched,False,,"Harvard Apparatus Regenerative Technology, Inc.",HRGN,3841,2024-09-26,2024-09-26,1
0001564708,,,,,,ambiguous_ticker,False,13963;13964,NEWS CORP,NWS;NWSA;NWSLL,2711,2025-09-12,2025-09-12,2
0001564824,,,,,,unmatched_name,False,,Allakos Inc.,,2834,2022-10-11,2025-02-03,2
0001565228,14060,54488,92836Y40,,False,ticker_unique,True,,"Vislink Technologies, Inc.",VISL,3669,2023-01-03,2025-02-12,2
0001565381,,,,,,unmatched,False,,"BNY Mellon Municipal Bond Infrastructure Fund, Inc.",DMB,,2024-06-12,2024-06-12,1
0001566044,,,,,,unmatched,False,,"Yarrow Bioscience, Inc.",YARW,2834,2023-11-13,2023-11-13,1
0001566469,,,,,,unmatched_name,False,,"NantHealth, Inc.",,7374,2023-09-07,2023-09-26,2
0001566610,18568,56713,92337U30,TONX,True,ticker_unique,True,,TON Strategy Co,TONX,6199,2025-07-14,2025-08-14,2
0001566826,14934,55028,67091J60,,False,ticker_unique,True,,"LogicMark, Inc.",LGMK,3842,2023-08-16,2024-10-18,3
0001567683,,,,,,ambiguous_ticker,False,14030;15332,"Clearway Energy, Inc.",CWEN,4911,2022-09-15,2025-01-30,2
0001567892,,,,,,unmatched_name,False,,Keenova Therapeutics plc,,2834,2023-06-16,2025-08-07,6
0001567900,,,,,,unmatched,False,,REALLOYS INC.,ALOY,1000,2024-10-23,2024-10-23,1
0001569345,21353,58321,85208T10,CXM,True,ticker_unique,True,,"Sprinklr, Inc.",CXM,7372,2022-04-21,2022-04-21,1
0001570827,17332,56280,92645B10,VCTR,True,ticker_unique,True,,"Victory Capital Holdings, Inc.",VCTR,6282,2024-07-15,2024-07-15,1
0001570843,,,,,,unmatched,False,,Greenbriar Sustainable Living Inc.,GEBRF,6500,2023-02-08,2023-02-08,1
0001571329,,,,,,unmatched_name,False,,Logan Ridge Finance Corp.,,,2022-12-02,2023-11-09,2
0001571498,,,,,,unmatched_name,False,,"Epizyme, Inc.",,2834,2022-07-07,2022-07-07,1
0001573221,18784,56799,88339P10,REAL,True,ticker_unique,True,,"TheRealReal, Inc.",REAL,5900,2024-11-01,2024-11-01,1
0001574085,14268,54623,10482B10,BHR,True,ticker_unique,True,,Braemar Hotels & Resorts Inc.,BHR;BHRPB;BHRPD,6798,2024-05-21,2025-11-18,4
0001574197,16746,55958,33833Q10,FPH,True,ticker_unique,True,,"Five Point Holdings, LLC",FPH,6500,2024-09-27,2024-10-23,2
0001575142,,,,,,unmatched,False,,"BIOADAPTIVES, INC.",BDPT,2834,2024-10-22,2024-10-22,2
0001576427,,,,,,unmatched,False,,Criteo S.A.,CRTO,7311,2024-02-27,2024-02-27,1
0001576789,,,,,,unmatched,False,,Wix.com Ltd.,WIX,7370,2022-09-16,2022-09-16,1
0001576914,,,,,,unmatched_name,False,,MiX Telematics Ltd,,7372,2022-03-25,2022-03-25,1
0001579091,24258,59656,56539410,CART,True,ticker_unique,True,,Maplebear Inc.,CART,7389,2024-02-27,2024-02-27,1
0001579157,14296,54640,92719W20,VNCE,True,ticker_unique,True,,VINCE HOLDING CORP.,VNCE,5600,2025-01-29,2025-01-29,1
0001579877,14503,54762,69007J30,OUT,True,ticker_unique,True,,OUTFRONT Media Inc.,OUT,6798,2023-10-24,2023-10-24,1
0001579878,27079,60407,31684110,FIG,True,ticker_unique,True,,"Figma, Inc.",FIG,7372,2025-10-28,2025-10-28,1
0001580490,,,,,,unmatched,False,,I-ON Digital Corp.,IONI,6199,2025-04-14,2025-04-14,1
0001580864,,,,,,unmatched,False,,"Vroom, Inc.",VRM;VRMWW,5500,2025-01-22,2025-01-22,1
0001581178,,,,,,unmatched,False,,EUPRAXIA PHARMACEUTICALS INC.,EPRX,2834,2024-11-07,2024-11-07,1
0001582554,16613,55876,57681030,MTNB,True,ticker_unique,True,,"Matinas BioPharma Holdings, Inc.",MTNB,2834,2025-01-06,2025-02-21,3
0001582581,,,,,,unmatched_name,False,,voxeljet AG,,3555,2024-01-22,2024-01-22,1
0001583107,,,,,,unmatched,False,,"Theravance Biopharma, Inc.",TBPH,2834,2023-04-12,2023-04-12,1
0001583648,15433,55317,69794710,PVLA,True,ticker_unique,True,,"PALVELLA THERAPEUTICS, INC.",PVLA,2834,2023-05-22,2024-12-20,2
0001584371,,,,,,unmatched,False,,IceCure Medical Ltd.,ICCM,3841,2025-05-14,2025-05-14,1
0001584541,,,,,,unmatched_name,False,,"Semnur, Inc.",,2834,2025-09-26,2025-09-26,1
0001584831,,,,,,unmatched,False,,OXBRIDGE RE HOLDINGS Ltd,OXBR;OXBRW,6331,2023-07-31,2023-07-31,1
0001587264,,,,,,unmatched_name,False,,ENETI INC.,,4412,2022-05-13,2023-12-26,2
0001587987,58836,579,65252620,NEWT,True,ticker_unique,True,,"NewtekOne, Inc.",NEWT;NEWTG;NEWTH;NEWTI;NEWTO;NEWTP,6021,2022-01-10,2025-09-22,5
0001588972,,,,,,unmatched_name,False,,"Societal CDMO, Inc.",,2834,2022-06-27,2024-03-06,3
0001589061,15653,55407,40382910,GYRO,True,ticker_unique,True,,"Gyrodyne, LLC",GYRO,6512,2022-08-01,2022-08-01,1
0001589149,,,,,,unmatched,False,,"Greenwave Technology Solutions, Inc.",GWAV,5051,2022-02-15,2022-02-15,1
0001589361,,,,,,unmatched_name,False,,White River Energy Corp.,,4700,2023-12-06,2023-12-07,2
0001589420,,,,,,unmatched_name,False,,FIRST TRUST NEW OPPORTUNITIES MLP & ENERGY FUND,,,2023-07-24,2023-07-24,1
0001590496,,,,,,unmatched_name,False,,Aerkomm Inc.,,4899,2023-01-03,2025-02-18,2
0001590584,,,,,,unmatched,False,,Civeo Corp,CVEO,7000,2025-02-07,2025-02-26,2
0001590715,18396,56641,02927U20,AREC,True,ticker_unique,True,,American Resources Corp,AREC,1220,2023-08-28,2023-08-28,2
0001591670,14566,54804,31154R10,FPI,True,ticker_unique,True,,Farmland Partners Inc.,FPI,6798,2023-10-10,2023-10-10,1
0001592000,,,,,,unmatched_name,False,,"EnLink Midstream, LLC",,4922,2024-10-15,2024-10-15,1
0001592057,,,,,,unmatched_name,False,,"Enviva, LLC",,2400,2024-12-13,2024-12-13,1
0001592058,,,,,,unmatched_name,False,,Party City Holdco Inc.,,5900,2023-10-23,2023-10-23,4
0001593184,,,,,,unmatched,False,,"BIOREGENX, INC.",BRGX,7370,2024-04-29,2024-04-29,3
0001593538,14601,54824,63938C10,NAVI,True,ticker_unique,True,,NAVIENT CORP,JSM;NAVI,6211,2022-03-04,2022-03-04,1
0001593899,19939,57418,04683R10,AVIR,True,ticker_unique,True,,"Atea Pharmaceuticals, Inc.",AVIR,2834,2023-05-22,2025-03-04,3
0001593984,,,,,,unmatched,False,,MediWound Ltd.,MDWD,2833,2022-03-17,2024-07-19,2
0001594555,,,,,,unmatched_name,False,,"HV Bancorp, Inc.",,6022,2022-06-21,2022-06-21,1
0001595527,19602,57209,64943930,NYC,True,ticker_unique,True,,American Strategic Investment Co.,NYC,6798,2022-02-11,2022-02-11,1
0001595974,14580,54813,55955D10,MGNI,True,ticker_unique,True,,"MAGNITE, INC.",MGNI,7370,2022-11-10,2022-11-10,1
0001596946,,,,,,unmatched_name,False,,Quotient Ltd,,2835,2022-07-06,2023-02-27,9
0001596961,16999,56105,78138630,RDNW,True,ticker_unique,True,,"RideNow Group, Inc.",RDNW,7371,2023-03-06,2023-08-11,2
0001596964,,,,,,unmatched_name,False,,Hailiang Education Group Inc.,,8200,2022-05-18,2022-05-18,1
0001597095,,,,,,unmatched,False,,Tuniu Corp,TOUR,4700,2023-12-27,2023-12-27,1
0001597313,,,,,,unmatched_name,False,,"ViewRay, Inc.",,3845,2023-04-27,2023-04-27,1
0001597553,,,,,,unmatched_name,False,,"Sage Therapeutics, Inc.",,2834,2025-01-10,2025-01-10,1
0001597672,14682,54876,75508B10,RYAM,True,ticker_unique,True,,RAYONIER ADVANCED MATERIALS INC.,RYAM,2611,2022-03-10,2022-03-10,1
0001597892,,,,,,unmatched_name,False,,JRSIS HEALTH CARE Corp,,8060,2022-06-28,2022-06-28,1
0001598347,,,,,,unmatched_name,False,,Truworths International Ltd/ADR,,,2025-06-05,2025-07-07,4
0001598646,14822,54967,60338020,NERV,True,ticker_unique,True,,"Minerva Neurosciences, Inc.",NERV,2834,2023-07-07,2025-10-28,2
0001598981,22797,59194,78471E10,SKYX,True,ticker_unique,True,,SKYX Platforms Corp.,SKYX,3640,2022-02-15,2022-02-16,2
0001599489,,,,,,unmatched_name,False,,Veritiv Corp,,5110,2023-08-11,2023-08-11,1
0001600422,,,,,,unmatched_name,False,,"Superior Drilling Products, Inc.",,3533,2022-05-09,2022-05-09,1
0001600620,,,,,,unmatched,False,,Aurinia Pharmaceuticals Inc.,AUPH,2834,2024-09-12,2024-09-12,1
0001600641,21529,58439,32055110,DIBS,True,ticker_unique,True,,"1stdibs.com, Inc.",DIBS,5961,2025-11-21,2025-11-21,1
0001600847,,,,,,unmatched_name,False,,Gamida Cell Ltd.,,2836,2023-08-21,2023-08-21,1
0001601485,20567,57905,28657F10,ELTX,True,ticker_unique,True,,"Elicio Therapeutics, Inc.",ELTX,2834,2022-04-27,2023-06-14,3
0001601548,14884,55001,92242T10,VVX,True,ticker_unique,True,,"V2X, Inc.",VVX,8744,2022-07-15,2022-07-15,1
0001602409,22551,59070,31788K10,FNGR,True,ticker_unique,True,,"FingerMotion, Inc.",FNGR,7372,2024-08-08,2024-08-08,1
0001603207,,,,,,unmatched_name,False,,"Notable Labs, Ltd.",,2834,2023-10-19,2023-10-19,1
0001603454,16923,56058,15102K10,CELC,True,ticker_unique,True,,Celcuity Inc.,CELC,8071,2022-05-24,2025-08-01,2
0001604174,,,,,,unmatched,False,,Eagle Point Credit Co,ECC;ECCC;ECCPD;ECCU;ECCV,,2023-04-04,2023-04-04,1
0001604191,16377,55744,33749P50,GRDX,True,ticker_unique,True,,GridAI Technologies Corp.,GRDX,4931,2025-06-09,2025-06-09,1
0001604464,14991,55066,04651320,ATRA,True,ticker_unique,True,,"Atara Biotherapeutics, Inc.",ATRA,2836,2024-05-22,2025-05-23,3
0001604481,,,,,,unmatched,False,,CMB.TECH NV,CMBT,4412,2022-02-14,2022-02-14,1
0001604738,,,,,,unmatched_name,False,,Ashford Inc.,,8742,2023-04-07,2024-04-11,4
0001604778,85035,15506,74736K10,QRVO,True,ticker_unique,True,,"Qorvo, Inc.",QRVO,3674,2025-01-17,2025-01-17,1
0001604888,,,,,,unmatched_name,False,,"Series K - Avenue Europe Capital Solutions Fund, a series of Green Square Private Investment Partners, LLC",,,2025-05-15,2025-05-15,1
0001605057,,,,,,unmatched,False,,"Vemanti Group, Inc.",VMNT,6199,2024-04-12,2024-04-15,2
0001605331,,,,,,unmatched,False,,AI Era Corp.,AERA,6794,2025-03-17,2025-03-17,1
0001605607,,,,,,unmatched_name,False,,"Paramount Group, Inc.",,6798,2022-02-25,2025-05-20,2
0001605888,,,,,,unmatched,False,,CIRCLE8 GROUP INC,CIRC;CIRCW,7363,2024-06-27,2025-05-15,7
0001606366,14812,54960,26860310,LOCO,True,ticker_unique,True,,"El Pollo Loco Holdings, Inc.",LOCO,5812,2022-09-02,2025-05-29,3
0001606457,,,,,,unmatched_name,False,,Atento S.A.,,4813,2022-03-23,2023-03-20,5
0001606745,,,,,,unmatched_name,False,,"Liberty TripAdvisor Holdings, Inc.",,7374,2024-01-11,2024-11-29,2
0001606909,,,,,,unmatched,False,,Pangaea Logistics Solutions Ltd.,PANL,4412,2025-01-06,2025-01-06,1
0001607962,,,,,,unmatched,False,,Lifeward Ltd.,LFWD,3842,2023-02-22,2023-02-22,1
0001609253,20188,55089,13057Q30,CRC,True,ticker_unique,True,,California Resources Corp,CRC,1311,2024-07-09,2024-07-09,2
0001609988,,,,,,unmatched_name,False,,flooidCX Corp.,,7389,2022-08-15,2022-08-15,1
0001610590,,,,,,unmatched,False,,Check-Cap Ltd,MBAI,3844,2023-09-29,2024-04-01,2
0001610618,,,,,,unmatched_name,False,,"Cidara Therapeutics, Inc.",,2836,2024-07-25,2024-07-25,1
0001610853,17690,56338,42328V87,HSDT,True,ticker_unique,True,,Solana Co,HSDT,6199,2025-09-25,2025-10-02,2
0001611046,,,,,,unmatched,False,,ModuLink Inc.,MDLK,7000,2025-08-12,2025-08-12,3
0001611647,15067,55111,35803910,FRPT,True,ticker_unique,True,,"Freshpet, Inc.",FRPT,2040,2022-09-22,2022-09-22,1
0001611747,,,,,,unmatched,False,,Scinai Immunotherapeutics Ltd.,SCNI,2836,2024-03-12,2024-03-12,1
0001612188,,,,,,unmatched_name,False,,TEO FOODS INC,,2090,2022-05-27,2022-05-27,1
0001612630,15072,55114,47973J10,JYNT,True,ticker_unique,True,,JOINT Corp,JYNT,6794,2023-08-11,2023-08-11,1
0001612720,15293,55212,65342K10,NEXT,True,ticker_unique,True,,NextDecade Corp,NEXT,4923,2023-02-16,2023-06-23,2
0001612940,,,,,,unmatched,False,,ProQR Therapeutics N.V.,PRQR,2834,2025-05-28,2025-05-28,1
0001614178,16650,55900,98585N10,YEXT,True,ticker_unique,True,,"Yext, Inc.",YEXT,7374,2022-10-04,2022-10-04,1
0001614806,15196,55182,38983D85,RPT,True,ticker_unique,True,,Rithm Property Trust Inc.,RPT;RPTPC,6798,2024-06-18,2024-06-18,1
0001615219,,,,,,unmatched,False,,Decoy Therapeutics Inc.,DCOY,2834,2023-10-27,2023-10-27,1
0001616262,10044,7992,77467X10,RMCF,True,ticker_unique,True,,"Rocky Mountain Chocolate Factory, Inc.",RMCF,2060,2024-08-28,2024-08-28,1
0001616318,,,,,,unmatched_name,False,,Vista Outdoor Inc.,,3480,2023-10-25,2024-07-17,2
0001616533,16710,55941,70691510,PENG,True,ticker_unique,True,,"Penguin Solutions, Inc.",PENG,3674,2024-12-20,2024-12-20,1
0001616741,,,,,,unmatched_name,False,,"PATRIOT TRANSPORTATION HOLDING, INC.",,4210,2023-01-18,2023-01-18,1
0001617867,24691,59756,05330T20,AMIX,True,ticker_unique,True,,"Autonomix Medical, Inc.",AMIX,3841,2024-02-15,2024-02-26,2
0001618500,,,,,,unmatched_name,False,,XYLO TECHNOLOGIES LTD,,7374,2025-02-18,2025-02-18,1
0001618732,16304,55697,67059N10,NTNX,True,ticker_unique,True,,"Nutanix, Inc.",NTNX,7372,2024-07-26,2024-07-26,1
0001619856,21707,58557,14203810,CRBU,True,ticker_unique,True,,"Caribou Biosciences, Inc.",CRBU,2836,2022-02-04,2025-04-25,2
0001620179,,,,,,unmatched_name,False,,"Exela Technologies, Inc.",,7389,2024-11-25,2024-11-27,3
0001620459,15133,55149,46990A10,JRVR,True,ticker_unique,True,,"James River Group Holdings, Inc.",JRVR,6331,2023-01-13,2023-01-13,1
0001620749,,,,,,unmatched,False,,Panamera Holdings Corp,PHCI,8742,2025-09-18,2025-09-18,1
0001621221,18773,56790,04301G60,ARTL,True,ticker_unique,True,,"ARTELO BIOSCIENCES, INC.",ARTL,2834,2025-09-19,2025-09-19,1
0001621443,,,,,,unmatched_name,False,,"Zynerba Pharmaceuticals, Inc.",,2834,2023-08-24,2023-08-24,1
0001621563,,,,,,unmatched_name,False,,"Summit Materials, Inc.",,1400,2024-01-22,2024-01-22,1
0001621672,18413,56656,86804F40,SLE,True,ticker_unique,True,,"Super League Enterprise, Inc.",SLE,7373,2023-06-01,2024-11-01,2
0001621906,,,,,,unmatched,False,,Western Uranium & Vanadium Corp.,WSTRF,1090,2022-02-17,2022-02-17,1
0001622057,,,,,,unmatched_name,False,,Nascent Biotech Inc.,,2834,2023-04-14,2023-04-14,1
0001622194,15194,55181,27616P30,DEA,True,ticker_unique,True,,"Easterly Government Properties, Inc.",DEA,6798,2023-11-13,2023-11-13,1
0001622244,,,,,,unmatched,False,,"One World Products, Inc.",OWPC,2834,2024-01-19,2024-01-19,1
0001623590,,,,,,unmatched_name,False,,Fintech Scion Ltd,,7389,2022-12-13,2022-12-15,2
0001624512,17107,56151,10319740,BOXL,True,ticker_unique,True,,Boxlight Corp,BOXL,8200,2025-06-18,2025-06-18,1
0001625297,,,,,,unmatched,False,,"Indivior Pharmaceuticals, Inc.",INDV,2834,2023-10-02,2024-10-04,2
0001625414,,,,,,unmatched,False,,Baozun Inc.,BZUN,5961,2024-05-30,2024-05-30,1
0001626837,,,,,,unmatched_name,False,,"American Community Capital, LP.",,,2022-10-21,2022-10-21,1
0001627281,,,,,,unmatched,False,,Cellectis S.A.,CLLS,2836,2023-11-09,2023-11-09,1
0001627469,,,,,,unmatched_name,False,,"Photozou Holdings, Inc.",,7310,2022-07-12,2022-07-12,1
0001627854,,,,,,unmatched_name,False,,"BNY Mellon Alcentra Global Credit Income 2024 Target Term Fund, Inc.",,,2024-02-12,2024-02-12,1
0001628945,21933,58726,22979010,,False,ticker_unique,True,,Cue Health Inc.,HLTH,3826,2023-09-11,2023-10-16,2
0001630176,,,,,,unmatched,False,,HEALTHY EXTRACTS INC.,HYEX,2833,2025-08-22,2025-08-22,1
0001630805,15396,55288,05614L20,BW,True,ticker_unique,True,,"Babcock & Wilcox Enterprises, Inc.",BW;BWNB;BWPA,3433,2025-04-02,2025-06-02,2
0001631282,18306,56607,23811630,DTSS,True,ticker_unique,True,,DATASEA INC.,DTSS,7372,2023-06-16,2024-05-07,4
0001631487,,,,,,unmatched,False,,CollPlant Biotechnologies Ltd,CLGN,3842,2025-09-30,2025-09-30,1
0001633932,,,,,,unmatched_name,False,,ESSA Pharma Inc.,,2834,2024-11-08,2025-04-24,4
0001634117,15489,55342,06777U20,BNED,True,ticker_unique,True,,"Barnes & Noble Education, Inc.",BNED,5940,2024-05-17,2024-06-12,2
0001634379,,,,,,unmatched_name,False,,"Metacrine, Inc.",,2834,2022-12-08,2022-12-08,1
0001635282,15525,55273,76674Q10,RMNI,True,ticker_unique,True,,"Rimini Street, Inc.",RMNI,7389,2024-01-02,2024-01-02,1
0001635881,,,,,,unmatched_name,False,,Exterran Corp,,7359,2022-02-03,2022-02-03,1
0001635984,,,,,,unmatched_name,False,,"National Western Life Group, Inc.",,6311,2023-04-24,2023-04-24,1
0001636282,16005,55543,00773J20,SYRE,True,ticker_unique,True,,"Spyre Therapeutics, Inc.",SYRE,2834,2023-06-30,2023-06-30,1
0001636422,18789,56804,42225T10,HCAT,True,ticker_unique,True,,"Health Catalyst, Inc.",HCAT,7370,2025-12-03,2025-12-03,1
0001637715,21091,58218,68277Q10,OKUR,True,ticker_unique,True,,"OnKure Therapeutics, Inc.",OKUR,2834,2023-12-26,2025-05-22,2
0001640384,,,,,,unmatched,False,,"POWERCOMPUTE, INC.",PWCM,6199,2022-09-08,2025-11-21,4
0001640428,17880,56405,30041R10,EVER,True,ticker_unique,True,,"EverQuote, Inc.",EVER,7370,2022-02-09,2022-02-09,1
0001640455,,,,,,unmatched_name,False,,"Jounce Therapeutics, Inc.",,2836,2023-03-14,2023-03-14,1
0001641398,15664,55372,19200A20,GDC,True,ticker_unique,True,,GD Culture Group Ltd,GDC,5050,2023-02-17,2023-02-17,1
0001641489,15542,55371,91838520,VTVT,True,ticker_unique,True,,vTv Therapeutics Inc.,VTVT,2834,2022-06-10,2024-03-05,3
0001641614,15793,55466,12634H20,PMTS,True,ticker_unique,True,,CPI Card Group Inc.,PMTS,2750,2022-12-16,2025-12-18,2
0001642453,,,,,,unmatched_name,False,,"Daseke, Inc.",,4700,2024-01-22,2024-01-22,1
0001643154,,,,,,unmatched,False,,"iANTHUS CAPITAL HOLDINGS, INC.",ITHUF,0100,2022-07-01,2022-07-01,3
0001643303,,,,,,unmatched,False,,Nano Dimension Ltd.,NNDM,3672,2023-01-23,2023-03-10,2
0001644488,,,,,,unmatched_name,False,,SHARING SERVICES GLOBAL Corp,,5122,2023-05-23,2023-05-23,1
0001644903,17091,56139,12482W40,YCBD,True,ticker_unique,True,,"cbdMD, Inc.",YCBD,2844,2025-05-08,2025-05-08,1
0001645260,,,,,,unmatched_name,False,,TODOS MEDICAL LTD.,,3841,2023-02-17,2023-02-17,1
0001645666,17889,56413,49372L20,KZR,True,ticker_unique,True,,"Kezar Life Sciences, Inc.",KZR,2834,2024-10-08,2024-10-08,1
0001646109,,,,,,unmatched_name,False,,FIRST TRUST DYNAMIC EUROPE EQUITY INCOME FUND,,,2022-11-14,2022-11-14,1
0001646188,20312,57647,68236H20,ONDS,True,ticker_unique,True,,Ondas Inc.,ONDS,3663,2023-08-29,2023-08-29,1
0001648087,22765,59165,02919L70,AREB,True,ticker_unique,True,,AMERICAN REBEL HOLDINGS INC,AREB;AREBW,3490,2024-08-19,2024-08-19,1
0001648365,,,,,,unmatched_name,False,,"AGRI-FINTECH HOLDINGS, INC.",,7310,2022-02-14,2022-12-19,2
0001649744,15837,55479,26443V10,DLTH,True,ticker_unique,True,,DULUTH HOLDINGS INC.,DLTH,5600,2025-04-07,2025-04-07,1
0001649749,16319,55705,30257X10,FBK,True,ticker_unique,True,,FB Financial Corp,FBK,6022,2025-05-09,2025-05-09,1
0001649752,,,,,,unmatched,False,,Nouveau Monde Graphite Inc.,NMG,1090,2022-03-30,2024-12-23,5
0001649904,17000,56106,76243J10,RYTM,True,ticker_unique,True,,"RHYTHM PHARMACEUTICALS, INC.",RYTM,2834,2024-03-20,2024-03-20,1
0001649989,16104,55569,69012T30,OTLK,True,ticker_unique,True,,"Outlook Therapeutics, Inc.",OTLK,2836,2022-07-07,2022-07-07,1
0001650696,19778,57304,50736T10,LSF,True,ticker_unique,True,,"Laird Superfood, Inc.",LSF,2000,2022-08-15,2022-08-15,1
0001651311,,,,,,unmatched_name,False,,Merus N.V.,,2834,2025-12-19,2025-12-19,1
0001651431,,,,,,unmatched_name,False,,"Checkmate Pharmaceuticals, Inc.",,2836,2022-06-03,2022-06-03,1
0001651561,,,,,,unmatched_name,False,,"Tabula Rasa HealthCare, Inc.",,7389,2022-04-21,2022-06-01,2
0001652935,25392,59965,00508310,ACTU,True,ticker_unique,True,,"ACTUATE THERAPEUTICS, INC.",ACTU,2834,2024-08-19,2024-08-19,1
0001652958,,,,,,unmatched,False,,"Edgemode, Inc.",EDGM,8082,2022-02-18,2025-08-20,6
0001653247,,,,,,unmatched_name,False,,Waitr Holdings Inc.,,7389,2022-04-27,2022-08-02,2
0001653477,16044,55557,45688C10,NGVT,True,ticker_unique,True,,Ingevity Corp,NGVT,2800,2022-04-07,2022-04-07,1
0001654126,,,,,,unmatched,False,,ZIM Integrated Shipping Services Ltd.,ZIM,4412,2025-12-31,2025-12-31,1
0001654595,18259,56590,58403P40,MDRR,True,ticker_unique,True,,"Medalist Diversified, Inc.",MDRR,6798,2022-02-04,2025-03-28,5
0001654672,,,,,,unmatched,False,,"PINEAPPLE, INC.",PNPL,8742,2023-03-30,2023-03-30,1
0001655075,,,,,,unmatched_name,False,,"Armstrong Flooring, Inc.",,3089,2022-05-11,2022-05-11,1
0001655210,18572,56715,08862E10,BYND,True,ticker_unique,True,,"BEYOND MEAT, INC.",BYND,2000,2025-10-22,2025-10-22,2
0001655759,18100,56514,04335A10,ARVN,True,ticker_unique,True,,"ARVINAS, INC.",ARVN,2834,2025-06-16,2025-06-16,1
0001655891,,,,,,unmatched,False,,TORM plc,TRMD,4412,2025-12-22,2025-12-22,1
0001655923,,,,,,unmatched,False,,Alpha Cognition Inc.,ACOG,2836,2024-11-15,2024-11-15,1
0001656536,,,,,,unmatched_name,False,,"Decibel Therapeutics, Inc.",,2834,2023-08-18,2023-08-18,1
0001658551,22626,59116,03237H10,AMLX,True,ticker_unique,True,,"Amylyx Pharmaceuticals, Inc.",AMLX,2834,2022-01-25,2022-01-25,1
0001658566,16021,55527,71424F10,PR,True,ticker_unique,True,,Permian Resources Corp,PR,1311,2022-05-27,2022-09-12,5
0001659352,,,,,,unmatched_name,False,,"Codiak BioSciences, Inc.",,2836,2022-09-20,2022-09-20,1
0001659494,,,,,,unmatched,False,,51Talk Online Education Group,COE,8200,2022-07-25,2022-07-25,1
0001660334,17906,56427,92511W20,VRCA,True,ticker_unique,True,,Verrica Pharmaceuticals Inc.,VRCA,2834,2022-07-15,2025-11-24,2
0001660734,,,,,,unmatched,False,,Triton International Ltd,TRTNPA;TRTNPB;TRTNPC;TRTNPD;TRTNPE;TRTNPF;TRTNPG,7359,2023-10-10,2023-10-10,1
0001661181,16522,55742,68621F10,ORGO,True,ticker_unique,True,,Organogenesis Holdings Inc.,ORGO,2834,2024-11-19,2024-11-19,1
0001661460,,,,,,unmatched_name,False,,"Poseida Therapeutics, Inc.",,2836,2023-08-14,2023-08-14,1
0001661998,17358,56296,74696410,QTTB,True,ticker_unique,True,,Q32 Bio Inc.,FIXX;QTTB,2834,2024-03-28,2024-04-04,3
0001662244,,,,,,unmatched_name,False,,"Cyteir Therapeutics, Inc.",,2834,2023-10-19,2023-10-19,1
0001662382,,,,,,unmatched_name,False,,BRAIN SCIENTIFIC INC.,,3841,2022-08-04,2022-08-04,1
0001662774,18648,56737,22053A10,QNCX,True,ticker_unique,True,,"Quince Therapeutics, Inc.",QNCX,2836,2024-11-13,2024-11-13,1
0001662991,,,,,,unmatched,False,,Sezzle Inc.,SEZL,7389,2022-03-04,2024-02-15,3
0001664703,17949,56445,09371210,BE,True,ticker_unique,True,,Bloom Energy Corp,BE,3620,2022-10-04,2022-10-04,1
0001664710,19349,57067,49232710,KROS,True,ticker_unique,True,,"Keros Therapeutics, Inc.",KROS,2834,2025-04-11,2025-04-11,1
0001664998,,,,,,unmatched_name,False,,"KnowBe4, Inc.",,7370,2022-10-14,2022-10-21,3
0001665988,20581,57918,09075A10,BVS,True,ticker_unique,True,,Bioventus Inc.,BVS,3841,2022-07-21,2022-07-21,1
0001666071,17315,56267,14161W10,CDLX,True,ticker_unique,True,,"Cardlytics, Inc.",CDLX,7370,2023-06-23,2023-06-23,1
0001668010,21280,58285,25401N50,DBGI,True,ticker_unique,True,,"Digital Brands Group, Inc.",DBGI,5600,2024-08-26,2024-08-26,1
0001668243,,,,,,unmatched,False,,UroGen Pharma Ltd.,URGN,2834,2023-08-04,2023-08-04,1
0001671502,,,,,,unmatched,False,,"Quoin Pharmaceuticals, Ltd.",QNRX,2834,2025-01-02,2025-01-02,2
0001671858,20318,57655,82835W10,SPRY,True,ticker_unique,True,,"ARS Pharmaceuticals, Inc.",SPRY,2834,2022-01-27,2023-08-31,7
0001671927,,,,,,unmatched,False,,Immunocore Holdings plc,IMCR,2836,2022-07-21,2022-07-21,1
0001672619,19313,57052,29337E10,ELVN,True,ticker_unique,True,,"Enliven Therapeutics, Inc.",ELVN,2834,2023-02-28,2023-03-06,2
0001672886,,,,,,unmatched_name,False,,Zhong Yuan Bio-Technology Holdings Ltd,,2833,2024-01-24,2024-03-07,6
0001674101,17987,56432,92537N10,VRT,True,ticker_unique,True,,Vertiv Holdings Co,VRT,3679,2022-10-20,2022-10-20,1
0001674168,16498,55806,43283X10,HGV,True,ticker_unique,True,,Hilton Grand Vacations Inc.,HGV,7000,2025-08-27,2025-08-27,1
0001674440,23178,59311,83144550,YYAI,True,ticker_unique,True,,AIRWA INC.,YYAI,7370,2022-07-08,2025-11-17,4
0001674760,,,,,,unmatched_name,False,,Silver Capital Holdings LLC,,,2024-12-27,2024-12-27,1
0001674862,24272,20222,04418610,ASH,True,ticker_unique,True,,ASHLAND INC.,ASH,5160,2025-12-01,2025-12-01,1
0001675033,,,,,,unmatched,False,,Great Elm Capital Corp.,GECC;GECCG;GECCH;GECCI,,2022-06-07,2022-06-07,1
0001676047,22221,58873,67092M20,NTRB,True,ticker_unique,True,,NutriBand Inc.,NTRB;NTRBW,3842,2024-01-23,2025-03-13,3
0001678105,,,,,,unmatched,False,,Caro Holdings Inc.,CAHO,5961,2023-10-17,2023-10-17,2
0001679049,,,,,,unmatched,False,,"International Seaways, Inc.",INSW,4400,2022-04-27,2022-10-13,2
0001679273,16431,55778,51327210,LW,True,ticker_unique,True,,"Lamb Weston Holdings, Inc.",LW,2030,2024-10-18,2024-10-18,2
0001679363,,,,,,unmatched_name,False,,"Morphic Holding, Inc.",,2834,2023-10-18,2023-10-18,1
0001679628,,,,,,unmatched,False,,"JUPITER NEUROSCIENCES, INC.",JUNS,2834,2024-11-15,2024-11-15,5
0001680056,,,,,,unmatched,False,,Orla Mining Ltd.,ORLA,1040,2025-03-07,2025-03-07,1
0001680062,17045,56128,00108J10,ACMR,True,ticker_unique,True,,"ACM Research, Inc.",ACMR,3559,2023-06-13,2023-06-13,1
0001680367,19994,57465,82024L10,STTK,True,ticker_unique,True,,"Shattuck Labs, Inc.",STTK,2834,2025-09-02,2025-09-02,1
0001681087,17871,56399,87897210,TECX,True,ticker_unique,True,,"Tectonic Therapeutic, Inc.",TECX,2836,2024-06-25,2024-06-27,3
0001681682,16793,55938,29273B50,NDRA,True,ticker_unique,True,,ENDRA Life Sciences Inc.,NDRA,3845,2025-11-26,2025-11-26,1
0001681903,,,,,,unmatched_name,False,,"ICC Holdings, Inc.",,6331,2024-06-14,2024-06-14,1
0001681941,,,,,,unmatched_name,False,,iFresh Inc,,5411,2022-08-08,2022-08-08,1
0001682149,17979,56466,86633R60,DVLT,True,ticker_unique,True,,Datavault AI Inc.,DVLT,7389,2025-01-13,2025-12-01,4
0001682241,,,,,,unmatched,False,,Metalpha Technology Holding Ltd,MATH,6199,2023-01-10,2023-06-07,3
0001682265,,,,,,unmatched,False,,Onar Holding Corp,ONAR,7310,2025-03-31,2025-03-31,1
0001682639,17263,56231,30234E20,HYPD,True,ticker_unique,True,,"HYPERION DEFI, INC.",HYPD,2834,2025-05-15,2025-07-16,2
0001682745,16631,55850,92511U10,VRRM,True,ticker_unique,True,,VERRA MOBILITY Corp,VRRM,4700,2022-02-03,2022-02-03,1
0001683252,,,,,,unmatched_name,False,,TOKEN COMMUNITIES LTD.,,6552,2025-02-21,2025-02-21,1
0001683695,16630,55849,46005L10,IMXI,True,ticker_unique,True,,"International Money Express, Inc.",IMXI,7389,2024-09-05,2025-09-02,2
0001685316,,,,,,unmatched_name,False,,ObsEva SA,,2834,2023-04-17,2023-04-17,1
0001685428,,,,,,unmatched_name,False,,LumiraDx Ltd,,2834,2022-02-24,2023-02-14,6
0001687187,,,,,,ambiguous_ticker,False,16592;23940,"Ramaco Resources, Inc.",METC;METCB;METCI;METCZ,1220,2023-07-03,2023-07-03,1
0001687277,,,,,,unmatched,False,,"ReTo Eco-Solutions, Inc.",RETO,3290,2022-03-04,2022-03-04,1
0001687527,,,,,,unmatched_name,False,,DAVE INC.,,,2022-01-14,2022-01-14,1
0001688126,,,,,,unmatched,False,,Crypto Co,CRCW,7374,2024-07-08,2024-11-14,2
0001688476,,,,,,unmatched_name,False,,NEXTIER OILFIELD SOLUTIONS INC.,,1389,2023-06-23,2023-06-23,1
0001689548,19986,57460,74006W20,PRAX,True,ticker_unique,True,,"Praxis Precision Medicines, Inc.",PRAX,2834,2023-03-20,2023-03-20,1
0001690080,,,,,,unmatched,False,,FORUM MARKETS Inc,FRMM,6199,2025-01-10,2025-02-25,2
0001690334,16737,55955,78413P10,SMHI,True,ticker_unique,True,,SEACOR Marine Holdings Inc.,SMHI,4412,2025-01-17,2025-01-17,1
0001690585,17892,56416,25282810,DNTH,True,ticker_unique,True,,"Dianthus Therapeutics, Inc. /DE/",DNTH,2834,2023-09-21,2024-01-31,3
0001690639,,,,,,unmatched,False,,VersaBank,VBNK,6029,2022-08-31,2022-08-31,1
0001690947,,,,,,unmatched_name,False,,HEXO Corp.,,2833,2022-07-22,2022-07-22,1
0001691082,27288,60457,50180M10,LBRX,True,ticker_unique,True,,LB PHARMACEUTICALS INC,LBRX,2834,2025-09-19,2025-09-25,2
0001692115,61188,4342,84489510,SWX,True,ticker_unique,True,,"Southwest Gas Holdings, Inc.",SWX,4923,2022-06-03,2023-10-23,2
0001692412,,,,,,unmatched_name,False,,Playa Hotels & Resorts N.V.,,7011,2022-11-23,2022-11-23,1
0001692787,16673,55888,02215L20,KNTK,True,ticker_unique,True,,Kinetik Holdings Inc.,KNTK,4922,2022-03-04,2022-03-04,2
0001693011,,,,,,unmatched_name,False,,"Inozyme Pharma, Inc.",,2834,2022-04-28,2022-04-28,1
0001695295,20194,57591,44888K40,HYFM,True,ticker_unique,True,,"HYDROFARM HOLDINGS GROUP, INC.",HYFM,5190,2025-10-14,2025-10-14,1
0001696355,,,,,,unmatched_name,False,,Bright Scholar Education Holdings Ltd,,8200,2024-07-31,2025-05-28,2
0001697500,16750,55961,83418M10,SEI,True,ticker_unique,True,,"Solaris Energy Infrastructure, Inc.",SEI,3533,2024-09-13,2024-09-13,2
0001697818,,,,,,unmatched,False,,Amber International Holding Ltd,AMBR,6199,2022-12-22,2025-03-19,19
0001697935,,,,,,unmatched_name,False,,"MAPTELLIGENT, INC.",,4700,2024-05-09,2024-05-16,3
0001698022,,,,,,unmatched,False,,"Farmers & Merchants Bancshares, Inc.",FMFG,6036,2022-12-19,2022-12-19,1
0001698530,18855,56837,30205M30,XCUR,True,ticker_unique,True,,"EXICURE, INC.",XCUR,2834,2022-06-01,2024-11-29,2
0001699350,27080,60408,82537J10,SI,True,ticker_unique,True,,"SHOULDER INNOVATIONS, INC.",SI,3841,2025-08-05,2025-08-05,1
0001700849,,,,,,unmatched_name,False,,Vado Corp.,,7310,2023-12-06,2023-12-07,2
0001701051,,,,,,unmatched_name,False,,"WideOpenWest, Inc.",,4841,2024-05-30,2025-09-22,2
0001701114,,,,,,unmatched_name,False,,"Blue Apron Holdings, Inc.",,5961,2023-06-20,2023-10-13,2
0001701478,23951,59579,05479L30,AZTR,True,ticker_unique,True,,"Azitra, Inc.",AZTR,2834,2023-07-03,2023-07-03,1
0001701756,19233,57025,62733340,SDOT,True,ticker_unique,True,,Sadot Group Inc.,SDOT,5810,2023-04-19,2023-04-19,1
0001701758,17891,56415,54738L10,LOVE,True,ticker_unique,True,,Lovesac Co,LOVE,5712,2024-07-09,2024-07-09,1
0001701963,20462,57792,92540Q10,VS,True,ticker_unique,True,,Versus Systems Inc.,VS,7374,2023-12-07,2023-12-07,1
0001702015,,,,,,unmatched,False,,"AIS Holdings Group, Inc.",AIDG,6770,2025-04-10,2025-05-21,2
0001702510,,,,,,unmatched_name,False,,"Carlyle Credit Solutions, Inc.",,,2022-05-13,2022-05-20,2
0001702924,18322,56617,98212N10,WRAP,True,ticker_unique,True,,"WRAP TECHNOLOGIES, INC.",WRAP,3480,2022-02-11,2024-05-03,2
0001703056,17223,56212,00090Q10,ADT,True,ticker_unique,True,,ADT Inc.,ADT,7381,2022-10-21,2022-10-21,1
0001703647,19008,56910,50094610,KRRO,True,ticker_unique,True,,"Korro Bio, Inc.",KRRO,2834,2023-11-13,2023-11-17,2
0001703785,,,,,,unmatched_name,False,,STR Sub Inc.,,1311,2022-06-14,2022-06-16,2
0001704299,,,,,,unmatched_name,False,,TORTOISE SUSTAINABLE & SOCIAL IMPACT TERM FUND,,,2023-03-21,2023-03-21,1
0001704711,17043,56126,36100810,FNKO,True,ticker_unique,True,,"Funko, Inc.",FNKO,3944,2022-05-27,2022-05-27,1
0001704715,18224,56578,02076410,AMR,True,ticker_unique,True,,"Alpha Metallurgical Resources, Inc.",AMR,1221,2022-12-01,2022-12-01,1
0001704720,17036,56119,13765N10,CNNE,True,ticker_unique,True,,"Cannae Holdings, Inc.",CNNE,5810,2025-06-09,2025-06-09,1
0001705110,16921,56057,00183L20,ANGI,True,ticker_unique,True,,Angi Inc.,ANGI,7310,2025-04-03,2025-04-03,1
0001705682,,,,,,unmatched_name,False,,Venator Materials PLC,,2810,2022-06-03,2023-12-04,7
0001705843,16818,56002,17166A10,CBUS,True,ticker_unique,True,,"Cibus, Inc.",CBUS,2870,2023-06-12,2023-06-12,3
0001707910,23257,59351,75618M30,REBN,True,ticker_unique,True,,"Reborn Coffee, Inc.",REBN,5812,2022-09-02,2022-09-12,4
0001707919,17854,56389,15096410,CENN,True,ticker_unique,True,,Cenntro Inc.,CENN,3711,2022-01-13,2022-01-26,2
0001708259,,,,,,unmatched,False,,LexinFintech Holdings Ltd.,LX,6199,2024-01-08,2024-01-08,1
0001708341,,,,,,unmatched,False,,"All In FutureTech Alliance, Inc.",AIFA,7900,2024-11-08,2025-09-11,2
0001708441,,,,,,unmatched,False,,"Mynd.ai, Inc.",MYND,3577,2023-12-22,2023-12-22,1
0001708493,,,,,,unmatched_name,False,,"Harpoon Therapeutics, Inc.",,2836,2024-01-18,2024-02-27,2
0001708599,18217,56574,81751A10,SER,True,ticker_unique,True,,"Serina Therapeutics, Inc.",SER,2834,2024-04-03,2024-04-03,1
0001709164,16920,56056,40701T10,HBB,True,ticker_unique,True,,Hamilton Beach Brands Holding Co,HBB,3634,2022-06-06,2024-03-13,2
0001709505,,,,,,unmatched_name,False,,BEST Inc.,,4210,2023-11-06,2023-11-06,1
0001709542,,,,,,unmatched_name,False,,"Electronic Servitor Publication Network, Inc.",,7374,2023-10-13,2023-10-13,1
0001709941,25550,59996,09077V10,BIOA,True,ticker_unique,True,,"BioAge Labs, Inc.",BIOA,2834,2024-09-30,2024-10-04,2
0001710495,,,,,,unmatched,False,,PINEAPPLE EXPRESS CANNABIS Co,PNXP,7372,2023-03-01,2023-03-01,3
0001710680,,,,,,unmatched,False,,HIGHLAND OPPORTUNITIES & INCOME FUND,HFRO;HFROPA;HFROPB,,2025-08-04,2025-09-22,2
0001711291,,,,,,unmatched_name,False,,CURO Group Holdings Corp.,,6199,2023-01-20,2023-01-20,1
0001711933,,,,,,unmatched_name,False,,"Akoya Biosciences, Inc.",,3826,2025-01-16,2025-01-16,1
0001712178,,,,,,unmatched,False,,NaaS Technology Inc.,NAAS,5990,2022-06-23,2022-06-23,2
0001712184,,,,,,unmatched,False,,Liberty Latin America Ltd.,LILA;LILAB;LILAK;LILAP,4841,2023-02-27,2025-01-02,2
0001713407,,,,,,unmatched_name,False,,BROOKFIELD REAL ESTATE INCOME TRUST INC.,,6798,2022-06-06,2025-12-02,2
0001713445,24876,59813,75734B10,RDDT,True,ticker_unique,True,,"Reddit, Inc.",RDDT,7374,2024-05-03,2024-05-03,1
0001713832,,,,,,unmatched_name,False,,"HC LIQUIDATING, INC.",,7510,2023-01-17,2023-01-17,1
0001713863,17344,56307,75062E10,RFL,True,ticker_unique,True,,"Rafael Holdings, Inc.",RFL,2834,2022-07-18,2022-07-18,1
0001714562,21541,58451,36468G10,GAME,True,ticker_unique,True,,"GameSquare Holdings, Inc.",GAME,7900,2022-01-14,2023-04-21,3
0001715611,,,,,,unmatched_name,False,,BODY & MIND INC.,,2834,2023-04-03,2023-04-03,1
0001715925,,,,,,unmatched,False,,MindWalk Holdings Corp.,HYFT,2834,2023-07-07,2023-07-07,1
0001716166,20332,57665,92859E20,VVOS,True,ticker_unique,True,,"Vivos Therapeutics, Inc.",VVOS,3841,2025-06-16,2025-06-16,1
0001716338,,,,,,unmatched,False,,J & Friends Holdings Ltd,JF,7370,2025-08-22,2025-08-22,1
0001716621,18089,56509,74933X70,VTAK,True,ticker_unique,True,,"Catheter Precision, Inc.",VTAK,3841,2023-03-29,2024-09-09,2
0001716770,,,,,,unmatched,False,,Wah Fu Education Group Ltd,WAFU,8200,2025-04-10,2025-04-10,1
0001717307,,,,,,unmatched,False,,Industrial Logistics Properties Trust,ILPT,6798,2023-08-31,2023-08-31,1
0001717457,,,,,,unmatched,False,,Calamos Long/Short Equity & Dynamic Income Trust,CPZ,,2024-03-18,2024-03-18,1
0001718227,17801,56365,21044C10,ROAD,True,ticker_unique,True,,"Construction Partners, Inc.",ROAD,1600,2023-08-11,2023-08-11,1
0001718405,17366,56276,44862P20,HYMC,True,ticker_unique,True,,HYCROFT MINING HOLDING CORP,HYMC;HYMCW,1040,2022-03-24,2022-03-24,2
0001718500,,,,,,unmatched,False,,"Axil Brands, Inc.",AXIL,2844,2022-09-09,2024-10-15,3
0001718939,22660,59133,87304850,IDAI,True,ticker_unique,True,,T Stamp Inc,IDAI,7372,2025-11-13,2025-11-13,2
0001719395,,,,,,unmatched_name,False,,"Eargo, Inc.",,3842,2022-12-05,2022-12-05,1
0001719406,17134,56152,62944420,NRXP,True,ticker_unique,True,,"NRX Pharmaceuticals, Inc.",NRXP,2834,2022-06-03,2022-09-13,2
0001719714,,,,,,unmatched,False,,Mereo BioPharma Group plc,MREO,2834,2022-05-26,2022-05-26,1
0001720116,17343,56289,75704L10,RDVT,True,ticker_unique,True,,"Red Violet, Inc.",RDVT,7372,2024-11-25,2025-11-13,3
0001720420,,,,,,unmatched,False,,IBEX Ltd,IBEX,7374,2022-01-05,2022-01-05,1
0001720592,17976,56422,76029L10,RPAY,True,ticker_unique,True,,Repay Holdings Corp,RPAY,7389,2024-02-20,2024-02-20,1
0001720893,17349,56292,09075P20,BTAI,True,ticker_unique,True,,"BioXcel Therapeutics, Inc.",BTAI,2834,2023-09-28,2023-09-28,1
0001721181,,,,,,unmatched_name,False,,HeadHunter Group PLC,,7363,2023-01-25,2023-01-25,1
0001721386,,,,,,unmatched_name,False,,Landsea Homes Corp,,1531,2024-12-26,2024-12-26,1
0001721741,,,,,,unmatched_name,False,,"Lazydays Holdings, Inc.",,5500,2022-03-10,2022-03-10,1
0001722271,,,,,,unmatched_name,False,,"Akouos, Inc.",,2834,2022-10-27,2022-10-27,1
0001722606,,,,,,unmatched,False,,Metalla Royalty & Streaming Ltd.,MTA,1040,2025-10-24,2025-10-24,1
0001722608,,,,,,unmatched,False,,"iQIYI, Inc.",IQ,7841,2023-01-09,2023-01-09,1
0001723069,,,,,,unmatched,False,,Tiziana Life Sciences Ltd,TLSA,2834,2022-01-04,2022-01-04,1
0001723701,,,,,,unmatched,False,,PIMCO Flexible Municipal Income Fund,PMFAX,,2022-02-02,2022-02-02,1
0001724009,,,,,,unmatched,False,,PermRock Royalty Trust,PRT,1311,2025-04-07,2025-04-07,1
0001724965,79444,29930,87484T10,TALO,True,ticker_unique,True,,TALOS ENERGY INC.,TALO,1311,2024-01-22,2024-06-03,2
0001724979,,,,,,unmatched_name,False,,Rain Oncology Inc.,,2834,2023-06-01,2023-06-01,1
0001725057,,,,,,unmatched_name,False,,"Dayforce, Inc.",,7372,2025-10-08,2025-10-08,1
0001725123,,,,,,unmatched,False,,Cango Inc.,CANG,6199,2022-06-23,2025-07-31,3
0001725134,,,,,,unmatched_name,False,,"Digital Media Solutions, Inc.",,7389,2024-03-07,2024-03-22,2
0001725160,19356,57070,98943L10,ZNTL,True,ticker_unique,True,,"Zentalis Pharmaceuticals, Inc.",ZNTL,2834,2022-06-03,2022-06-03,1
0001725293,,,,,,unmatched_name,False,,Grindrod Shipping Holdings Ltd.,,4412,2022-02-03,2022-02-03,1
0001725430,20294,57629,36151G70,INBS,True,ticker_unique,True,,INTELLIGENT BIO SOLUTIONS INC.,INBS,3841,2023-06-01,2023-06-01,1
0001725516,,,,,,unmatched_name,False,,"RENEWABLE INNOVATIONS, INC.",,7310,2022-02-14,2022-12-14,5
0001726079,,,,,,unmatched_name,False,,"Lucent, Inc.",,7389,2025-03-10,2025-03-10,1
0001726126,,,,,,unmatched,False,,Epsilon Energy Ltd.,EPSN,1311,2025-11-25,2025-11-25,2
0001727196,17821,56378,80706P10,SRRK,True,ticker_unique,True,,Scholar Rock Holding Corp,SRRK,2836,2023-02-14,2023-02-14,1
0001728117,18377,56633,38341P10,GOSS,True,ticker_unique,True,,"Gossamer Bio, Inc.",GOSS,2834,2023-07-28,2023-07-28,1
0001729173,,,,,,unmatched,False,,Uxin Ltd,UXIN,7389,2023-07-10,2025-04-02,4
0001729427,19066,56939,18978H50,CNSP,True,ticker_unique,True,,"CNS Pharmaceuticals, Inc.",CNSP,2834,2024-08-02,2024-08-02,1
0001729637,,,,,,unmatched,False,,Karbon-X Corp.,KARX,2844,2023-10-24,2024-08-30,2
0001730463,,,,,,unmatched,False,,Autolus Therapeutics plc,AUTL,2836,2024-02-21,2024-02-21,1
0001731289,,,,,,unmatched_name,False,,Nikola Corp,,3711,2023-02-13,2023-02-13,1
0001733999,,,,,,unmatched_name,False,,"Core Scientific, Inc.",,,2025-08-08,2025-08-08,1
0001734262,,,,,,unmatched_name,False,,CooTek(Cayman)Inc.,,7374,2024-02-02,2024-02-02,1
0001734713,17867,56395,10948C10,BV,True,ticker_unique,True,,"BrightView Holdings, Inc.",BV,0700,2023-09-06,2023-09-06,1
0001735556,,,,,,unmatched,False,,BIT ORIGIN Ltd,BTOG,6199,2025-02-10,2025-02-10,1
0001735948,,,,,,unmatched_name,False,,Greenbrook TMS Inc.,,8090,2022-07-27,2023-04-03,3
0001736541,,,,,,unmatched,False,,NIO Inc.,NIO;NIOIF,3711,2023-07-24,2023-07-24,1
0001736730,25714,60028,13463J10,CAMP,True,ticker_unique,True,,Camp4 Therapeutics Corp,CAMP,2834,2024-10-22,2024-10-22,3
0001737372,,,,,,unmatched_name,False,,"Sysorex, Inc.",,7371,2022-05-02,2022-10-11,2
0001737523,24065,59601,09062830,BGLC,True,ticker_unique,True,,BioNexus Gene Lab Corp,BGLC,8071,2024-01-17,2024-01-17,1
0001737706,,,,,,unmatched,False,,Seadrill Ltd,SDRL,1381,2023-04-05,2023-04-05,1
0001737953,17974,56463,76029N10,REPL,True,ticker_unique,True,,"Replimune Group, Inc.",REPL,2836,2025-03-07,2025-03-07,1
0001738021,22295,58932,20454B10,CMPX,True,ticker_unique,True,,"Compass Therapeutics, Inc.",CMPX,2836,2022-11-14,2022-11-14,1
0001738758,,,,,,unmatched,False,,"Cheer Holding, Inc.",CHR,7374,2022-10-04,2023-05-19,2
0001738906,,,,,,unmatched,False,,"111, Inc.",YI,5912,2022-09-09,2022-09-09,1
0001739174,18419,56597,09090D50,PHGE,True,ticker_unique,True,,BiomX Inc.,PHGE,2836,2024-03-22,2024-03-22,1
0001739426,,,,,,unmatched_name,False,,RVL Pharmaceuticals plc,,2834,2023-09-05,2023-09-05,1
0001739936,,,,,,unmatched_name,False,,MOMENTIVE GLOBAL INC.,,7370,2023-04-06,2023-04-06,1
0001740332,18142,56539,76118Y10,REZI,True,ticker_unique,True,,"RESIDEO TECHNOLOGIES, INC.",REZI,5072,2024-06-24,2024-06-24,1
0001740594,,,,,,unmatched_name,False,,Arco Platform Ltd.,,8200,2022-02-14,2023-08-18,6
0001741830,,,,,,unmatched_name,False,,"Kronos Bio, Inc.",,2834,2023-11-27,2023-11-27,1
0001742056,,,,,,unmatched_name,False,,LAIX Inc.,,8200,2022-06-23,2022-06-23,1
0001742692,,,,,,unmatched,False,,InMode Ltd.,INMD,3845,2025-01-16,2025-01-16,1
0001743759,19822,57341,22041X10,CRSR,True,ticker_unique,True,,"Corsair Gaming, Inc.",CRSR,3577,2022-11-23,2022-11-23,1
0001743905,,,,,,unmatched,False,,Rail Vision Ltd.,RVSN;RVSNW,3743,2022-05-12,2022-05-12,1
0001743971,,,,,,unmatched,False,,MOGU Inc.,MOGU,7389,2024-01-23,2024-01-23,1
0001744781,,,,,,unmatched,False,,Niu Technologies,NIU,3711,2023-12-07,2023-12-07,1
0001745020,,,,,,unmatched_name,False,,"Theseus Pharmaceuticals, Inc.",,2834,2023-11-24,2023-11-24,1
0001745059,,,,,,unmatched,False,,Angel Oak Financial Strategies Income Term Trust,FINS,,2025-07-16,2025-07-16,1
0001745114,,,,,,unmatched,False,,MOLECULAR PARTNERS AG,MOLN,2836,2023-11-20,2023-11-20,1
0001745201,,,,,,unmatched,False,,Viking Holdings Ltd,VIK,4400,2024-12-02,2024-12-02,1
0001746473,19485,57127,72913910,PLRX,True,ticker_unique,True,,"PLIANT THERAPEUTICS, INC.",PLRX,2834,2025-03-10,2025-03-10,1
0001747079,18425,56665,05875B10,,False,ticker_unique,True,,Bally's Corp,BALY,7011,2024-07-30,2024-07-30,1
0001747661,,,,,,unmatched,False,,Zeta Network Group,ZNB,8200,2025-04-09,2025-04-09,1
0001747748,,,,,,unmatched_name,False,,Qualtrics International Inc.,,7372,2022-06-16,2022-06-16,1
0001749723,18368,56629,64439310,NFE,True,ticker_unique,True,,New Fortress Energy Inc.,NFE,4924,2024-10-03,2024-10-03,1
0001749797,,,,,,unmatched_name,False,,China Index Holdings Ltd,,7374,2022-05-16,2022-05-16,1
0001749849,,,,,,unmatched_name,False,,Organic Agricultural Co Ltd,,0100,2024-03-20,2024-03-20,1
0001750106,20147,57565,02115D20,AEI,True,ticker_unique,True,,Alset Inc.,AEI,6500,2022-02-14,2022-02-14,1
0001750149,20297,57635,45719W20,IKT,True,ticker_unique,True,,"Inhibikase Therapeutics, Inc.",IKT,2836,2022-01-11,2023-02-24,3
0001750155,,,,,,unmatched,False,,"Charlotte's Web Holdings, Inc.",CWBHF,0100,2022-11-23,2023-06-16,2
0001750264,,,,,,unmatched,False,,Maase Inc.,MAAS,6282,2024-01-05,2025-11-10,6
0001750593,,,,,,unmatched,False,,Fangdd Network Group Ltd.,DUO,6500,2022-12-09,2022-12-09,1
0001753162,19555,57172,31189V10,FTHM,True,ticker_unique,True,,Fathom Holdings Inc.,FTHM,6531,2025-03-24,2025-03-24,1
0001753368,,,,,,unmatched,False,,Sangoma Technologies Corp,SANG,7370,2023-05-10,2023-06-26,2
0001753673,,,,,,unmatched,False,,Scienjoy Holding Corp,SJ,7374,2022-03-31,2022-03-31,1
0001753706,,,,,,unmatched_name,False,,"Whole Earth Brands, Inc.",,2060,2022-03-07,2023-12-29,3
0001754068,19540,57160,48292910,KLRS,True,ticker_unique,True,,"Kalaris Therapeutics, Inc.",KLRS,2836,2022-08-05,2025-03-25,2
0001754170,18410,56655,00810F10,ASLE,True,ticker_unique,True,,AerSale Corp,ASLE,5080,2023-08-22,2023-08-22,2
0001754301,,,,,,ambiguous_ticker,False,18420;18421,Fox Corp,FOX;FOXA,4833,2025-09-12,2025-09-12,2
0001754323,,,,,,unmatched_name,False,,"X3 Holdings Co., Ltd.",,7371,2022-03-18,2025-06-20,2
0001754820,,,,,,unmatched_name,False,,"Desktop Metal, Inc.",,3559,2023-05-30,2024-01-25,2
0001755237,18427,56667,23255M20,CYCN,True,ticker_unique,True,,"Cyclerion Therapeutics, Inc.",CYCN,2834,2022-10-21,2022-10-21,1
0001755755,,,,,,unmatched_name,False,,"VINEBROOK HOMES TRUST, INC.",,6798,2025-04-04,2025-04-04,1
0001755953,17326,56234,02462A10,ABTC,True,ticker_unique,True,,American Bitcoin Corp.,ABTC,6199,2024-02-16,2025-09-10,4
0001756497,,,,,,unmatched_name,False,,Change Healthcare Inc.,,7374,2022-10-07,2022-10-07,1
0001756594,,,,,,unmatched,False,,Inventiva S.A.,IVA;IVEVF,2834,2025-10-21,2025-10-21,1
0001756701,,,,,,unmatched_name,False,,"LINKBANCORP, Inc.",,6022,2023-03-03,2023-12-11,2
0001756704,,,,,,unmatched_name,False,,SOLAR INTEGRATED ROOFING CORP.,,1700,2024-03-14,2024-03-14,1
0001756708,,,,,,unmatched,False,,Jumia Technologies AG,JMIA,5961,2025-05-30,2025-05-30,1
0001757143,,,,,,unmatched,False,,Aesthetic Medical International Holdings Group Ltd,PAIYY,8093,2022-06-10,2022-07-29,4
0001758009,21754,58590,74766W10,QUBT,True,ticker_unique,True,,Quantum Computing Inc.,QUBT,7372,2022-06-27,2022-06-27,1
0001758530,,,,,,unmatched,False,,So-Young International Inc.,SY,7374,2024-01-16,2024-01-16,1
0001759186,,,,,,unmatched,False,,Z Squared Inc.,ZSQR,6199,2022-11-07,2022-11-07,1
0001759424,,,,,,unmatched_name,False,,"Evil Empire Designs, Inc.",,3751,2023-07-07,2023-11-09,2
0001759546,,,,,,unmatched,False,,Stark Novus Financial Inc.,NRDE,3711,2022-11-17,2022-11-17,1
0001759824,18514,56692,02128L10,ALTG,True,ticker_unique,True,,ALTA EQUIPMENT GROUP INC.,ALTG;ALTGPA,5084,2023-05-19,2023-05-19,1
0001760173,,,,,,unmatched_name,False,,"SURGALIGN HOLDINGS, INC.",,3842,2022-02-04,2022-02-04,1
0001760542,18559,56704,43906K20,,False,ticker_unique,True,,HOOKIPA Pharma Inc.,HOOK,2834,2024-06-14,2024-06-14,1
0001760717,,,,,,unmatched_name,False,,SciPlay Corp,,7374,2022-03-11,2023-08-25,3
0001760764,,,,,,unmatched_name,False,,G Medical Innovations Holdings Ltd.,,3841,2023-01-30,2023-02-03,2
0001760903,19973,57445,48208F30,BNKK,True,ticker_unique,True,,"BONK, INC.",BNKK,2844,2025-09-23,2025-10-27,3
0001761612,,,,,,unmatched,False,,BICYCLE THERAPEUTICS PLC,BCYC,2834,2024-04-18,2024-04-18,1
0001762322,,,,,,unmatched_name,False,,"SHIFT TECHNOLOGIES, INC.",,5500,2023-04-26,2023-04-26,1
0001762506,,,,,,unmatched,False,,"Vista Energy, S.A.B. de C.V.",VIST;VSOGF,1311,2022-02-15,2022-02-15,1
0001762562,,,,,,unmatched_name,False,,Clarion Partners Real Estate Income Fund Inc.,,,2024-02-27,2024-02-27,1
0001763660,,,,,,unmatched,False,,AleeanPeace Group Holdings Ltd,APGH;SEAV,7380,2024-12-03,2024-12-03,1
0001764046,,,,,,unmatched,False,,CLARIVATE PLC,CLVT,7374,2023-10-16,2023-10-23,2
0001764757,,,,,,unmatched,False,,DiDi Global Inc.,DIDIY,7389,2024-05-08,2024-05-08,1
0001764974,,,,,,unmatched_name,False,,Turnstone Biologics Corp.,,2836,2023-07-24,2023-08-03,2
0001765159,,,,,,unmatched_name,False,,Nuvei Corp,,7389,2024-04-08,2024-04-08,1
0001765651,,,,,,unmatched_name,False,,Pacific Sports Exchange Inc.,,5940,2022-09-26,2022-09-26,2
0001765826,,,,,,unmatched,False,,"Blubuzzard, Inc.",BZRD,6770,2024-06-13,2024-06-13,1
0001765850,,,,,,unmatched,False,,Aurelion Inc.,AURE,6199,2024-12-13,2025-10-14,3
0001766037,,,,,,unmatched_name,False,,"NMF SLF I, Inc.",,,2022-10-03,2022-10-03,1
0001766363,,,,,,unmatched_name,False,,"Endeavor Group Holdings, Inc.",,7900,2024-04-09,2024-04-09,1
0001767042,23970,59580,50012A10,KGS,True,ticker_unique,True,,"Kodiak Gas Services, Inc.",KGS,4922,2024-04-08,2024-04-08,1
0001768666,,,,,,unmatched,False,,BlackRock Science & Technology Term Trust,BSTZ,,2024-02-05,2024-02-05,1
0001769256,,,,,,unmatched,False,,XChange TEC.INC,XHG,6411,2022-06-03,2022-11-25,3
0001769484,,,,,,unmatched,False,,Bioceres Crop Solutions Corp.,BIOX,2870,2025-01-06,2025-10-29,3
0001769624,18830,56731,89597010,,False,ticker_unique,True,,Triller Group Inc.,ILLR;ILLRW,6282,2022-11-25,2025-01-30,2
0001769697,,,,,,unmatched,False,,Frontier Nuclear & Minerals Inc.,FNUC,1090,2022-07-20,2022-10-25,2
0001769731,,,,,,unmatched,False,,AMTD IDEA GROUP,AMTD,6199,2023-02-16,2023-02-16,1
0001769759,,,,,,unmatched_name,False,,Monogram Technologies Inc.,,3841,2023-10-17,2025-07-15,2
0001770069,27608,60533,56565P10,MPLT,True,ticker_unique,True,,"MapLight Therapeutics, Inc.",MPLT,2834,2025-11-04,2025-11-20,2
0001770141,,,,,,unmatched_name,False,,"UpHealth, Inc.",,8000,2022-06-02,2023-11-28,14
0001771706,,,,,,unmatched,False,,Vireo Growth Inc.,VREOF,2834,2023-07-14,2025-08-01,4
0001771885,,,,,,unmatched,False,,Quantum Biopharma Ltd.,QNTM,2834,2025-06-12,2025-06-12,1
0001772720,18936,56810,9837FR20,SPRU,True,ticker_unique,True,,SPRUCE POWER HOLDING CORP,SPRU,4911,2025-11-13,2025-11-13,1
0001774170,87016,16622,73931J10,AIOT,True,ticker_unique,True,,"Powerfleet, Inc.",AIOT,3669,2024-05-06,2024-05-06,1
0001775085,,,,,,unmatched_name,False,,China Liberal Education Holdings Ltd,,8200,2022-03-07,2022-03-07,1
0001775734,23997,59585,08178Q50,BENF,True,ticker_unique,True,,Beneficient,BENF;BENFW,6199,2023-06-14,2023-08-11,4
0001776067,,,,,,unmatched,False,,Oriental Culture Holding LTD,OCG,7380,2022-05-10,2025-09-04,2
0001776111,25628,60004,55287L10,MBX,True,ticker_unique,True,,"MBX Biosciences, Inc.",MBX,2834,2024-09-23,2024-09-23,4
0001776197,,,,,,unmatched_name,False,,AKUMIN INC.,,8071,2022-12-22,2023-09-05,2
0001776903,,,,,,unmatched_name,False,,Netfin Acquisition Corp.,,7374,2022-07-06,2022-07-06,1
0001776932,,,,,,unmatched_name,False,,"MedMen Enterprises, Inc.",,5990,2022-04-29,2022-11-10,2
0001777319,22638,59124,15672X20,CISO,True,ticker_unique,True,,"CISO Global, Inc.",CISO,8742,2025-12-31,2025-12-31,1
0001777482,,,,,,unmatched_name,False,,Nuveen Enhanced High Yield Municipal Bond Fund,,,2022-09-29,2023-07-24,2
0001777765,,,,,,unmatched_name,False,,VIQ Solutions Inc.,,7370,2023-08-14,2023-08-14,1
0001778016,,,,,,unmatched,False,,NovaBridge Biosciences,NBP,2834,2023-12-01,2025-08-05,3
0001778129,,,,,,unmatched,False,,TerrAscend Corp.,TSNDF,0100,2022-03-17,2022-03-17,1
0001778784,,,,,,unmatched_name,False,,"Provident Bancorp, Inc. /MD/",,6036,2023-05-15,2023-05-15,1
0001779128,19071,56889,09266710,SRTA,True,ticker_unique,True,,"Strata Critical Medical, Inc.",SRTA,8000,2023-01-19,2024-07-12,2
0001779372,22281,58923,42238H10,BEAT,True,ticker_unique,True,,"HeartBeam, Inc.",BEAT;BEATW,3841,2023-06-02,2023-10-25,3
0001779474,19025,56867,92971A10,MAPS,True,ticker_unique,True,,"WM TECHNOLOGY, INC.",MAPS,7372,2022-04-19,2022-04-19,1
0001779476,,,,,,unmatched,False,,36Kr Holdings Inc.,KRKR,7389,2022-03-11,2022-03-11,1
0001779578,,,,,,unmatched,False,,BGM Group Ltd.,BGM,2834,2024-10-16,2025-05-27,4
0001780312,19076,56891,00217D10,ASTS,True,ticker_unique,True,,"AST SpaceMobile, Inc.",ASTS,4899,2022-03-11,2025-02-10,2
0001780531,,,,,,unmatched_name,False,,"ONECONNECT FINANCIAL TECHNOLOGY CO., LTD.",,7370,2025-03-07,2025-03-07,1
0001780731,,,,,,unmatched,False,,E-Power Inc.,EPOW,3690,2024-01-12,2024-01-12,1
0001780785,,,,,,unmatched,False,,CN ENERGY GROUP. INC.,CNEY,2860,2022-04-20,2025-11-25,3
0001781174,23510,59436,00489010,ACRV,True,ticker_unique,True,,"Acrivon Therapeutics, Inc.",ACRV,2834,2022-11-28,2022-11-28,1
0001781193,,,,,,unmatched,False,,QUHUO Ltd,QH,7389,2024-04-08,2024-10-15,4
0001781726,,,,,,unmatched_name,False,,NP Life Sciences Health Industry Group Inc.,,8200,2022-09-02,2022-09-02,2
0001781730,22345,58984,88422P10,TCBX,True,ticker_unique,True,,"Third Coast Bancshares, Inc.",TCBX,6036,2022-10-07,2022-10-07,1
0001782107,22767,59168,68237Q20,ONCO,True,ticker_unique,True,,"Onconetix, Inc.",ONCO,2834,2022-03-03,2024-10-01,9
0001782303,24938,59825,10170A10,BOLD,True,ticker_unique,True,,"Boundless Bio, Inc.",BOLD,2834,2024-10-29,2024-10-29,1
0001782309,,,,,,unmatched,False,,Skillful Craftsman Education Technology Ltd,EDTK,8200,2022-03-16,2022-03-16,1
0001782594,,,,,,unmatched_name,False,,Genetron Holdings Ltd,,8071,2023-10-19,2023-10-24,6
0001782941,,,,,,unmatched,False,,TIAN RUIXIANG HOLDINGS LTD,TIRXF,6411,2023-08-18,2025-07-23,6
0001783032,,,,,,unmatched_name,False,,"Elevation Oncology, Inc.",,2836,2025-04-16,2025-04-16,1
0001783036,,,,,,unmatched,False,,NewcelX Ltd.,NCEL,2834,2025-06-24,2025-11-14,3
0001783180,19285,57036,14448C10,CARR,True,ticker_unique,True,,CARRIER GLOBAL Corp,CARR,3585,2024-01-09,2024-01-09,1
0001783400,,,,,,unmatched_name,False,,"US Ecology, Inc.",,4953,2022-02-16,2022-02-16,1
0001783875,,,,,,unmatched_name,False,,4Front Ventures Corp.,,2833,2023-10-31,2024-06-20,2
0001783879,21723,58570,77070010,HOOD,True,ticker_unique,True,,"Robinhood Markets, Inc.",HOOD,6211,2022-05-12,2022-05-12,1
0001784254,19129,56968,58450D10,MDIA,True,ticker_unique,True,,Mediaco Holding Inc.,MDIA,4832,2024-04-24,2025-07-03,2
0001784570,27644,60547,08692110,BETA,True,ticker_unique,True,,"BETA Technologies, Inc.",BETA,3721,2025-11-10,2025-11-10,1
0001784700,,,,,,unmatched_name,False,,Varagon Capital Corp,,,2022-07-27,2022-07-27,1
0001785056,23869,59552,45840Y40,TRNR,True,ticker_unique,True,,"Interactive Strength, Inc.",TRNR,3600,2023-05-12,2023-05-12,1
0001785173,,,,,,unmatched_name,False,,"89bio, Inc.",,2834,2025-10-03,2025-10-03,1
0001785424,19135,56945,48585920,KPLT,True,ticker_unique,True,,"Katapult Holdings, Inc.",KPLT,7359,2022-07-06,2025-11-10,3
0001785680,,,,,,unmatched,False,,BitVentures Ltd,BVC,6282,2025-03-24,2025-03-24,1
0001785971,,,,,,unmatched,False,,BlackRock Health Sciences Term Trust,BMEZ,,2023-05-26,2023-05-26,1
0001786182,,,,,,unmatched_name,False,,"First High-School Education Group Co., Ltd.",,8200,2024-08-08,2024-08-08,1
0001786205,,,,,,unmatched_name,False,,"Arcellx, Inc.",,2836,2022-02-17,2024-11-08,3
0001786255,,,,,,unmatched_name,False,,"Icosavax, Inc.",,2836,2022-02-28,2022-02-28,1
0001786352,19084,56959,09004310,BILL,True,ticker_unique,True,,"BILL Holdings, Inc.",BILL,7372,2025-09-04,2025-09-04,1
0001786511,,,,,,unmatched_name,False,,Fresh2 Group Ltd,,8071,2023-07-27,2023-07-27,1
0001787425,,,,,,unmatched,False,,XP Inc.,XP,6211,2022-08-24,2022-08-24,1
0001788028,19180,56936,47187120,JSPR,True,ticker_unique,True,,"Jasper Therapeutics, Inc.",JSPR;JSPRW,2836,2023-02-27,2023-02-27,1
0001788257,,,,,,unmatched,False,,"BETTERWARE DE MEXICO, S.A.P.I. DE C.V",BWMX,5961,2022-02-28,2022-02-28,1
0001788717,,,,,,unmatched_name,False,,F45 Training Holdings Inc.,,5040,2022-08-31,2022-08-31,1
0001788999,23343,59381,98423J10,XPER,True,ticker_span,True,23343;89922,Xperi Inc.,XPER,7372,2024-01-23,2024-01-23,1
0001789029,19224,57014,00835Q20,AEVA,True,ticker_unique,True,,"Aeva Technologies, Inc.",AEVA,3714,2022-11-17,2022-11-17,1
0001789299,,,,,,unmatched,False,,UTime Ltd,FXHO,3600,2024-10-21,2024-10-21,1
0001789832,19098,56962,42810310,HESM,True,ticker_unique,True,,Hess Midstream LP,HESM,1311,2025-01-30,2025-01-30,1
0001790169,,,,,,unmatched,False,,ZeroStack Corp.,ZSTK,5122,2023-01-06,2025-10-27,4
0001790515,,,,,,unmatched_name,False,,EQONEX Ltd,,6199,2022-04-29,2022-04-29,1
0001790625,,,,,,unmatched_name,False,,"AgileThought, Inc.",,8742,2022-04-12,2022-04-12,1
0001790665,,,,,,unmatched_name,False,,Greenrose Holding Co Inc.,,5990,2022-01-12,2022-09-28,3
0001791145,26644,60271,36166F10,GBFH,True,ticker_unique,True,,GBank Financial Holdings Inc.,GBFH,6022,2025-05-05,2025-05-05,2
0001791703,,,,,,unmatched,False,,Titan Mining Corp,TII,1040,2025-11-28,2025-11-28,1
0001792030,,,,,,unmatched,False,,IM Cannabis Corp.,IMCC,2833,2022-02-14,2022-02-14,1
0001792581,,,,,,unmatched_name,False,,"Kiromic Biopharma, Inc.",,2836,2024-02-08,2024-05-20,2
0001792829,,,,,,unmatched_name,False,,Vasta Platform Ltd,,8200,2025-01-10,2025-01-10,1
0001793129,,,,,,unmatched,False,,Nuveen Dynamic Municipal Opportunities Fund,NDMO,,2022-06-21,2022-06-21,1
0001793663,,,,,,unmatched,False,,VTEX,VTEX,7372,2023-01-06,2023-01-06,1
0001793855,,,,,,unmatched,False,,abrdn Global Infrastructure Income Fund,ASGI,,2024-01-16,2024-01-16,1
0001793862,,,,,,unmatched_name,False,,Dada Nexus Ltd,,7370,2022-03-04,2022-03-04,1
0001794041,,,,,,unmatched_name,False,,Franklin BSP Private Credit Fund,,,2024-02-27,2024-02-27,1
0001794515,19405,57093,98980F10,GTM,True,ticker_unique,True,,ZoomInfo Technologies Inc.,GTM,7372,2025-08-21,2025-08-21,1
0001794621,,,,,,unmatched_name,False,,"Quanergy Systems, Inc.",,3714,2022-02-18,2022-02-18,2
0001794846,,,,,,unmatched_name,False,,Atlas Corp.,,4412,2022-08-05,2022-08-05,1
0001795091,25362,59960,68764Y20,OSTX,True,ticker_unique,True,,OS Therapies Inc,OSTX,2834,2025-01-17,2025-01-17,1
0001795579,,,,,,unmatched_name,False,,Calliditas Therapeutics AB,,2834,2024-06-04,2024-06-04,1
0001796022,19655,57256,85914M10,STEP,True,ticker_unique,True,,StepStone Group Inc.,STEP,6282,2025-09-18,2025-09-18,2
0001796209,19317,57057,00187Y10,APG,True,ticker_unique,True,,APi Group Corp,APG,7340,2022-01-13,2022-01-13,1
0001796280,19353,57068,68622P10,ORIC,True,ticker_unique,True,,"Oric Pharmaceuticals, Inc.",ORIC,2834,2025-06-05,2025-06-05,1
0001796949,,,,,,unmatched,False,,"GenFlat Holdings, Inc.",GFLT,8742,2024-02-14,2024-02-14,2
0001798458,,,,,,unmatched_name,False,,"Carriage House Event Center, Inc.",,7200,2025-02-11,2025-02-11,1
0001798562,,,,,,unmatched,False,,TMC the metals Co Inc.,TMC;TMCWW,1000,2022-01-03,2025-05-13,2
0001798749,21518,58431,00806420,JBIO,True,ticker_unique,True,,"Jade Biosciences, Inc.",JBIO,2834,2025-05-01,2025-05-01,1
0001799207,,,,,,unmatched,False,,AUNA S.A.,AUNA,8011,2024-08-22,2024-09-04,2
0001799208,,,,,,unmatched_name,False,,"Dun & Bradstreet Holdings, Inc.",,7320,2022-02-25,2022-02-25,2
0001799290,,,,,,unmatched,False,,Ebang International Holdings Inc.,EBON,6200,2022-04-15,2022-04-15,1
0001799448,19944,57423,01626L20,ALGS,True,ticker_unique,True,,"Aligos Therapeutics, Inc.",ALGS,2836,2023-11-06,2023-11-06,1
0001799850,,,,,,unmatched_name,False,,"Renovacor, Inc.",,2836,2022-09-21,2022-09-21,1
0001799983,,,,,,unmatched_name,False,,Global Blue Group Holding AG,,7374,2022-06-21,2025-02-24,3
0001800315,,,,,,unmatched,False,,"Damora Therapeutics, Inc.",DMRA,2834,2025-11-17,2025-11-17,1
0001800347,,,,,,unmatched_name,False,,"E2open Parent Holdings, Inc.",,7374,2023-10-16,2025-06-16,2
0001800373,,,,,,unmatched,False,,"GOLDENWELL BIOTECH, INC.",GWLL,2000,2023-05-23,2023-05-23,3
0001800392,,,,,,unmatched,False,,MicroAlgo Inc.,MLGO;VENAF,7371,2023-01-05,2023-01-05,4
0001800637,20412,57710,00853E40,RYM,True,ticker_unique,True,,"RYTHM, Inc.",RYM,0700,2022-11-03,2024-11-13,4
0001800682,,,,,,unmatched_name,False,,"Cano Health, Inc.",,8011,2022-03-09,2024-07-08,10
0001801602,21103,57983,85021Q10,,False,ticker_unique,True,,"SpringBig Holdings, Inc.",SBIG;SBIGW,7371,2022-06-24,2024-08-08,2
0001801834,,,,,,unmatched,False,,PRF Technologies Ltd.,PRFX,2834,2024-08-26,2024-08-26,1
0001802255,25466,59988,40145W10,GRDN,True,ticker_unique,True,,"Guardian Pharmacy Services, Inc.",GRDN,5912,2025-02-03,2025-02-03,1
0001802450,19978,57248,55374540,,False,ticker_unique,True,,"MSP Recovery, Inc.",MSPR,7374,2022-06-02,2023-07-17,3
0001802768,,,,,,unmatched,False,,Royalty Pharma plc,RPRX,2834,2025-05-23,2025-05-23,1
0001802974,19946,57425,60510V10,AVO,True,ticker_unique,True,,"Mission Produce, Inc.",AVO,0700,2025-06-13,2025-11-05,2
0001803112,,,,,,unmatched_name,False,,TDCX Inc.,,7373,2022-05-24,2022-05-24,1
0001803407,,,,,,unmatched,False,,"Ostin Technology Group Co., Ltd.",OST,3679,2024-02-20,2024-02-20,1
0001803599,20065,57534,20602D10,CNXC,True,ticker_unique,True,,Concentrix Corp,CNXC,7389,2023-10-05,2023-10-17,2
0001803901,19556,57121,87427V10,TALK,True,ticker_unique,True,,"Talkspace, Inc.",TALK,8000,2023-01-06,2023-01-06,1
0001803914,19644,57124,72814P10,PLBY,True,ticker_unique,True,,"Playboy, Inc.",PLBY,5900,2022-12-07,2024-11-13,2
0001804469,,,,,,unmatched,False,,"Guardforce AI Co., Ltd.",GFAI;GFAIW,7381,2025-06-11,2025-06-11,1
0001804583,,,,,,unmatched,False,,Cloopen Group Holding Ltd,RAASY,7372,2025-12-30,2025-12-30,1
0001804591,,,,,,unmatched_name,False,,Chrome Holding Co.,,2834,2022-11-04,2025-03-17,2
0001805012,,,,,,unmatched_name,False,,Vitru Ltd,,8200,2023-01-18,2023-01-18,1
0001805077,19416,57075,29415C10,EOSE,True,ticker_unique,True,,"Eos Energy Enterprises, Inc.",EOSE;EOSEW,3690,2024-06-28,2024-06-28,1
0001805087,,,,,,unmatched_name,False,,"GELESIS HOLDINGS, INC.",,2834,2022-01-21,2022-12-30,3
0001805284,19577,57194,77311W10,RKT,True,ticker_unique,True,,"Rocket Companies, Inc.",RKT,6162,2025-05-15,2025-07-08,2
0001805385,19838,57181,30049H10,EVLV,True,ticker_unique,True,,"Evolv Technologies Holdings, Inc.",EVLV,3577,2023-01-30,2025-01-30,2
0001805387,,,,,,unmatched_name,False,,"Cerevel Therapeutics Holdings, Inc.",,2834,2023-04-21,2023-04-21,1
0001805521,19649,57184,30735988,FFAI,True,ticker_unique,True,,FARADAY FUTURE INTELLIGENT ELECTRIC INC.,FFAI,3711,2022-08-01,2022-08-01,1
0001805526,24072,59605,47100L30,DFDV,True,ticker_unique,True,,DeFi Development Corp.,DFDV;DFDVW;DFUKF,6199,2025-04-08,2025-04-08,1
0001805651,19797,57156,57064P20,MKTW,True,ticker_unique,True,,"MARKETWISE, INC.",MKTW,7372,2022-09-09,2023-09-14,2
0001805833,19616,57107,87200P20,SST,True,ticker_unique,True,,"System1, Inc.",SST;SSTPW,7370,2022-02-07,2025-05-05,9
0001805890,,,,,,unmatched_name,False,,Fusion Pharmaceuticals Inc.,,2836,2024-03-25,2024-03-25,1
0001806201,17367,56235,68373J10,LPRO,True,ticker_unique,True,,Open Lending Corp,LPRO,6141,2025-04-14,2025-04-14,1
0001806310,19847,57361,87761910,TSHA,True,ticker_unique,True,,"Taysha Gene Therapies, Inc.",TSHA,2836,2022-10-31,2022-10-31,1
0001806347,23270,59360,96145W10,WEST,True,ticker_unique,True,,Westrock Coffee Co,WEST,2080,2022-09-06,2022-09-06,1
0001806524,,,,,,unmatched,False,,Lion Group Holding Ltd,LGHL,6211,2024-06-28,2024-06-28,1
0001806904,,,,,,unmatched,False,,EZGO Technologies Ltd.,EZGO,3751,2023-11-06,2023-11-06,1
0001807120,20662,58012,25056L10,DSGN,True,ticker_unique,True,,"Design Therapeutics, Inc.",DSGN,2834,2022-03-31,2022-03-31,1
0001807192,,,,,,unmatched_name,False,,Chindata Group Holdings Ltd,,7370,2023-08-17,2023-08-21,4
0001807765,,,,,,unmatched,False,,PMV Consumer Acquisition Corp.,PMVC;PMVCW,6770,2022-11-03,2022-11-03,1
0001807846,,,,,,unmatched_name,False,,MONEYLION INC.,,6199,2022-02-11,2023-06-02,2
0001808158,,,,,,unmatched_name,False,,Repare Therapeutics Inc.,,2834,2023-11-03,2023-11-03,1
0001808220,,,,,,unmatched_name,False,,"GoHealth, Inc.",,6411,2022-11-25,2025-08-13,5
0001808377,23258,59352,45791D20,LUCY,True,ticker_unique,True,,Innovative Eyewear Inc,LUCY;LUCYW,3851,2024-09-23,2024-09-23,1
0001808865,,,,,,unmatched_name,False,,"iTeos Therapeutics, Inc.",,2836,2025-05-16,2025-06-12,2
0001808898,15631,55390,08205P20,BNTC,True,ticker_unique,True,,Benitec Biopharma Inc.,BNTC,2834,2024-04-29,2024-04-29,1
0001808997,19579,57196,02875D10,AOUT,True,ticker_unique,True,,"American Outdoor Brands, Inc.",AOUT,3949,2022-09-19,2023-08-30,2
0001809104,21617,58517,01626W10,ALIT,True,ticker_unique,True,,"Alight, Inc. / Delaware",ALIT,7389,2024-02-21,2024-02-21,1
0001809122,,,,,,unmatched_name,False,,CureVac N.V.,,2834,2022-05-05,2025-08-13,4
0001809196,,,,,,unmatched,False,,Immatics N.V.,IMTX,2836,2024-06-06,2024-06-06,1
0001809519,19679,57265,38246G10,GDRX,True,ticker_unique,True,,"GoodRx Holdings, Inc.",GDRX,7374,2023-08-31,2023-08-31,2
0001809541,,,,,,unmatched,False,,BlackRock Capital Allocation Term Trust,BCAT,,2023-03-28,2023-03-28,1
0001809587,,,,,,unmatched,False,,KE Holdings Inc.,BEKE,6531,2024-05-30,2024-05-30,1
0001809691,,,,,,unmatched,False,,AMTD Digital Inc.,HKD,6199,2023-02-16,2023-02-16,1
0001809750,23109,59290,28059P40,EDBL,True,ticker_unique,True,,Edible Garden AG Inc,EDBL;EDBLW,0100,2023-05-02,2023-05-02,1
0001810031,,,,,,unmatched_name,False,,Freeline Therapeutics Holdings plc,,2836,2022-03-25,2022-03-25,1
0001810140,,,,,,unmatched_name,False,,Polished.com Inc.,,5700,2023-01-26,2023-01-26,1
0001810560,20163,57458,76135L70,REVB,True,ticker_unique,True,,"REVELATION BIOSCIENCES, INC.",REVB;REVBW,2834,2022-02-15,2022-02-15,1
0001810739,,,,,,unmatched_name,False,,"Radius Global Infrastructure, Inc.",,6519,2023-03-08,2023-03-08,1
0001811063,19606,57154,67080N10,NUVB,True,ticker_unique,True,,Nuvation Bio Inc.,NUVB,2834,2024-09-10,2024-09-10,1
0001811074,20391,57695,88262P10,TPL,True,ticker_unique,True,,Texas Pacific Land Corp,TPL,6792,2024-01-22,2024-01-22,1
0001811109,,,,,,unmatched_name,False,,"Applied UV, Inc.",,3640,2023-02-07,2023-02-07,1
0001811115,,,,,,unmatched,False,,Renalytix plc,RNLXY,8071,2023-02-10,2023-02-17,2
0001811216,,,,,,unmatched,False,,Baosheng Media Group Holdings Ltd,BAOS,7389,2022-03-07,2022-03-07,1
0001811530,,,,,,unmatched_name,False,,"Next Meats Holdings, Inc.",,2000,2022-01-12,2022-01-28,3
0001811623,,,,,,unmatched_name,False,,"Kuvatris Therapeutics, Inc.",,2834,2022-09-09,2022-09-09,1
0001811764,,,,,,unmatched_name,False,,POINT Biopharma Global Inc.,,2834,2023-11-06,2023-11-06,1
0001811856,,,,,,unmatched_name,False,,"View, Inc.",,3211,2023-10-26,2023-10-26,3
0001811935,27356,60479,70339W10,PTRN,True,ticker_unique,True,,Pattern Group Inc.,PTRN,5961,2025-09-25,2025-09-25,1
0001812360,20358,57598,35147150,,False,ticker_unique,True,,FOXO TECHNOLOGIES INC.,FOXO;FOXOW,8731,2022-09-26,2024-08-05,5
0001812477,,,,,,unmatched,False,,Keel Infrastructure Corp.,KEEL,6199,2024-05-28,2024-05-28,1
0001813658,,,,,,unmatched_name,False,,"Tempo Automation Holdings, Inc.",,3672,2022-02-07,2022-12-05,3
0001813756,,,,,,unmatched_name,False,,WeWork Inc.,,6512,2024-06-18,2024-06-18,3
0001813783,,,,,,unmatched,False,,Vision Marine Technologies Inc.,VMAR,3730,2024-01-29,2024-01-29,1
0001813914,,,,,,unmatched_name,False,,"CareMax, Inc.",,8050,2022-11-22,2022-11-22,1
0001814114,19636,57242,68572M10,OBIO,True,ticker_unique,True,,"Orchestra BioMed Holdings, Inc.",OBIO,3841,2022-10-12,2023-02-07,3
0001814215,19920,57312,67021W30,BURU,True,ticker_unique,True,,"Nuburu, Inc.",BURU;BURUW,3690,2023-02-07,2023-07-06,4
0001814287,19826,57170,00258Y10,ABX,True,ticker_unique,True,,"Abacus Global Management, Inc.",ABX;ABXL,6282,2022-07-27,2024-12-10,7
0001814329,,,,,,unmatched_name,False,,"Astra Space, Inc.",,4700,2023-11-16,2024-03-14,3
0001815086,,,,,,unmatched_name,False,,Bridgetown Holdings Ltd,,6770,2023-10-04,2023-10-04,1
0001815442,19585,57201,50157510,KYMR,True,ticker_unique,True,,"Kymera Therapeutics, Inc.",KYMR,2836,2024-04-01,2024-04-01,1
0001815776,21547,58458,52635N10,LENZ,True,ticker_unique,True,,"LENZ Therapeutics, Inc.",LENZ,2836,2024-03-28,2024-03-28,1
0001815849,,,,,,unmatched_name,False,,"ATI Physical Therapy, Inc.",,8050,2022-03-04,2024-05-21,5
0001816007,,,,,,unmatched,False,,Lufax Holding Ltd,LU,6199,2024-08-13,2024-08-13,1
0001816613,,,,,,unmatched_name,False,,Markforged Holding Corp,,3577,2022-01-28,2022-01-28,1
0001816708,20101,57310,69120X20,OWLT,True,ticker_unique,True,,"Owlet, Inc.",OWLT,3829,2023-02-27,2023-02-27,1
0001816736,19628,57234,25460410,IRON,True,ticker_unique,True,,"Disc Medicine, Inc.",IRON,2834,2022-10-11,2023-01-09,2
0001817004,21930,58720,65294110,NXXT,True,ticker_unique,True,,"NEXTNRG, INC.",NXXT,5500,2025-02-28,2025-02-28,1
0001817153,,,,,,unmatched_name,False,,EdtechX Holdings Acquisition Corp. II,,6770,2022-11-16,2022-11-16,1
0001817218,,,,,,unmatched_name,False,,ConvexityShares Trust,,6221,2022-12-30,2022-12-30,2
0001817229,20641,57994,92903320,VOR,True,ticker_unique,True,,Vor Biopharma Inc.,VOR,2836,2025-01-07,2025-12-23,2
0001817232,20591,57624,37892P10,,False,ticker_unique,True,,Global Gas Corp,HGAS;HGASW,2810,2023-08-25,2024-01-02,3
0001817241,25327,59938,04317A10,ARTV,True,ticker_unique,True,,"Artiva Biotherapeutics, Inc.",ARTV,2836,2024-07-29,2024-07-29,2
0001817740,,,,,,unmatched,False,,Austin Gold Corp.,AUST,1040,2023-11-20,2023-11-20,4
0001818331,19956,57339,81663L20,WGS,True,ticker_unique,True,,GeneDx Holdings Corp.,WGS,8000,2022-05-09,2022-05-09,1
0001818383,19859,57374,58450V10,MAX,True,ticker_unique,True,,"MediaAlpha, Inc.",MAX,7389,2023-06-30,2023-06-30,1
0001818605,,,,,,unmatched_name,False,,Distoken Acquisition Corp,,6770,2023-02-27,2023-02-27,1
0001818644,20419,57560,00818320,LIDR,True,ticker_unique,True,,"AEye, Inc.",LIDR;LIDRW,3714,2022-02-23,2022-02-23,1
0001818838,,,,,,unmatched,False,,Adagene Inc.,ADAG,2834,2022-04-29,2022-04-29,1
0001818844,20331,57663,92829J20,DWTX,True,ticker_unique,True,,"Dogwood Therapeutics, Inc.",DWTX,2834,2024-10-15,2024-10-15,1
0001819142,20751,57700,78397Q10,SES,True,ticker_unique,True,,SES AI Corp,SES;SESWT,3690,2022-02-14,2022-02-14,2
0001819253,21061,58115,09068310,BTMD,True,ticker_unique,True,,biote Corp.,BTMD,2833,2023-06-15,2025-06-12,2
0001819395,,,,,,unmatched_name,False,,Sonder Holdings Inc.,,7000,2024-11-27,2025-01-15,2
0001819404,20130,57413,64081V10,NRDY,True,ticker_unique,True,,Nerdy Inc.,NRDY,8200,2022-02-11,2022-02-11,1
0001819438,20171,57358,26916J20,GWH,True,ticker_unique,True,,"ESS Tech, Inc.",GWH;GWHWW,3690,2023-07-13,2023-07-13,1
0001819493,20310,57455,98423B30,XOS,True,ticker_unique,True,,"Xos, Inc.",XOS;XOSWW,3714,2022-08-19,2022-08-19,1
0001819516,20115,57317,96328L20,UP,True,ticker_unique,True,,Wheels Up Experience Inc.,UP,4522,2023-09-26,2023-09-27,2
0001819574,20238,57542,68622E10,BARK,True,ticker_unique,True,,"Bark, Inc.",BARK,5990,2023-10-19,2023-10-19,1
0001819584,,,,,,unmatched_name,False,,Volta Inc.,,3790,2022-04-12,2022-04-12,1
0001819615,,,,,,unmatched_name,False,,Clever Leaves Holdings Inc.,,2834,2024-05-15,2024-05-15,1
0001819704,,,,,,unmatched,False,,Medirom Healthcare Technologies Inc.,MRM,7200,2023-01-06,2023-01-25,2
0001819794,,,,,,unmatched,False,,Fusion Fuel Green PLC,HTOO,3590,2025-12-04,2025-12-04,2
0001819810,20399,57550,75776W10,RDW,True,ticker_unique,True,,Redwire Corp,RDW,3760,2022-11-10,2022-11-10,1
0001819848,20126,57323,G6516310,JOBY,True,ticker_unique,True,,"Joby Aviation, Inc.",JOBY,3721,2022-02-22,2022-02-22,2
0001820144,20406,57554,39854F10,GRND,True,ticker_unique,True,,Grindr Inc.,GRND,7370,2022-11-28,2022-11-28,5
0001820190,20884,57789,80880W20,SCLX,True,ticker_unique,True,,Scilex Holding Co,SCLX;SCLXW,2836,2022-11-17,2023-09-29,2
0001820302,20179,57364,05759B30,BKKT,True,ticker_unique,True,,"Bakkt, Inc.",BKKT;BKKTWT,6199,2025-11-07,2025-11-07,1
0001820566,,,,,,unmatched_name,False,,Inspirato Inc,,6770,2022-02-22,2025-08-04,10
0001820872,20114,57400,37890B10,GBTG,True,ticker_unique,True,,"Global Business Travel Group, Inc.",GBTG,4700,2022-06-01,2025-10-02,6
0001821075,,,,,,unmatched_name,False,,"Appreciate Holdings, Inc.",,6531,2022-12-12,2022-12-12,1
0001821159,20072,57299,30052F10,EVGO,True,ticker_unique,True,,EVgo Inc.,EVGO,7500,2024-10-18,2024-10-18,1
0001821160,,,,,,unmatched_name,False,,Guild Holdings Co,,6162,2025-05-23,2025-05-23,1
0001821169,,,,,,unmatched_name,False,,"Global SPAC Partners Co,",,7372,2022-05-05,2022-05-05,1
0001821175,20439,57765,62011B20,MSGM,True,ticker_unique,True,,Motorsport Games Inc.,MSGM,7372,2023-01-31,2025-05-15,2
0001821323,,,,,,unmatched_name,False,,"Sigilon Therapeutics, Inc.",,2834,2023-07-07,2023-07-07,1
0001821349,,,,,,unmatched_name,False,,Neo Group Ltd,,7900,2022-07-11,2023-05-25,2
0001821424,,,,,,unmatched,False,,Ucommune International Ltd,UK,7389,2024-03-07,2024-03-07,1
0001821468,,,,,,unmatched,False,,17 Education & Technology Group Inc.,YQ,8200,2024-11-15,2024-11-15,1
0001821534,25916,60095,30209R10,EXOD,True,ticker_unique,True,,"Exodus Movement, Inc.",EXOD,6199,2025-08-08,2025-08-08,1
0001821586,,,,,,unmatched,False,,MoonLake Immunotherapeutics,MLTX,2834,2022-04-18,2022-04-18,1
0001821769,20381,57600,63942X10,NVTS,True,ticker_unique,True,,Navitas Semiconductor Corp,NVTS,3674,2022-02-18,2025-02-27,2
0001821850,,,,,,unmatched_name,False,,Sunlight Financial Holdings Inc.,,6199,2022-02-10,2022-02-10,1
0001822145,,,,,,unmatched_name,False,,Presto Automation Inc.,,7372,2022-10-03,2023-10-27,4
0001822691,,,,,,unmatched_name,False,,"GreenLight Biosciences Holdings, PBC",,2836,2022-02-11,2023-07-25,45
0001822711,,,,,,unmatched_name,False,,"PARDES BIOSCIENCES, INC.",,2834,2022-02-07,2022-02-07,1
0001822791,20285,57617,18563420,CLNN,True,ticker_unique,True,,Clene Inc.,CLNN,2834,2022-02-14,2023-02-06,2
0001822966,20325,57579,67079K10,SMR,True,ticker_unique,True,,NUSCALE POWER Corp,SMR,3443,2022-05-12,2022-05-12,2
0001823000,,,,,,unmatched_name,False,,CONX Corp.,,6510,2024-05-08,2024-05-08,2
0001823144,,,,,,unmatched,False,,"GPGI, Inc.",GPGI,6199,2022-01-06,2024-09-19,2
0001823466,20143,57435,33765530,NOTE,True,ticker_unique,True,,"FiscalNote Holdings, Inc.",NOTE;NOTEW,7389,2022-08-08,2022-08-08,4
0001823575,,,,,,unmatched_name,False,,"ZeroFox Holdings, Inc.",,7389,2022-05-16,2022-08-12,4
0001823584,20665,57851,01861F10,AENT,True,ticker_unique,True,,ALLIANCE ENTERTAINMENT HOLDING CORP,AENT;AENTW,5099,2023-03-13,2023-03-13,3
0001823587,20338,57473,83085C10,SKYH,True,ticker_unique,True,,Sky Harbour Group Corp,SKYH;SKYHWT,6500,2022-02-04,2022-02-04,2
0001823593,,,,,,unmatched_name,False,,TuSimple Holdings Inc.,,7373,2022-11-15,2024-12-16,3
0001823652,20464,57584,29970N10,EVEX,True,ticker_unique,True,,"Eve Holding, Inc.",EVEX;EVEXWT,3721,2022-05-19,2022-05-19,1
0001823766,,,,,,unmatched_name,False,,Archaea Energy Inc.,,4932,2022-10-26,2022-10-26,1
0001824293,20640,57993,3622AW40,GRI,True,ticker_unique,True,,"GRI Bio, Inc.",GRI,2834,2023-04-25,2023-04-25,3
0001824403,20451,57653,76119X10,RSVR,True,ticker_unique,True,,"Reservoir Media, Inc.",RSVR;RSVRW,7900,2023-12-20,2023-12-20,1
0001824502,20207,57377,03945R10,ACHR,True,ticker_unique,True,,Archer Aviation Inc.,ACHR;ACHRWT,3721,2023-05-09,2023-05-09,1
0001824814,,,,,,unmatched,False,,Cognyte Software Ltd.,CGNT,7372,2022-05-16,2024-06-26,3
0001825079,20402,57608,92259N30,VELO,True,ticker_unique,True,,"Velo3D, Inc.",VELO;VLDXW,3559,2025-01-02,2025-01-02,1
0001825155,,,,,,unmatched_name,False,,TELUS International (Cda) Inc.,,7374,2023-05-26,2023-05-26,1
0001825590,,,,,,unmatched_name,False,,SL Investment Corp.,,,2024-05-31,2024-05-31,1
0001825962,,,,,,unmatched_name,False,,Quadro Acquisition One Corp.,,6770,2022-07-11,2022-07-11,1
0001826000,20330,57581,51818V10,,False,ticker_unique,True,,"Latch, Inc.",LTCH,5072,2023-07-13,2023-07-13,1
0001826011,,,,,,ambiguous_ticker,False,20638;76226,"Banzai International, Inc.",BNZI;PARA;PARAW,7372,2023-12-26,2025-04-23,3
0001826018,,,,,,unmatched_name,False,,"ROVER GROUP, INC.",,7200,2023-12-11,2023-12-11,1
0001826286,,,,,,unmatched,False,,Vinci Compass Investments Ltd.,VINP,6282,2023-11-06,2024-11-05,3
0001826397,,,,,,unmatched,False,,AVAX ONE TECHNOLOGY LTD.,AVX,6199,2025-11-12,2025-11-12,1
0001826492,,,,,,unmatched_name,False,,Gracell Biotechnologies Inc.,,2834,2023-03-31,2023-03-31,1
0001826600,20438,57763,61218C10,MNTK,True,ticker_unique,True,,"Montauk Renewables, Inc.",MNTK,4932,2025-11-10,2025-11-10,1
0001826667,20612,57642,89680M10,TLSI,True,ticker_unique,True,,"TriSalus Life Sciences, Inc.",TLSI;TLSIW,3841,2022-12-22,2023-08-21,5
0001826671,,,,,,unmatched_name,False,,"Near Intelligence, Inc.",,7374,2023-02-09,2023-04-03,2
0001826681,20726,57692,80359A20,PDYN,True,ticker_unique,True,,Palladyne AI Corp.,PDYN;PDYNW,7372,2024-03-05,2024-03-05,1
0001827075,,,,,,unmatched_name,False,,CVENT HOLDING CORP.,,7372,2023-03-16,2023-03-16,1
0001827087,,,,,,unmatched_name,False,,"Vigil Neuroscience, Inc.",,2836,2022-01-19,2023-02-10,3
0001827090,20195,57592,15687V10,CERT,True,ticker_unique,True,,"Certara, Inc.",CERT,7372,2022-12-16,2022-12-16,1
0001827401,,,,,,unmatched,False,,BRIGHT MINDS BIOSCIENCES INC.,DRUG,2834,2024-01-18,2024-01-18,1
0001827506,,,,,,unmatched_name,False,,"Tourmaline Bio, Inc.",,2836,2022-02-28,2022-02-28,1
0001827821,,,,,,unmatched_name,False,,"Forge Global Holdings, Inc.",,6200,2022-03-30,2022-03-31,2
0001827871,,,,,,unmatched_name,False,,"Electriq Power Holdings, Inc.",,3690,2023-08-10,2023-08-11,2
0001827899,,,,,,unmatched,False,,Crown PropTech Acquisitions,CPTKW,5072,2023-01-27,2023-01-27,1
0001828016,20447,57775,72815L10,PLTK,True,ticker_unique,True,,Playtika Holding Corp.,PLTK,7374,2022-10-26,2023-05-03,2
0001828098,,,,,,unmatched,False,,Steakholder Foods Ltd.,MTTCF;STKH,2000,2022-09-22,2025-11-10,2
0001828105,20404,57553,43353920,HIPO,True,ticker_unique,True,,Hippo Holdings Inc.,HIPO,6331,2022-02-09,2022-02-09,1
0001828108,21331,58152,05177410,AUR,True,ticker_unique,True,,"Aurora Innovation, Inc.",AUR;AUROW,7373,2022-02-14,2022-02-14,1
0001828326,,,,,,unmatched_name,False,,Frazier Lifesciences Acquisition Corp,,6770,2022-11-03,2022-11-03,1
0001828536,20721,57868,29280W10,NRGV,True,ticker_unique,True,,"Energy Vault Holdings, Inc.",NRGV,3690,2022-02-16,2022-09-02,4
0001828588,23110,59292,41070910,HNVR,True,ticker_unique,True,,"Hanover Bancorp, Inc. /MD",HNVR,6022,2024-08-26,2024-08-26,1
0001828672,,,,,,unmatched_name,False,,"Boxed, Inc.",,5961,2022-02-18,2022-02-18,1
0001828791,20469,57797,92557A10,DSP,True,ticker_unique,True,,Viant Technology Inc.,DSP,7370,2024-06-12,2024-06-12,1
0001828811,,,,,,unmatched_name,False,,Li-Cycle Holdings Corp.,,4955,2022-09-23,2023-12-22,2
0001828852,,,,,,unmatched_name,False,,"Mondee Holdings, Inc.",,4700,2022-07-28,2022-07-28,1
0001828937,20927,58182,31738L20,FOA,True,ticker_unique,True,,Finance of America Companies Inc.,FOA,6162,2023-04-10,2023-04-10,1
0001828972,20787,57727,12430A30,BZFD,True,ticker_unique,True,,"BuzzFeed, Inc.",BZFD;BZFDW,4899,2022-01-13,2025-04-01,3
0001829280,20794,58099,34630N10,FORA,True,ticker_unique,True,,Forian Inc.,FORA,7374,2025-01-27,2025-08-25,2
0001829311,26720,60325,09175A20,BMNR,True,ticker_unique,True,,"BITMINE IMMERSION TECHNOLOGIES, INC.",BMNP;BMNR,6199,2025-07-15,2025-07-15,1
0001829635,21760,58596,89357L50,RNAZ,True,ticker_unique,True,,"Transcode Therapeutics, Inc.",RNAZ,2834,2022-12-20,2025-10-16,4
0001829726,,,,,,unmatched,False,,Triple Flag Precious Metals Corp.,TFPM,6795,2023-03-21,2023-03-21,1
0001829794,22255,58901,92864V60,EMPD,True,ticker_unique,True,,Empery Digital Inc.,EMPD,6199,2025-07-24,2025-07-24,1
0001829797,,,,,,unmatched_name,False,,Pioneer Merger Corp.,,6770,2022-12-30,2022-12-30,1
0001829802,,,,,,unmatched,False,,"Faeth Therapeutics, Inc.",FTH,2834,2022-07-19,2023-11-03,2
0001829864,21350,58318,87652V10,TASK,True,ticker_unique,True,,"TaskUs, Inc.",TASK,7374,2025-07-11,2025-07-11,1
0001829953,,,,,,unmatched,False,,Corner Growth Acquisition Corp.,COOL,6770,2024-08-22,2024-08-22,1
0001830029,,,,,,unmatched_name,False,,GRIID Infrastructure Inc.,,6199,2024-01-08,2024-01-08,2
0001830033,19489,57091,74623V10,PCT,True,ticker_unique,True,,"PureCycle Technologies, Inc.",PCT;PCTBP;PCTTU;PCTTW,2821,2022-03-24,2025-07-08,2
0001830081,21029,57920,78137L10,RUM,True,ticker_unique,True,,RUM Group Inc.,RUM;RUMBW,7370,2022-09-26,2025-02-07,6
0001830188,20780,57724,91060H10,UHG,True,ticker_unique,True,,"United Homes Group, Inc.",UHG;UHGWW,1531,2023-02-06,2024-02-05,5
0001830210,,,,,,unmatched_name,False,,"Benson Hill, Inc.",,2000,2024-01-29,2024-06-05,2
0001830795,,,,,,unmatched_name,False,,Quantum FinTech Acquisition Corp,,6770,2023-02-10,2023-02-10,1
0001831096,86990,16581,39037G10,GEG,True,ticker_unique,True,,"Great Elm Group, Inc.",GEG;GEGGL,7372,2025-09-04,2025-09-04,1
0001831283,,,,,,unmatched_name,False,,LianBio,,2834,2023-11-30,2023-11-30,1
0001831481,20930,57860,78574H10,SOC,True,ticker_unique,True,,Sable Offshore Corp.,SOC,1311,2024-02-22,2024-02-22,2
0001831868,20841,57760,81256L20,ICU,True,ticker_unique,True,,SeaStar Medical Holding Corp,ICU;ICUCW,3841,2022-11-07,2022-11-07,1
0001831907,,,,,,unmatched,False,,LuxExperience B.V.,LUXE,5961,2025-04-29,2025-04-29,1
0001831978,,,,,,unmatched_name,False,,Newbury Street Acquisition Corp,,6770,2022-04-11,2022-04-11,1
0001831979,20805,57740,85493620,SDST,True,ticker_unique,True,,Stardust Power Inc.,SDST;SDSTW,3330,2024-07-15,2025-10-15,3
0001832038,21790,58622,00534A10,IVVD,True,ticker_unique,True,,"Invivyd, Inc.",IVVD,2836,2022-03-30,2022-04-07,3
0001832136,,,,,,unmatched_name,False,,Osiris Acquisition Corp.,,6770,2023-01-11,2023-01-11,1
0001832161,,,,,,unmatched,False,,"VIP Play, Inc.",VIPZ,5900,2022-09-06,2022-09-06,2
0001832168,,,,,,unmatched_name,False,,"Longboard Pharmaceuticals, Inc.",,2834,2022-03-21,2022-03-21,1
0001832351,,,,,,unmatched_name,False,,"Fast Radius, Inc.",,3440,2022-02-25,2022-03-10,2
0001832483,,,,,,unmatched,False,,Serve Robotics Inc. /DE/,SERV,3569,2023-08-10,2024-05-08,2
0001832487,,,,,,unmatched,False,,"Guerrilla RF, Inc.",GUER,3674,2023-09-15,2024-08-12,2
0001832511,21044,57932,74441320,PIII,True,ticker_unique,True,,P3 Health Partners Inc.,PIII;PIIIW,8000,2022-09-12,2022-09-12,1
0001832871,,,,,,unmatched,False,,BlackRock 2037 Municipal Target Term Trust,BMN,,2025-10-07,2025-10-07,1
0001832928,,,,,,unmatched,False,,Cresco Labs Inc.,CRLBF,2833,2024-02-16,2024-02-16,2
0001832950,,,,,,unmatched_name,False,,"Kernel Group Holdings, Inc.",,6770,2023-07-07,2023-07-07,1
0001833214,20576,57713,78397T20,SABS,True,ticker_unique,True,,"SAB Biotherapeutics, Inc.",SABS;SABSW,2836,2025-10-03,2025-10-03,1
0001833498,20867,57969,84757T10,MDAI,True,ticker_unique,True,,"Spectral AI, Inc.",MDAI;MDAIW,3841,2023-09-27,2023-10-27,2
0001833835,,,,,,unmatched,False,,Paysafe Ltd,PSFE,7389,2022-01-03,2022-01-03,4
0001834026,,,,,,unmatched,False,,Gold Royalty Corp.,GROY;GROYWT,1040,2025-10-24,2025-10-24,1
0001834032,,,,,,unmatched,False,,Constellation Acquisition Corp I,CSTAF;CSTUF;CSTWF,6770,2023-02-09,2023-02-09,1
0001834105,25471,59990,45259L20,IBO,True,ticker_unique,True,,IMPACT BIOMEDICAL INC.,IBO,2834,2025-04-02,2025-04-02,1
0001834253,,,,,,unmatched_name,False,,Smart Share Global Ltd,,7200,2025-01-10,2025-08-20,2
0001834342,,,,,,unmatched_name,False,,Evo Acquisition Corp,,6770,2023-01-18,2023-01-18,1
0001834518,,,,,,unmatched_name,False,,Northern Star Investment Corp. II,,6770,2023-01-11,2023-01-11,1
0001834645,,,,,,unmatched_name,False,,"Peak Bio, Inc.",,2836,2023-03-21,2023-03-21,1
0001834974,,,,,,unmatched,False,,Lion Electric Co,LEVGQ,3711,2022-12-23,2022-12-23,1
0001835068,,,,,,unmatched,False,,Nuveen Core Plus Impact Fund,NPCT,,2023-03-27,2023-03-27,1
0001835256,,,,,,unmatched_name,False,,"Duckhorn Portfolio, Inc.",,2080,2024-05-01,2024-10-11,3
0001835268,,,,,,unmatched,False,,Connect Biopharma Holdings Ltd,CNTB,2834,2024-02-13,2024-02-13,1
0001835512,,,,,,unmatched_name,False,,Terran Orbital Corp,,3760,2022-04-04,2023-10-12,6
0001835579,20816,58118,45175G20,IMA,True,ticker_unique,True,,"ImageneBio, Inc.",IMA,2836,2022-02-11,2025-06-16,2
0001835597,23117,59296,71331710,PEPG,True,ticker_unique,True,,PepGen Inc.,PEPG,2834,2022-05-20,2022-05-20,1
0001835724,,,,,,unmatched,False,,Zhihu Inc.,ZH;ZHIHF,7389,2022-04-20,2025-03-20,3
0001835800,,,,,,unmatched_name,False,,Pivotal Investment Corp III,,6770,2023-01-11,2023-01-11,1
0001835814,,,,,,unmatched_name,False,,Northern Star Investment Corp. IV,,6770,2023-05-17,2023-05-17,1
0001835817,,,,,,unmatched_name,False,,Northern Star Investment Corp. III,,6770,2023-05-17,2023-05-17,1
0001835830,24171,59641,49845K10,KVYO,True,ticker_unique,True,,"Klaviyo, Inc.",KVYO,7372,2023-12-11,2023-12-11,1
0001835856,21025,58082,08774B50,BETR,True,ticker_unique,True,,Better Home & Finance Holding Co,BETR;BETRW,6163,2023-09-01,2023-09-07,8
0001835972,,,,,,unmatched_name,False,,"iLearningEngines, Inc.",,7372,2024-04-23,2024-04-23,1
0001836056,,,,,,unmatched_name,False,,"Ambrx Biopharma Cayman, Inc.",,2836,2023-03-08,2023-03-08,1
0001836057,76963,11101,11408230,ERNA,True,ticker_unique,True,,BlackRock Technology & Private Equity Term Trust,BTX,,2023-03-16,2023-03-16,1
0001836100,,,,,,unmatched_name,False,,Goal Acquisitions Corp.,,6770,2023-02-21,2023-02-21,1
0001836176,,,,,,unmatched_name,False,,Fathom Digital Manufacturing Corp,,3440,2022-01-03,2022-01-03,1
0001836242,,,,,,unmatched,False,,"Tokyo Lifestyle Co., Ltd.",TKLF,5990,2025-01-27,2025-01-27,1
0001836274,,,,,,unmatched_name,False,,Atlantic Coastal Acquisition Corp.,,6770,2023-03-10,2023-03-10,1
0001836379,,,,,,unmatched_name,False,,VectivBio Holding AG,,2836,2022-07-07,2023-07-07,3
0001836564,,,,,,unmatched,False,,Valneva SE,VALN,2836,2022-11-16,2022-11-16,1
0001836754,25482,59992,52474R20,LGCY,True,ticker_unique,True,,Legacy Education Inc.,LGCY,8200,2024-10-03,2024-10-03,1
0001836875,19352,57028,67079Y40,NVVE,True,ticker_unique,True,,Nuvve Holding Corp.,NVVE,3690,2023-07-07,2023-07-07,1
0001836934,,,,,,unmatched,False,,Zenvia Inc.,ZENVF,7372,2022-09-08,2022-09-08,1
0001837014,20599,57936,83193G10,SMRT,True,ticker_unique,True,,"SmartRent, Inc.",SMRT,7373,2022-03-14,2022-03-14,1
0001837240,20876,58158,87151X10,SYM,True,ticker_unique,True,,Symbotic Inc.,SYM,3569,2022-06-17,2025-06-26,6
0001837429,,,,,,unmatched,False,,Brookfield Wealth Solutions Ltd.,BNT,6399,2023-03-13,2023-03-13,1
0001837607,21086,57965,00791X20,AEON,True,ticker_unique,True,,"AEON Biopharma, Inc.",AEON,2834,2023-07-28,2025-01-22,3
0001837929,,,,,,unmatched_name,False,,New Providence Acquisition Corp. II,,6770,2024-08-05,2024-08-05,1
0001838128,,,,,,unmatched_name,False,,Lowell Farms Inc.,,0100,2022-04-14,2022-06-30,2
0001838163,21034,58090,10493220,BNAI,True,ticker_unique,True,,Brand Engagement Network Inc.,BNAI;BNAIW,7373,2024-07-26,2024-07-26,1
0001838359,21007,58063,76655K10,RGTI,True,ticker_unique,True,,"Rigetti Computing, Inc.",RGTI;RGTIW,7371,2022-03-14,2022-03-14,3
0001838615,21056,57941,02157E10,ALTI,True,ticker_unique,True,,"AlTi Global, Inc.",ALTI,6282,2023-01-13,2024-08-07,5
0001838672,,,,,,unmatched_name,False,,"AdTheorent Holding Company, Inc.",,7370,2022-01-03,2022-01-25,2
0001839132,,,,,,unmatched_name,False,,Movella Holdings Inc.,,7372,2023-02-17,2023-02-17,1
0001839341,21117,57996,21873J10,,False,ticker_unique,True,,"Core Scientific, Inc./tx",CORZ;CORZR;CORZW;CORZZ,6199,2022-01-31,2025-08-19,8
0001839360,,,,,,unmatched_name,False,,FaZe Holdings Inc.,,7990,2022-07-29,2022-08-18,4
0001839412,,,,,,unmatched_name,False,,QualTek Services Inc.,,1623,2022-02-24,2022-02-24,1
0001839530,21276,58084,98400V20,XBP,True,ticker_unique,True,,"XBP Global Holdings, Inc.",XBP;XBPEW,7389,2023-12-11,2025-08-05,5
0001839608,,,,,,unmatched_name,False,,"Getaround, Inc",,7510,2022-12-19,2023-05-15,4
0001839998,,,,,,unmatched_name,False,,"American Oncology Network, Inc.",,8000,2023-10-02,2023-11-09,3
0001840199,,,,,,unmatched,False,,Waldencast plc,WALD;WALDW,2844,2022-08-05,2023-02-23,5
0001840229,22210,58860,60369320,INKT,True,ticker_unique,True,,"MiNK Therapeutics, Inc.",INKT,2836,2024-02-14,2024-02-14,1
0001840292,,,,,,unmatched_name,False,,"Heliogen, Inc.",,4911,2022-06-01,2024-07-29,5
0001840317,21326,58145,69348912,VEEA,True,ticker_unique,True,,VEEA INC.,VEEA;VEEAW,7373,2024-09-26,2025-08-27,2
0001840416,,,,,,unmatched,False,,Sono Group N.V.,SSM,6199,2023-12-19,2024-06-14,4
0001840502,,,,,,unmatched,False,,Taboola.com Ltd.,TBLA,7370,2023-01-20,2023-01-20,1
0001840563,24514,59715,73017P30,ELAB,True,ticker_unique,True,,PMGC Holdings Inc.,ELAB,2834,2024-02-21,2025-03-28,3
0001840706,,,,,,unmatched,False,,SOPHiA GENETICS SA,SOPH,7374,2023-01-10,2023-01-10,1
0001840780,20999,57900,53960E20,LOCL,True,ticker_unique,True,,Local Bounti Corporation/DE,LOCL;LOCLW,0100,2025-04-07,2025-04-07,1
0001840792,,,,,,unmatched_name,False,,VPC Impact Acquisition Holdings II,,6770,2023-01-27,2023-01-27,1
0001840856,23054,58080,83610010,SOUN,True,ticker_unique,True,,"SOUNDHOUND AI, INC.",SOUN;SOUNW,7372,2022-05-06,2022-05-06,3
0001840877,21019,58078,29415V10,COCH,True,ticker_unique,True,,"Envoy Medical, Inc.",COCH;COCHW,3842,2024-12-26,2025-12-08,2
0001840904,,,,,,unmatched,False,,Atai Beckley N.V.,ATAI,2834,2025-02-24,2025-02-24,1
0001841125,21298,58104,09769B20,BSLK,True,ticker_unique,True,,"Bolt Projects Holdings, Inc.",BSLK,2860,2024-08-20,2025-08-08,3
0001841209,,,,,,unmatched,False,,MicroCloud Hologram Inc.,HOLO;HOLOW,7370,2022-09-27,2022-09-27,8
0001841330,21939,58731,70261F20,KTTA,True,ticker_unique,True,,Pasithea Therapeutics Corp.,KTTA;KTTAW,2834,2022-06-01,2023-06-08,2
0001841387,21705,58553,13740410,CADL,True,ticker_unique,True,,"Candel Therapeutics, Inc.",CADL,2836,2022-02-14,2022-02-14,1
0001841408,20975,58048,23834J20,DAVE,True,ticker_unique,True,,Dave Inc./DE,DAVE;DAVEW,6199,2022-01-26,2022-01-26,2
0001841425,22193,58650,92337210,VGAS,True,ticker_unique,True,,"Verde Clean Fuels, Inc.",VGAS;VGASW,2860,2023-02-27,2023-03-01,2
0001841586,,,,,,unmatched_name,False,,"Industrial Tech Acquisitions II, Inc.",,2860,2023-06-30,2023-10-03,2
0001841675,,,,,,unmatched,False,,Argo Blockchain Plc,ARBK,6199,2025-12-18,2025-12-18,1
0001841761,21260,58067,39957D20,GROV,True,ticker_unique,True,,"Grove Collaborative Holdings, Inc.",GROV;GROVW,5961,2022-06-27,2025-07-08,9
0001841800,,,,,,unmatched_name,False,,"Nogin, Inc.",,7389,2022-09-06,2023-04-17,4
0001841968,,,,,,unmatched,False,,"Ridgepost Capital, Inc.",RPC,6282,2023-12-20,2023-12-20,1
0001842279,21265,58073,68347P10,OPAL,True,ticker_unique,True,,OPAL Fuels Inc.,OPAL,4932,2022-07-29,2022-08-01,3
0001842356,,,,,,unmatched_name,False,,Wag! Group Co.,,7200,2022-08-19,2022-08-19,1
0001842384,,,,,,unmatched_name,False,,Belong Acquisition Corp.,,6770,2023-01-27,2023-01-27,1
0001842498,,,,,,unmatched_name,False,,Otonomo Technologies Ltd.,,7372,2022-07-25,2022-07-25,1
0001842556,22992,59213,40472A10,EONR,True,ticker_unique,True,,EON Resources Inc.,EONR;EONRWT,1311,2023-11-24,2023-11-24,1
0001842566,21273,58083,00894010,AISP,True,ticker_unique,True,,"Airship AI Holdings, Inc.",AISP;AISPW,7372,2022-01-12,2024-01-02,3
0001842820,,,,,,unmatched_name,False,,"TMD Wealth Management, LLC",,,2023-07-10,2023-07-10,1
0001843162,,,,,,unmatched,False,,"Chicago Atlantic BDC, Inc.",LIEN,,2024-10-11,2024-10-11,1
0001843165,24095,59622,50215C30,YHC,True,ticker_unique,True,,LQR House Inc.,YHC,2080,2024-10-21,2025-12-19,4
0001843181,,,,,,unmatched,False,,Neuberger Next Generation Connectivity Fund Inc.,NBXG,,2024-01-05,2024-01-05,1
0001843248,,,,,,unmatched_name,False,,"Global System Dynamics, Inc.",,7372,2022-10-24,2022-10-24,1
0001843388,,,,,,unmatched_name,False,,"Virgin Orbit Holdings, Inc.",,3812,2022-01-10,2022-01-10,2
0001843499,,,,,,unmatched_name,False,,AFA ASSET BASED LENDING FUND,,,2022-12-01,2022-12-01,1
0001843588,,,,,,unmatched,False,,REE Automotive Ltd.,REEAF,3711,2024-09-26,2025-12-15,4
0001843656,21018,58077,02369M10,RMCO,True,ticker_unique,True,,Royalty Management Holding Corp,RMCO;RMCOW,6794,2023-11-08,2023-11-08,5
0001843714,,,,,,unmatched,False,,"Zapata Quantum, Inc.",ZPTA;ZPTAW,7372,2025-08-21,2025-08-21,2
0001843724,21909,58642,51655R20,LNZA,True,ticker_unique,True,,"LanzaTech Global, Inc.",LNZA;LNZAW,2860,2023-02-21,2025-03-28,2
0001843973,21628,58257,34392810,FLYX,True,ticker_unique,True,,FLYEXCLUSIVE INC.,FLYX;FLYXWT,4522,2024-01-08,2024-02-13,3
0001844149,,,,,,unmatched_name,False,,Spectaire Holdings Inc.,,3829,2023-10-30,2023-10-30,1
0001844224,,,,,,unmatched_name,False,,FREYR Battery,,3690,2023-11-17,2023-11-17,1
0001844392,22217,58868,57135420,,False,ticker_unique,True,,"Marpai, Inc.",MRAI,8090,2022-02-01,2022-02-01,1
0001844417,21971,58612,29758410,ESLA,True,ticker_unique,True,,"Estrella Immunopharma, Inc.",ESLA;ESLAW,2836,2023-10-30,2023-10-30,1
0001844419,,,,,,unmatched_name,False,,Maquia Capital Acquisition Corp,,7372,2022-02-14,2022-02-14,1
0001844452,22313,58730,46125A10,LUNR,True,ticker_unique,True,,"Intuitive Machines, Inc.",LUNR,3812,2024-02-08,2024-02-08,1
0001844505,22384,58760,74696210,,False,ticker_unique,True,,"QT IMAGING HOLDINGS, INC.",QTI;QTIWW,3845,2024-03-18,2025-04-02,5
0001844862,21281,58087,83422N10,SLDP,True,ticker_unique,True,,"Solid Power, Inc.",SLDP;SLDPW,3690,2023-03-01,2023-03-01,1
0001844971,,,,,,unmatched,False,,Vulcan Infrastructure & Power Inc.,GREEL;VIP,6199,2023-02-09,2023-02-09,1
0001845013,,,,,,unmatched_name,False,,Healthwell Acquisition Corp. I,,6770,2023-07-31,2023-07-31,1
0001845022,,,,,,unmatched_name,False,,"Couchbase, Inc.",,7372,2025-03-27,2025-03-27,1
0001845097,,,,,,unmatched,False,,Ardagh Metal Packaging S.A.,AMBP;AMPWF,3411,2025-11-20,2025-11-20,1
0001845123,22778,59087,01444V10,ANNA,True,ticker_unique,True,,"AleAnna, Inc.",ANNA;ANNAW,1311,2024-12-20,2024-12-20,1
0001845290,,,,,,unmatched_name,False,,"AMF Hawaii Investments, LLC",,5172,2022-06-23,2022-06-23,1
0001845437,21825,58353,64107A10,NPWR,True,ticker_unique,True,,Net Power Inc.,NPWR;NPWRWT,3620,2023-06-20,2023-06-20,3
0001845459,,,,,,unmatched_name,False,,"NKGen Biotech, Inc.",,2836,2023-10-10,2025-06-02,3
0001845550,,,,,,unmatched,False,,Plum Acquisition Corp. III,PLMJF,6770,2024-02-05,2024-02-05,1
0001845942,,,,,,unmatched_name,False,,Bannix Acquisition Corp.,,7372,2022-11-09,2022-11-09,1
0001846069,20832,58125,65345M10,NXDR,True,ticker_unique,True,,"Nextdoor Holdings, Inc.",NXDR,7370,2022-02-09,2022-03-21,2
0001846084,,,,,,unmatched,False,,Global Crossing Airlines Group Inc.,JETBF;JETMF,4512,2023-03-07,2025-05-22,4
0001846235,,,,,,unmatched,False,,International Media Acquisition Corp.,IMAQ;IMAQR;IMAQU;IMAQW,7812,2025-03-18,2025-03-18,1
0001846253,21907,58641,68218J10,OABI,True,ticker_unique,True,,"OmniAb, Inc.",OABI;OABIW,8731,2022-11-14,2022-11-14,1
0001846510,,,,,,unmatched_name,False,,Soho House & Co Inc.,,7011,2025-01-29,2025-08-18,2
0001846576,21210,58258,30260D10,FIGS,True,ticker_unique,True,,"FIGS, Inc.",FIGS,2300,2022-05-26,2024-12-31,4
0001846832,,,,,,unmatched,False,,dLocal Ltd,DLO,7389,2023-03-23,2023-03-23,1
0001847064,21625,58334,69369110,PSQH,True,ticker_unique,True,,"PSQ Holdings, Inc.",PSQH;PSQHWT,7310,2023-06-26,2023-12-06,6
0001847075,,,,,,unmatched,False,,SAIHEAT Ltd,SAIH;SAIHW,6199,2024-02-15,2024-02-15,1
0001847305,,,,,,unmatched_name,False,,"Tax-Free Fixed Income Fund IV for Puerto Rico Residents, Inc.",,,2024-06-20,2024-06-20,1
0001847345,23047,59190,73892010,ASBP,True,ticker_unique,True,,"Aspire Biopharma Holdings, Inc.",ASBP;ASBPW,2834,2023-09-05,2023-09-05,1
0001847355,,,,,,unmatched_name,False,,Target Global Acquisition I Corp.,,6770,2024-06-07,2024-06-07,1
0001847367,25205,59905,02230710,ALMS,True,ticker_unique,True,,ALUMIS INC.,ALMS,2834,2024-07-03,2025-11-24,4
0001847440,,,,,,unmatched_name,False,,Coliseum Acquisition Corp.,,6770,2023-07-05,2023-07-05,1
0001847513,,,,,,unmatched_name,False,,CORNER GROWTH ACQUISITION CORP. 2,,6770,2024-08-22,2024-08-22,1
0001847516,,,,,,unmatched_name,False,,"Tax Free Target Maturity Fund for Puerto Rico Residents, Inc.",,,2022-06-07,2022-09-06,2
0001847518,,,,,,unmatched_name,False,,"Tax Free Fund for Puerto Rico Residents, Inc.",,,2022-04-04,2022-04-04,1
0001847846,,,,,,unmatched,False,,EUDA Health Holdings Ltd,EUDA;EUDAW,8000,2022-11-25,2022-11-25,2
0001847874,21296,58292,60739N10,BEEP,True,ticker_unique,True,,Mobile Infrastructure Corp,BEEP,6500,2023-09-06,2023-09-06,1
0001847986,21835,58653,26145B40,DFLI,True,ticker_unique,True,,Dragonfly Energy Holdings Corp.,DFLI;DFLIW,3690,2022-10-12,2022-10-13,5
0001848416,,,,,,unmatched,False,,Verano Holdings Corp.,VRNO,0100,2022-07-06,2022-07-06,1
0001848437,,,,,,unmatched_name,False,,Cartica Acquisition Corp,,6770,2022-01-14,2022-01-14,1
0001848821,,,,,,unmatched_name,False,,Global Technology Acquisition Corp. I,,7389,2023-05-23,2024-04-26,2
0001848861,,,,,,unmatched_name,False,,Healthcare AI Acquisition Corp.,,6770,2023-12-28,2023-12-28,1
0001848898,,,,,,unmatched_name,False,,African Agriculture Holdings Inc.,,0100,2022-02-15,2024-03-15,2
0001848948,,,,,,unmatched_name,False,,10X Capital Venture Acquisition Corp. III,,2836,2022-02-15,2022-02-15,1
0001849056,21619,58518,02156V10,OKLO,True,ticker_unique,True,,Oklo Inc.,OKLO,4911,2024-05-16,2024-12-23,2
0001849089,,,,,,unmatched_name,False,,"Lafayette Square USA, Inc.",,,2022-07-05,2022-07-05,1
0001849221,24813,59791,71371510,PMNT,True,ticker_unique,True,,Perfect Moment Ltd.,PMNT,2300,2024-02-20,2024-02-20,1
0001849635,21927,58718,25400Q10,DJT,True,ticker_unique,True,,Trump Media & Technology Group Corp.,DJT;DJTWW,7370,2024-04-01,2024-04-01,1
0001849820,21832,58554,63911H30,KITT,True,ticker_unique,True,,"Nauticus Robotics, Inc.",KITT;KITTW,3569,2022-09-19,2025-02-05,8
0001849867,22195,58840,14888L10,CLST,True,ticker_unique,True,,"Catalyst Bancorp, Inc.",CLST,6035,2025-10-30,2025-10-30,1
0001850051,,,,,,unmatched_name,False,,Intelligent Medicine Acquisition Corp.,,6770,2023-02-21,2023-02-21,1
0001850059,,,,,,unmatched,False,,Flag Ship Acquisition Corp,FSHP;FSHPR;FSHPU,6770,2024-06-21,2024-06-21,1
0001850079,,,,,,unmatched_name,False,,Telesis Bio Inc.,,3826,2023-06-15,2023-06-15,1
0001850235,,,,,,unmatched,False,,D-MARKET Electronic Services & Trading,HEPS,5961,2025-02-05,2025-02-05,1
0001850262,,,,,,unmatched_name,False,,Integral Acquisition Corp 1,,6770,2023-12-11,2023-12-11,1
0001850266,,,,,,unmatched_name,False,,"Akili, Inc.",,3841,2022-08-23,2022-08-30,2
0001850270,21536,58444,74291D10,PROK,True,ticker_unique,True,,PROKIDNEY CORP.,PROK,2836,2022-07-20,2023-11-02,4
0001850453,,,,,,unmatched_name,False,,Mynaric AG,,4899,2022-07-15,2025-02-14,2
0001850902,21586,58492,02080L10,TKNO,True,ticker_unique,True,,"Alpha Teknova, Inc.",TKNO,2835,2024-07-19,2024-07-19,1
0001850906,,,,,,unmatched_name,False,,"Singular Genomics Systems, Inc.",,3826,2024-09-12,2024-11-05,3
0001851182,,,,,,unmatched_name,False,,Future Health ESG Corp.,,6770,2024-04-23,2024-04-23,1
0001851194,,,,,,unmatched_name,False,,"Ventyx Biosciences, Inc.",,2834,2025-11-26,2025-11-26,1
0001851484,,,,,,unmatched,False,,"CITIUS ONCOLOGY, INC.",CTOR,2834,2022-10-28,2024-08-16,2
0001851612,,,,,,unmatched_name,False,,Focus Impact BH3 Acquisition Co,,6770,2023-10-16,2023-11-14,2
0001851860,,,,,,unmatched_name,False,,"SMART FOR LIFE, INC.",,2833,2022-03-21,2022-03-21,2
0001851909,,,,,,unmatched,False,,Compass Digital Acquisition Corp.,CDAQF;CDAUF;CDAWF,6770,2023-10-30,2023-10-30,1
0001852207,,,,,,unmatched,False,,Bold Eagle Acquisition Corp.,BEAG;BEAGR;BEAGU,6770,2024-10-30,2024-10-30,1
0001852244,21608,58511,36262G10,GXO,True,ticker_unique,True,,"GXO Logistics, Inc.",GXO,4700,2022-02-11,2022-02-11,1
0001852633,,,,,,unmatched_name,False,,"Pinstripes Holdings, Inc.",,5810,2024-01-08,2025-01-13,2
0001852736,,,,,,unmatched_name,False,,Tristar Acquisition I Corp.,,6770,2023-09-08,2023-09-08,1
0001852767,,,,,,unmatched,False,,"Marti Technologies, Inc.",MRT,7510,2023-07-20,2023-07-21,4
0001852973,,,,,,unmatched,False,,Borealis Foods Inc.,BRLS;BRLSW,2000,2024-02-14,2024-02-14,3
0001853044,,,,,,unmatched,False,,"Aeries Technology, Inc.",AERT;AERTW,8742,2023-12-13,2024-06-20,4
0001853047,,,,,,unmatched_name,False,,Hudson Acquisition I Corp.,,6770,2023-01-23,2023-01-23,1
0001853070,22731,59035,74349W30,SOAR,True,ticker_unique,True,,"Volato Group, Inc.",SOAR;SOARW,4522,2023-12-11,2023-12-12,3
0001853138,23993,59540,50008110,KDK,True,ticker_unique,True,,"Kodiak AI, Inc.",KDK;KDKRW,7373,2025-10-01,2025-10-01,2
0001853580,,,,,,unmatched_name,False,,Perception Capital Corp. III,,6770,2023-08-01,2023-08-01,1
0001854270,21286,58288,81726A20,SNTI,True,ticker_unique,True,,"Senti Biosciences Holdings, Inc.",SNTI,2836,2022-07-15,2025-03-17,3
0001854275,,,,,,unmatched,False,,"Zoomcar Holdings, Inc.",ZCAR;ZCARW,7510,2025-05-21,2025-05-21,1
0001854583,,,,,,unmatched_name,False,,"Collective Audience, Inc.",,8742,2023-11-13,2023-11-13,1
0001854963,21860,58481,82443030,SHFS,True,ticker_unique,True,,"SHF Holdings, Inc.",SHFS;SHFSW,6199,2022-10-07,2023-07-21,3
0001855066,,,,,,unmatched,False,,NYLI CBRE Global Infrastructure Megatrends Term Fund,MEGI,,2023-12-01,2023-12-01,1
0001855351,,,,,,unmatched_name,False,,Sagaliam Acquisition Corp,,6770,2023-05-11,2023-05-11,1
0001855447,21876,58681,88675P10,TYGO,True,ticker_unique,True,,"TIGO ENERGY, INC.",TYGO,3674,2023-06-02,2023-06-02,3
0001855457,22132,58797,50066V30,KORE,True,ticker_unique,True,,"KORE Group Holdings, Inc.",KORE,4899,2023-11-20,2023-11-20,1
0001855467,21833,58555,60743G10,MOBX,True,ticker_unique,True,,"MOBIX LABS, INC",MOBX;MOBXW,3674,2024-01-02,2025-09-19,3
0001855474,22693,59109,61216010,AIRJ,True,ticker_unique,True,,AirJoule Technologies Corp.,AIRJ;AIRJW,3585,2024-03-21,2024-03-21,3
0001855485,22380,58759,32070340,CLDI,True,ticker_unique,True,,"Calidi Biotherapeutics, Inc.",CLDI;CLDWW,2836,2022-09-21,2024-05-01,4
0001855509,21782,58614,90177C20,VEEE,True,ticker_unique,True,,"Twin Vee PowerCats, Co.",VEEE,3730,2024-10-25,2025-01-03,2
0001855612,,,,,,unmatched,False,,Grab Holdings Ltd,GRAB;GRABW,7389,2024-05-08,2024-05-08,1
0001855631,,,,,,unmatched_name,False,,AERWINS Technologies Inc.,,3721,2024-06-27,2024-06-27,1
0001855644,,,,,,unmatched,False,,Zura Bio Ltd,ZURA,2836,2023-03-31,2025-05-28,2
0001855747,21624,58519,09352U10,BLND,True,ticker_unique,True,,"Blend Labs, Inc.",BLND,7370,2024-05-06,2024-05-06,1
0001856028,,,,,,unmatched_name,False,,"Stronghold Digital Mining, Inc.",,6199,2022-09-29,2022-09-29,1
0001856031,22239,58891,92854T20,SEAT,True,ticker_unique,True,,Vivid Seats Inc.,SEAT;SEATW,7990,2025-11-07,2025-11-07,1
0001856084,93347,53391,G2124G12,RDGT,True,ticker_unique,True,,Ridgetech Inc.,RDGT,5912,2025-03-06,2025-03-06,1
0001856437,,,,,,unmatched,False,,Victoria's Secret & Co.,VSXY,5621,2024-02-01,2024-02-01,1
0001856485,21903,58701,87133210,SLVM,True,ticker_unique,True,,Sylvamo Corp,SLVM,2621,2022-04-25,2022-04-25,1
0001856608,,,,,,unmatched_name,False,,"Sovos Brands, Inc.",,2000,2023-08-08,2023-08-08,1
0001856725,21756,58591,75301810,RANI,True,ticker_unique,True,,"Rani Therapeutics Holdings, Inc.",RANI,2834,2022-02-01,2025-10-30,2
0001857030,,,,,,unmatched,False,,Intercure Ltd.,INCR,2834,2025-12-09,2025-12-09,1
0001857044,15642,55395,45339J20,INDP,True,ticker_unique,True,,"Indaptus Therapeutics, Inc.",INDP,2834,2024-10-10,2024-10-10,1
0001857475,,,,,,unmatched,False,,Dole plc,DOLE,0100,2022-08-29,2022-08-29,1
0001857803,,,,,,unmatched_name,False,,DP Cap Acquisition Corp I,,6770,2024-11-21,2024-11-21,1
0001857816,,,,,,unmatched,False,,GigaCloud Technology Inc,GCT,5961,2022-08-29,2022-08-29,1
0001857853,21684,58529,89269P10,COOK,True,ticker_unique,True,,"Traeger, Inc.",COOK,3630,2024-11-04,2024-11-04,1
0001858180,,,,,,unmatched_name,False,,Prime Number Acquisition I Corp.,,6770,2022-05-27,2022-05-27,1
0001858681,12591,53688,03769M10,APO,True,ticker_unique,True,,"Apollo Global Management, Inc.",APO;APOS,6282,2022-01-11,2024-11-08,8
0001858685,22186,58833,09077D20,BFRI,True,ticker_unique,True,,Biofrontera Inc.,BFRI;BFRIW,2834,2022-08-25,2022-08-25,1
0001858848,21779,58609,87990A10,TNYA,True,ticker_unique,True,,"Tenaya Therapeutics, Inc.",TNYA,2836,2022-12-01,2022-12-01,1
0001858912,,,,,,unmatched_name,False,,Gardiner Healthcare Acquisitions Corp.,,6770,2023-07-07,2023-08-28,2
0001859007,22781,59090,98987D30,,False,ticker_unique,True,,"ZyVersa Therapeutics, Inc.",ZVSA,2834,2022-12-22,2022-12-22,2
0001859285,,,,,,unmatched_name,False,,HireRight Holdings Corp,,7389,2022-06-27,2022-12-09,2
0001859639,,,,,,unmatched_name,False,,Cazoo Group Ltd,,5500,2022-06-27,2023-12-22,6
0001859807,22674,59093,74319X10,PFSA,True,ticker_unique,True,,"Profusa, Inc.",NVACW;PFSA,3841,2022-06-02,2022-06-02,1
0001859919,,,,,,unmatched_name,False,,Barings Private Credit Corp,,,2023-02-10,2023-02-10,1
0001860424,,,,,,unmatched_name,False,,Onex Direct Lending BDC Fund,,,2024-01-25,2024-01-25,1
0001860484,,,,,,unmatched,False,,Relativity Acquisition Corp,ACQC,6770,2023-01-09,2023-01-09,1
0001860514,,,,,,unmatched_name,False,,Roth CH Acquisition Co.,,6770,2025-02-14,2025-02-14,2
0001860543,22361,58998,12763L10,CDRE,True,ticker_unique,True,,"Cadre Holdings, Inc.",CDRE,3842,2025-11-14,2025-11-14,1
0001860663,,,,,,unmatched_name,False,,Monterey Innovation Acquisition Corp,,6770,2023-03-27,2023-03-27,1
0001860805,,,,,,unmatched,False,,Algoma Steel Group Inc.,ASTL;ASTLW,3312,2022-04-13,2024-10-25,3
0001860871,22669,58953,88165K10,TVGN,True,ticker_unique,True,,Tevogen Inc.,TVGN;TVGNW,2836,2023-07-07,2024-02-22,3
0001861107,25716,60029,15678C10,CBLL,True,ticker_unique,True,,"Ceribell, Inc.",CBLL,3845,2024-10-22,2024-10-22,1
0001861115,,,,,,unmatched,False,,Nuveen Multi-Asset Income Fund,NMAI,,2022-10-03,2022-10-03,1
0001861121,,,,,,unmatched_name,False,,EVe Mobility Acquisition Corp,,6770,2023-10-10,2024-03-08,2
0001861449,,,,,,unmatched_name,False,,"Bird Global, Inc.",,3751,2022-12-21,2023-10-02,7
0001861522,,,,,,unmatched_name,False,,KIDPIK CORP.,,5961,2022-05-18,2022-05-18,1
0001861657,,,,,,unmatched,False,,"Canton Strategic Holdings, Inc.",CNTN,6199,2025-06-20,2025-06-20,1
0001861737,,,,,,unmatched,False,,Hesai Group,HSAI;HSIGF,3569,2025-04-30,2025-04-30,3
0001862068,,,,,,unmatched_name,False,,"Rubicon Technologies, Inc.",,7372,2022-08-23,2023-06-26,2
0001862281,,,,,,unmatched_name,False,,ADAMS STREET PRIVATE EQUITY NAVIGATOR FUND LLC,,,2025-05-16,2025-05-16,1
0001862490,,,,,,unmatched_name,False,,Tritium DCFC Ltd,,3790,2022-10-25,2023-03-03,2
0001863006,,,,,,unmatched,False,,Valens Semiconductor Ltd.,VLN;VLNWF,3674,2024-07-23,2024-07-23,1
0001863362,,,,,,unmatched_name,False,,Sofgen Pharma S.A.,,2834,2025-04-22,2025-04-28,4
0001863934,,,,,,unmatched,False,,ADURO CLEAN TECHNOLOGIES INC.,ADUR,2800,2024-11-15,2024-11-15,1
0001863990,22341,58892,45694810,MSAI,True,ticker_unique,True,,"MultiSensor AI Holdings, Inc.",MSAI;MSAIW,3827,2023-12-22,2024-07-03,5
0001864055,16466,55792,G6S34K11,ABTS,True,ticker_unique,True,,Abits Group Inc,ABTS,6199,2023-05-04,2023-05-04,1
0001864290,,,,,,unmatched_name,False,,"Pioneer Municipal High Income Opportunities Fund, Inc.",,,2024-01-05,2024-01-05,1
0001864531,22539,58937,92919Y10,VSEE,True,ticker_unique,True,,"VSEE HEALTH, INC.",VSEE;VSEEW,8000,2024-07-01,2024-07-01,3
0001864839,,,,,,unmatched_name,False,,Prosus N.V.,,,2025-08-06,2025-08-06,1
0001864843,,,,,,unmatched,False,,BlackRock ESG Capital Allocation Term Trust,ECAT,,2022-11-01,2022-11-01,1
0001865191,,,,,,unmatched_name,False,,TG Venture Acquisition Corp.,,6770,2022-02-15,2023-09-19,4
0001865200,22742,59037,03494810,ANGX,True,ticker_unique,True,,"Angel Studios, Inc.",ANGX,7812,2025-09-17,2025-09-18,2
0001865248,,,,,,unmatched,False,,Piermont Valley Acquisition Corp,CMCAF;CMCUF;CMCWF,6770,2024-05-01,2025-07-16,2
0001865389,,,,,,unmatched,False,,Nuveen Variable Rate Preferred & Income Fund,NPFD,,2024-01-18,2024-01-18,1
0001865407,,,,,,unmatched_name,False,,Kensington Capital Acquisition Corp. V,,6770,2023-04-18,2023-04-18,1
0001865482,,,,,,unmatched_name,False,,Reunion Neuroscience Inc.,,8000,2023-06-12,2023-06-12,1
0001865506,22546,58847,98944F10,ZEO,True,ticker_unique,True,,Zeo Energy Corp.,ZEO;ZEOWW,1700,2024-12-06,2024-12-06,1
0001865533,,,,,,unmatched_name,False,,Emerging Markets Horizon Corp.,,6770,2022-06-21,2022-06-21,1
0001865602,,,,,,unmatched_name,False,,"Cantor Equity Partners, Inc.",,6770,2024-08-21,2024-08-21,1
0001865631,22220,58872,65345N10,NN,True,ticker_unique,True,,NEXTNAV INC.,NN;NXNVW,3812,2022-08-19,2024-03-08,2
0001865782,24688,59755,10950A10,BTSG,True,ticker_unique,True,,"BrightSpring Health Services, Inc.",BTSG;BTSGU,8082,2024-09-18,2024-09-18,1
0001865852,,,,,,unmatched_name,False,,"Keypath Education International, Inc.",,8200,2024-09-09,2024-09-09,1
0001865861,,,,,,unmatched_name,False,,Cactus Acquisition Corp. 1 Ltd,,6770,2024-03-06,2024-05-22,2
0001866226,,,,,,unmatched,False,,Evolution Metals & Technologies Corp.,EMAT,3690,2022-01-10,2022-01-10,1
0001866390,,,,,,unmatched_name,False,,Babylon Holdings Ltd,,8000,2022-11-10,2022-11-14,2
0001866501,,,,,,unmatched,False,,Wallbox N.V.,WBX;WBXWF,3690,2022-02-14,2024-08-07,3
0001866547,,,,,,unmatched_name,False,,Aetherium Acquisition Corp,,6770,2022-01-12,2022-01-12,1
0001866550,,,,,,unmatched_name,False,,"Thoughtworks Holding, Inc.",,7371,2024-08-07,2024-08-12,2
0001866581,21890,58692,26701L10,BROS,True,ticker_unique,True,,Dutch Bros Inc.,BROS,5810,2022-03-02,2023-02-21,2
0001866692,21904,58702,03213A10,AMPL,True,ticker_unique,True,,"Amplitude, Inc.",AMPL,7372,2022-03-07,2022-03-07,1
0001866816,22676,58971,87169M10,OPTX,True,ticker_unique,True,,"SYNTEC OPTICS HOLDINGS, INC.",OPTX;OPTXW,3827,2023-11-14,2023-11-14,1
0001867102,,,,,,unmatched,False,,Vertical Aerospace Ltd.,EVAWF;EVBWF;EVTL;EVTWF,3721,2024-03-29,2024-10-23,2
0001867714,,,,,,unmatched_name,False,,Monachil Credit Income Fund,,,2023-11-15,2024-02-26,2
0001867729,,,,,,unmatched,False,,WeRide Inc.,WRD;WRDIF,7373,2024-11-04,2024-11-04,1
0001867834,,,,,,unmatched,False,,Bragg Gaming Group Inc.,BRAG,7377,2022-05-10,2024-07-10,2
0001868279,24693,59757,04272N10,AVBP,True,ticker_unique,True,,"ArriVent BioPharma, Inc.",AVBP,2834,2024-02-05,2024-02-05,1
0001868419,,,,,,unmatched,False,,"Cycurion, Inc.",CYCU;CYCUW,7371,2022-01-21,2025-08-29,2
0001868573,,,,,,unmatched_name,False,,APx Acquisition Corp. I,,6770,2024-02-08,2024-02-08,1
0001868640,,,,,,unmatched,False,,Roadzen Inc.,RDZN;RDZNW,6411,2023-12-06,2023-12-06,1
0001868734,,,,,,unmatched_name,False,,"CinCor Pharma, Inc.",,2834,2022-01-21,2023-02-13,4
0001868912,,,,,,unmatched_name,False,,"Enfusion, Inc.",,7372,2023-06-23,2023-06-23,1
0001869105,24826,59803,10792410,BBOT,True,ticker_unique,True,,"BridgeBio Oncology Therapeutics, Inc.",BBOT,2834,2024-02-20,2025-08-18,2
0001869198,22079,58775,53190C10,LTH,True,ticker_unique,True,,"Life Time Group Holdings, Inc.",LTH,7997,2024-12-31,2024-12-31,1
0001869467,,,,,,unmatched,False,,OceanPal Inc.,SVRN,4412,2023-01-06,2025-12-16,9
0001869824,,,,,,unmatched_name,False,,Seaport Global Acquisition II Corp.,,1400,2023-02-24,2023-02-24,1
0001869974,22272,58705,67644C10,,False,ticker_unique,True,,"Ocean Biomedical, Inc.",OCEA,2834,2023-02-24,2023-02-24,2
0001870144,22670,58961,14159C20,CDIO,True,ticker_unique,True,,"Cardio Diagnostics Holdings, Inc.",CDIO;CDIOW,2835,2022-11-03,2022-11-04,2
0001870267,,,,,,unmatched_name,False,,"Redwood Enhanced Income Fund, LP",,,2023-09-25,2023-09-25,1
0001870404,22332,58876,71902K40,,False,ticker_unique,True,,"CERO THERAPEUTICS HOLDINGS, INC.",CERO;CEROW,2836,2023-02-01,2024-10-30,2
0001871130,,,,,,unmatched_name,False,,Brookfield Business Holdings Corp,,1700,2022-03-24,2022-03-24,1
0001871149,,,,,,unmatched_name,False,,"Real Good Food Company, Inc.",,2000,2023-10-26,2023-10-26,1
0001871321,,,,,,unmatched,False,,Alpha Tau Medical Ltd.,DRTS;DRTSW,3841,2025-05-01,2025-05-01,1
0001871509,22085,58779,73642K10,PTLO,True,ticker_unique,True,,Portillo's Inc.,PTLO,5812,2024-08-15,2024-08-15,1
0001871638,22635,59062,09291510,BZAI,True,ticker_unique,True,,"Blaize Holdings, Inc.",BZAI;BZAIW,3674,2025-01-21,2025-07-11,2
0001871983,,,,,,unmatched,False,,Anghami Inc,ANGH;ANGHW,4899,2024-04-08,2025-07-25,2
0001872195,,,,,,unmatched,False,,Bullish,BLSH,6199,2025-08-21,2025-08-21,2
0001872302,,,,,,unmatched,False,,Nano Labs Ltd,NA,3674,2023-09-22,2023-09-22,2
0001872356,,,,,,unmatched_name,False,,"Molekule Group, Inc.",,3564,2023-01-23,2023-01-23,1
0001872371,,,,,,unmatched_name,False,,Oaktree Strategic Credit Fund,,,2022-03-15,2022-03-15,1
0001872812,,,,,,unmatched_name,False,,TC BioPharm (Holdings) plc,,2836,2022-02-22,2022-04-27,2
0001872964,,,,,,unmatched,False,,Maris Tech Ltd.,MTEK;MTEKW,3669,2022-05-12,2022-05-12,1
0001873093,,,,,,unmatched,False,,CytoMed Therapeutics Ltd,GDTC,2834,2023-04-21,2023-05-19,2
0001873835,22562,59085,45258H10,IMMX,True,ticker_unique,True,,"Immix Biopharma, Inc.",IMMX,2834,2023-08-30,2023-08-30,1
0001873923,22264,58910,68629Y10,ONL,True,ticker_unique,True,,Orion Properties Inc.,ONL,6798,2025-06-20,2025-06-20,1
0001874074,,,,,,unmatched_name,False,,MultiMetaVerse Holdings Ltd,,7372,2023-01-17,2023-01-17,2
0001874097,22200,58843,23257B30,CYN,True,ticker_unique,True,,Cyngn Inc.,CYN,7371,2022-02-08,2022-02-08,1
0001874138,,,,,,unmatched_name,False,,"Sparx Holdings Group, Inc.",,3585,2022-08-10,2022-09-08,2
0001874315,22679,59140,80401C10,SATL,True,ticker_unique,True,,Satellogic Inc.,SATL;SATLW,3663,2022-02-04,2023-02-02,4
0001874474,,,,,,unmatched_name,False,,Allego N.V.,,7500,2024-08-08,2024-08-08,1
0001874495,,,,,,unmatched_name,False,,Forbion European Acquisition Corp.,,6770,2022-02-14,2022-02-14,1
0001874944,,,,,,unmatched_name,False,,"Vacasa, Inc.",,7340,2024-04-22,2025-01-07,5
0001875084,,,,,,unmatched_name,False,,PGIM Real Estate Fund Inc.,,,2023-07-14,2023-07-14,1
0001875558,22785,59188,67080T10,NVCT,True,ticker_unique,True,,"Nuvectis Pharma, Inc.",NVCT,2834,2022-03-28,2022-03-28,1
0001875609,,,,,,unmatched,False,,Swvl Holdings Corp,SWVL;SWVLW,7389,2022-04-07,2024-05-20,9
0001876006,,,,,,unmatched_name,False,,Ares Private Markets Fund,,,2022-04-11,2022-04-11,2
0001876431,,,,,,unmatched,False,,Prenetics Global Ltd,PRE;PRENW,2834,2022-05-31,2023-08-07,3
0001876581,,,,,,unmatched,False,,Imperial Petroleum Inc./Marshall Islands,IMPP;IMPPP,4412,2023-08-04,2023-08-04,1
0001876588,,,,,,unmatched_name,False,,ZimVie Inc.,,3843,2025-07-28,2025-07-28,1
0001876716,,,,,,unmatched,False,,ASPAC II Acquisition Corp.,ASCBF;ASCRF;ASCWF;ASUUF,6770,2025-07-15,2025-07-15,1
0001876945,,,,,,unmatched_name,False,,Gold Flora Corp.,,0100,2023-07-17,2023-07-17,1
0001877322,22880,59218,29605J10,ESAB,True,ticker_unique,True,,ESAB Corp,ESAB,3569,2022-08-18,2022-08-18,1
0001877333,,,,,,unmatched,False,,TH International Ltd,THCH,5812,2022-10-21,2022-10-21,1
0001877557,,,,,,unmatched_name,False,,Integrated Wellness Acquisition Corp,,5960,2024-03-01,2024-03-01,1
0001877787,,,,,,unmatched,False,,Ermenegildo Zegna N.V.,ZGN,2300,2025-08-04,2025-08-04,1
0001877939,23466,59422,14838T20,CTM,True,ticker_unique,True,,"Castellum, Inc.",CTM,8742,2022-10-24,2022-10-24,2
0001878057,,,,,,unmatched,False,,Super Group (SGHC) Ltd,SGHC,7990,2022-12-13,2022-12-15,2
0001878074,,,,,,unmatched_name,False,,Blue World Acquisition Corp,,6770,2022-02-02,2022-02-02,1
0001878313,23216,59332,55264110,MAIA,True,ticker_unique,True,,"MAIA Biotechnology, Inc.",MAIA,2834,2022-08-10,2024-10-25,3
0001878848,,,,,,unmatched,False,,IREN Ltd,IREN,6199,2022-12-13,2022-12-13,1
0001878897,22426,59025,25961D10,DOUG,True,ticker_unique,True,,Douglas Elliman Inc.,DOUG,6531,2022-01-10,2022-01-10,1
0001879016,23147,59306,46578C10,IE,True,ticker_unique,True,,Ivanhoe Electric Inc.,IE,1000,2022-07-11,2023-07-17,2
0001879103,,,,,,unmatched_name,False,,"CFSB Bancorp, Inc. /MA/",,6035,2022-01-12,2022-01-12,1
0001879248,,,,,,unmatched,False,,Ads-Tec Energy Public Ltd Co,ADSE;ADSEW,3690,2022-01-04,2025-07-09,2
0001879293,,,,,,unmatched,False,,"Mag Mile Capital, Inc.",MMCP,3567,2022-05-24,2022-05-24,1
0001879373,,,,,,unmatched,False,,GRAPHJET TECHNOLOGY,GTIJF,3620,2025-05-14,2025-05-14,1
0001879848,,,,,,unmatched,False,,PHOENIX MOTOR INC.,PEVM,3713,2023-10-16,2023-10-16,1
0001879851,,,,,,unmatched_name,False,,TMT Acquisition Corp.,,6770,2023-04-10,2023-04-10,1
0001880249,,,,,,unmatched_name,False,,"WeCapital Holdings, Inc.",,6770,2022-03-24,2023-10-06,2
0001880343,22465,59031,35804X20,AMZE,True,ticker_unique,True,,"AMAZE HOLDINGS, INC.",AMZE,5961,2022-07-29,2022-08-02,2
0001880431,,,,,,unmatched,False,,Vocodia Holdings Corp,VHAI,7371,2025-10-02,2025-10-02,1
0001880438,22886,59220,03732610,ANTX,True,ticker_unique,True,,"AN2 Therapeutics, Inc.",ANTX,2834,2025-05-07,2025-05-07,1
0001880441,,,,,,unmatched_name,False,,Battery Future Acquisition Corp.,,6770,2024-01-19,2024-01-19,1
0001880613,22772,59174,25461T10,DRCT,True,ticker_unique,True,,"Direct Digital Holdings, Inc.",DRCT,7310,2024-01-12,2024-01-12,1
0001880661,22618,59110,87265710,TPG,True,ticker_unique,True,,TPG Inc.,TPG;TPGXL,6282,2023-11-02,2023-11-02,1
0001881462,,,,,,unmatched_name,False,,Spree Acquisition Corp. 1 Ltd,,7389,2022-04-05,2022-04-05,1
0001881472,,,,,,unmatched,False,,Magic Empire Global Ltd,MEGL,6199,2023-05-22,2023-05-22,2
0001881487,23064,59278,74319N10,ACDC,True,ticker_unique,True,,ProFrac Holding Corp.,ACDC,1389,2022-05-27,2022-05-27,1
0001881551,23113,59227,83421220,STI,True,ticker_unique,True,,Solidion Technology Inc.,STI,3690,2024-02-06,2025-11-04,2
0001882464,,,,,,unmatched,False,,Metal Sky Star Acquisition Corp,MSSAF;MSSUF;MSSWF,6770,2022-04-14,2022-04-14,1
0001882607,,,,,,unmatched_name,False,,"ALPINE SUMMIT ENERGY PARTNERS, INC.",,1311,2022-07-08,2022-07-08,1
0001882850,,,,,,unmatched_name,False,,"Apollo Realty Income Solutions, Inc.",,6798,2024-05-06,2024-05-06,1
0001882963,,,,,,unmatched_name,False,,AIB Acquisition Corp,,6770,2022-01-31,2022-01-31,1
0001883085,,,,,,unmatched,False,,Pagaya Technologies Ltd.,PGY;PGYWW,6199,2022-07-05,2023-03-31,5
0001883788,,,,,,unmatched_name,False,,"DIH HOLDING US, INC.",,3841,2024-02-20,2024-02-20,1
0001883814,22566,58954,84445C10,SLND,True,ticker_unique,True,,"Southland Holdings, Inc.",SLND;SLNDWT,1600,2023-02-24,2023-02-24,3
0001883962,,,,,,unmatched_name,False,,ALSP Orchid Acquisition Corp I,,6770,2022-03-18,2022-03-18,1
0001883984,23012,59171,02157G20,,False,ticker_unique,True,,"Alternus Clean Energy, Inc.",ACLEW;ALCE,4931,2023-01-26,2024-01-29,2
0001884082,,,,,,unmatched,False,,Polestar Automotive Holding UK PLC,PLSAY;PSNY;PSNYW,3711,2022-07-07,2022-07-07,1
0001884516,22596,59098,26205E10,DTI,True,ticker_unique,True,,Drilling Tools International Corp,DTI,3533,2023-06-30,2023-06-30,3
0001884697,,,,,,unmatched_name,False,,"Starry Group Holdings, Inc.",,4813,2022-04-08,2022-04-14,2
0001885336,,,,,,unmatched_name,False,,"FORMATION MINERALS, INC.",,1311,2024-08-02,2024-09-23,3
0001885408,,,,,,unmatched,False,,Nexera Technologies Ltd,NEXR;NEXRW,5900,2022-09-13,2024-10-21,3
0001885522,24275,59662,64097910,NMRA,True,ticker_unique,True,,"Neumora Therapeutics, Inc.",NMRA,2836,2023-09-27,2023-10-02,2
0001885849,,,,,,unmatched_name,False,,Tofla Megaline Inc.,,7372,2025-05-05,2025-05-06,2
0001886190,,,,,,unmatched,False,,Gogoro Inc.,GGR;GGROW,3711,2022-04-14,2023-02-13,2
0001886799,,,,,,unmatched_name,False,,Bright Green Corp,,2833,2022-12-22,2023-06-15,2
0001887944,24510,59713,82455M10,SHIM,True,ticker_unique,True,,Shimmick Corp,SHIM,1600,2024-05-24,2024-05-24,1
0001888012,,,,,,unmatched_name,False,,"HilleVax, Inc.",,2836,2022-05-06,2025-05-02,3
0001888014,,,,,,unmatched,False,,AKANDA CORP.,AKAN,2833,2024-02-20,2024-02-20,1
0001888151,,,,,,unmatched,False,,Femto Technologies Inc.,FMTOF,7372,2024-04-05,2025-04-25,6
0001888447,22977,59248,30069T10,EE,True,ticker_unique,True,,"Excelerate Energy, Inc.",EE,4924,2022-04-22,2022-04-22,1
0001888525,,,,,,unmatched,False,,MindForge Inc.,MF;UBXG,7370,2024-12-13,2024-12-13,1
0001888654,22897,59222,33830Q20,FEAM,True,ticker_unique,True,,"5E Advanced Materials, Inc.",FEAM;FEAV,1400,2023-12-08,2024-01-29,2
0001888846,,,,,,unmatched_name,False,,"Ultimate Holdings Group, Inc.",,6770,2022-12-01,2023-05-15,2
0001889123,22773,59069,29103K10,FLD,True,ticker_unique,True,,"Fold Holdings, Inc.",FLD;FLDDW,6199,2025-03-10,2025-03-11,2
0001889539,23340,59380,21871X10,CRBG,True,ticker_unique,True,,"Corebridge Financial, Inc.",CRBD;CRBG,6311,2024-12-13,2024-12-13,1
0001889668,,,,,,unmatched_name,False,,Blue Owl Technology Finance Corp. II,,,2022-01-10,2022-01-10,1
0001890107,,,,,,unmatched_name,False,,First Eagle Private Credit Fund,,,2023-07-20,2023-07-20,2
0001891101,22811,59200,05601U10,BRCC,True,ticker_unique,True,,BRC Inc.,BRCC,2080,2022-02-22,2022-02-22,1
0001891856,24009,59591,36870C10,GENK,True,ticker_unique,True,,"GEN Restaurant Group, Inc.",GENK,5812,2023-07-10,2023-07-10,6
0001891944,,,,,,unmatched,False,,Primech Holdings Ltd,PMEC,7340,2023-11-07,2023-11-07,1
0001892316,,,,,,unmatched,False,,Longduoduo Co Ltd,LDDD,8000,2023-12-12,2023-12-12,1
0001892492,23127,59301,22890A30,ORBS,True,ticker_unique,True,,Eightco Holdings Inc.,ORBS,6153,2025-01-21,2025-11-24,3
0001892922,,,,,,unmatched_name,False,,Mars Acquisition Corp.,,6770,2023-02-22,2024-03-08,2
0001893219,,,,,,unmatched,False,,"Abpro Holdings, Inc.",ABPO;ABPWW,2836,2023-04-20,2023-04-20,1
0001893311,,,,,,unmatched_name,False,,LUXURBAN HOTELS INC.,,6500,2022-08-26,2022-12-21,3
0001893448,,,,,,unmatched_name,False,,"Strong Global Entertainment, Inc.",,3861,2023-06-01,2023-06-01,1
0001894057,,,,,,unmatched_name,False,,Papaya Growth Opportunity Corp. I,,6770,2022-01-27,2022-01-27,1
0001894176,,,,,,unmatched_name,False,,Cohen Circle Acquisition Corp. I,,6770,2024-10-17,2024-10-17,1
0001894210,,,,,,unmatched_name,False,,Qomolangma Acquisition Corp.,,6770,2023-03-03,2023-03-03,1
0001894525,26248,60283,03771D10,APUS,True,ticker_unique,True,,"Apimeds Pharmaceuticals US, Inc.",APUS,2834,2025-05-19,2025-05-19,1
0001894562,23432,59409,74168J10,PRME,True,ticker_unique,True,,"Prime Medicine, Inc.",PRME,2836,2024-02-22,2024-02-22,1
0001894693,,,,,,unmatched,False,,SaverOne 2014 Ltd.,SVRE;SVREW,7371,2022-07-14,2022-07-14,1
0001894951,,,,,,unmatched_name,False,,Global Blockchain Acquisition Corp.,,6770,2022-05-27,2024-11-15,2
0001895144,,,,,,unmatched_name,False,,Golden Star Acquisition Corp,,6770,2023-05-05,2023-05-05,1
0001895249,23232,59294,20794410,,False,ticker_unique,True,,"ConnectM Technology Solutions, Inc.",CNTM,1700,2024-07-18,2024-07-19,2
0001895262,58836,579,65252620,NEWT,True,ticker_unique,True,,Noble Corp plc,NE;NEWT;NEWTA,1381,2022-10-13,2022-10-13,1
0001895316,,,,,,unmatched_name,False,,Brightwood Capital Corp I,,,2022-09-28,2022-09-28,1
0001896036,,,,,,unmatched,False,,Eagle Point Institutional Income Fund,EIIA,,2022-06-10,2022-06-10,1
0001896212,,,,,,unmatched,False,,CDT Equity Inc.,CDT;CDTTW,2834,2022-02-14,2023-09-29,3
0001896329,,,,,,unmatched_name,False,,PIMCO Flexible Real Estate Income Fund,,,2023-03-27,2023-03-27,1
0001896511,,,,,,unmatched_name,False,,ZKGC New Energy Ltd,,3690,2023-08-25,2023-08-25,2
0001897245,,,,,,unmatched,False,,HWH International Inc.,HWH,5122,2022-02-10,2022-02-10,1
0001897971,,,,,,unmatched_name,False,,Global Lights Acquisition Corp,,6770,2023-11-16,2023-11-16,1
0001897982,,,,,,unmatched_name,False,,"Aspen Technology, Inc.",,7371,2022-05-26,2022-05-26,1
0001898019,,,,,,unmatched_name,False,,AXIOS Sustainable Growth Acquisition Corp,,6770,2023-02-28,2023-02-28,1
0001898416,,,,,,unmatched,False,,Alvotech,ALVO;ALVOW,2836,2022-06-27,2022-07-05,2
0001898474,,,,,,unmatched_name,False,,"Signing Day Sports, Inc.",,7374,2024-10-21,2024-10-21,1
0001898496,23206,59329,37427510,GETY,True,ticker_unique,True,,"Getty Images Holdings, Inc.",GETY,7389,2022-08-01,2022-09-06,3
0001898604,23431,59408,98740Y30,VSTD,True,ticker_unique,True,,Vestand Inc.,VSTD,5812,2022-09-21,2022-09-21,1
0001898766,23849,59538,89669L20,TPET,True,ticker_unique,True,,Trio Petroleum Corp,TPET,1311,2023-06-05,2023-06-05,1
0001899017,,,,,,unmatched_name,False,,Bain Capital Private Credit,,,2023-12-07,2025-04-28,3
0001899123,,,,,,unmatched,False,,Bitdeer Technologies Group,BTDR,6199,2023-05-31,2024-06-06,3
0001899287,,,,,,unmatched,False,,"Amprius Technologies, Inc.",AMPX;AMPXWT,3690,2022-03-18,2024-10-28,4
0001899830,,,,,,unmatched,False,,Perfect Corp.,PERF;PERFF,7372,2022-11-07,2025-02-05,5
0001899883,23224,59336,35953C10,FIP,True,ticker_unique,True,,FTAI Infrastructure Inc.,FIP,4011,2025-03-05,2025-03-05,1
0001900304,,,,,,unmatched,False,,Haleon plc,HLN;HLNCF,2844,2022-07-27,2022-07-27,2
0001900402,,,,,,unmatched_name,False,,Evergreen Corp,,6770,2022-03-03,2022-03-03,1
0001900520,,,,,,unmatched_name,False,,"Lomond Therapeutics Holdings, Inc.",,2834,2024-11-08,2024-11-08,3
0001900679,,,,,,unmatched,False,,Technology & Telecommunication Acquisition Corp,TETEF;TETUF;TETWF,7389,2022-01-24,2022-01-24,1
0001901037,,,,,,unmatched_name,False,,Stellus Private Credit BDC,,,2023-03-06,2023-03-06,1
0001901215,,,,,,unmatched,False,,BRENX LTD.,BNRG;BRNX,3433,2022-07-07,2024-06-10,2
0001901297,,,,,,unmatched_name,False,,ZRCN Inc.,,3690,2023-04-27,2023-04-27,4
0001901637,21781,58613,90355N10,USCB,True,ticker_unique,True,,"USCB FINANCIAL HOLDINGS, INC.",USCB,6022,2022-01-06,2022-01-06,2
0001901799,,,,,,unmatched,False,,Bitcoin Depot Inc.,BTMCQ,6199,2025-06-16,2025-06-16,1
0001902314,23381,59391,55380K10,MPTI,True,ticker_unique,True,,"M-tron Industries, Inc.",MPTI,3679,2022-10-14,2023-12-05,2
0001902733,19565,57180,63947X10,NCNO,True,ticker_unique,True,,"nCino, Inc.",NCNO,7372,2022-01-18,2024-10-21,2
0001903145,,,,,,unmatched,False,,Gorilla Technology Group Inc.,GRRR;GRRRW,7372,2022-07-25,2022-07-25,1
0001903464,,,,,,unmatched_name,False,,Aimfinity Investment Corp. I,,6770,2023-03-27,2023-03-27,1
0001903870,,,,,,unmatched,False,,Forafric Global PLC,AFRI;AFRIW,2040,2022-06-17,2022-09-30,2
0001904286,24094,59621,60458C10,MIRA,True,ticker_unique,True,,"MIRA PHARMACEUTICALS, INC.",MIRA,2834,2023-08-14,2023-08-14,1
0001905088,,,,,,unmatched_name,False,,ARK Venture Fund,,,2023-03-22,2023-03-22,2
0001905511,,,,,,unmatched,False,,JE Cleantech Holdings Ltd,JCSE,3990,2022-05-24,2022-05-24,1
0001905660,,,,,,unmatched,False,,Hub Cyber Security Ltd.,HUBC;HUBCW;HUBCZ,3576,2024-03-18,2024-03-18,1
0001905824,,,,,,unmatched_name,False,,PIMCO Capital Solutions BDC Corp.,,,2022-07-11,2022-07-11,1
0001905956,23266,59356,89458T40,TGL,True,ticker_unique,True,,TREASURE GLOBAL INC,TGL,7389,2024-02-09,2024-02-09,1
0001906324,76591,10827,21979810,QDEL,True,ticker_unique,True,,QuidelOrtho Corp,QDEL,2835,2022-06-06,2022-06-06,1
0001907184,,,,,,unmatched,False,,Electra Battery Materials Corp,ELBM,1400,2025-07-24,2025-07-25,3
0001907425,,,,,,unmatched_name,False,,JOCOM HOLDINGS CORP.,,7380,2024-08-19,2024-09-06,2
0001907685,,,,,,unmatched_name,False,,"Comera Life Sciences Holdings, Inc.",,2834,2022-09-13,2024-01-08,3
0001908705,,,,,,unmatched,False,,Global Engine Group Holding Ltd,GLE,7374,2025-03-21,2025-03-21,1
0001908984,,,,,,unmatched_name,False,,ENDI Corp.,,6282,2022-08-22,2022-08-22,4
0001909152,,,,,,unmatched_name,False,,Kalera Public Ltd Co,,0100,2022-07-18,2023-02-08,2
0001909417,,,,,,unmatched_name,False,,SELINA HOSPITALITY PLC,,7011,2024-02-12,2024-02-12,1
0001909747,,,,,,unmatched,False,,Jushi Holdings Inc.,JUSH,2833,2023-09-01,2023-09-01,1
0001909770,,,,,,unmatched_name,False,,KHEOBA CORP.,,7371,2025-02-27,2025-02-27,1
0001910851,,,,,,unmatched_name,False,,R1 RCM Inc. /DE,,8741,2022-06-21,2024-06-14,3
0001910950,23738,59502,64204510,AESI,True,name_fallback,True,,AESI Holdings Inc.,,1400,2023-03-23,2023-09-22,3
0001910975,,,,,,unmatched,False,,Rapid Line Inc.,RPDL,8200,2025-09-05,2025-09-05,1
0001911467,,,,,,unmatched,False,,"Circle Energy, Inc./NV",CRCE,1311,2023-08-23,2023-08-23,1
0001911545,24093,59620,41129220,GITS,True,ticker_unique,True,,"Global Interactive Technologies, Inc.",GITS,7370,2023-09-05,2025-06-13,5
0001912582,,,,,,unmatched,False,,"Thunder Power Holdings, Inc.",AIEV,3711,2022-06-22,2022-06-22,1
0001912847,,,,,,unmatched,False,,United Maritime Corp,USEA,4400,2023-01-06,2023-01-06,1
0001913210,,,,,,unmatched_name,False,,Bruush Oral Care Inc.,,3843,2023-12-11,2023-12-11,1
0001913577,,,,,,unmatched,False,,"Semnur Pharmaceuticals, Inc.",SMNR;SMNRW,2834,2024-09-09,2024-09-09,1
0001913721,,,,,,unmatched_name,False,,AGTB Private BDC,,,2022-07-11,2023-01-09,5
0001913724,,,,,,unmatched_name,False,,TPG Twin Brook Capital Income Fund,,,2023-01-09,2023-01-09,1
0001913749,,,,,,unmatched,False,,Global Mofy AI Ltd,GMM,7370,2025-07-22,2025-07-22,1
0001913838,,,,,,unmatched_name,False,,"VWF Bancorp, Inc.",,6036,2022-07-22,2022-07-22,3
0001914023,,,,,,unmatched_name,False,,Acri Capital Acquisition Corp,,6770,2022-06-13,2022-06-13,1
0001914818,,,,,,unmatched,False,,Starbox Group Holdings Ltd.,STBXF,7310,2024-05-14,2024-05-14,1
0001915328,,,,,,unmatched,False,,Israel Acquisitions Corp,ISLUF;ISLWF;ISRLF,6770,2023-01-30,2023-01-30,1
0001915380,,,,,,unmatched_name,False,,"dMY Squared Technology Group, Inc.",,6770,2025-09-19,2025-09-19,1
0001915403,,,,,,unmatched_name,False,,SatixFy Communications Ltd.,,3663,2022-11-07,2022-11-08,3
0001915657,32803,20922,40394910,DINO,True,ticker_unique,True,,HF Sinclair Corp,DINO,4610,2022-03-24,2022-03-24,1
0001916099,,,,,,unmatched_name,False,,Diameter Credit Co,,,2024-03-18,2024-03-18,1
0001916331,,,,,,unmatched,False,,Neo-Concept International Group Holdings Ltd,NCI,2300,2024-05-07,2024-05-07,1
0001916425,,,,,,unmatched_name,False,,American Riviera Bancorp,,,2025-02-27,2025-02-27,1
0001916608,,,,,,unmatched_name,False,,TCW Star Direct Lending LLC,,,2022-09-23,2022-09-23,1
0001916879,,,,,,unmatched_name,False,,"VECTOR 21 HOLDINGS, INC.",,6770,2023-02-14,2023-02-14,1
0001918080,,,,,,unmatched,False,,"Deep Isolation Nuclear, Inc.",DBHL,4953,2025-08-18,2025-08-18,1
0001918102,,,,,,unmatched,False,,"DEEP FISSION, INC.",FISN,4911,2025-09-23,2025-09-23,2
0001918767,,,,,,unmatched_name,False,,"Constitution Capital Access Fund, LLC",,,2022-10-11,2025-04-04,7
0001919246,24810,59790,17112620,PTHS,True,ticker_unique,True,,Pelthos Therapeutics Inc.,PTHS,2836,2024-02-26,2025-07-03,2
0001919369,,,,,,unmatched_name,False,,VISTA CREDIT STRATEGIC LENDING CORP.,,,2023-10-12,2025-07-25,5
0001920294,,,,,,unmatched,False,,REZOLVE AI PLC,RZLV;RZLVW,7370,2024-08-22,2024-08-26,2
0001920406,23715,59484,86294510,ASST,True,ticker_unique,True,,"Strive, Inc.",ASST;SATA,6199,2025-09-16,2025-09-16,1
0001920453,,,,,,unmatched_name,False,,Fidelity Private Credit Fund,,,2023-03-23,2023-03-23,1
0001921158,,,,,,unmatched,False,,Bitfufu Inc.,FUFU;FUFUW,6199,2024-03-07,2024-03-07,1
0001921800,,,,,,unmatched_name,False,,Baker Nicholas,,,2024-01-05,2024-01-05,1
0001922097,,,,,,unmatched,False,,Lanvin Group Holdings Ltd,LANV;LANWF,2300,2022-12-23,2022-12-23,1
0001922446,24632,59739,25520W10,DEC,True,ticker_unique,True,,Diversified Energy Co,DEC,1311,2025-05-29,2025-05-29,1
0001922858,,,,,,unmatched_name,False,,"ECD Automotive Design, Inc.",,3711,2024-01-25,2024-01-25,3
0001923622,,,,,,unmatched,False,,PGIM Private Credit Fund,PGIM,,2023-07-19,2023-07-19,1
0001923780,24435,59685,66373M40,NCL,True,ticker_unique,True,,Northann Corp.,NCL,3089,2023-11-16,2023-11-16,1
0001923840,,,,,,unmatched_name,False,,"Third Harmonic Bio, Inc.",,2834,2022-09-28,2022-09-29,3
0001925309,,,,,,unmatched_name,False,,Sixth Street Lending Partners,,,2022-12-22,2023-12-01,2
0001925531,,,,,,unmatched_name,False,,"New Mountain Guardian IV BDC, L.L.C.",,,2022-09-01,2024-09-05,3
0001927578,,,,,,unmatched,False,,NetClass Technology Inc,NTCL,7372,2025-02-14,2025-02-14,1
0001927719,,,,,,unmatched,False,,Freightos Ltd,CRGO;CRGOW,4731,2024-03-18,2024-03-18,1
0001928340,,,,,,unmatched,False,,GOLDEN HEAVEN GROUP HOLDINGS LTD.,GDHG,7990,2024-04-19,2024-08-16,2
0001928446,23477,59426,38743210,GRNT,True,ticker_unique,True,,"Granite Ridge Resources, Inc.",GRNT,1311,2022-11-02,2023-09-01,3
0001928948,,,,,,unmatched,False,,High-Trend International Group,HTCO,4412,2023-10-18,2024-07-18,2
0001929589,,,,,,unmatched_name,False,,MariaDB plc,,7372,2023-09-12,2024-07-29,3
0001930021,,,,,,unmatched,False,,New Horizon Aircraft Ltd.,HOVR;HOVRW,3721,2024-01-22,2024-01-22,1
0001930179,,,,,,unmatched,False,,ARB IOT Group Ltd,ARBB,7373,2024-02-09,2024-11-05,2
0001930313,23425,59378,73245B10,SBC,True,ticker_unique,True,,SBC Medical Group Holdings Inc,SBC;SBCWW,8011,2024-02-06,2024-09-23,2
0001930419,,,,,,unmatched,False,,ALR Technologies SG Ltd.,ALRTF,3841,2022-11-14,2022-11-14,1
0001930679,,,,,,unmatched_name,False,,KKR FS Income Trust,,,2023-05-31,2023-09-05,3
0001931055,,,,,,unmatched,False,,Medinotec Inc.,MDNC,3841,2025-06-12,2025-06-12,2
0001932072,,,,,,unmatched,False,,LOBO TECHNOLOGIES LTD.,LOBO,3751,2024-10-11,2024-10-11,1
0001932737,,,,,,unmatched,False,,ROBO.AI INC.,AIIO;AIIOW,3711,2023-01-23,2023-01-23,1
0001932770,,,,,,unmatched,False,,Here Group Ltd,HERE,5945,2023-11-17,2023-11-17,1
0001933414,23730,59498,60317010,MLYS,True,ticker_unique,True,,"Mineralys Therapeutics, Inc.",MLYS,2834,2023-02-24,2023-02-24,2
0001933567,24087,59616,64134X20,NRXS,True,ticker_unique,True,,"Neuraxis, INC",NRXS,3845,2024-12-02,2024-12-02,1
0001933951,,,,,,unmatched,False,,INNEOVA Holdings Ltd,INEO,5010,2025-02-24,2025-05-22,2
0001934064,,,,,,unmatched_name,False,,"ProSomnus, Inc.",,3841,2022-12-16,2023-10-23,2
0001934245,24098,59623,78577G30,NWTG,True,ticker_unique,True,,"Newton Golf Company, Inc.",NWTG,3949,2025-11-26,2025-11-26,1
0001934642,,,,,,unmatched,False,,"MDB Capital Holdings, LLC",MDBH,6199,2023-08-01,2023-08-01,2
0001935172,,,,,,unmatched,False,,Xiao-I Corp,AIXI,7372,2023-12-22,2023-12-22,1
0001935418,,,,,,unmatched,False,,Foremost Clean Energy Ltd.,FMST;FMSTW,1090,2024-03-19,2024-03-19,1
0001936258,,,,,,unmatched,False,,NewAmsterdam Pharma Co N.V.,NAMS;NAMSW,2834,2022-12-02,2023-07-07,3
0001936804,,,,,,unmatched,False,,SunCar Technology Group Inc.,SDA;SDAWW,7500,2023-05-30,2023-11-08,3
0001937653,16668,55912,98985Y10,ZYME,True,ticker_unique,True,,Zymeworks Inc.,ZYME,2834,2024-02-22,2025-06-27,2
0001937737,,,,,,unmatched,False,,Moolec Science SA,MLEC;MLECW,2000,2023-01-09,2024-04-17,3
0001937891,23662,59454,00166110,AMCI,True,ticker_span,True,21909;23662,AMC Robotics Corp,AMCI,5700,2025-12-17,2025-12-17,1
0001937926,,,,,,unmatched,False,,Brookfield Asset Management Ltd.,BAM,6282,2022-12-20,2025-02-05,2
0001937987,24473,59695,30612110,FBYD,True,ticker_unique,True,,"Falcon's Beyond Global, Inc.",FBYD;FBYDP;FBYDW,7990,2023-10-16,2024-02-13,6
0001937993,23669,59472,12763620,CVKD,True,ticker_unique,True,,"Cadrenal Therapeutics, Inc.",CVKD,2834,2025-01-29,2025-01-29,1
0001938046,23795,59521,56270V20,MGRX,True,ticker_unique,True,,"MANGOCEUTICALS, INC.",MGRX,8090,2023-05-03,2023-05-03,1
0001938109,,,,,,unmatched,False,,Pineapple Financial Inc.,PAPL,6199,2025-06-24,2025-06-24,1
0001938338,,,,,,unmatched,False,,GlobalTech Corp,GLTK,4813,2024-06-28,2024-06-28,1
0001938569,,,,,,unmatched,False,,Palomino Laboratories Inc.,PALX,3674,2025-10-06,2025-10-27,4
0001938571,,,,,,unmatched,False,,"ADAPTIN BIO, INC.",APTN,2836,2025-02-18,2025-02-18,2
0001939780,,,,,,unmatched,False,,U Power Ltd,UCAR,3690,2024-10-15,2024-10-15,1
0001939965,,,,,,unmatched,False,,Brera Holdings PLC,SLMT,6199,2024-03-04,2025-09-30,7
0001940177,24279,59664,22275C10,PODC,True,ticker_unique,True,,"PodcastOne, Inc.",PODC,7370,2025-04-14,2025-08-15,2
0001940499,,,,,,unmatched_name,False,,JPMorgan Private Markets Fund,,,2023-07-24,2023-07-24,1
0001940674,,,,,,unmatched,False,,SMX (Security Matters) Public Ltd Co,SMX;SMXWW,3590,2023-03-20,2024-08-05,3
0001940941,,,,,,unmatched,False,,mF International Ltd,MFI,7371,2025-05-30,2025-05-30,1
0001941131,,,,,,unmatched,False,,TORO CORP.,TORO,4412,2023-04-27,2023-04-27,1
0001941500,,,,,,unmatched,False,,Multi Ways Holdings Ltd,MWG,3990,2024-08-07,2024-08-07,1
0001941536,23663,59469,96812F10,BAER,True,ticker_unique,True,,"Bridger Aerospace Group Holdings, Inc.",BAER;BAERW,7389,2023-02-23,2023-02-23,1
0001943421,,,,,,unmatched,False,,Rubico Inc.,RUBI,4400,2025-08-08,2025-08-08,1
0001943802,18837,56827,33631F10,FSEA,True,ticker_unique,True,,"First Seacoast Bancorp, Inc.",FSEA,6035,2025-04-14,2025-04-14,1
0001943896,24972,59841,78115410,RBRK,True,ticker_unique,True,,"Rubrik, Inc.",RBRK,7372,2025-04-01,2025-04-01,1
0001944399,,,,,,unmatched,False,,Perpetuals.com Ltd,PDC,7371,2025-10-27,2025-10-27,1
0001944558,23630,59464,92852X10,VTS,True,ticker_unique,True,,"Vitesse Energy, Inc.",VTS,1311,2023-01-23,2025-03-14,2
0001944885,,,,,,unmatched,False,,Apollomics Inc.,APLM;APLMW,2834,2023-04-12,2025-09-09,3
0001945711,,,,,,unmatched,False,,Lavoro Ltd,LVROF;LVRWF,5900,2023-03-10,2023-03-10,1
0001946021,,,,,,unmatched,False,,Horizon Space Acquisition I Corp.,HSPOF;HSPUF;HSPWF,6770,2022-12-27,2022-12-27,1
0001946216,,,,,,unmatched_name,False,,"SYLA Technologies Co., Ltd.",,6500,2024-03-07,2024-03-07,2
0001946399,,,,,,unmatched,False,,"LakeShore Biopharma Co., Ltd.",LSBCF,2834,2024-02-14,2025-07-22,2
0001946425,,,,,,unmatched_name,False,,Hammerhead Energy Inc.,,1382,2023-03-06,2023-03-06,1
0001946746,,,,,,unmatched_name,False,,Leet INC.,,7372,2025-05-06,2025-05-06,1
0001947210,25684,60022,42981K10,ROLR,True,ticker_unique,True,,"High Roller Technologies, Inc.",ROLR,7900,2024-11-05,2024-11-07,3
0001947244,23871,59554,90291W10,USGO,True,ticker_unique,True,,U.S. GoldMining Inc.,USGO,1040,2023-04-28,2023-04-28,1
0001947861,24957,59833,63903P20,,False,ticker_unique,True,,Nature's Miracle Holding Inc.,NMHI,3523,2024-04-17,2024-07-16,3
0001948099,,,,,,unmatched,False,,Mingteng International Corp Inc.,MTEN,3442,2025-02-20,2025-02-20,2
0001948294,,,,,,unmatched,False,,CL Workshop Group Ltd,NWGL,2400,2023-11-16,2025-11-19,3
0001948864,25469,59989,42227T10,HCWC,True,ticker_unique,True,,HEALTHY CHOICE WELLNESS CORP.,HCWC,5411,2024-09-24,2024-09-25,2
0001949478,,,,,,unmatched,False,,DAVIS COMMODITIES Ltd,DTCKF,5150,2024-04-12,2024-12-10,2
0001949543,,,,,,unmatched_name,False,,Sitio Royalties Corp.,,1311,2023-01-09,2023-01-13,2
0001949594,,,,,,unmatched_name,False,,Fidelity Multi-Strategy Credit Fund,,,2023-05-26,2023-05-26,1
0001950246,,,,,,unmatched_name,False,,MAC Copper Ltd,,1000,2023-06-22,2023-06-22,1
0001951067,,,,,,unmatched,False,,C3is Inc.,CISS,4412,2023-07-28,2024-05-20,3
0001951089,,,,,,unmatched,False,,Critical Metals Corp.,CRML;CRMLW;CRTMF,1000,2024-03-05,2024-03-05,1
0001951294,,,,,,unmatched,False,,VS MEDIA Holdings Ltd,VSME,7311,2024-10-04,2024-10-04,1
0001951667,24092,59619,16307X20,CTNT,True,ticker_unique,True,,CHEETAH NET SUPPLY CHAIN SERVICE INC.,CTNT,5010,2024-10-04,2024-10-04,1
0001952073,23816,59535,55825610,MSGE,True,ticker_span,True,19316;23816,Madison Square Garden Entertainment Corp.,MSGE,7990,2023-04-28,2023-04-28,1
0001952853,25024,59851,57628N10,MAMO,True,ticker_unique,True,,Massimo Group,MAMO,3790,2025-01-15,2025-01-15,1
0001952976,,,,,,unmatched,False,,Net Lease Office Properties,NLOP,6798,2025-02-20,2025-02-20,1
0001953021,85757,34622,G6005C10,MPU,True,ticker_unique,True,,Mega Matrix Inc,MPU,7812,2025-11-24,2025-11-24,1
0001953578,,,,,,unmatched_name,False,,Renergen Ltd,,4932,2025-07-28,2025-08-28,4
0001953926,25635,60012,98937L10,ZBIO,True,ticker_unique,True,,"Zenas BioPharma, Inc.",ZBIO,2834,2024-09-23,2025-06-06,4
0001954042,,,,,,unmatched_name,False,,ZEEKR Intelligent Technology Holding Ltd,,3711,2024-11-21,2025-01-03,3
0001954269,,,,,,unmatched,False,,Garden Stage Ltd,GSIW,6200,2024-09-27,2024-11-08,5
0001956055,,,,,,unmatched_name,False,,Bukit Jalil Global Acquisition 1 Ltd.,,6770,2023-06-30,2023-06-30,1
0001956166,,,,,,unmatched,False,,Ming Shing Group Holdings Ltd,PMA,1700,2024-07-08,2024-11-21,2
0001956648,26151,60081,12664M10,NOEM,True,ticker_unique,True,,CO2 Energy Transition Corp.,NOEM;NOEMR;NOEMU;NOEMW,6770,2025-05-30,2025-05-30,1
0001956741,24983,59842,18449210,ZONE,True,ticker_unique,True,,"CleanCore Solutions, Inc.",ZONE,2842,2024-05-08,2024-05-17,2
0001956744,24099,59624,85237B10,TRON,True,ticker_unique,True,,Tron Inc.,TRON,6199,2023-08-23,2025-07-25,3
0001956827,,,,,,unmatched,False,,Abivax S.A.,AAVXF;ABVX,2834,2023-10-30,2023-10-30,1
0001956845,,,,,,unmatched_name,False,,"Estate of Nicholas D. Trbovich, Sr.",,,2022-12-12,2022-12-12,1
0001956955,24815,59793,91532F10,UMAC,True,ticker_unique,True,,"Unusual Machines, Inc.",UMAC,3663,2024-02-22,2024-02-22,1
0001957001,,,,,,unmatched,False,,Fenbo Holdings Ltd,FEBO,3634,2023-12-15,2024-12-31,2
0001957146,,,,,,unmatched_name,False,,Almacenes Exito S.A.,,5331,2024-01-29,2024-01-29,1
0001957413,,,,,,unmatched,False,,Digital Currency X Technology Inc.,DCX,3711,2024-02-16,2025-01-10,2
0001957489,,,,,,unmatched,False,,Able View Global Inc.,ABLV;ABLVW,5960,2023-08-28,2023-09-05,2
0001957538,,,,,,unmatched,False,,OIO Group,OIO;OIOWW,4953,2023-08-11,2024-04-24,4
0001957783,,,,,,unmatched_name,False,,"MachTen, Inc.",,4813,2023-09-08,2023-09-08,1
0001958133,,,,,,unmatched,False,,Decent Holding Inc.,DXST,4950,2025-12-18,2025-12-18,2
0001958140,,,,,,ambiguous_ticker,False,24022;24023,"Atlanta Braves Holdings, Inc.",BATRA;BATRB;BATRK,7900,2023-07-20,2024-08-23,3
0001958217,,,,,,unmatched,False,,Lifezone Metals Ltd,LZM;LZMWT,1000,2023-07-18,2023-07-18,1
0001958399,,,,,,unmatched,False,,"Huachen AI Parking Management Technology Holding Co., Ltd",HCAI,3990,2025-03-14,2025-03-14,2
0001959224,,,,,,unmatched,False,,"Solowin Holdings, Ltd.",AXG,6211,2025-09-11,2025-10-14,2
0001959348,,,,,,unmatched_name,False,,WK Kellogg Co,,2040,2025-07-17,2025-07-17,1
0001959568,,,,,,unmatched_name,False,,"Senior Credit Investments, LLC",,,2023-12-13,2023-12-13,1
0001959604,,,,,,unmatched_name,False,,Jefferies Credit Partners BDC Inc.,,,2023-12-13,2024-02-02,2
0001960208,,,,,,unmatched_name,False,,Carbon Revolution Public Ltd Co,,3714,2025-11-18,2025-11-18,1
0001960847,26124,60134,89078D10,TOPP,True,ticker_unique,True,,Toppoint Holdings Inc.,TOPP,4210,2025-05-22,2025-05-22,1
0001961847,24656,59746,4576JP30,INHD,True,ticker_unique,True,,INNO HOLDINGS INC.,INHD,5990,2024-09-11,2024-09-11,3
0001962481,23998,59586,10523010,BOF,True,ticker_unique,True,,BranchOut Food Inc.,BOF,2000,2024-10-17,2024-10-17,1
0001962738,,,,,,unmatched,False,,"CASI Pharmaceuticals, Inc.",CASIF,2834,2025-09-26,2025-09-26,1
0001962845,,,,,,unmatched_name,False,,"PIXIE DUST TECHNOLOGIES, INC.",,3845,2023-08-14,2023-08-14,1
0001962918,,,,,,unmatched_name,False,,"ACELYRIN, Inc.",,2834,2023-05-19,2025-04-30,5
0001963088,24809,59789,12874520,ATCH,True,ticker_unique,True,,"AtlasClear Holdings, Inc.",ATCH;ATCHW,6199,2024-04-24,2024-10-11,5
0001963130,,,,,,unmatched_name,False,,Sotirios Vahaviolos January 2023 2-Year Grantor Retained Annuity Trust,,,2023-01-23,2023-01-23,1
0001963439,,,,,,unmatched,False,,"Turbo Energy, S.A.",TURB,3690,2024-02-14,2024-02-14,1
0001964504,22096,58786,04041L10,,False,ticker_unique,True,,Aris Mining Corp,ARIS,1040,2024-02-01,2024-02-01,1
0001964543,,,,,,unmatched_name,False,,"Runa Capital Fund II, L.P.",,,2023-09-11,2023-09-11,1
0001964630,,,,,,unmatched_name,False,,Vast Renewables Ltd,,3433,2024-01-03,2024-02-05,3
0001964789,24655,59745,44812J10,HUT,True,ticker_unique,True,,Hut 8 Corp.,HUT,6199,2023-12-07,2023-12-07,1
0001964979,24086,59615,02008G20,ALUR,True,ticker_unique,True,,"ALLURION TECHNOLOGIES, INC.",ALUR;ALURD;ALURW,3841,2023-08-11,2023-08-11,1
0001965040,23942,59577,34965K10,FTRE,True,ticker_unique,True,,Fortrea Holdings Inc.,FTRE,8071,2023-10-17,2023-10-17,1
0001965052,,,,,,unmatched,False,,Marblegate Capital Corp,MGTE;MGTEW,6199,2025-04-17,2025-04-17,1
0001965143,,,,,,unmatched,False,,Nvni Group Ltd,NVNI;NVNIW,7372,2023-10-10,2025-10-15,5
0001965473,,,,,,unmatched,False,,Cheche Group Inc.,CCG;CCGWW,6411,2023-10-13,2025-03-28,2
0001965934,,,,,,unmatched_name,False,,Overland Advantage,,,2024-04-30,2024-04-30,1
0001966233,,,,,,unmatched,False,,NIP Group Inc.,NIPG,7990,2025-09-12,2025-09-12,2
0001966287,,,,,,unmatched,False,,Greenfire Resources Ltd.,GFR;GFRRW;GFRWF,1311,2023-10-02,2024-11-14,2
0001966494,,,,,,unmatched_name,False,,"CARGO Therapeutics, Inc.",,2836,2025-02-21,2025-02-21,1
0001966983,,,,,,unmatched,False,,LITHIUM AMERICAS CORP.,LAC,1000,2023-10-12,2023-10-12,1
0001967478,,,,,,unmatched,False,,Captivision Inc.,CPTAF,3690,2023-11-30,2024-08-06,4
0001967649,24173,59643,29430C10,VSTS,True,ticker_unique,True,,Vestis Corp,VSTS,5190,2024-05-08,2024-05-08,1
0001968487,24515,59716,98210410,WS,True,ticker_unique,True,,"Worthington Steel, Inc.",WS,3310,2023-12-11,2023-12-11,1
0001969401,,,,,,unmatched,False,,Linkage Global Inc,UZX,5961,2025-06-26,2025-06-26,1
0001970509,,,,,,unmatched_name,False,,Haymaker Acquisition Corp. 4,,6770,2023-08-07,2023-08-07,1
0001970622,,,,,,unmatched,False,,"USA Rare Earth, Inc.",USAR,1000,2025-03-24,2025-03-27,2
0001971115,,,,,,unmatched,False,,Ryde Group Ltd,RYDE,7389,2025-02-28,2025-02-28,1
0001971387,26222,60192,53271X10,LIMN,True,ticker_unique,True,,"Liminatus Pharma, Inc.",LIMN;LIMNW,2836,2025-05-07,2025-05-08,2
0001971542,,,,,,unmatched,False,,QMMM Holdings Ltd,QMMM,7311,2024-12-30,2024-12-30,1
0001973056,,,,,,unmatched_name,False,,Bowen Acquisition Corp,,2840,2024-02-15,2024-02-15,2
0001973266,87356,17205,87256C10,TKO,True,ticker_unique,True,,"TKO Group Holdings, Inc.",TKO,7900,2023-11-24,2025-02-06,3
0001973368,,,,,,unmatched,False,,SRIVARU Holding Ltd,SVUHF,3711,2024-10-09,2024-10-09,1
0001974640,24064,59600,03770N10,APGE,True,ticker_unique,True,,"Apogee Therapeutics, Inc.",APGE,2836,2023-07-21,2023-07-28,2
0001975218,,,,,,unmatched_name,False,,Nabors Energy Transition Corp. II,,6770,2025-10-22,2025-11-28,2
0001975736,,,,,,unmatched_name,False,,KKR FS Income Trust Select,,,2024-02-14,2024-03-05,2
0001976543,,,,,,unmatched_name,False,,Ayers Katherine,,,2023-06-28,2023-11-29,2
0001976695,,,,,,unmatched,False,,Mobile-health Network Solutions,MNDR,7372,2025-11-14,2025-12-04,2
0001976719,,,,,,unmatched_name,False,,"New Mountain Guardian IV Income Fund, L.L.C.",,,2023-10-27,2024-05-09,3
0001976927,,,,,,unmatched_name,False,,"Invesco Commercial Real Estate Finance Trust, Inc.",,6798,2023-09-18,2023-09-18,4
0001978024,,,,,,unmatched_name,False,,Apollo S3 Private Markets Fund,,,2024-10-21,2024-10-21,1
0001978867,,,,,,unmatched,False,,Cadeler A/S,CDLR,4412,2024-01-17,2025-02-19,2
0001979005,,,,,,unmatched,False,,"Aimei Health Technology Co., Ltd.",AFJK;AFJKR;AFJKU,6770,2023-12-15,2023-12-15,1
0001979332,24471,59693,15486W10,CPBI,True,ticker_unique,True,,"Central Plains Bancshares, Inc.",CPBI,6035,2024-11-05,2024-11-05,1
0001979407,,,,,,unmatched,False,,ORANGEKLOUD TECHNOLOGY INC.,ORKT,7372,2024-08-08,2024-08-08,1
0001979414,26491,60223,64051A10,NTHI,True,ticker_unique,True,,"NEONC TECHNOLOGIES HOLDINGS, INC.",NTHI,2834,2025-04-25,2025-04-25,1
0001979887,,,,,,unmatched,False,,XCHG Ltd,XCH,3690,2025-11-06,2025-11-06,2
0001980088,,,,,,unmatched,False,,MACH NATURAL RESOURCES LP,MNR,1311,2025-06-17,2025-06-17,1
0001980845,,,,,,unmatched,False,,enGene Therapeutics Inc.,ENGN;ENGNW,2836,2023-11-08,2023-11-13,2
0001981462,,,,,,unmatched,False,,LeddarTech Holdings Inc.,LDTCF,7372,2024-01-03,2024-04-18,2
0001981535,84819,15483,82001440,SBET,True,ticker_unique,True,,"Sharplink, Inc.",SBET,6199,2025-06-06,2025-06-06,1
0001981546,27456,60502,20112C10,CBK,True,ticker_unique,True,,"Commercial Bancgroup, Inc.",CBK,6022,2025-10-08,2025-10-08,3
0001981599,24966,59837,15592310,CTRI,True,ticker_unique,True,,"Centuri Holdings, Inc.",CTRI,4923,2025-11-13,2025-11-13,1
0001981662,,,,,,unmatched,False,,NewGenIvf Group Ltd,NIVF;NIVFW,8090,2024-04-10,2024-04-10,1
0001983324,,,,,,unmatched,False,,Real Messenger Corp,RMSG;RMSGW,7370,2025-12-19,2025-12-19,1
0001984060,23738,59502,64204510,AESI,True,ticker_unique,True,,Atlas Energy Solutions Inc.,AESI,1311,2023-10-12,2023-10-12,1
0001984076,,,,,,unmatched_name,False,,"Metros Development Co., Ltd.",,6552,2024-03-01,2024-03-01,1
0001984086,25755,60047,81734D10,SEPN,True,ticker_unique,True,,"Septerna, Inc.",SEPN,2834,2024-11-04,2024-11-04,1
0001984124,,,,,,unmatched,False,,Luda Technology Group Ltd,LUD,3317,2025-03-07,2025-03-07,1
0001985062,,,,,,unmatched,False,,PSYENCE BIOMEDICAL LTD.,PBM;PBMWW,2834,2024-02-05,2025-12-10,2
0001987240,,,,,,unmatched,False,,SCHMID Group N.V.,SHMD;SHMDW,3590,2024-05-13,2024-05-13,1
0001988776,,,,,,unmatched,False,,Murano Global Investments Plc,MRNO;MRNOW,7011,2024-03-28,2024-03-29,2
0001988855,,,,,,unmatched_name,False,,Manulife Private Credit Plus Fund,,,2025-02-11,2025-12-23,2
0001988894,,,,,,unmatched,False,,"Amer Sports, Inc.",AS,2300,2024-02-09,2024-02-15,4
0001989582,,,,,,unmatched_name,False,,PGIM Credit Income Fund,,,2023-12-21,2023-12-21,1
0001990251,,,,,,unmatched,False,,Wellchange Holdings Co Ltd,WCT,7372,2025-02-21,2025-10-08,4
0001990354,25141,59888,94678410,WAY,True,ticker_unique,True,,Waystar Holding Corp.,WAY,7373,2025-10-03,2025-10-03,1
0001991261,25757,60049,G8292E10,SKK,True,ticker_unique,True,,SKK Holdings Ltd,SKK,1623,2025-02-27,2025-02-27,1
0001991332,,,,,,unmatched,False,,MKDWELL Tech Inc.,MKDW;MKDWW,3600,2024-08-12,2024-08-13,3
0001991792,24685,59754,15694410,CGON,True,ticker_unique,True,,"CG Oncology, Inc.",CGON,2836,2025-09-18,2025-09-18,2
0001992243,21692,58541,35834F10,TE,True,ticker_unique,True,,T1 Energy Inc.,TE,3674,2024-04-22,2024-12-31,3
0001992818,,,,,,unmatched,False,,ZOOZ Strategy Ltd.,ZOOZ;ZOOZW,3590,2024-04-11,2024-04-11,1
0001994624,26169,60158,80603V20,STAI,True,ticker_unique,True,,ScanTech AI Systems Inc.,STAI,3825,2025-05-08,2025-05-08,1
0001994702,24822,59799,50197610,KYTX,True,ticker_unique,True,,"Kyverna Therapeutics, Inc.",KYTX,2836,2024-05-03,2024-05-03,1
0001995075,,,,,,unmatched,False,,Megan Holdings Ltd.,MGN,0200,2025-10-22,2025-10-22,1
0001995116,,,,,,unmatched,False,,Rectitude Holdings Ltd.,RECT,3420,2025-03-07,2025-03-27,2
0001995194,,,,,,unmatched_name,False,,Heramba Electric plc,,3690,2024-08-05,2024-08-05,1
0001995306,,,,,,unmatched,False,,SUPER HI INTERNATIONAL HOLDING LTD.,HDL;SPHIF,5812,2025-11-25,2025-11-25,1
0001995574,,,,,,unmatched,False,,Icon Energy Corp,ICON,4412,2025-07-08,2025-07-08,1
0001995668,,,,,,unmatched_name,False,,NYLI MacKay Muni Income Opportunities Fund,,,2024-04-08,2024-04-08,4
0001995807,25181,59898,51495210,LB,True,ticker_span,True,25181;64282,LandBridge Co LLC,LB,6792,2024-07-03,2024-07-11,2
0001996862,,,,,,unmatched,False,,Bunge Global SA,BG,2070,2025-07-07,2025-07-08,2
0001997201,,,,,,unmatched,False,,PS International Group Ltd.,PSIG,4731,2024-07-25,2024-07-25,2
0001997377,,,,,,unmatched,False,,IsoEnergy Ltd.,ISOU,1090,2025-06-25,2025-06-25,1
0001997403,25660,60017,98936T20,ZENA,True,ticker_unique,True,,"ZenaTech, Inc.",ZENA,7372,2025-01-21,2025-11-06,6
0001997652,25198,59901,87507T10,TBN,True,ticker_unique,True,,Tamboran Resources Corp,TBN;TBNRL,1311,2024-07-08,2024-07-08,1
0001997711,,,,,,unmatched,False,,Logistic Properties of the Americas,LPA,6500,2024-04-03,2024-04-03,1
0001998043,,,,,,unmatched,False,,Pearl Diver Credit Co Inc.,PDCC;PDPA,,2024-07-26,2024-07-26,1
0001998056,,,,,,unmatched,False,,Premium Catering (Holdings) Ltd,PC,5812,2024-10-15,2024-10-15,1
0001998387,,,,,,unmatched_name,False,,5C Lending Partners Corp.,,,2025-03-03,2025-03-03,1
0001998560,,,,,,unmatched,False,,Mint Inc Ltd,MIMI,7389,2025-05-28,2025-05-28,2
0001998781,,,,,,unmatched,False,,IB Acquisition Corp.,IBAC;IBACR,8731,2024-04-08,2024-04-11,2
0001999001,25147,59892,83001C10,FUN,True,ticker_unique,True,,Six Flags Entertainment Corporation/NEW,FUN,7900,2024-07-03,2024-07-03,1
0001999297,,,,,,unmatched,False,,Big Tree Cloud Holdings Ltd,DSY;DSYWW,2670,2025-09-10,2025-09-10,1
0002000230,,,,,,unmatched,False,,BrilliA Inc,BRIA,2300,2024-12-13,2024-12-17,2
0002000410,,,,,,unmatched,False,,Eureka Acquisition Corp,EURK;EURKR;EURKU,4400,2024-07-03,2024-07-03,1
0002000640,,,,,,unmatched,False,,Damon Inc.,DMNIF,3751,2024-11-20,2024-11-20,1
0002000756,,,,,,unmatched,False,,K Wave Media Ltd.,KWM;KWMWW,7819,2025-10-14,2025-10-14,1
0002000775,,,,,,unmatched,False,,Black Hawk Acquisition Corp,BKHA;BKHAR;BKHAU,2836,2024-04-01,2024-04-26,2
0002001557,25730,60038,45784M10,INV,True,ticker_unique,True,,"Innventure, Inc.",INV;INVLW,6770,2024-10-07,2025-08-18,2
0002002038,,,,,,unmatched_name,False,,Legato Merger Corp. III,,6770,2024-02-15,2024-02-15,1
0002002045,,,,,,unmatched,False,,GCL Global Holdings Ltd,GCL;GCLWW,7372,2025-02-20,2025-02-20,1
0002002236,,,,,,unmatched,False,,SPRINGVIEW HOLDINGS LTD,SPHL,1520,2025-03-25,2025-05-16,2
0002003750,,,,,,unmatched,False,,"Maitong Sunshine Cultural Development Co., Ltd",MGSD,4700,2024-11-06,2024-11-06,1
0002003881,,,,,,unmatched_name,False,,"Stirling Hotels & Resorts, Inc.",,6798,2024-11-15,2024-11-15,1
0002003977,,,,,,unmatched,False,,Cre8 Enterprise Ltd,CRE,2750,2025-08-27,2025-08-27,1
0002004024,,,,,,unmatched,False,,Lianhe Sowell International Group Ltd,LHSW,7372,2025-09-10,2025-09-10,1
0002005563,,,,,,unmatched_name,False,,Lord Abbett Flexible Income Fund,,,2025-02-25,2025-02-25,1
0002005569,,,,,,unmatched_name,False,,Empro Group Inc.,,2844,2025-08-14,2025-08-14,1
0002006189,,,,,,unmatched_name,False,,First Eagle Real Estate Debt Fund,,,2025-04-07,2025-04-07,1
0002006191,,,,,,unmatched_name,False,,Lionsgate Studios Holding Corp.,,7812,2024-05-20,2024-05-20,1
0002006291,,,,,,unmatched,False,,Churchill Capital Corp IX/Cayman,CCIX;CCIXU;CCIXW,7373,2024-05-13,2024-05-13,1
0002007702,,,,,,unmatched,False,,"Cellyan Biotechnology Co., Ltd",HKPD,5122,2025-11-12,2025-11-12,1
0002007825,,,,,,unmatched,False,,"Infleqtion, Inc.",INFQ;INFQWT,7374,2025-05-21,2025-05-21,1
0002007919,25044,59866,45720N10,INBX,True,ticker_unique,True,,"Inhibrx Biosciences, Inc.",INBX,2836,2024-06-03,2024-06-03,2
0002009233,,,,,,unmatched,False,,Agroz Inc.,AGRZ,0100,2025-10-10,2025-10-24,3
0002009312,,,,,,unmatched,False,,Aureus Greenway Holdings Inc,PUSA,7997,2025-04-30,2025-09-02,4
0002009684,25246,59922,81221520,SEG,True,ticker_unique,True,,Seaport Entertainment Group Inc.,SEG,7990,2024-08-07,2024-08-07,1
0002010499,,,,,,unmatched,False,,Diginex Ltd,DGNX,7374,2025-01-30,2025-01-30,1
0002010653,,,,,,unmatched,False,,Future Vision II Acquisition Corp.,FVN;FVNNR;FVNNU,7373,2024-09-25,2024-09-25,1
0002010788,25816,60071,46187410,EXOZ,True,ticker_unique,True,,EXOZYMES INC.,EXOZ,2836,2024-11-18,2024-11-18,4
0002011208,25426,59981,78642D10,SPAI,True,ticker_unique,True,,Safe Pro Group Inc.,SPAI,3842,2024-09-11,2024-09-11,3
0002011286,25434,59985,02393910,AMTM,True,ticker_unique,True,,"Amentum Holdings, Inc.",AMTM,7389,2024-10-04,2024-12-23,3
0002011498,,,,,,unmatched_name,False,,AGL Private Credit Income Fund,,,2024-10-28,2024-10-28,1
0002012139,,,,,,unmatched_name,False,,Fortress Private Lending Fund,,,2025-08-28,2025-08-28,1
0002012219,,,,,,unmatched,False,,OMS Energy Technologies Inc.,OMSE,3533,2025-06-02,2025-06-02,1
0002012590,,,,,,unmatched_name,False,,CEE Holdings Trust,,,2024-06-21,2024-06-21,1
0002012593,25237,59915,75383L10,RAPP,True,ticker_unique,True,,"Rapport Therapeutics, Inc.",RAPP,2834,2024-06-14,2024-06-14,1
0002012600,,,,,,unmatched,False,,"rYojbaba Co., Ltd.",RYOJ,8742,2025-08-20,2025-08-20,2
0002012706,25242,59918,86798110,SUNS,True,ticker_unique,True,,"Sunrise Realty Trust, Inc.",SUNS,6798,2024-12-26,2024-12-26,1
0002013536,,,,,,unmatched_name,False,,Eagle Point Defensive Income Trust,,,2025-07-08,2025-07-08,1
0002013745,91076,50195,13142810,CLMT,True,ticker_unique,True,,"Calumet, Inc. /DE",CLMT,2911,2024-07-11,2025-02-25,2
0002013792,,,,,,unmatched,False,,"EWSB Bancorp, Inc. /MD/",EWSB,6036,2024-09-20,2024-09-20,2
0002013807,,,,,,unmatched,False,,Foxx Development Holdings Inc.,FOXX;FOXXW,3576,2024-09-26,2024-10-07,4
0002014596,25245,59921,20603L10,CON,True,ticker_unique,True,,"Concentra Group Holdings Parent, Inc.",CON,8093,2024-12-03,2024-12-03,2
0002015571,,,,,,unmatched_name,False,,TCW Spirit Direct Lending LLC,,,2024-08-01,2024-08-01,1
0002016072,,,,,,unmatched,False,,Velos Acquisition I Corp.,VLOS;VLOSU;VLOSW,6770,2025-06-03,2025-12-19,2
0002016337,,,,,,unmatched,False,,PTL Ltd,PTLE,5172,2025-09-10,2025-09-10,1
0002017206,26039,60125,60113710,MRP,True,ticker_unique,True,,"Millrose Properties, Inc.",MRP,6500,2025-02-14,2025-02-14,3
0002017526,,,,,,unmatched,False,,"Freenome, Inc.",FRNM,8071,2025-12-12,2025-12-12,1
0002018064,92052,52303,87874R30,TTGT,True,ticker_unique,True,,"TechTarget, Inc.",TTGT,4822,2024-12-09,2024-12-09,1
0002018545,,,,,,unmatched_name,False,,Franklin BSP Real Estate Debt BDC,,,2024-07-11,2025-09-16,2
0002019103,,,,,,unmatched,False,,Solaris Resources Inc.,SLSR,1040,2024-06-20,2024-11-14,2
0002019435,,,,,,unmatched,False,,Blue Gold Ltd,BGL;BGLWW,1000,2025-07-08,2025-07-08,1
0002019804,25728,59972,88145410,IMSR,True,ticker_unique,True,,Terrestrial Energy Inc. /DE/,IMSR;IMSRW,3443,2025-11-04,2025-11-04,2
0002020354,,,,,,unmatched_name,False,,West Bay BDC LLC,,,2024-10-23,2024-10-23,1
0002020510,,,,,,unmatched_name,False,,Hamilton Lane Private Infrastructure Fund,,,2025-04-25,2025-04-25,1
0002020795,15279,55220,91293210,UNIT,True,ticker_unique,True,,Uniti Group Inc.,UNIT,4813,2025-08-08,2025-08-08,1
0002021938,,,,,,unmatched,False,,Sunrise Communications AG,SNNRF,4841,2024-11-08,2024-11-08,1
0002022308,26568,60243,18274410,KIDZ,True,ticker_unique,True,,KIDZ AI Inc.,KIDZ;KIDZW,8200,2025-04-09,2025-04-09,1
0002022416,,,,,,unmatched,False,,Silexion Therapeutics Corp,SLXN;SLXNW,2836,2024-08-22,2024-11-20,3
0002022626,25766,60055,91678A10,UPB,True,ticker_unique,True,,"Upstream Bio, Inc.",UPB,2834,2024-10-17,2024-10-22,2
0002023153,,,,,,unmatched,False,,HomesToLife Ltd,HTLM,5712,2025-06-09,2025-06-09,1
0002023658,25549,59995,05547710,BCAX,True,ticker_unique,True,,Bicara Therapeutics Inc.,BCAX,2834,2024-09-18,2024-09-23,2
0002024203,,,,,,unmatched,False,,Cayson Acquisition Corp,CAPN;CAPNR;CAPNU,6770,2024-09-26,2024-09-26,2
0002024218,13583,54182,86614G10,SMC,True,ticker_unique,True,,Summit Midstream Corp,SMC,4922,2024-12-03,2024-12-03,1
0002024306,26478,60219,46658E10,JFB,True,ticker_unique,True,,JFB Construction Holdings,JFB,1540,2025-03-12,2025-03-12,1
0002024459,,,,,,unmatched,False,,Charlton Aria Acquisition Corp,CHAR;CHARR;CHARU,6770,2024-10-25,2024-10-25,1
0002024460,,,,,,unmatched,False,,ChampionsGate Acquisition Corp,CHPG;CHPGR;CHPGU,6770,2025-06-04,2025-06-04,1
0002025218,,,,,,unmatched,False,,Delixy Holdings Ltd,DLXY,5172,2025-08-05,2025-08-05,2
0002025341,,,,,,unmatched,False,,Andretti Acquisition Corp. II,POLE;POLEU;POLEW,6770,2024-12-04,2024-12-04,1
0002025401,,,,,,unmatched,False,,Fifth Era Acquisition Corp I,FERA;FERAR;FERAU,6770,2025-03-10,2025-03-10,1
0002025608,,,,,,unmatched,False,,Soulpower Acquisition Corp.,SOUL;SOULRI;SOULUN,6770,2025-04-09,2025-04-09,1
0002025774,,,,,,unmatched,False,,Alps Group Inc,ALPS;ALPWF,8000,2025-11-12,2025-11-12,1
0002026098,,,,,,unmatched_name,False,,Gladstone Alternative Income Fund,,,2024-12-13,2024-12-13,1
0002026478,26425,60209,65250K10,NMAX,True,ticker_unique,True,,Newsmax Inc.,NMAX,4833,2025-03-31,2025-03-31,1
0002026514,,,,,,unmatched,False,,Namib Minerals,NAMM;NAMMW,1040,2025-06-11,2025-06-11,3
0002026767,,,,,,unmatched,False,,Calisa Acquisition Corp,ALIS;ALISR;ALISU,7374,2025-10-28,2025-10-28,2
0002027076,,,,,,unmatched_name,False,,Prospect Enhanced Yield Fund,,,2025-08-07,2025-10-30,2
0002027317,25437,59986,23128Q10,CURB,True,ticker_unique,True,,Curbline Properties Corp.,CURB,6500,2024-10-08,2024-10-08,1
0002027360,,,,,,unmatched,False,,RedCloud Holdings plc,RCT,5990,2025-06-26,2025-06-26,3
0002027537,,,,,,unmatched_name,False,,Goldman Sachs Real Estate Finance Trust Inc,,6798,2025-01-14,2025-01-14,1
0002027708,,,,,,unmatched,False,,"Cantor Equity Partners I, Inc.",CEPO,6770,2025-01-13,2025-01-13,1
0002027722,,,,,,unmatched,False,,Grande Group Ltd/HK,GRAN,6199,2025-10-02,2025-10-02,1
0002028027,,,,,,unmatched,False,,Newbury Street II Acquisition Corp,NTWO;NTWOU;NTWOW,6770,2024-11-07,2024-11-07,1
0002028177,,,,,,unmatched,False,,Youlife Group Inc.,YOUL,8200,2025-09-30,2025-09-30,1
0002028201,,,,,,unmatched,False,,Columbus Acquisition Corp/Cayman Islands,COLA;COLAR;COLAU,6770,2025-01-24,2025-01-24,1
0002028293,26038,60124,75080J10,RAIN,True,ticker_unique,True,,"Rain Enhancement Technologies Holdco, Inc.",RAIN;RAINW,3590,2025-01-03,2025-01-03,1
0002028336,26010,60112,64428N10,NUAI,True,ticker_unique,True,,"New ERA Energy & Digital, Inc.",NUAI;NUAIW,1311,2024-12-16,2024-12-16,1
0002028355,,,,,,unmatched,False,,Inflection Point Acquisition Corp. V,IPEX;IPEXR;IPEXU,6770,2025-02-25,2025-09-16,2
0002028614,,,,,,unmatched,False,,Drugs Made In America Acquisition Corp.,DMAA;DMAAR;DMAAU,6770,2025-03-03,2025-03-03,1
0002028707,,,,,,unmatched,False,,"Merlin, Inc.",MRLN,7373,2024-11-12,2024-11-12,1
0002029138,,,,,,unmatched,False,,SAGTEC GLOBAL Ltd,SAGT,7372,2025-07-15,2025-11-14,2
0002029471,26197,60178,Y3130D10,HMR,True,ticker_unique,True,,Heidmar Maritime Holdings Corp.,HMR,4412,2025-02-26,2025-02-26,2
0002029976,,,,,,unmatched,False,,K&F GROWTH ACQUISITION CORP. II,KFII;KFIIR;KFIIU,6770,2025-02-12,2025-02-12,1
0002030663,,,,,,unmatched,False,,Sizzle Acquisition Corp. II,SZZL;SZZLR;SZZLU,6770,2025-04-10,2025-04-10,1
0002030829,,,,,,unmatched,False,,PANTAGES CAPITAL ACQUISITION Corp,PGAC;PGACR;PGACU,6770,2024-12-06,2024-12-06,1
0002031009,,,,,,unmatched,False,,Skyline Builders Group Holding Ltd,KAZR,1700,2025-09-22,2025-09-22,1
0002031283,,,,,,unmatched_name,False,,Stone Point Credit Income Fund,,,2025-01-29,2025-01-29,1
0002031561,,,,,,unmatched,False,,Aldel Financial II Inc.,ALDF;ALDFU;ALDFW,6770,2025-02-14,2025-02-14,1
0002032432,,,,,,unmatched_name,False,,Blackstone Private Multi-Asset Credit & Income Fund,,,2025-05-02,2025-05-02,1
0002032779,,,,,,unmatched,False,,Euroholdings Ltd.,EHLD,4412,2025-06-20,2025-06-30,4
0002032950,,,,,,unmatched_name,False,,Horizon Space Acquisition II Corp.,,6770,2024-11-19,2024-11-19,1
0002032966,,,,,,unmatched,False,,"TIC Solutions, Inc.",TIC;TICAW,7389,2025-02-14,2025-02-14,1
0002033362,,,,,,unmatched_name,False,,"Audax Private Credit Fund, LLC",,,2025-08-14,2025-08-14,1
0002033515,,,,,,unmatched,False,,AsiaStrategy,SORA,5094,2025-11-10,2025-11-10,1
0002033535,,,,,,unmatched,False,,Costamare Bulkers Holdings Ltd,CMDB,4400,2025-05-06,2025-05-06,1
0002033593,,,,,,unmatched,False,,Stellar V Capital Corp. (Cayman Islands),SVCC;SVCCU;SVCCW,6770,2025-05-14,2025-05-14,1
0002033770,26824,60349,17175610,DAIC,True,ticker_unique,True,,"CID Holdco, Inc.",DAIC;DAICW,7373,2025-07-18,2025-11-14,2
0002033991,,,,,,unmatched,False,,Texas Ventures Acquisition III Corp,TVA;TVACU;TVACW,6770,2025-10-14,2025-10-14,1
0002034266,,,,,,unmatched,False,,"Cantor Equity Partners V, Inc.",CEPV,6770,2025-11-10,2025-11-10,1
0002034267,,,,,,unmatched,False,,"Cantor Equity Partners IV, Inc.",CEPF,6770,2025-08-22,2025-08-22,1
0002034268,,,,,,unmatched_name,False,,"Cantor Equity Partners III, Inc.",,6770,2025-07-01,2025-07-01,1
0002034269,,,,,,unmatched_name,False,,"Cantor Equity Partners II, Inc.",,6770,2025-05-12,2025-05-12,1
0002034400,,,,,,unmatched,False,,Black Titan Corp,BTTC,7371,2025-10-07,2025-10-07,1
0002034520,,,,,,unmatched,False,,GIBO HOLDINGS Ltd,GIBO;GIBOW,7372,2025-11-12,2025-11-12,1
0002034723,,,,,,unmatched,False,,One & one Green Technologies. INC,YDDL,5090,2025-12-23,2025-12-23,1
0002035989,,,,,,unmatched,False,,Amrize Ltd,AMRZ,3241,2025-06-27,2025-06-27,1
0002036042,26194,60175,82940110,SION,True,ticker_unique,True,,"Sionna Therapeutics, Inc.",SION,2834,2025-02-13,2025-02-18,5
0002036272,,,,,,unmatched_name,False,,TCW Private Asset Income Fund,,,2025-11-25,2025-11-25,1
0002036973,,,,,,unmatched,False,,UY Scuti Acquisition Corp.,UYSC;UYSCR;UYSCU,6770,2025-04-15,2025-04-15,1
0002037431,,,,,,unmatched_name,False,,Pelican Acquisition Corp,,6770,2025-06-18,2025-06-18,1
0002037804,,,,,,unmatched_name,False,,New Mountain Private Credit Fund,,,2024-12-23,2024-12-23,1
0002039060,,,,,,unmatched,False,,Robin Energy Ltd.,RBNE,4412,2025-04-17,2025-04-17,1
0002039497,26180,60165,76134H10,RHLD,True,ticker_unique,True,,"Resolute Holdings Management, Inc.",RHLD,6199,2025-03-07,2025-03-07,1
0002040278,,,,,,unmatched_name,False,,HL Scope RIC LLC,,,2025-04-21,2025-04-21,1
0002040290,,,,,,unmatched,False,,LOGPROSTYLE INC.,LGPS,1531,2025-05-12,2025-05-12,1
0002040315,,,,,,unmatched_name,False,,Capital Group KKR Core Plus (plus),,,2025-04-30,2025-04-30,1
0002040318,,,,,,unmatched_name,False,,Capital Group KKR Multi-Sector (plus),,,2025-04-30,2025-04-30,1
0002040475,,,,,,unmatched,False,,Drugs Made In America Acquisition II Corp.,DMII;DMIIR;DMIIU,6770,2025-10-02,2025-10-02,1
0002040807,,,,,,unmatched_name,False,,"Metsera, Inc.",,2834,2025-02-10,2025-02-10,1
0002042022,,,,,,unmatched,False,,"WhiteFiber, Inc.",WYFI,6199,2025-08-08,2025-08-08,1
0002042182,,,,,,unmatched,False,,Oyster Enterprises II Acquisition Corp,OYSE;OYSER;OYSEU,6770,2025-06-02,2025-06-02,1
0002042292,,,,,,unmatched,False,,BTC Development Corp.,BDCI;BDCIU;BDCIW,6770,2025-10-06,2025-10-06,2
0002042460,,,,,,unmatched,False,,Harvard Ave Acquisition Corp,HAVA;HAVAR;HAVAU,6770,2025-10-27,2025-10-27,2
0002042694,25773,60058,74162310,PRMB,True,ticker_unique,True,,Primo Brands Corp,PRMB,2080,2024-11-18,2024-11-18,1
0002044009,,,,,,unmatched,False,,Armada Acquisition Corp. II,XRPN;XRPNU;XRPNW,6770,2025-09-08,2025-09-08,1
0002044635,,,,,,unmatched,False,,Gesher Acquisition Corp. II,GSHR;GSHRU;GSHRW,6770,2025-03-31,2025-03-31,1
0002044725,27680,60557,30054Y10,EVMN,True,ticker_unique,True,,"Evommune, Inc.",EVMN,2834,2025-11-14,2025-11-17,2
0002047235,26232,60280,97269D10,WSBK,True,ticker_unique,True,,"Winchester Bancorp, Inc./MD/",WSBK,6036,2025-05-14,2025-05-14,1
0002047273,,,,,,unmatched,False,,BUUU Group Ltd,BUUU,7900,2025-12-22,2025-12-22,1
0002047455,,,,,,unmatched,False,,Quartzsea Acquisition Corp,QSEA;QSEAR;QSEAU,6770,2025-04-03,2025-04-03,1
0002048948,,,,,,unmatched,False,,New Providence Acquisition Corp. III/Cayman,NPAC;NPACU;NPACW,6770,2025-05-02,2025-05-02,1
0002049248,,,,,,unmatched,False,,Lakeshore Acquisition III Corp.,LCCC;LCCCR;LCCCU,6770,2025-05-07,2025-05-07,1
0002049733,,,,,,unmatched_name,False,,Blackstone Private Real Estate Credit & Income Fund,,,2025-06-27,2025-06-27,1
0002050501,,,,,,unmatched,False,,Blue Water Acquisition Corp. III,BLUW;BLUWU;BLUWW,6770,2025-12-02,2025-12-02,1
0002052152,,,,,,unmatched_name,False,,Apollo Origination II (Levered) Capital Trust,,,2025-09-15,2025-09-15,1
0002052153,,,,,,unmatched_name,False,,Apollo Origination II (UL) Capital Trust,,,2025-04-08,2025-04-08,1
0002052243,,,,,,unmatched,False,,Twelve Seas Investment Co III/Cayman,TWLV;TWLVR;TWLVU,6770,2025-12-22,2025-12-22,1
0002052250,,,,,,unmatched_name,False,,GoldenTree Opportunistic Credit Fund,,,2025-07-18,2025-07-18,1
0002052547,,,,,,unmatched,False,,EGH Acquisition Corp.,EGHA;EGHAR;EGHAU,6770,2025-05-19,2025-05-19,1
0002052959,,,,,,unmatched,False,,Lionsgate Studios Corp.,LION,7812,2025-05-08,2025-05-12,3
0002053799,,,,,,unmatched,False,,Kochav Defense Acquisition Corp.,KCHV;KCHVR;KCHVU,6770,2025-06-05,2025-06-05,1
0002053927,,,,,,unmatched,False,,Wintergreen Acquisition Corp.,WTG;WTGUR;WTGUU,7370,2025-06-11,2025-06-11,1
0002054174,,,,,,unmatched_name,False,,XANADU QUANTUM TECHNOLOGIES FORMER SPAC INC.,,6770,2025-05-02,2025-05-02,1
0002054876,,,,,,unmatched,False,,NMP Acquisition Corp.,NMP;NMPAR;NMPAU,6770,2025-07-08,2025-07-08,1
0002055116,,,,,,unmatched,False,,Kestrel Group Ltd,KG,6331,2025-05-30,2025-06-03,2
0002056263,,,,,,unmatched_name,False,,Columbus Circle Capital Corp. I,,6770,2025-05-27,2025-11-18,2
0002057030,,,,,,unmatched,False,,Axiom Intelligence Acquisition Corp 1,AXIN;AXINR;AXINU,6770,2025-06-27,2025-06-27,1
0002057463,,,,,,ambiguous_ticker,False,26955;26958,Liberty Capital Corp/NV,GLIBA;GLIBB;GLIBK,4841,2025-07-16,2025-07-16,2
0002059033,,,,,,unmatched,False,,FIGX Capital Acquisition Corp.,FIGX;FIGXU;FIGXW,6770,2025-07-07,2025-07-07,1
0002059165,,,,,,unmatched,False,,STARRY SEA ACQUISITION CORP,SSEA;SSEAR;SSEAU,6770,2025-08-18,2025-08-18,1
0002059653,91176,50594,51070410,LSBK,True,ticker_unique,True,,"Lake Shore Bancorp, Inc. /MD/",LSBK,6035,2025-07-30,2025-07-30,1
0002059654,,,,,,unmatched,False,,Blue Acquisition Corp/Cayman,BACC;BACCR;BACCU,6770,2025-06-23,2025-06-23,1
0002060083,,,,,,unmatched,False,,"Hang Feng Technology Innovation Co., Ltd.",FOFO,8742,2025-10-24,2025-10-24,1
0002060337,,,,,,unmatched,False,,JENA ACQUISITION Corp II,JENA;JENARI;JENAUN,6770,2025-06-05,2025-06-05,1
0002063816,,,,,,unmatched,False,,Indigo Acquisition Corp.,INAC;INACR;INACU,6770,2025-08-05,2025-08-05,1
0002064658,,,,,,unmatched,False,,Yorkville Acquisition Corp.,MCGA;MCGAU;MCGAW,6199,2025-07-03,2025-07-03,1
0002064683,,,,,,unmatched,False,,Cohen Circle Acquisition Corp. II,CCII;CCIIU;CCIIW,6770,2025-07-07,2025-07-07,1
0002065601,27712,60564,15241310,CBC,True,ticker_unique,True,,"Central Bancompany, Inc.",CBC,,2025-11-26,2025-11-26,1
0002065948,,,,,,unmatched,False,,Solarius Capital Acquisition Corp.,SOCA;SOCAU;SOCAW,6770,2025-07-21,2025-07-21,1
0002068577,27298,60461,09224410,BRCB,True,ticker_unique,True,,"Black Rock Coffee Bar, Inc.",BRCB,5810,2025-12-22,2025-12-22,1
0002069785,27711,60563,37959810,GLOO,True,ticker_unique,True,,"Gloo Holdings, Inc.",GLOO,7374,2025-11-28,2025-11-28,1
0002070602,,,,,,unmatched,False,,Highview Merger Corp.,HVMC;HVMCU;HVMCW,6770,2025-08-13,2025-08-13,1
0002070900,,,,,,unmatched,False,,Quantumsphere Acquisition Corp,QUMS;QUMSR;QUMSU,6770,2025-09-15,2025-09-15,1
0002072421,,,,,,unmatched,False,,"Seneca Bancorp, Inc.",SNNF,6021,2025-10-21,2025-10-21,1
0002073340,,,,,,unmatched,False,,Talon Capital Corp.,TLNC;TLNCU;TLNCW,6770,2025-09-23,2025-09-23,1
0002074176,15139,54901,64361Q10,VNOM,True,ticker_unique,True,,"Viper Energy, Inc.",VNOM,1311,2025-08-26,2025-08-26,1
0002074973,,,,,,unmatched,False,,Churchill Capital Corp XI,CCXI;CCXIU;CCXIW,3569,2025-12-29,2025-12-29,1
0002075068,,,,,,unmatched,False,,Invest Green Acquisition Corp,IGAC;IGACR;IGACU,6770,2025-12-04,2025-12-04,1
0002075816,,,,,,unmatched,False,,Emmis Acquisition Corp.,EMIS;EMISR,6770,2025-10-07,2025-10-07,1
0002076163,27882,60608,74277P10,BRR,True,ticker_unique,True,,"ProCap Financial, Inc.",BRR;BRRWW,6199,2025-12-11,2025-12-11,1
0002076192,,,,,,unmatched,False,,Westin Acquisition Corp,WSTN;WSTNR;WSTNU,6770,2025-12-12,2025-12-12,1
0002076616,,,,,,unmatched,False,,Tailwind 2.0 Acquisition Corp.,TDWD;TDWDR;TDWDU,6770,2025-11-18,2025-11-18,1
0002076739,,,,,,unmatched,False,,SC II Acquisition Corp.,SCII;SCIIR;SCIIU,6770,2025-12-03,2025-12-03,1
0002077033,,,,,,unmatched,False,,Miluna Acquisition Corp,MMTX;MMTXU;MMTXW,7371,2025-11-17,2025-11-17,1
0002078416,,,,,,ambiguous_ticker,False,27855;27856,"Liberty Live Holdings, Inc.",LLYVA;LLYVB;LLYVK,7900,2025-12-17,2025-12-19,3
0002078653,,,,,,unmatched,False,,Range Capital Acquisition Corp II,RNGT;RNGTU;RNGTW,6770,2025-10-08,2025-10-08,1
0002079106,,,,,,unmatched,False,,LaFayette Acquisition Corp.,LAFA;LAFAR;LAFAU,6770,2025-10-29,2025-10-29,1
0002081358,,,,,,unmatched,False,,Crane Harbor Acquisition Corp. II,CRAN;CRANR;CRANU,6770,2025-12-22,2025-12-22,1
0002084563,,,,,,unmatched,False,,Leapfrog Acquisition Corp,LFAC;LFACU;LFACW,6770,2025-12-15,2025-12-15,1
0002085408,20805,57740,85493620,SDST,True,ticker_unique,True,,General Purpose Acquisition Corp.,GPAC;GPACU;GPACW,6770,2025-12-04,2025-12-04,1
0002089126,,,,,,unmatched_name,False,,PennantPark Private Income Fund,,,2025-12-19,2025-12-19,1
0002089189,,,,,,unmatched_name,False,,BTCS Labs Inc.,,6221,2025-12-03,2025-12-03,1
