permno,permco,last_date,grace_end,cusip8,holding_cusips,issuer_name,norm_name,source_accessions,candidate_ciks,submissions_name,latest_index_filing_date,latest_submissions_filing_date,cik,map_route,status
10051,7999,2022-10-04,2023-10-04,41043F20,41043F208,HANGER INC,HANGER,0001214717-21-000010;0001214717-22-000010,722723,"HANGER, INC.",2022-11-08,2022-11-08,722723,13f_name_unique,validated
10232,8158,2022-05-16,2023-05-16,28966010,,,,,,,,,,,cusip_absent
10239,714,2021-06-01,2022-06-01,74368L20,74368L203,PROTECTIVE INSURANCE CORP- B,PROTECTIVE INSURANCE CORP B,0001214717-21-000010,,,,,,,index_name_absent
10514,8431,2023-06-12,2024-06-11,48583710,,,,,,,,,,,cusip_absent
10781,8677,2023-09-15,2024-09-14,06506610,065066102,BANK OF SOUTH CAROLINA CORP,BANK OF SOUTH CAROLINA,0001214717-21-000010;0001214717-22-000010;0001214717-23-000010,1007273,BANK OF SOUTH CAROLINA CORP,2023-10-06,2023-10-06,1007273,13f_name_unique,validated
10909,8786,2022-06-08,2023-06-08,15678210,156782104,CERNER CORP,CERNER,0001214717-21-000010;0001214717-22-000010,804753,CERNER Corp,2022-06-23,2022-06-23,804753,13f_name_unique,validated
11006,8879,2025-06-02,2026-06-02,32073410,320734106,FIRST OF LONG ISLAND CORP,FIRST OF LONG ISLAND,0001214717-21-000010;0001214717-22-000010;0001214717-23-000010;0001214717-24-000006;0001214717-25-000006,740663,FIRST OF LONG ISLAND CORP,2025-07-15,2025-07-15,740663,13f_name_unique,validated
11043,8909,2024-12-13,2025-12-13,74437530,,,,,,,,,,,cusip_absent
11343,9188,2022-07-22,2023-07-22,80001310,800013104,SANDERSON FARMS INC,SANDERSON FARMS,0001214717-21-000010;0001214717-22-000010,812128,SANDERSON FARMS INC,2023-02-08,2023-02-08,812128,13f_name_unique,validated
11348,9193,2021-11-15,2022-11-15,15643210,156432106,CENTURY BANCORP INC -CL A,CENTURY BANCORP INC CL A,0001214717-21-000010,,,,,,,index_name_absent
11394,9235,2024-06-17,2025-06-17,88362L20,88362L209,THERMOGENESIS HOLDINGS INC,THERMOGENESIS,0001214717-24-000006,811212,"ThermoGenesis Holdings, Inc.",2025-01-06,2025-01-06,811212,13f_name_unique,validated
11441,9278,2021-02-26,2022-02-26,63637520,,,,,,,,,,,cusip_absent
11481,9312,2023-12-28,2024-12-27,27871520,278715206,EBIX INC,EBIX,0001214717-21-000010;0001214717-22-000010;0001214717-23-000010,814549,EBIX INC,2024-08-30,2024-08-30,814549,13f_name_unique,validated
11786,9588,2023-03-13,2024-03-12,78486Q10,78486Q101,SVB FINANCIAL GROUP,SVB FINANCIAL,0001214717-21-000010;0001214717-22-000010,719739,SVB FINANCIAL GROUP,2025-11-10,2025-11-10,,,filing_after_grace
11896,9698,2021-08-26,2022-08-26,57772K10,57772K101,MAXIM INTEGRATED PRODUCTS,MAXIM INTEGRATED PRODUCTS,0001214717-21-000010,743316,MAXIM INTEGRATED PRODUCTS INC,2021-09-07,2021-09-07,743316,13f_name_unique,validated
11992,9882,2021-06-09,2022-06-09,87230710,872307103,TCF FINANCIAL CORP,TCF FINANCIAL,0001214717-21-000010,19612,TCF FINANCIAL CORP,2021-06-21,2021-06-21,19612,13f_name_unique,validated
12073,9847,2022-04-04,2023-04-04,71270410,712704105,,,0001214717-21-000010;0001214717-22-000010,,,,,,,holding_name_ambiguous
12089,53497,2021-04-22,2022-04-22,75606N10,75606N109,REALPAGE INC,REALPAGE,0001214717-21-000010,1286225,"RealPage, Inc.",2021-05-03,2021-05-03,1286225,13f_name_unique,validated
12093,53500,2021-12-28,2022-12-28,21870Q10,21870Q105,CORESITE REALTY CORP,CORESITE REALTY,0001214717-21-000010,1490892,CoreSite Realty Corp,2022-02-11,2022-02-11,1490892,13f_name_unique,validated
12266,9899,2025-02-05,2026-02-05,05368M10,05368M106,AVID BIOSERVICES INC,AVID BIOSERVICES,0001214717-21-000010;0001214717-22-000010;0001214717-23-000010;0001214717-24-000006,704562,"Avid Bioservices, Inc.",2025-05-15,2025-05-15,704562,13f_name_unique,validated
12307,53510,2023-08-21,2024-08-20,03236M20,03236M200,AMYRIS INC,AMYRIS,0001214717-21-000010;0001214717-22-000010;0001214717-23-000010,1365916,"AMYRIS, INC.",2024-05-07,2024-05-07,1365916,13f_name_unique,validated
12310,53512,2024-04-19,2025-04-19,16948W20,16948W209,GREEN GIANT INC,GREEN GIANT,0001214717-23-000010;0001214717-24-000006,1158420,Green Giant Inc.,2024-09-25,2024-09-25,1158420,13f_name_unique,validated
12362,53545,2021-06-01,2022-06-01,85303B10,85303B100,STANDARD AVB FINANCIAL CORP,STANDARD AVB FINANCIAL,0001214717-21-000010,1492915,Standard AVB Financial Corp.,2021-06-16,2021-06-16,1492915,13f_name_unique,validated
12374,53557,2021-04-21,2022-04-21,45772F10,45772F107,INPHI CORP,INPHI,0001214717-21-000010,1160958,INPHI Corp,2021-06-02,2021-06-02,1160958,13f_name_unique,validated
12413,53585,2022-03-07,2023-03-07,98978L20,98978L204,ZOGENIX INC,ZOGENIX,0001214717-21-000010,1375151,"ZOGENIX, INC.",2022-05-16,2022-05-16,1375151,13f_name_unique,validated
12437,20325,2023-03-01,2024-02-29,76117W10,76117W109,RESOLUTE FOREST PRODUCTS,RESOLUTE FOREST PRODUCTS,0001214717-21-000010;0001214717-22-000010,1393066,Resolute Forest Products Inc.,2024-10-31,2024-10-31,,,filing_after_grace
12448,53609,2023-05-01,2024-04-30,33616C10,33616C100,FIRST REPUBLIC BANK/CA,FIRST REPUBLIC BANK CA,0001214717-21-000010;0001214717-22-000010;0001214717-23-000010,,,,,,,index_name_absent
12493,15632,2021-11-05,2022-11-05,74727D30,74727D306,QAD INC-A,QAD INC A,0001214717-21-000010,,,,,,,index_name_absent
12494,53632,2021-05-03,2022-05-03,76658210,766582100,RIGNET INC,RIGNET,0001214717-21-000010,1162112,"RigNet, Inc.",2022-02-14,2022-02-14,1162112,13f_name_unique,validated
12502,53639,2023-08-01,2024-07-31,67560710,,,,,,,,,,,cusip_absent
12559,53668,2022-08-03,2023-08-03,64051T10,64051T100,NEOPHOTONICS CORP,NEOPHOTONICS,0001214717-21-000010;0001214717-22-000010,1227025,NEOPHOTONICS CORP,2022-08-17,2022-08-17,1227025,13f_name_unique,validated
12588,16549,2021-08-26,2022-08-26,90333L20,90333L201,US CONCRETE INC,US CONCRETE,0001214717-21-000010,,,,,,,index_name_absent
12640,53704,2022-07-21,2023-07-21,81763U10,81763U100,SERVICESOURCE INTERNATIONAL,SERVICESOURCE INTERNATIONAL,0001214717-21-000010;0001214717-22-000010,1310114,"CONCENTRIX SREV, INC.",,,,,submissions_name_mismatch
12650,21033,2021-12-14,2022-12-14,48517030,485170302,KANSAS CITY SOUTHERN,KANSAS CITY SOUTHERN,0001214717-21-000010,54480,KANSAS CITY SOUTHERN,2023-04-24,2023-04-24,,,filing_after_grace
12668,53714,2022-06-24,2023-06-24,74039L10,74039L103,,,0001214717-21-000010;0001214717-22-000010,,,,,,,holding_name_ambiguous
12789,53770,2024-04-15,2025-04-15,03209T30,,,,,,,,,,,cusip_absent
12798,53779,2021-06-02,2022-06-02,09739C10,09739C102,BOINGO WIRELESS INC,BOINGO WIRELESS,0001214717-21-000010,1169988,"BOINGO WIRELESS, INC.",2021-06-10,2021-06-10,1169988,13f_name_unique,validated
13003,53881,2021-11-01,2022-11-01,92339V30,92339V308,VEREIT INC,VEREIT,0001214717-21-000010,1507385,"VEREIT, Inc.",2022-02-14,2022-02-14,1507385,13f_name_unique,validated
13084,53922,2022-10-21,2023-10-21,56382Q10,56382Q102,MANNING & NAPIER INC,MANNING NAPIER,0001214717-21-000010;0001214717-22-000010,1524223;1725248,,,,,,index_name_ambiguous
13107,53931,2022-12-21,2023-12-21,18946410,189464100,CLOVIS ONCOLOGY INC,CLOVIS ONCOLOGY,0001214717-21-000010;0001214717-22-000010,1466301,"Clovis Oncology, Inc.",2023-07-17,2023-07-17,1466301,13f_name_unique,validated
13141,53947,2021-01-07,2022-01-07,98212B10,,,,,,,,,,,cusip_absent
13169,53965,2022-05-23,2023-05-23,98986T10,98986T108,ZYNGA INC - CL A,ZYNGA INC CL A,0001214717-21-000010;0001214717-22-000010,,,,,,,index_name_absent
13201,53977,2022-06-13,2023-06-13,75972A30,75972A301,RENEWABLE ENERGY GROUP INC,RENEWABLE ENERGY,0001214717-21-000010;0001214717-22-000010,1463258,"Renewable Energy Group, Inc.",2023-02-14,2023-02-14,1463258,13f_name_unique,validated
13253,53989,2024-08-01,2025-08-01,90346E10,90346E103,US SILICA HOLDINGS INC,US SILICA,0001214717-21-000010;0001214717-22-000010;0001214717-23-000010;0001214717-24-000006,1108675,US SILICA CO,2022-02-10,2022-02-10,1108675,13f_name_unique,validated
13260,53992,2025-02-04,2026-02-04,10921T10,10921T101,BRIGHTCOVE,BRIGHTCOVE,0001214717-21-000010;0001214717-22-000010;0001214717-23-000010;0001214717-24-000006,1313275,BRIGHTCOVE INC,2025-05-15,2025-05-15,1313275,13f_name_unique,validated
13262,53994,2022-10-20,2023-10-20,16383L10,16383L106,CHEMOCENTRYX INC,CHEMOCENTRYX,0001214717-21-000010;0001214717-22-000010,1340652,"ChemoCentryx, Inc.",2022-10-31,2022-10-31,1340652,13f_name_unique,validated
13265,53997,2023-08-29,2024-08-28,68559A20,,,,,,,,,,,cusip_absent
13280,54004,2021-04-01,2022-04-01,87156110,,,,,,,,,,,cusip_absent
13316,54018,2022-02-23,2023-02-23,92857F10,92857F107,VOCERA COMMUNICATIONS INC,VOCERA COMMUNICATIONS,0001214717-21-000010,1129260,"VOCERA COMMUNICATIONS, INC.",2022-03-10,2022-03-10,1129260,13f_name_unique,validated
13325,54028,2024-05-20,2025-05-20,59032820,590328209,MERRIMACK PHARMACEUTICALS IN,MERRIMACK PHARMACEUTICALS IN,0001214717-21-000010;0001214717-22-000010;0001214717-23-000010;0001214717-24-000006,,,,,,,index_name_absent
13343,54041,2025-11-06,2026-11-06,55345K10,55345K103,MRC GLOBAL INC,MRC GLOBAL,0001214717-21-000010;0001214717-22-000010;0001214717-23-000010;0001214717-24-000006;0001214717-25-000006,1439095,MRC GLOBAL INC.,2025-11-21,2025-11-21,1439095,13f_name_unique,validated
13358,54050,2021-10-22,2022-10-22,76131V20,76131V202,RETAIL PROPERTIES OF AME - A,RETAIL PROPERTIES OF AME A,0001214717-21-000010,,,,,,,index_name_absent
13375,54061,2023-10-30,2024-10-29,31660B10,31660B101,FIESTA RESTAURANT GROUP,FIESTA RESTAURANT,0001214717-21-000010;0001214717-22-000010;0001214717-23-000010,1534992,"Fiesta Restaurant Group, Inc.",2023-11-09,2023-11-09,1534992,13f_name_unique,validated
13377,54063,2021-08-31,2022-08-31,74342410,743424103,PROOFPOINT INC,PROOFPOINT,0001214717-21-000010,1212458,PROOFPOINT INC,2021-09-10,2021-09-10,1212458,13f_name_unique,validated
13401,54080,2023-12-06,2024-12-05,95790D20,95790D204,WESTERN ASSET MORTGAGE CAPIT,WESTERN ASSET MORTGAGE CAPIT,0001214717-23-000010,,,,,,,index_name_absent
13412,54089,2024-07-11,2025-07-11,45166V20,45166V205,IDEANOMICS INC,IDEANOMICS,0001214717-24-000006,837852,"IDEANOMICS, INC.",2025-08-12,2025-08-12,,,filing_after_grace
13455,54115,2025-12-03,2026-12-03,83548R40,83548R402,SONNET BIOTHERAPEUTICS HOLDI,SONNET BIOTHERAPEUTICS HOLDI,0001214717-25-000006,,,,,,,index_name_absent
13507,261,2022-05-25,2023-05-25,02772A10,02772A109,AMERICAN NATIONAL GROUP INC,AMERICAN NATIONAL,0001214717-21-000010;0001214717-22-000010,1039828;1801075,,,,,,index_name_ambiguous
13521,54142,2021-03-01,2022-03-01,22228P30,,,,,,,,,,,cusip_absent
13532,54149,2022-01-24,2023-01-24,44249610,442496105,HOWARD BANCORP INC,HOWARD BANCORP,0001214717-21-000010,1390162,Howard Bancorp Inc,2022-02-03,2022-02-03,1390162,13f_name_unique,validated
13559,54167,2025-10-21,2026-10-21,71377E10,71377E105,,,0001214717-21-000010;0001214717-22-000010;0001214717-23-000010;0001214717-24-000006;0001214717-25-000006,,,,,,,holding_name_ambiguous
13604,54198,2025-04-30,2026-04-30,08579W10,08579W103,BERRY GLOBAL GROUP INC,BERRY GLOBAL,0001214717-21-000010;0001214717-22-000010;0001214717-23-000010;0001214717-24-000006;0001214717-25-000006,919465;1378992,,,,,,index_name_ambiguous
13643,54224,2023-11-08,2024-11-07,45845P10,45845P108,INTERCEPT PHARMACEUTICALS IN,INTERCEPT PHARMACEUTICALS IN,0001214717-21-000010;0001214717-22-000010;0001214717-23-000010,,,,,,,index_name_absent
13648,54228,2023-04-04,2024-04-03,03767D10,03767D108,APOLLO ENDOSURGERY INC,APOLLO ENDOSURGERY,0001214717-21-000010;0001214717-22-000010;0001214717-23-000010,1251769,"Apollo Endosurgery, Inc.",2023-05-08,2023-05-08,1251769,13f_name_unique,validated
13652,54232,2025-06-25,2026-06-25,75915K30,75915K309,REGULUS THERAPEUTICS INC,REGULUS THERAPEUTICS,0001214717-23-000010;0001214717-24-000006;0001214717-25-000006,1505512,Regulus Therapeutics Inc.,2025-08-14,2025-08-14,1505512,13f_name_unique,validated
13723,54288,2021-01-12,2022-01-12,35904G10,,,,,,,,,,,cusip_absent
13752,54307,2022-03-25,2023-03-25,23283R10,23283R100,CYRUSONE INC,CYRUSONE,0001214717-21-000010,1553023;1575809;1575810,,,,,,index_name_ambiguous
13755,54309,2023-07-26,2024-07-25,44486320,444863203,HUMANIGEN INC,HUMANIGEN,0001214717-21-000010;0001214717-22-000010;0001214717-23-000010,1293310,"HUMANIGEN, INC",2024-01-08,2024-01-08,1293310,13f_name_unique,validated
13777,5828,2025-04-07,2026-04-07,02968310,029683109,,,0001214717-21-000010;0001214717-22-000010;0001214717-23-000010;0001214717-24-000006;0001214717-25-000006,,,,,,,holding_name_ambiguous
13799,54334,2021-11-12,2022-11-12,30210410,302104104,EXONE CO/THE,EXONE CO THE,0001214717-21-000010,,,,,,,index_name_absent
13812,54343,2025-06-26,2026-06-26,56804T30,56804T304,MARIN SOFTWARE INC,MARIN SOFTWARE,0001214717-25-000006,1389002,MARIN SOFTWARE INC,2025-09-08,2025-09-08,1389002,13f_name_unique,validated
13816,54344,2024-06-27,2025-06-27,60752510,607525102,MODEL N INC,MODEL N,0001214717-21-000010;0001214717-22-000010;0001214717-23-000010;0001214717-24-000006,1118417,"MODEL N, INC.",2024-07-08,2024-07-08,1118417,13f_name_unique,validated
13876,54376,2022-09-13,2023-09-13,42365Q10,42365Q103,HEMISPHERE MEDIA GROUP INC,HEMISPHERE MEDIA,0001214717-21-000010;0001214717-22-000010,1567345,"HEMISPHERE MEDIA GROUP, INC.",2022-09-21,2022-09-21,1567345,13f_name_unique,validated
13877,54377,2025-01-02,2026-01-02,45384B10,45384B106,INDEPENDENT BANK GROUP INC,INDEPENDENT BANK,0001214717-21-000010;0001214717-22-000010;0001214717-23-000010;0001214717-24-000006,776901;1564618,,,,,,index_name_ambiguous
13879,54379,2023-11-14,2024-11-13,55328R10,55328R109,,,0001214717-21-000010;0001214717-22-000010;0001214717-23-000010,,,,,,,holding_name_ambiguous
13890,54388,2022-11-15,2023-11-15,15917910,159179100,CHANNELADVISOR CORP,CHANNELADVISOR,0001214717-21-000010;0001214717-22-000010,1169652,CHANNELADVISOR CORP,2023-02-15,2023-02-15,1169652,13f_name_unique,validated
13924,54410,2022-08-12,2023-08-12,29428V10,29428V104,EPIZYME INC,EPIZYME,0001214717-21-000010;0001214717-22-000010,1571498,"Epizyme, Inc.",2023-02-14,2023-02-14,1571498,13f_name_unique,validated
13938,46028,2021-04-01,2022-04-01,68882330,,,,,,,,,,,cusip_absent
13943,54422,2022-06-01,2023-06-01,89678F10,89678F100,TRISTATE CAPITAL HLDGS INC,TRISTATE CAPITAL HLDGS,0001214717-21-000010;0001214717-22-000010,,,,,,,index_name_absent
13947,54424,2025-06-02,2026-06-02,09609G20,09609G209,BLUEBIRD BIO INC,BLUEBIRD BIO,0001214717-25-000006,1293971,"bluebird bio, Inc.",2025-06-12,2025-06-12,1293971,13f_name_unique,validated
13993,54448,2021-07-02,2022-07-02,36239310,362393100,GTT COMMUNICATIONS INC,GTT COMMUNICATIONS,0001214717-21-000010,1315255,"GTT Communications, Inc.",2022-02-28,2022-02-28,1315255,13f_name_unique,validated
14039,54472,2024-01-23,2025-01-22,84860W30,84860W300,SPIRIT REALTY CAPITAL INC,SPIRIT REALTY CAPITAL,0001214717-21-000010;0001214717-22-000010;0001214717-23-000010,1308606,"SPIRIT REALTY CAPITAL, INC.",2024-02-14,2024-02-14,1308606,13f_name_unique,validated
14046,54477,2023-10-05,2024-10-04,43358Y20,43358Y202,HISTOGEN INC,HISTOGEN,0001214717-23-000010,1383701,Histogen Inc.,2024-01-04,2024-01-04,1383701,13f_name_unique,validated
14051,54481,2025-04-22,2026-04-22,42237K50,42237K508,SCORPIUS HOLDINGS INC,SCORPIUS,0001214717-25-000006,1476963,"Scorpius Holdings, Inc.",2025-12-03,2026-04-24,,,filing_after_grace
14054,54484,2024-01-23,2025-01-22,60468T10,60468T105,MIRATI THERAPEUTICS INC,MIRATI THERAPEUTICS,0001214717-21-000010;0001214717-22-000010;0001214717-23-000010,1576263,"Mirati Therapeutics, Inc.",2024-02-14,2024-02-14,1576263,13f_name_unique,validated
14093,54506,2024-11-21,2025-11-21,87250W30,,,,,,,,,,,cusip_absent
14099,54510,2022-07-13,2023-07-13,57165B10,57165B106,MARRONE BIO INNOVATIONS INC,MARRONE BIO INNOVATIONS,0001214717-21-000010;0001214717-22-000010,1441693,"Pro Farm Group, Inc.",,,,,submissions_name_mismatch
14127,54533,2024-09-17,2025-09-17,02153X10,02153X108,ALTISOURCE ASSET MANAGEMENT,ALTISOURCE ASSET MANAGEMENT,0001214717-23-000010,1555074,Altisource Asset Management Corp,2024-09-16,2024-09-16,1555074,13f_name_unique,validated
14159,54556,2022-09-12,2023-09-12,56266210,562662106,MANDIANT INC,MANDIANT,0001214717-22-000010,1370880,"Mandiant, Inc.",2022-09-22,2022-09-22,1370880,13f_name_unique,validated
14166,54355,2025-08-04,2026-08-04,62945V10,62945V109,NV5 GLOBAL INC,NV5 GLOBAL,0001214717-21-000010;0001214717-22-000010;0001214717-23-000010;0001214717-24-000006;0001214717-25-000006,1532961,"NV5 Global, Inc.",2025-08-14,2025-08-14,1532961,13f_name_unique,validated
14167,54561,2023-07-11,2024-07-10,46583P10,46583P102,IVERIC BIO INC,IVERIC BIO,0001214717-21-000010;0001214717-22-000010;0001214717-23-000010,1410939,"IVERIC bio, Inc.",2024-02-14,2024-02-14,1410939,13f_name_unique,validated
14169,54563,2025-11-25,2026-11-25,74051N10,74051N102,PREMIER INC-CLASS A,PREMIER INC CLASS A,0001214717-21-000010;0001214717-22-000010;0001214717-23-000010;0001214717-24-000006;0001214717-25-000006,,,,,,,index_name_absent
14174,54566,2021-09-09,2022-09-09,81734P20,81734P206,SEQUENTIAL BRANDS GROUP INC,SEQUENTIAL BRANDS,0001214717-21-000010,1648428,"Sequential Brands Group, Inc.",2022-03-09,2022-03-09,1648428,13f_name_unique,validated
14175,54567,2023-07-03,2024-07-02,20368X10,20368X101,COMMUNITY FINANCIAL CORP/THE,COMMUNITY FINANCIAL CORP THE,0001214717-21-000010;0001214717-22-000010;0001214717-23-000010,,,,,,,index_name_absent
14184,54576,2021-12-08,2022-12-08,19828720,198287203,COLUMBIA PROPERTY TRUST INC,COLUMBIA PROPERTY TRUST,0001214717-21-000010,1252849,"COLUMBIA PROPERTY TRUST, INC.",2022-02-04,2022-02-04,1252849,13f_name_unique,validated
14220,54588,2021-09-01,2022-09-01,74736A10,74736A103,QTS REALTY TRUST INC-CL A,QTS REALTY TRUST INC CL A,0001214717-21-000010,,,,,,,index_name_absent
14238,54601,2022-11-21,2023-11-21,00771V10,00771V108,AERIE PHARMACEUTICALS INC,AERIE PHARMACEUTICALS,0001214717-21-000010;0001214717-22-000010,1337553,AERIE PHARMACEUTICALS INC,2023-02-10,2023-02-10,1337553,13f_name_unique,validated
14244,54604,2021-02-11,2022-02-11,29272B10,,,,,,,,,,,cusip_absent
14262,54619,2023-02-23,2024-02-23,83587F20,83587F202,SORRENTO THERAPEUTICS INC,SORRENTO THERAPEUTICS,0001214717-21-000010;0001214717-22-000010,850261,"Sorrento Therapeutics, Inc.",2025-02-21,2025-02-21,,,filing_after_grace
14274,54628,2024-12-10,2025-12-10,21075120,,,,,,,,,,,cusip_absent
14279,14228,2021-06-16,2022-06-16,30224P20,30224P200,EXTENDED STAY AMERICA INC,EXTENDED STAY AMERICA,0001214717-21-000010,1581164,"Extended Stay America, Inc.",2021-06-28,2021-06-28,1581164,13f_name_unique,validated
14312,54653,2022-04-07,2023-04-07,44157R10,44157R109,HOUGHTON MIFFLIN HARCOURT CO,HOUGHTON MIFFLIN HARCOURT,0001214717-21-000010;0001214717-22-000010,1580156,Houghton Mifflin Harcourt Co,2023-02-14,2023-02-14,1580156,13f_name_unique,validated
14334,54668,2022-09-15,2023-09-15,14912Y20,14912Y202,CATCHMARK TIMBER TRUST INC-A,CATCHMARK TIMBER TRUST INC A,0001214717-21-000010;0001214717-22-000010,,,,,,,index_name_absent
14400,54701,2021-09-08,2022-09-08,64537010,645370107,NEW HOME CO INC/THE,NEW HOME CO INC THE,0001214717-21-000010,,,,,,,index_name_absent
14414,54706,2022-01-31,2023-01-31,80283M10,80283M101,SANTANDER CONSUMER USA HOLDI,SANTANDER CONSUMER USA HOLDI,0001214717-21-000010,,,,,,,index_name_absent
14426,54717,2021-12-28,2022-12-28,25303110,253031108,DICERNA PHARMACEUTICALS INC,DICERNA PHARMACEUTICALS,0001214717-21-000010,1399529,Dicerna Pharmaceuticals Inc,2022-02-14,2022-02-14,1399529,13f_name_unique,validated
14432,54720,2025-04-02,2026-04-02,46116X10,46116X101,INTRA-CELLULAR THERAPIES INC,INTRA CELLULAR THERAPIES,0001214717-21-000010;0001214717-22-000010;0001214717-23-000010;0001214717-24-000006;0001214717-25-000006,1567514,"Intra-Cellular Therapies, Inc.",2025-06-05,2025-06-05,1567514,13f_name_unique,validated
14433,54656,2022-03-08,2023-03-08,24549610,245496104,DEL TACO RESTAURANTS INC,DEL TACO RESTAURANTS,0001214717-21-000010,1585583,"Del Taco Restaurants, Inc.",2023-02-10,2023-02-10,1585583,13f_name_unique,validated
14441,54725,2021-09-02,2022-09-02,82005410,820054104,SHARPSPRING INC,SHARPSPRING,0001214717-21-000010,1506439,"SharpSpring, Inc.",2022-02-14,2022-02-14,1506439,13f_name_unique,validated
14442,54726,2024-10-08,2025-10-08,89532E30,,,,,,,,,,,cusip_absent
14449,54730,2023-10-25,2024-10-24,09072V60,,,,,,,,,,,cusip_absent
14451,54733,2023-03-06,2024-03-05,20602210,206022105,CONCERT PHARMACEUTICALS INC,CONCERT PHARMACEUTICALS,0001214717-21-000010;0001214717-22-000010,1367920,"CONCERT PHARMACEUTICALS, INC.",2023-03-16,2023-03-16,1367920,13f_name_unique,validated
14457,54737,2021-11-19,2022-11-19,33938J10,33938J106,FLEXION THERAPEUTICS INC,FLEXION THERAPEUTICS,0001214717-21-000010,1419600,Flexion Therapeutics Inc,2021-11-29,2021-11-29,1419600,13f_name_unique,validated
14458,54738,2022-06-03,2023-06-03,37242740,372427401,GENOCEA BIOSCIENCES INC,GENOCEA BIOSCIENCES,0001214717-21-000010;0001214717-22-000010,1457612,"GENOCEA BIOSCIENCES, INC.",2022-06-13,2022-06-13,1457612,13f_name_unique,validated
14500,54760,2022-10-06,2023-10-06,09627J10,09627J102,BLUEROCK RESIDENTIAL GROWTH,BLUEROCK RESIDENTIAL GROWTH,0001214717-21-000010;0001214717-22-000010,,,,,,,index_name_absent
14502,54761,2022-02-17,2023-02-17,14862Q10,14862Q100,CASTLIGHT HEALTH INC-B,CASTLIGHT HEALTH INC B,0001214717-21-000010,,,,,,,index_name_absent
14536,54782,2025-02-19,2026-02-19,09057N40,,,,,,,,,,,cusip_absent
14538,54784,2023-04-13,2024-04-12,72942A10,72942A107,PLX PHARMA INC,PLX PHARMA,0001214717-21-000010;0001214717-22-000010;0001214717-23-000010,1497504,PLx Pharma Winddown Corp.,,,,,submissions_name_mismatch
14548,54791,2025-01-03,2026-01-03,74316X10,74316X101,PROFIRE ENERGY INC,PROFIRE ENERGY,0001214717-21-000010;0001214717-22-000010;0001214717-23-000010;0001214717-24-000006,1289636,PROFIRE ENERGY INC,2025-02-13,2025-02-13,1289636,13f_name_unique,validated
14554,54796,2024-08-07,2025-08-07,90214J20,,,,,,,,,,,cusip_absent
14555,54797,2024-01-29,2025-01-28,03890D10,03890D108,ARAVIVE INC,ARAVIVE,0001214717-21-000010;0001214717-22-000010;0001214717-23-000010,1513818,"Aravive, Inc.",2024-02-14,2024-02-14,1513818,13f_name_unique,validated
14567,54805,2021-06-15,2022-06-15,40011010,400110102,GRUBHUB INC,GRUBHUB,0001214717-21-000010,1594109,GrubHub Inc.,2021-06-25,2021-06-25,1594109,13f_name_unique,validated
14589,54816,2021-11-24,2022-11-24,00548A10,00548A106,ADAMAS PHARMACEUTICALS INC,ADAMAS PHARMACEUTICALS,0001214717-21-000010,1328143,Adamas Pharmaceuticals Inc,2022-02-15,2022-02-15,1328143,13f_name_unique,validated
14590,54731,2023-03-31,2024-03-30,00856G10,00856G109,AGROFRESH SOLUTIONS INC,AGROFRESH SOLUTIONS,0001214717-21-000010;0001214717-22-000010;0001214717-23-000010,1592016,"AgroFresh Solutions, Inc.",2023-04-10,2023-04-10,1592016,13f_name_unique,validated
14638,54850,2021-09-30,2022-09-30,93964W40,93964W405,WASHINGTON PRIME GROUP INC,WASHINGTON PRIME,0001214717-21-000010,1594686,WASHINGTON PRIME GROUP INC.,2022-02-11,2022-02-11,1594686,13f_name_unique,validated
14641,54851,2022-11-22,2023-11-22,98936J10,98936J101,ZENDESK INC,ZENDESK,0001214717-21-000010;0001214717-22-000010,1463172,"Zendesk, Inc.",2022-12-02,2022-12-02,1463172,13f_name_unique,validated
14645,54855,2024-03-26,2025-03-26,00847L30,,,,,,,,,,,cusip_absent
14667,54867,2022-03-28,2023-03-28,76118L10,76118L102,RESONANT INC,RESONANT,0001214717-21-000010,1579910,Resonant Inc,2022-04-07,2022-04-07,1579910,13f_name_unique,validated
14691,54884,2024-03-22,2025-03-22,23257D10,23257D103,CYMABAY THERAPEUTICS INC,CYMABAY THERAPEUTICS,0001214717-21-000010;0001214717-22-000010;0001214717-23-000010,1042074,"CymaBay Therapeutics, Inc.",2024-04-01,2024-04-01,1042074,13f_name_unique,validated
14693,54886,2021-02-22,2022-02-22,15117P10,,,,,,,,,,,cusip_absent
14696,54891,2021-04-15,2022-04-15,59408Q10,59408Q106,MICHAELS COS INC/THE,MICHAELS COS INC THE,0001214717-21-000010,,,,,,,index_name_absent
14750,54920,2022-10-12,2023-10-12,88087E10,88087E100,TERMINIX GLOBAL HOLDINGS INC,TERMINIX GLOBAL,0001214717-21-000010;0001214717-22-000010,1428875,TERMINIX GLOBAL HOLDINGS INC,2022-10-24,2022-10-24,1428875,13f_name_unique,validated
14751,54923,2023-11-30,2024-11-29,92345410,923454102,VERITIV CORP,VERITIV,0001214717-21-000010;0001214717-22-000010;0001214717-23-000010,1599489,Veritiv Corp,2024-02-09,2024-02-09,1599489,13f_name_unique,validated
14763,54931,2024-12-18,2025-12-18,14880610,148806102,CATALENT INC,CATALENT,0001214717-21-000010;0001214717-22-000010;0001214717-23-000010;0001214717-24-000006,1596783,"Catalent, Inc.",2024-12-30,2024-12-30,1596783,13f_name_unique,validated
14781,54939,2021-05-25,2022-05-25,89609W10,89609W107,TRIBUNE PUBLISHING CO,TRIBUNE PUBLISHING,0001214717-21-000010,1593195,Tribune Publishing Co,2021-06-04,2021-06-04,1593195,13f_name_unique,validated
14815,54963,2025-02-11,2026-02-11,56854Q20,56854Q200,MARINUS PHARMACEUTICALS INC,MARINUS PHARMACEUTICALS,0001214717-21-000010;0001214717-22-000010;0001214717-23-000010;0001214717-24-000006,1267813,"MARINUS PHARMACEUTICALS, INC.",2025-05-15,2025-05-15,1267813,13f_name_unique,validated
14820,54965,2024-02-13,2025-02-12,58406B20,,,,,,,,,,,cusip_absent
14830,54973,2024-06-14,2025-06-14,92556D30,92556D304,VIA RENEWABLES INC,VIA RENEWABLES,0001214717-23-000010;0001214717-24-000006,1606268,"Via Renewables, Inc.",2025-12-05,2026-07-01,,,filing_after_grace
14852,54984,2024-08-29,2025-08-29,45341560,453415606,INDEPENDENCE CONTRACT DRILLI,INDEPENDENCE CONTRACT DRILLI,0001214717-21-000010;0001214717-22-000010;0001214717-23-000010;0001214717-24-000006,,,,,,,index_name_absent
14873,54995,2023-10-30,2024-10-29,53146520,,,,,,,,,,,cusip_absent
14908,55013,2021-07-07,2022-07-07,58503T20,,,,,,,,,,,cusip_absent
14925,55022,2025-07-18,2026-07-18,10501E30,10501E300,BRAINSTORM CELL THERAPEUTICS,BRAINSTORM CELL THERAPEUTICS,0001214717-25-000006,1137883,BRAINSTORM CELL THERAPEUTICS INC.,2025-11-14,2026-08-14,,,filing_after_grace
14926,55023,2022-07-06,2023-07-06,12508E10,12508E101,CDK GLOBAL INC,CDK GLOBAL,0001214717-21-000010;0001214717-22-000010,1609702,"CDK Global, Inc.",2022-08-02,2022-08-02,1609702,13f_name_unique,validated
14927,54953,2023-11-09,2024-11-08,21232640,,,,,,,,,,,cusip_absent
14930,55026,2022-04-29,2023-04-29,36192A10,36192A109,GWG HOLDINGS INC,GWG,0001214717-21-000010;0001214717-22-000010,1522690,"GWG Holdings, Inc.",2024-01-17,2024-01-17,,,filing_after_grace
14969,55050,2022-02-01,2023-02-01,39141610,391416104,GREAT WESTERN BANCORP INC,GREAT WESTERN BANCORP,0001214717-21-000010,1613665,"Great Western Bancorp, Inc.",2023-02-14,2023-02-14,,,filing_after_grace
14974,55054,2021-09-21,2022-09-21,64869110,648691103,NEW SENIOR INVESTMENT GROUP,NEW SENIOR INVESTMENT,0001214717-21-000010,1610114,New Senior Investment Group Inc.,2022-02-11,2022-02-11,1610114,13f_name_unique,validated
15022,55085,2025-10-20,2026-10-20,92345110,923451108,VERITEX HOLDINGS INC,VERITEX,0001214717-21-000010;0001214717-22-000010;0001214717-23-000010;0001214717-24-000006;0001214717-25-000006,1501570,"Veritex Holdings, Inc.",2025-11-14,2026-01-21,1501570,13f_name_unique,validated
15052,55098,2023-02-03,2024-02-03,86212110,862121100,STORE CAPITAL CORP,STORE CAPITAL,0001214717-21-000010;0001214717-22-000010,1538990,STORE CAPITAL LLC,2025-12-30,2026-08-07,,,filing_after_grace
15069,21795,2024-11-22,2025-11-22,56584910,565849106,MARATHON OIL CORP,MARATHON OIL,0001214717-21-000010;0001214717-22-000010;0001214717-23-000010;0001214717-24-000006,101778,MARATHON OIL CORP,2025-02-07,2025-02-07,101778,13f_name_unique,validated
15071,55113,2023-09-28,2024-09-27,87166B10,87166B102,SYNEOS HEALTH INC,SYNEOS HEALTH,0001214717-21-000010;0001214717-22-000010;0001214717-23-000010,1610950,"Syneos Health, Inc.",2023-10-10,2023-10-10,1610950,13f_name_unique,validated
15075,55117,2022-08-11,2023-08-11,30048L20,,,,,,,,,,,cusip_absent
15079,55119,2021-07-01,2022-07-01,69354M10,69354M108,PRA HEALTH SCIENCES INC,PRA HEALTH SCIENCES,0001214717-21-000010,1613859,"PRA Health Sciences, Inc.",2024-05-02,2024-05-02,,,filing_after_grace
15180,55171,2021-12-06,2022-12-06,22190710,221907108,COUNTY BANCORP INC,COUNTY BANCORP,0001214717-21-000010,1470205,"County Bancorp, Inc.",2021-12-13,2021-12-13,1470205,13f_name_unique,validated
15184,55175,2024-06-28,2025-06-28,89237H30,,,,,,,,,,,cusip_absent
15187,55177,2022-06-13,2023-06-13,98979H30,98979H301,ZOSANO PHARMA CORP,ZOSANO PHARMA,0001214717-22-000010,1587221,Zosano Pharma Corp,2022-07-19,2022-07-19,1587221,13f_name_unique,validated
15198,55184,2024-02-06,2025-02-05,46185L10,46185L103,INVITAE CORP,INVITAE,0001214717-21-000010;0001214717-22-000010;0001214717-23-000010,1501134,Invitae Corp,2025-01-10,2025-01-10,1501134,13f_name_unique,validated
15218,55191,2023-10-16,2024-10-15,07877130,078771300,BELLEROPHON THERAPEUTICS INC,BELLEROPHON THERAPEUTICS,0001214717-21-000010;0001214717-22-000010;0001214717-23-000010,1600132,"Bellerophon Therapeutics, Inc.",2024-03-06,2024-03-06,1600132,13f_name_unique,validated
15219,55193,2025-05-13,2026-05-13,42689740,,,,,,,,,,,cusip_absent
15220,55195,2021-11-24,2022-11-24,45781D10,45781D101,INOVALON HOLDINGS INC - A,INOVALON HOLDINGS INC A,0001214717-21-000010,,,,,,,index_name_absent
15254,377,2024-11-04,2025-11-04,29358Y20,29358Y201,ENSERVCO CORP,ENSERVCO,0001214717-22-000010;0001214717-23-000010;0001214717-24-000006,319458,Enservco Corp,2025-08-26,2026-08-24,,,filing_after_grace
15273,55215,2024-02-15,2025-02-14,86803X20,86803X204,SUNWORKS INC,SUNWORKS,0001214717-21-000010;0001214717-22-000010;0001214717-23-000010,1172631,"Sunworks, Inc.",2024-04-09,2024-04-09,1172631,13f_name_unique,validated
15284,55224,2025-07-18,2026-07-18,09627Y10,09627Y109,BLUEPRINT MEDICINES CORP,BLUEPRINT MEDICINES,0001214717-21-000010;0001214717-22-000010;0001214717-23-000010;0001214717-24-000006;0001214717-25-000006,1597264,Blueprint Medicines Corp,2025-08-14,2025-08-14,1597264,13f_name_unique,validated
15297,55232,2024-02-13,2025-02-12,46186M60,46186M605,INVIVO THERAPEUTICS HOLDINGS,INVIVO THERAPEUTICS,0001214717-23-000010,1292519,INVIVO THERAPEUTICS HOLDINGS CORP.,2024-03-21,2024-03-21,1292519,13f_name_unique,validated
15313,55240,2024-10-04,2025-10-04,29415B10,29415B103,ENVIVA INC,ENVIVA,0001214717-22-000010;0001214717-23-000010,1592057,"Enviva, LLC",2025-02-05,2025-02-05,1592057,13f_name_unique,validated
15327,55244,2023-01-18,2024-01-18,70214910,702149105,PARTY CITY HOLDCO INC,PARTY CITY HOLDCO,0001214717-21-000010;0001214717-22-000010,1592058,Party City Holdco Inc.,2024-09-26,2024-09-26,,,filing_after_grace
15380,55278,2023-06-26,2024-06-25,68234L40,68234L405,ONCOSEC MEDICAL INC,ONCOSEC MEDICAL,0001214717-23-000010,1444307,ONCOSEC MEDICAL Inc,2024-02-13,2024-02-13,1444307,13f_name_unique,validated
15390,55284,2021-01-14,2022-01-14,33812L10,,,,,,,,,,,cusip_absent
15399,55291,2023-02-08,2024-02-08,44052W10,44052W104,HORIZON GLOBAL CORP,HORIZON GLOBAL,0001214717-21-000010;0001214717-22-000010,1637655,Horizon Global Corp,2023-02-21,2023-02-21,1637655,13f_name_unique,validated
15407,55295,2023-01-05,2024-01-05,81255T10,81255T108,SEASPINE HOLDINGS CORP,SEASPINE,0001214717-21-000010;0001214717-22-000010,1637761,SeaSpine Holdings Corp,2023-04-03,2023-04-03,1637761,13f_name_unique,validated
15432,55316,2024-05-20,2025-05-20,02083G10,02083G100,ALPINE IMMUNE SCIENCES INC,ALPINE IMMUNE SCIENCES,0001214717-21-000010;0001214717-22-000010;0001214717-23-000010;0001214717-24-000006,1626199,"ALPINE IMMUNE SCIENCES, INC.",2024-11-14,2024-11-14,1626199,13f_name_unique,validated
15435,55319,2021-10-01,2022-10-01,02134710,021347109,ALTABANCORP,ALTABANCORP,0001214717-21-000010,1636286,Altabancorp,2022-02-09,2022-02-09,1636286,13f_name_unique,validated
15443,55323,2023-11-29,2024-11-28,88708020,887080208,TIMBER PHARMACEUTICALS INC,TIMBER PHARMACEUTICALS,0001214717-23-000010,1504167,"TREX WIND-DOWN, INC.",,,,,submissions_name_mismatch
15456,21936,2025-09-08,2026-09-08,34484910,344849104,FOOT LOCKER INC,FOOT LOCKER,0001214717-21-000010;0001214717-22-000010;0001214717-23-000010;0001214717-24-000006;0001214717-25-000006,850209,"FOOT LOCKER, INC.",2025-11-13,2025-11-13,850209,13f_name_unique,validated
15482,55337,2023-08-01,2024-07-31,91336L10,91336L107,UNIVAR SOLUTIONS INC,UNIVAR SOLUTIONS,0001214717-21-000010;0001214717-22-000010;0001214717-23-000010,1494319,Univar Solutions Inc.,2024-02-01,2024-02-01,1494319,13f_name_unique,validated
15486,55339,2023-03-23,2024-03-22,82939910,829399104,SIO GENE THERAPIES INC,SIO GENE THERAPIES,0001214717-21-000010;0001214717-22-000010,1636050,Sio Gene Therapies Inc.,2023-04-25,2023-04-25,1636050,13f_name_unique,validated
15496,55347,2023-09-05,2024-09-04,20717E20,20717E200,CONFORMIS INC,CONFORMIS,0001214717-23-000010,1305773,Conformis Inc,2023-09-15,2023-09-15,1305773,13f_name_unique,validated
15497,55348,2021-08-06,2022-08-06,16706W10,16706W102,CHIASMA INC,CHIASMA,0001214717-21-000010,1339469,"CHIASMA, INC",2022-02-15,2022-02-15,1339469,13f_name_unique,validated
15505,55349,2022-01-03,2023-01-03,75956B10,75956B101,RELIANT BANCORP INC,RELIANT BANCORP,0001214717-21-000010,1606440,"Reliant Bancorp, Inc.",2022-02-18,2022-02-18,1606440,13f_name_unique,validated
15507,55351,2022-07-01,2023-07-01,82640U40,82640U404,SIERRA ONCOLOGY INC,SIERRA ONCOLOGY,0001214717-22-000010,1290149,"Sierra Oncology, Inc.",2023-02-14,2023-02-14,1290149,13f_name_unique,validated
15531,55363,2021-03-22,2022-03-22,64052L10,,,,,,,,,,,cusip_absent
15590,55381,2023-11-09,2024-11-08,90915J10,90915J103,UNIQUE FABRICATING INC,UNIQUE FABRICATING,0001214717-21-000010;0001214717-22-000010;0001214717-23-000010,1617669,"Unique Fabricating, Inc.",2023-11-13,2023-11-13,1617669,13f_name_unique,validated
15638,55393,2022-10-05,2023-10-05,37890U10,37890U108,GLOBAL BLOOD THERAPEUTICS IN,GLOBAL BLOOD THERAPEUTICS IN,0001214717-21-000010;0001214717-22-000010,,,,,,,index_name_absent
15647,55400,2022-04-05,2023-04-05,78469X10,78469X107,SPX FLOW INC,SPX FLOW,0001214717-21-000010;0001214717-22-000010,1641991,"SPX FLOW, Inc.",2022-05-02,2022-05-02,1641991,13f_name_unique,validated
15709,55423,2022-03-01,2023-03-01,04826920,048269203,ATLANTIC CAPITAL BANCSHARES,ATLANTIC CAPITAL BANCSHARES,0001214717-21-000010,1461755,"Atlantic Capital Bancshares, Inc.",2023-02-10,2023-02-10,1461755,13f_name_unique,validated
15774,55451,2022-10-03,2023-10-03,01748H10,01748H107,ALLEGIANCE BANCSHARES INC,ALLEGIANCE BANCSHARES,0001214717-21-000010;0001214717-22-000010,1642081,"Allegiance Bancshares, Inc.",2022-10-25,2022-10-25,1642081,13f_name_unique,validated
15785,55394,2023-11-07,2024-11-06,44109J10,44109J106,HOSTESS BRANDS INC,HOSTESS BRANDS,0001214717-21-000010;0001214717-22-000010;0001214717-23-000010,1644406,"Hostess Brands, Inc.",2024-02-09,2024-02-09,1644406,13f_name_unique,validated
15802,55471,2025-09-05,2026-09-05,04552810,045528106,ASSOCIATED CAPITAL GROUP - A,ASSOCIATED CAPITAL GROUP A,0001214717-21-000010;0001214717-22-000010;0001214717-23-000010;0001214717-24-000006;0001214717-25-000006,,,,,,,index_name_absent
15859,55493,2024-12-23,2025-12-23,05351W10,05351W103,AVANGRID INC,AVANGRID,0001214717-21-000010;0001214717-22-000010;0001214717-23-000010;0001214717-24-000006,1634997,"Avangrid, Inc.",2025-01-02,2025-01-02,1634997,13f_name_unique,validated
15860,55056,2024-07-10,2025-07-10,69036R86,69036R863,OVERSEAS SHIPHOLDING GROUP-A,OVERSEAS SHIPHOLDING GROUP A,0001214717-21-000010;0001214717-22-000010;0001214717-23-000010;0001214717-24-000006,,,,,,,index_name_absent
15917,55513,2022-09-27,2023-09-27,36164Y10,36164Y101,GCP APPLIED TECHNOLOGIES,GCP APPLIED TECHNOLOGIES,0001214717-21-000010;0001214717-22-000010,1644440,GCP Applied Technologies Inc.,2022-10-07,2022-10-07,1644440,13f_name_unique,validated
15921,55517,2022-07-29,2023-07-29,94909010,949090104,WELBILT INC,WELBILT,0001214717-21-000010;0001214717-22-000010,1650962,"Welbilt, Inc.",2022-08-08,2022-08-08,1650962,13f_name_unique,validated
15956,55529,2022-05-23,2023-05-23,04238R10,04238R106,ARMSTRONG FLOORING INC,ARMSTRONG FLOORING,0001214717-21-000010;0001214717-22-000010,1655075,"Armstrong Flooring, Inc.",2022-10-06,2022-10-06,1655075,13f_name_unique,validated
15978,55538,2023-07-26,2024-07-25,92672L10,92672L107,VIEWRAY INC,VIEWRAY,0001214717-21-000010;0001214717-22-000010;0001214717-23-000010,1597313,"ViewRay, Inc.",2024-02-14,2024-02-14,1597313,13f_name_unique,validated
15996,54311,2023-07-19,2024-07-18,53122970,531229706,LIBERTY MEDIA CORP-BRAVES A,LIBERTY MEDIA CORP BRAVES A,0001214717-21-000010;0001214717-22-000010;0001214717-23-000010,,,,,,,index_name_absent
15997,54311,2023-07-19,2024-07-18,53122988,531229888,LIBERTY MEDIA CORP-BRAVES C,LIBERTY MEDIA CORP BRAVES C,0001214717-21-000010;0001214717-22-000010;0001214717-23-000010,,,,,,,index_name_absent
15998,54311,2024-09-10,2025-09-10,53122981,531229813,LIBERTY MEDIA CORP-CL A NEW,LIBERTY MEDIA CORP CL A NEW,0001214717-24-000006,,,,,,,index_name_absent
15999,54311,2024-09-10,2025-09-10,53122979,,,,,,,,,,,cusip_absent
16000,54311,2024-09-10,2025-09-10,53122978,531229789,LIBERTY MEDIA CORP-LIBER-NEW,LIBERTY MEDIA CORP LIBER NEW,0001214717-24-000006,,,,,,,index_name_absent
16012,55534,2024-05-23,2025-05-23,46524610,465246106,ISUN INC,ISUN,0001214717-21-000010;0001214717-22-000010;0001214717-23-000010;0001214717-24-000006,1634447,"ISUN, INC.",2024-10-23,2024-10-23,1634447,13f_name_unique,validated
16024,55551,2021-01-26,2022-01-26,02922710,,,,,,,,,,,cusip_absent
16042,55555,2022-04-29,2023-04-29,55303A10,55303A105,MGM GROWTH PROPERTIES LLC-A,MGM GROWTH PROPERTIES LLC A,0001214717-21-000010;0001214717-22-000010,,,,,,,index_name_absent
16051,55562,2021-03-01,2022-03-01,00401C10,,,,,,,,,,,cusip_absent
16052,55563,2022-09-12,2023-09-12,00162710,001627108,ALJ REGIONAL HOLDINGS INC,ALJ REGIONAL,0001214717-21-000010;0001214717-22-000010,1438731,ALJ REGIONAL HOLDINGS INC,2022-10-03,2022-10-03,1438731,13f_name_unique,validated
16068,55572,2023-09-26,2024-09-25,75615P10,75615P103,REATA PHARMACEUTICALS INC-A,REATA PHARMACEUTICALS INC A,0001214717-21-000010;0001214717-22-000010;0001214717-23-000010,,,,,,,index_name_absent
16069,55573,2023-03-09,2024-03-08,30315R10,30315R107,F-STAR THERAPEUTICS INC,F STAR THERAPEUTICS,0001214717-21-000010;0001214717-22-000010,1566373,"F-star Therapeutics, Inc.",2023-03-20,2023-03-20,1566373,13f_name_unique,validated
16076,55577,2025-09-04,2026-09-04,36251C10,36251C103,GMS INC,GMS,0001214717-21-000010;0001214717-22-000010;0001214717-23-000010;0001214717-24-000006;0001214717-25-000006,1600438,GMS Inc.,2025-10-09,2025-10-09,1600438,13f_name_unique,validated
16090,55586,2025-12-01,2026-12-01,18506320,,,,,,,,,,,cusip_absent
16097,55587,2025-11-03,2026-11-03,41165Y10,41165Y100,HARBORONE BANCORP INC,HARBORONE BANCORP,0001214717-21-000010;0001214717-22-000010;0001214717-23-000010;0001214717-24-000006;0001214717-25-000006,1769617,"HarborOne Bancorp, Inc.",2025-11-13,2026-01-21,1769617,13f_name_unique,validated
16111,55593,2025-03-20,2026-03-20,87184Q20,87184Q206,SYROS PHARMACEUTICALS INC,SYROS PHARMACEUTICALS,0001214717-23-000010;0001214717-24-000006,1556263,"Syros Pharmaceuticals, Inc.",2025-03-27,2025-03-27,1556263,13f_name_unique,validated
16112,55594,2023-01-19,2024-01-19,92852W50,92852W501,VIVEVE MEDICAL INC,VIVEVE MEDICAL,0001214717-21-000010;0001214717-22-000010,879682,"VIVEVE MEDICAL, INC.",2023-02-06,2023-02-06,879682,13f_name_unique,validated
16158,53017,2022-03-31,2023-03-31,92531L20,92531L207,VERSO CORP - A,VERSO CORP A,0001214717-21-000010,,,,,,,index_name_absent
16178,55621,2023-07-26,2024-07-25,65440520,654405208,9 METERS BIOPHARMA INC,9 METERS BIOPHARMA,0001214717-23-000010,1551986,"9 METERS BIOPHARMA, INC.",2024-02-07,2024-02-07,1551986,13f_name_unique,validated
16183,55624,2022-10-10,2023-10-10,75237810,752378109,RANDOLPH BANCORP INC,RANDOLPH BANCORP,0001214717-21-000010;0001214717-22-000010,1667161,"Randolph Bancorp, Inc.",2023-02-14,2023-02-14,1667161,13f_name_unique,validated
16261,55620,2022-10-07,2023-10-07,45686J10,45686J104,INFRASTRUCTURE AND ENERGY AL,INFRASTRUCTURE AND ENERGY AL,0001214717-21-000010;0001214717-22-000010,,,,,,,index_name_absent
16285,55691,2024-04-01,2025-04-01,14070T10,14070T102,,,0001214717-21-000010;0001214717-22-000010;0001214717-23-000010;0001214717-24-000006,,,,,,,holding_name_ambiguous
16287,55692,2024-07-02,2025-07-02,29978A10,29978A104,EVERBRIDGE INC,EVERBRIDGE,0001214717-21-000010;0001214717-22-000010;0001214717-23-000010;0001214717-24-000006,1437352,"EVERBRIDGE, INC.",2024-07-12,2024-07-12,1437352,13f_name_unique,validated
16303,55696,2023-07-26,2024-07-25,66988N20,66988N205,NOVAN INC,NOVAN,0001214717-22-000010;0001214717-23-000010,1467154,"NVN Liquidation, Inc.",,,,,submissions_name_mismatch
16306,55699,2021-03-19,2022-03-19,86725N10,,,,,,,,,,,cusip_absent
16384,55749,2022-03-18,2023-03-18,34960W10,34960W106,FORTERRA INC,FORTERRA,0001214717-21-000010,1678463,"Forterra, Inc.",2022-03-25,2022-03-25,1678463,13f_name_unique,validated
16399,55759,2023-03-09,2024-03-08,78472M10,78472M106,SRAX INC,SRAX,0001214717-21-000010;0001214717-22-000010,1538217,"SRAX, Inc.",2025-11-13,2025-11-13,,,filing_after_grace
16417,714,2021-06-01,2022-06-01,74368L10,,,,,,,,,,,cusip_absent
16436,20221,2025-01-14,2026-01-14,03940R10,03940R107,ARCH RESOURCES INC,ARCH RESOURCES,0001214717-21-000010;0001214717-22-000010;0001214717-23-000010;0001214717-24-000006,1037676,"ARCH RESOURCES, INC.",2025-04-15,2025-04-15,1037676,13f_name_unique,validated
16458,55788,2025-10-23,2026-10-23,33939J30,33939J303,FLEXSHOPPER INC,FLEXSHOPPER,0001214717-21-000010;0001214717-22-000010;0001214717-23-000010;0001214717-24-000006;0001214717-25-000006,1397047,"FlexShopper, Inc.",2025-11-14,2025-11-14,1397047,13f_name_unique,validated
16579,55857,2021-01-29,2022-01-29,35039210,,,,,,,,,,,cusip_absent
16590,55863,2021-11-23,2022-11-23,44953810,449538107,IFRESH INC,IFRESH,0001214717-21-000010,1681941,iFresh Inc,2022-12-13,2022-12-13,,,filing_after_grace
16593,55865,2022-09-08,2023-09-08,65019410,650194103,NEWAGE INC,NEWAGE,0001214717-21-000010;0001214717-22-000010,1579823,"NewAge, Inc.",2022-09-15,2022-09-15,1579823,13f_name_unique,validated
16597,55869,2024-03-19,2025-03-19,02156B10,02156B103,ALTERYX INC - CLASS A,ALTERYX INC CLASS A,0001214717-21-000010;0001214717-22-000010;0001214717-23-000010,,,,,,,index_name_absent
16622,55880,2023-09-18,2024-09-17,87407Q20,,,,,,,,,,,cusip_absent
16625,55883,2024-12-18,2025-12-18,00973N10,00973N102,AKOUSTIS TECHNOLOGIES INC,AKOUSTIS TECHNOLOGIES,0001214717-21-000010;0001214717-22-000010;0001214717-23-000010;0001214717-24-000006,1584754,ATECH (PARENT) RESOLUTION CORP.,,,,,submissions_name_mismatch
16654,55903,2021-10-29,2022-10-29,12739A10,12739A100,CADENCE BANCORP,CADENCE BANCORP,0001214717-21-000010,,,,,,,index_name_absent
16657,55906,2021-10-08,2022-10-08,18914U10,18914U100,CLOUDERA INC,CLOUDERA,0001214717-21-000010,1535379,"Cloudera, Inc.",2021-10-19,2021-10-19,1535379,13f_name_unique,validated
16659,55907,2023-02-28,2024-02-28,28621V10,28621V101,ELEVATE CREDIT INC,ELEVATE CREDIT,0001214717-21-000010;0001214717-22-000010,1651094,"Elevate Credit, Inc.",2023-03-13,2023-03-13,1651094,13f_name_unique,validated
16670,55914,2025-08-18,2026-08-18,68337340,683373401,ONTRAK INC,ONTRAK,0001214717-25-000006,1136174,"Ontrak, Inc.",2025-11-14,2025-11-14,1136174,13f_name_unique,validated
16676,55919,2023-01-03,2024-01-03,69324R10,69324R104,PCSB FINANCIAL CORP,PCSB FINANCIAL,0001214717-21-000010;0001214717-22-000010,1691337,PCSB Financial Corp,2023-03-31,2023-03-31,1691337,13f_name_unique,validated
16690,21368,2021-12-23,2022-12-23,38241084,382410843,GOODRICH PETROLEUM CORP,GOODRICH PETROLEUM,0001214717-21-000010,943861;1312233,,,,,,index_name_ambiguous
16705,55936,2024-09-18,2025-09-18,3621LQ10,3621LQ109,G1 THERAPEUTICS INC,G1 THERAPEUTICS,0001214717-21-000010;0001214717-22-000010;0001214717-23-000010;0001214717-24-000006,1560241,"G1 Therapeutics, Inc.",2024-11-13,2024-11-13,1560241,13f_name_unique,validated
16770,55975,2023-03-31,2024-03-30,78645L10,78645L100,SAFEHOLD INC,SAFEHOLD,0001214717-21-000010;0001214717-22-000010,1095651;1688852,,,,,,index_name_ambiguous
16778,55980,2025-03-19,2026-03-19,05360L40,,,,,,,,,,,cusip_absent
16781,55984,2025-05-30,2026-05-30,16282820,162828206,CHECKPOINT THERAPEUTICS INC,CHECKPOINT THERAPEUTICS,0001214717-23-000010;0001214717-24-000006;0001214717-25-000006,1651407,"Checkpoint Therapeutics, Inc.",2025-08-14,2025-08-14,1651407,13f_name_unique,validated
16795,55992,2024-10-28,2025-10-28,82452L50,,,,,,,,,,,cusip_absent
16827,56012,2024-10-25,2025-10-25,71639T10,71639T106,PETIQ INC,PETIQ,0001214717-21-000010;0001214717-22-000010;0001214717-23-000010;0001214717-24-000006,1668673,"PetIQ, Inc.",2024-11-14,2024-11-14,1668673,13f_name_unique,validated
16829,56014,2025-07-01,2026-07-01,75737F10,75737F108,REDFIN CORP,REDFIN,0001214717-21-000010;0001214717-22-000010;0001214717-23-000010;0001214717-24-000006;0001214717-25-000006,1382821,Redfin Corp,2025-11-10,2025-11-10,1382821,13f_name_unique,validated
16834,56016,2022-09-19,2023-09-19,90238J10,90238J103,TYME TECHNOLOGIES INC,TYME TECHNOLOGIES,0001214717-21-000010;0001214717-22-000010,1537917,"TYME TECHNOLOGIES, INC.",2022-09-30,2022-09-30,1537917,13f_name_unique,validated
16837,56019,2024-01-17,2025-01-16,09630810,096308101,BLUEGREEN VACATIONS HOLDING,BLUEGREEN VACATIONS HOLDING,0001214717-21-000010;0001214717-22-000010;0001214717-23-000010,315858,Bluegreen Vacations Holding Corp,2024-01-29,2024-01-29,315858,13f_name_unique,validated
16880,55985,2024-06-27,2025-06-27,24984K10,24984K105,DERMTECH INC,DERMTECH,0001214717-21-000010;0001214717-22-000010;0001214717-23-000010;0001214717-24-000006,1651944,"DermTech, Inc.",2024-07-19,2026-04-02,,,filing_after_grace
16883,56045,2024-07-03,2025-07-03,16842Q10,16842Q100,CHICKEN SOUP FOR THE SOUL EN,CHICKEN SOUP FOR THE SOUL EN,0001214717-21-000010;0001214717-22-000010;0001214717-23-000010;0001214717-24-000006,,,,,,,index_name_absent
16904,56050,2023-03-02,2024-03-01,68375010,683750103,OPIANT PHARMACEUTICALS INC,OPIANT PHARMACEUTICALS,0001214717-21-000010;0001214717-22-000010,1385508,"OPIANT PHARMACEUTICALS, INC.",2023-07-11,2023-07-11,1385508,13f_name_unique,validated
16911,56017,2023-01-20,2024-01-20,03038220,,,,,,,,,,,cusip_absent
16915,56053,2022-09-01,2023-09-01,23258P10,23258P105,CYNERGISTEK INC/DE,CYNERGISTEK INC DE,0001214717-22-000010,,,,,,,index_name_absent
16917,56055,2023-09-05,2024-09-04,09215C10,09215C105,BLACK KNIGHT INC,BLACK KNIGHT,0001214717-21-000010;0001214717-22-000010;0001214717-23-000010,1627014,"Black Knight, Inc.",2024-02-14,2024-02-14,1627014,13f_name_unique,validated
16924,56059,2024-06-11,2025-06-11,24344T10,24344T101,DECIPHERA PHARMACEUTICALS IN,DECIPHERA PHARMACEUTICALS IN,0001214717-21-000010;0001214717-22-000010;0001214717-23-000010;0001214717-24-000006,,,,,,,index_name_absent
16927,56061,2024-05-01,2025-05-01,03958720,039587209,ARCIMOTO INC,ARCIMOTO,0001214717-23-000010;0001214717-24-000006,1558583,Arcimoto Inc,2025-02-13,2025-02-13,1558583,13f_name_unique,validated
16939,56071,2023-05-03,2024-05-02,57778K10,57778K105,MAXAR TECHNOLOGIES INC,MAXAR TECHNOLOGIES,0001214717-21-000010;0001214717-22-000010;0001214717-23-000010,1121142,Maxar Technologies Inc.,2023-05-15,2023-05-15,1121142,13f_name_unique,validated
16976,56091,2024-07-15,2025-07-15,13215210,132152109,CAMBRIDGE BANCORP,CAMBRIDGE BANCORP,0001214717-21-000010;0001214717-22-000010;0001214717-23-000010;0001214717-24-000006,711772,CAMBRIDGE BANCORP,2024-07-26,2024-07-26,711772,13f_name_unique,validated
16983,56095,2023-02-14,2024-02-14,30260M10,30260M103,FFBW INC,FFBW,0001214717-21-000010;0001214717-22-000010,,,,,,,index_name_absent
17034,56117,2025-03-26,2026-03-26,02136910,021369103,ALTAIR ENGINEERING INC - A,ALTAIR ENGINEERING INC A,0001214717-21-000010;0001214717-22-000010;0001214717-23-000010;0001214717-24-000006,,,,,,,index_name_absent
17035,56118,2023-05-24,2024-05-23,30057T10,30057T105,EVOQUA WATER TECHNOLOGIES CO,EVOQUA WATER TECHNOLOGIES,0001214717-21-000010;0001214717-22-000010;0001214717-23-000010,1604643,Evoqua Water Technologies Corp.,2024-02-01,2024-02-01,1604643,13f_name_unique,validated
17037,56120,2022-08-16,2023-08-16,78781P10,78781P105,SAILPOINT TECHNOLOGIES HOLDI,SAILPOINT TECHNOLOGIES HOLDI,0001214717-21-000010;0001214717-22-000010,,,,,,,index_name_absent
17042,56125,2022-09-08,2023-09-08,01811910,018119107,ALLENA PHARMACEUTICALS INC,ALLENA PHARMACEUTICALS,0001214717-21-000010;0001214717-22-000010,1624658,"Allena Pharmaceuticals, Inc.",2023-06-12,2023-06-12,1624658,13f_name_unique,validated
17047,56130,2021-05-06,2022-05-06,09629F10,09629F108,BLUEGREEN VACATIONS CORP,BLUEGREEN VACATIONS,0001214717-21-000010,778946,BLUEGREEN VACATIONS CORP,2025-02-11,2026-02-06,,,filing_after_grace
17090,56138,2023-12-27,2024-12-26,70214110,702141102,PARTS ID INC,PARTS ID,0001214717-22-000010;0001214717-23-000010,1698113,"ID Auto, Inc.",,,,,submissions_name_mismatch
17121,56160,2025-04-01,2026-04-01,85917W10,85917W102,STERLING BANCORP INC/MI,STERLING BANCORP INC MI,0001214717-21-000010;0001214717-22-000010;0001214717-23-000010;0001214717-24-000006;0001214717-25-000006,,,,,,,index_name_absent
17122,56161,2025-10-07,2026-10-07,81064810,810648105,SCPHARMACEUTICALS INC,SCPHARMACEUTICALS,0001214717-21-000010;0001214717-22-000010;0001214717-23-000010;0001214717-24-000006;0001214717-25-000006,1604950,scPharmaceuticals Inc.,2025-11-19,2026-02-11,1604950,13f_name_unique,validated
17135,56169,2024-04-05,2025-04-05,14713L10,14713L102,CASA SYSTEMS INC,CASA SYSTEMS,0001214717-21-000010;0001214717-22-000010;0001214717-23-000010;0001214717-24-000006,1333835,Casa Systems Inc,2024-06-10,2024-06-10,1333835,13f_name_unique,validated
17139,56170,2023-11-29,2024-11-28,19249J30,19249J307,COHBAR INC,COHBAR,0001214717-23-000010,1522602,"CohBar, Inc.",2023-12-27,2023-12-27,1522602,13f_name_unique,validated
17148,56176,2024-03-01,2025-03-01,55055010,550550107,LUTHER BURBANK CORP,LUTHER BURBANK,0001214717-21-000010;0001214717-22-000010;0001214717-23-000010,1475348,Luther Burbank Corp,2024-03-01,2024-03-01,1475348,13f_name_unique,validated
17154,56180,2022-01-18,2023-01-18,67607910,676079106,ODONATE THERAPEUTICS INC,ODONATE THERAPEUTICS,0001214717-21-000010,1717452,"Odonate Therapeutics, Inc.",2022-02-14,2022-02-14,1717452,13f_name_unique,validated
17201,56115,2023-03-10,2024-03-09,92854210,928542109,VIVINT SMART HOME INC,VIVINT SMART HOME,0001214717-21-000010;0001214717-22-000010,1713952,"Vivint Smart Home, Inc.",2023-03-20,2023-03-20,1713952,13f_name_unique,validated
17234,56216,2023-02-15,2024-02-15,05351X10,05351X101,AVAYA HOLDINGS CORP,AVAYA,0001214717-21-000010;0001214717-22-000010,1418100,Avaya Holdings Corp.,2024-02-15,2024-02-15,1418100,13f_name_unique,validated
17245,56192,2023-10-05,2024-10-04,48337920,483379202,KALEYRA INC,KALEYRA,0001214717-23-000010,1719489,"Kaleyra, Inc.",2024-02-14,2024-02-14,1719489,13f_name_unique,validated
17252,56221,2025-07-01,2026-07-01,72814N10,72814N104,PLAYAGS INC,PLAYAGS,0001214717-21-000010;0001214717-22-000010;0001214717-23-000010;0001214717-24-000006;0001214717-25-000006,1593548,"PlayAGS, Inc.",2025-08-14,2025-08-14,1593548,13f_name_unique,validated
17269,56236,2024-01-05,2025-01-04,64044220,640442208,NEMAURA MEDICAL INC,NEMAURA MEDICAL,0001214717-21-000010;0001214717-22-000010;0001214717-23-000010,1602078,Nemaura Medical Inc.,2024-09-26,2024-09-26,1602078,13f_name_unique,validated
17273,56240,2022-03-07,2023-03-07,30283W30,30283W302,FTS INTERNATIONAL INC-CL A,FTS INTERNATIONAL INC CL A,0001214717-21-000010,,,,,,,index_name_absent
17325,56275,2024-04-16,2025-04-16,62014P50,,,,,,,,,,,cusip_absent
17359,56297,2024-07-01,2025-07-01,30257810,302578109,FNCB BANCORP INC,FNCB BANCORP,0001214717-21-000010;0001214717-22-000010;0001214717-23-000010;0001214717-24-000006,1035976,"FNCB Bancorp, Inc.",2024-07-15,2024-07-15,1035976,13f_name_unique,validated
17361,56232,2025-06-27,2026-06-27,40619L20,40619L201,HALL OF FAME RESORT & ENTERT,HALL OF FAME RESORT ENTERT,0001214717-23-000010;0001214717-24-000006;0001214717-25-000006,,,,,,,index_name_absent
17369,56302,2024-09-23,2025-09-23,12122L10,12122L101,BURGERFI INTERNATIONAL INC,BURGERFI INTERNATIONAL,0001214717-21-000010;0001214717-22-000010;0001214717-23-000010;0001214717-24-000006,1723580,"BurgerFi International, Inc.",2025-03-19,2025-03-19,1723580,13f_name_unique,validated
17370,56303,2024-10-21,2025-10-21,68619K30,,,,,,,,,,,cusip_absent
17680,56332,2022-06-17,2023-06-17,09074B10,09074B107,,,0001214717-21-000010;0001214717-22-000010,,,,,,,holding_name_ambiguous
17692,56340,2022-04-01,2023-04-01,52730D20,52730D208,LEVEL ONE BANCORP INC,LEVEL ONE BANCORP,0001214717-21-000010;0001214717-22-000010,1412707,Level One Bancorp Inc,2022-04-11,2022-04-11,1412707,13f_name_unique,validated
17695,56344,2023-09-08,2024-09-07,86877M20,86877M209,SURFACE ONCOLOGY INC,SURFACE ONCOLOGY,0001214717-21-000010;0001214717-22-000010;0001214717-23-000010,1718108,"Surface Oncology, Inc.",2023-09-18,2023-09-18,1718108,13f_name_unique,validated
17783,56347,2025-07-16,2026-07-16,15872M10,15872M104,CHAMPIONX CORP,CHAMPIONX,0001214717-21-000010;0001214717-22-000010;0001214717-23-000010;0001214717-24-000006;0001214717-25-000006,1723089,ChampionX Corp,2025-07-28,2025-07-28,1723089,13f_name_unique,validated
17788,56353,2021-04-06,2022-04-06,72941B10,72941B106,PLURALSIGHT INC - A,PLURALSIGHT INC A,0001214717-21-000010,,,,,,,index_name_absent
17789,56354,2022-03-03,2023-03-03,21872L10,21872L104,COREPOINT LODGING INC,COREPOINT LODGING,0001214717-21-000010,1707178,CorePoint Lodging Inc.,2023-02-09,2023-02-09,1707178,13f_name_unique,validated
17790,56355,2023-03-24,2024-03-23,26927E10,26927E104,EVO PAYMENTS INC-CLASS A,EVO PAYMENTS INC CLASS A,0001214717-21-000010;0001214717-22-000010,,,,,,,index_name_absent
17792,56357,2021-05-07,2022-05-07,71534710,715347100,PERSPECTA INC,PERSPECTA,0001214717-21-000010,1724670,Perspecta Inc.,2021-05-17,2021-05-17,1724670,13f_name_unique,validated
17795,56359,2022-03-30,2023-03-30,39572G10,39572G100,GREENSKY INC-CLASS A,GREENSKY INC CLASS A,0001214717-21-000010,,,,,,,index_name_absent
17798,56362,2021-07-22,2022-07-22,31948P10,31948P104,FIRST CHOICE BANCORP,FIRST CHOICE BANCORP,0001214717-21-000010,1716697,First Choice Bancorp,2021-07-30,2021-07-30,1716697,13f_name_unique,validated
17802,56366,2022-04-11,2023-04-11,84861D10,84861D103,SPIRIT OF TEXAS BANCSHARES I,SPIRIT OF TEXAS BANCSHARES I,0001214717-21-000010;0001214717-22-000010,,,,,,,index_name_absent
17825,56381,2025-07-09,2026-07-09,91381U20,91381U200,UNITY BIOTECHNOLOGY INC,UNITY BIOTECHNOLOGY,0001214717-23-000010;0001214717-24-000006;0001214717-25-000006,1463361,"Unity Biotechnology, Inc.",2025-11-14,2026-01-02,1463361,13f_name_unique,validated
17826,56383,2023-07-28,2024-07-27,92733020,,,,,,,,,,,cusip_absent
17855,56390,2022-10-19,2023-10-19,05338G10,05338G106,AVALARA INC,AVALARA,0001214717-21-000010;0001214717-22-000010,1348036,"AVALARA, INC.",2022-10-31,2022-10-31,1348036,13f_name_unique,validated
17859,56392,2022-04-01,2023-04-01,92336X10,92336X109,VEONEER INC,VEONEER,0001214717-21-000010,1733186,"Arriver Holdco, Inc.",,,,,submissions_name_mismatch
17860,56393,2022-04-07,2023-04-07,76133Q10,76133Q102,RETAIL VALUE INC,RETAIL VALUE,0001214717-21-000010;0001214717-22-000010,1735184,Retail Value Inc.,2024-02-29,2024-02-29,,,filing_after_grace
17868,56396,2023-05-19,2024-05-18,03836N10,03836N103,APTINYX INC,APTINYX,0001214717-21-000010;0001214717-22-000010;0001214717-23-000010,1674365,Aptinyx Inc.,2024-02-09,2024-02-09,1674365,13f_name_unique,validated
17878,56403,2021-01-26,2022-01-26,28249H10,,,,,,,,,,,cusip_absent
17900,56423,2023-01-24,2024-01-24,89610F10,89610F101,TRICIDA INC,TRICIDA,0001214717-21-000010;0001214717-22-000010,1595585,"Tricida, Inc.",2023-06-16,2023-06-16,1595585,13f_name_unique,validated
17947,56440,2023-03-07,2024-03-06,78116T10,78116T103,RUBIUS THERAPEUTICS INC,RUBIUS THERAPEUTICS,0001214717-21-000010;0001214717-22-000010,1709401,"Rubius Therapeutics, Inc.",2023-04-10,2023-04-10,1709401,13f_name_unique,validated
17950,56444,2023-08-31,2024-08-30,34417P10,34417P100,FOCUS FINANCIAL PARTNERS-A,FOCUS FINANCIAL PARTNERS A,0001214717-21-000010;0001214717-22-000010;0001214717-23-000010,,,,,,,index_name_absent
17952,56447,2023-09-12,2024-09-11,02607T10,02607T109,,,0001214717-21-000010;0001214717-22-000010;0001214717-23-000010,,,,,,,holding_name_ambiguous
17956,56450,2025-12-18,2026-12-18,08579X10,08579X101,BERRY CORP,BERRY,0001214717-21-000010;0001214717-22-000010;0001214717-23-000010;0001214717-24-000006;0001214717-25-000006,1803097,"BERRY GROUP, LLC",2021-02-11,2021-02-11,1803097,13f_name_unique,validated
17958,56452,2021-07-15,2022-07-15,21037310,210373106,CONSTELLATION PHARMACEUTICAL,CONSTELLATION PHARMACEUTICAL,0001214717-21-000010,,,,,,,index_name_absent
17969,56458,2023-08-15,2024-08-14,59548Q10,,,,,,,,,,,cusip_absent
17973,56462,2023-04-27,2024-04-26,74374N10,74374N102,PROVENTION BIO INC,PROVENTION BIO,0001214717-21-000010;0001214717-22-000010;0001214717-23-000010,1695357,"Provention Bio, Inc.",2023-05-08,2023-05-08,1695357,13f_name_unique,validated
18044,56482,2023-07-19,2024-07-18,04033410,040334104,ARIDIS PHARMACEUTICALS INC,ARIDIS PHARMACEUTICALS,0001214717-22-000010;0001214717-23-000010,1614067,"Aridis Pharmaceuticals, Inc.",2025-08-14,2026-08-14,,,filing_after_grace
18050,56487,2021-11-18,2022-11-18,02357620,,,,,,,,,,,cusip_absent
18053,56489,2021-12-01,2022-12-01,76940Q10,,,,,,,,,,,cusip_absent
18055,56491,2021-10-21,2022-10-21,81612030,816120307,SELECT INTERIOR CONCEPTS-A,SELECT INTERIOR CONCEPTS A,0001214717-21-000010,,,,,,,index_name_absent
18107,56517,2021-11-01,2022-11-01,1248XT10,,,,,,,,,,,cusip_absent
18113,56520,2022-07-11,2023-07-11,29361410,293614103,ENTASIS THERAPEUTICS HOLDING,ENTASIS THERAPEUTICS HOLDING,0001214717-21-000010;0001214717-22-000010,,,,,,,index_name_absent
18114,56484,2023-07-12,2024-07-11,87663X10,87663X102,TATTOOED CHEF INC,TATTOOED CHEF,0001214717-21-000010;0001214717-22-000010;0001214717-23-000010,1741231,"Tattooed Chef, Inc.",2024-04-25,2024-04-25,1741231,13f_name_unique,validated
18116,56523,2024-10-22,2025-10-22,39868T10,39868T105,,,0001214717-21-000010;0001214717-22-000010;0001214717-23-000010;0001214717-24-000006,,,,,,,holding_name_ambiguous
18133,56532,2025-09-16,2026-09-16,98424110,984241109,Y-MABS THERAPEUTICS INC,Y MABS THERAPEUTICS,0001214717-21-000010;0001214717-22-000010;0001214717-23-000010;0001214717-24-000006;0001214717-25-000006,1722964,"Y-mAbs Therapeutics, Inc.",2025-11-14,2025-11-14,1722964,13f_name_unique,validated
18138,56537,2024-01-04,2025-01-03,53814L10,53814L108,LIVENT CORP,LIVENT,0001214717-21-000010;0001214717-22-000010;0001214717-23-000010,1742924,Livent Corp.,2024-11-08,2024-11-08,1742924,13f_name_unique,validated
18150,56546,2024-07-22,2025-07-22,29460010,294600101,EQUITRANS MIDSTREAM CORP,EQUITRANS MIDSTREAM,0001214717-21-000010;0001214717-22-000010;0001214717-23-000010;0001214717-24-000006,1747009,Midstream Co LLC,,,,,submissions_name_mismatch
18162,56547,2023-02-13,2024-02-13,92259F10,92259F101,VELODYNE LIDAR INC,VELODYNE LIDAR,0001214717-21-000010;0001214717-22-000010,1745317,"Velodyne Lidar, Inc.",2023-02-28,2023-02-28,1745317,13f_name_unique,validated
18183,56550,2025-04-16,2026-04-16,83417Q20,83417Q204,SOLARWINDS CORP,SOLARWINDS,0001214717-22-000010;0001214717-23-000010;0001214717-24-000006;0001214717-25-000006,1739942,SolarWinds Corp,2025-04-28,2025-04-28,1739942,13f_name_unique,validated
18184,56480,2024-03-26,2025-03-26,33813J10,33813J106,FISKER INC,FISKER,0001214717-21-000010;0001214717-22-000010;0001214717-23-000010,1821896,Fisker Inc.,2023-04-26,2023-04-26,1821896,13f_name_unique,validated
18190,56556,2024-11-15,2025-11-15,05465P10,05465P101,,,0001214717-21-000010;0001214717-22-000010;0001214717-23-000010;0001214717-24-000006,,,,,,,holding_name_ambiguous
18205,56564,2022-11-16,2023-11-16,54142F10,54142F102,LOGICBIO THERAPEUTICS INC,LOGICBIO THERAPEUTICS,0001214717-21-000010;0001214717-22-000010,1664106,"LogicBio Therapeutics, Inc.",2023-02-14,2023-02-14,1664106,13f_name_unique,validated
18210,56569,2022-11-03,2023-11-03,71722410,717224109,PHASEBIO PHARMACEUTICALS INC,PHASEBIO PHARMACEUTICALS,0001214717-21-000010;0001214717-22-000010,1169245,PhaseBio Pharmaceuticals Inc,2024-09-30,2024-09-30,,,filing_after_grace
18320,56592,2024-08-09,2025-08-09,89157G86,,,,,,,,,,,cusip_absent
18325,56618,2024-02-06,2025-02-05,01643A30,,,,,,,,,,,cusip_absent
18327,56619,2022-10-13,2023-10-13,22304C10,22304C100,COVETRUS INC,COVETRUS,0001214717-21-000010;0001214717-22-000010,1752836,"COVETRUS, INC.",2022-10-24,2022-10-24,1752836,13f_name_unique,validated
18356,56626,2025-03-10,2026-03-10,28253R10,28253R105,1895 BANCORP OF WISCONSIN IN,1895 BANCORP OF WISCONSIN IN,0001214717-23-000010;0001214717-24-000006,,,,,,,index_name_absent
18357,56586,2023-04-19,2024-04-18,04943010,049430101,ATLAS TECHNICAL CONSULTANTS,ATLAS TECHNICAL CONSULTANTS,0001214717-21-000010;0001214717-22-000010;0001214717-23-000010,1751143,"ATLAS TECHNICAL CONSULTANTS, INC.",2023-05-01,2023-05-01,1751143,13f_name_unique,validated
18361,56589,2023-02-22,2024-02-22,70434P10,70434P103,,,0001214717-21-000010;0001214717-22-000010,,,,,,,holding_name_ambiguous
18401,56647,2024-03-11,2025-03-11,41358P20,,,,,,,,,,,cusip_absent
18405,56650,2025-03-26,2026-03-26,44967K30,,,,,,,,,,,cusip_absent
18408,56653,2022-04-18,2023-04-18,48334710,483347100,KALEIDO BIOSCIENCES INC,KALEIDO BIOSCIENCES,0001214717-21-000010;0001214717-22-000010,1751299,"Kaleido Biosciences, Inc.",2022-05-10,2022-05-10,1751299,13f_name_unique,validated
18414,56657,2021-12-16,2022-12-16,83425110,834251100,SOLITON INC,SOLITON,0001214717-21-000010,1548187,"Soliton, Inc.",2021-12-28,2021-12-28,1548187,13f_name_unique,validated
18415,56658,2023-06-01,2024-05-31,87808K10,87808K106,TCR2 THERAPEUTICS INC,TCR2 THERAPEUTICS,0001214717-21-000010;0001214717-22-000010;0001214717-23-000010,1750019,TCR2 THERAPEUTICS INC.,2024-02-14,2024-02-14,1750019,13f_name_unique,validated
18418,56660,2025-12-24,2026-12-24,98986M10,98986M103,ZYNEX INC,ZYNEX,0001214717-21-000010;0001214717-22-000010;0001214717-23-000010;0001214717-24-000006;0001214717-25-000006,846475,ZYNEX INC,2025-12-18,2026-03-27,846475,13f_name_unique,validated
18422,33864,2021-11-01,2022-11-01,22058710,,,,,,,,,,,cusip_absent
18438,21665,2024-05-23,2025-05-23,85566810,855668109,STARRETT (L.S.) CO -CL A,STARRETT L S CO CL A,0001214717-21-000010;0001214717-22-000010;0001214717-23-000010;0001214717-24-000006,,,,,,,index_name_absent
18453,56646,2025-12-24,2026-12-24,55042430,550424303,LUMINAR TECHNOLOGIES INC,LUMINAR TECHNOLOGIES,0001214717-25-000006,,,,,,,index_name_absent
18456,56679,2024-05-31,2025-05-31,82489T10,82489T104,SHOCKWAVE MEDICAL INC,SHOCKWAVE MEDICAL,0001214717-21-000010;0001214717-22-000010;0001214717-23-000010;0001214717-24-000006,1642545,"Shockwave Medical, Inc.",2024-07-10,2024-07-10,1642545,13f_name_unique,validated
18461,56625,2025-02-06,2026-02-06,86368520,,,,,,,,,,,cusip_absent
18515,56693,2022-12-29,2023-12-29,10918L10,10918L103,BRIGHAM MINERALS INC-CL A,BRIGHAM MINERALS INC CL A,0001214717-21-000010;0001214717-22-000010,,,,,,,index_name_absent
18546,56639,2022-12-09,2023-12-09,14255210,142552108,CARLOTZ INC,CARLOTZ,0001214717-21-000010;0001214717-22-000010,1759008,"CarLotz, Inc.",2023-02-14,2023-02-14,1759008,13f_name_unique,validated
18549,56675,2023-12-26,2024-12-25,53838L10,53838L100,LIVEVOX HOLDINGS INC,LIVEVOX,0001214717-22-000010;0001214717-23-000010,1723648,"LiveVox Holdings, Inc.",2024-02-12,2024-02-12,1723648,13f_name_unique,validated
18555,56702,2024-10-14,2025-10-14,40145Q50,,,,,,,,,,,cusip_absent
18558,56676,2025-01-29,2026-01-29,13803R30,,,,,,,,,,,cusip_absent
18561,56706,2024-04-05,2025-04-05,62921N10,62921N105,NGM BIOPHARMACEUTICALS INC,NGM BIOPHARMACEUTICALS,0001214717-21-000010;0001214717-22-000010;0001214717-23-000010;0001214717-24-000006,1426332,NGM BIOPHARMACEUTICALS INC,2024-04-15,2024-04-15,1426332,13f_name_unique,validated
18567,56712,2022-08-17,2023-08-17,90041T10,90041T108,TURNING POINT THERAPEUTICS I,TURNING POINT THERAPEUTICS I,0001214717-21-000010;0001214717-22-000010,,,,,,,index_name_absent
18646,56735,2023-11-24,2024-11-23,05454B20,,,,,,,,,,,cusip_absent
18734,56773,2021-07-21,2022-07-21,83088V10,83088V102,SLACK TECHNOLOGIES INC- CL A,SLACK TECHNOLOGIES INC CL A,0001214717-21-000010,,,,,,,index_name_absent
18736,56775,2023-03-21,2024-03-20,44925310,449253103,IAA INC,IAA,0001214717-21-000010;0001214717-22-000010,1745041,"IAA, Inc.",2023-03-31,2023-03-31,1745041,13f_name_unique,validated
18772,56789,2025-12-09,2026-12-09,00973Y10,00973Y108,AKERO THERAPEUTICS INC,AKERO THERAPEUTICS,0001214717-21-000010;0001214717-22-000010;0001214717-23-000010;0001214717-24-000006;0001214717-25-000006,1744659,"Akero Therapeutics, Inc.",2025-12-19,2026-02-17,1744659,13f_name_unique,validated
18774,56791,2024-03-19,2025-03-19,04965G10,04965G109,ATRECA INC - A,ATRECA INC A,0001214717-21-000010;0001214717-22-000010;0001214717-23-000010,,,,,,,index_name_absent
18777,56794,2024-03-18,2025-03-18,48576A10,48576A100,KARUNA THERAPEUTICS INC,KARUNA THERAPEUTICS,0001214717-21-000010;0001214717-22-000010;0001214717-23-000010,1771917,"Karuna Therapeutics, Inc.",2024-03-28,2024-03-28,1771917,13f_name_unique,validated
18782,56797,2021-01-22,2022-01-22,74140Y10,,,,,,,,,,,cusip_absent
18786,56802,2024-09-05,2025-09-05,04546L10,04546L106,ASSETMARK FINANCIAL HOLDINGS,ASSETMARK FINANCIAL,0001214717-21-000010;0001214717-22-000010;0001214717-23-000010;0001214717-24-000006,1591587,"AssetMark Financial Holdings, Inc.",2025-11-06,2026-07-30,,,filing_after_grace
18787,56803,2021-10-29,2022-10-29,58402110,584021109,MEDALLIA INC,MEDALLIA,0001214717-21-000010,1540184,"Medallia, Inc.",2022-02-11,2022-02-11,1540184,13f_name_unique,validated
18810,56811,2021-08-04,2022-08-04,74349J10,74349J103,PROSIGHT GLOBAL INC,PROSIGHT GLOBAL,0001214717-21-000010,1634038,"ProSight Global, Inc.",2022-02-11,2022-02-11,1634038,13f_name_unique,validated
18852,56800,2022-12-16,2023-12-16,11778X10,11778X104,,,0001214717-21-000010;0001214717-22-000010,,,,,,,holding_name_ambiguous
18853,56835,2022-11-21,2023-11-21,90070A10,90070A103,TUSCAN HOLDINGS CORP II,TUSCAN HOLDINGS CORP II,0001214717-21-000010;0001214717-22-000010,1773087,Tuscan Holdings Corp. II,2023-02-15,2023-02-15,1773087,13f_name_unique,validated
18895,56860,2025-03-03,2026-03-03,22766M10,22766M109,CROSSFIRST BANKSHARES INC,CROSSFIRST BANKSHARES,0001214717-21-000010;0001214717-22-000010;0001214717-23-000010;0001214717-24-000006,1458412,"CROSSFIRST BANKSHARES, INC.",2025-03-13,2025-03-13,1458412,13f_name_unique,validated
18903,56869,2024-06-28,2025-06-28,92347D10,92347D100,VERICITY INC,VERICITY,0001214717-21-000010;0001214717-22-000010;0001214717-23-000010;0001214717-24-000006,1575434,"Vericity, Inc.",2024-07-12,2024-07-12,1575434,13f_name_unique,validated
18907,56872,2023-10-04,2024-10-03,83192H10,83192H106,SMILEDIRECTCLUB INC,SMILEDIRECTCLUB,0001214717-21-000010;0001214717-22-000010;0001214717-23-000010,1775625,"SmileDirectClub, Inc.",2023-12-27,2023-12-27,1775625,13f_name_unique,validated
18912,56877,2022-10-18,2023-10-18,72341T10,72341T103,PING IDENTITY HOLDING CORP,PING IDENTITY HOLDING,0001214717-21-000010;0001214717-22-000010,1679826,Ping Identity Holding Corp.,2022-10-28,2022-10-28,1679826,13f_name_unique,validated
18955,56890,2025-08-14,2026-08-14,44958510,449585108,IGM BIOSCIENCES INC,IGM BIOSCIENCES,0001214717-21-000010;0001214717-22-000010;0001214717-23-000010;0001214717-24-000006;0001214717-25-000006,1496323,"IGM Biosciences, Inc.",2025-11-13,2025-11-13,1496323,13f_name_unique,validated
18960,56893,2023-06-08,2024-06-07,80405P10,80405P107,SATSUMA PHARMACEUTICALS INC,SATSUMA PHARMACEUTICALS,0001214717-21-000010;0001214717-22-000010;0001214717-23-000010,1692830,"Satsuma Pharmaceuticals, Inc.",2023-06-20,2023-06-20,1692830,13f_name_unique,validated
18967,56896,2022-03-11,2023-03-11,07982310,079823100,BELLRING BRANDS INC-CLASS A,BELLRING BRANDS INC CLASS A,0001214717-21-000010,,,,,,,index_name_absent
19016,56916,2023-01-03,2024-01-03,69242L10,69242L106,OYSTER POINT PHARMA INC,OYSTER POINT PHARMA,0001214717-21-000010;0001214717-22-000010,1720725,"Oyster Point Pharma, Inc.",2023-02-14,2023-02-14,1720725,13f_name_unique,validated
19026,56922,2024-12-13,2025-12-13,87241J20,87241J203,TFF PHARMACEUTICALS INC,TFF PHARMACEUTICALS,0001214717-24-000006,1733413,"TFF Pharmaceuticals, Inc.",2025-03-07,2025-03-07,1733413,13f_name_unique,validated
19031,56923,2021-03-15,2022-03-15,92661310,,,,,,,,,,,cusip_absent
19033,56925,2023-05-31,2024-05-30,11135B10,11135B100,BROADMARK REALTY CAPITAL INC,BROADMARK REALTY CAPITAL,0001214717-21-000010;0001214717-22-000010;0001214717-23-000010,1784797,Broadmark Realty Capital Inc.,2023-06-16,2023-06-16,1784797,13f_name_unique,validated
19034,56926,2023-11-16,2024-11-15,07160F40,,,,,,,,,,,cusip_absent
19058,56932,2023-05-11,2024-05-10,82837P40,82837P408,SILVERGATE CAPITAL CORP-CL A,SILVERGATE CAPITAL CORP CL A,0001214717-21-000010;0001214717-22-000010,,,,,,,index_name_absent
19106,56930,2021-06-08,2022-06-08,48205G10,,,,,,,,,,,cusip_absent
19136,56946,2023-12-20,2024-12-19,42309B60,,,,,,,,,,,cusip_absent
19139,56975,2022-08-25,2023-08-25,53952P10,53952P101,LMP AUTOMOTIVE HOLDINGS INC,LMP AUTOMOTIVE,0001214717-21-000010;0001214717-22-000010,1731727,"LMP Automotive Holdings, Inc.",2022-08-22,2022-08-22,1731727,13f_name_unique,validated
19140,56950,2025-01-17,2026-01-17,52178J30,,,,,,,,,,,cusip_absent
19143,56979,2023-10-17,2024-10-16,29073410,290734102,ELYS GAME TECHNOLOGY CORP,ELYS GAME TECHNOLOGY,0001214717-22-000010;0001214717-23-000010,1080319,"Elys BMG Group, Inc.",,,,,submissions_name_mismatch
19177,56993,2023-02-23,2024-02-23,68269G10,68269G107,1LIFE HEALTHCARE INC,1LIFE HEALTHCARE,0001214717-21-000010;0001214717-22-000010,1404123,1Life Healthcare Inc,2023-03-06,2023-03-06,1404123,13f_name_unique,validated
19186,56938,2022-04-25,2023-04-25,12558Y10,12558Y106,CHP MERGER CORP-CLASS A,CHP MERGER CORP CLASS A,0001214717-22-000010,,,,,,,index_name_absent
19188,57000,2023-02-06,2024-02-06,17187C10,,,,,,,,,,,cusip_absent
19189,56972,2022-04-06,2023-04-06,78472F10,78472F101,,,0001214717-21-000010;0001214717-22-000010,,,,,,,holding_name_ambiguous
19199,14304,2021-12-08,2022-12-08,69355F10,69355F102,PPD INC,PPD,0001214717-21-000010,1793294,"PPD, Inc.",2024-03-14,2024-03-14,,,filing_after_grace
19202,57010,2022-01-25,2023-01-25,14762610,147626105,CASPER SLEEP INC,CASPER SLEEP,0001214717-21-000010,1598674,Casper Sleep Inc.,2022-02-14,2022-02-14,1598674,13f_name_unique,validated
19230,56969,2024-01-30,2025-01-29,L0423Q12,,,,,,,,,,,cusip_absent
19252,57031,2023-02-01,2024-02-01,74313910,743139107,PROFESSIONAL HOLDING CORP-A,PROFESSIONAL HOLDING CORP A,0001214717-21-000010;0001214717-22-000010,,,,,,,index_name_absent
19283,57034,2023-08-18,2024-08-17,03966V10,03966V107,ARCONIC CORP,ARCONIC,0001214717-21-000010;0001214717-22-000010;0001214717-23-000010,1790982,Arconic Corp,2024-02-14,2024-02-14,1790982,13f_name_unique,validated
19310,57050,2024-08-01,2025-08-01,13005U10,13005U101,CALIFORNIA BANCORP INC,CALIFORNIA BANCORP,0001214717-21-000010;0001214717-22-000010;0001214717-23-000010;0001214717-24-000006,1752036,California BanCorp,2025-01-29,2025-01-29,1752036,13f_name_unique,validated
19348,57066,2024-02-21,2025-02-20,29667K60,,,,,,,,,,,cusip_absent
19358,57072,2025-02-19,2026-02-19,45332Y10,45332Y109,INARI MEDICAL INC,INARI MEDICAL,0001214717-21-000010;0001214717-22-000010;0001214717-23-000010;0001214717-24-000006,1531048,"Inari Medical, Inc.",2025-05-01,2025-05-01,1531048,13f_name_unique,validated
19388,57078,2024-12-31,2025-12-31,23627240,,,,,,,,,,,cusip_absent
19392,57083,2023-01-19,2024-01-19,05465V10,05465V108,AYALA PHARMACEUTICALS INC,AYALA PHARMACEUTICALS,0001214717-22-000010,1100397;1797336,,,,,,index_name_ambiguous
19396,57086,2023-12-01,2024-11-30,70213Q10,70213Q108,PARTNERS BANCORP,PARTNERS BANCORP,0001214717-21-000010;0001214717-22-000010;0001214717-23-000010,832090,PARTNERS BANCORP,2024-02-06,2024-02-06,832090,13f_name_unique,validated
19401,57053,2025-04-23,2026-04-23,92731L30,92731L304,VINCERX PHARMA INC,VINCERX PHARMA,0001214717-25-000006,1796129,"Vincerx Pharma, Inc.",2025-07-29,2025-07-29,1796129,13f_name_unique,validated
19409,57095,2025-07-01,2026-07-01,05478C10,05478C105,AZEK CO INC/THE,AZEK CO INC THE,0001214717-21-000010;0001214717-22-000010;0001214717-23-000010;0001214717-24-000006;0001214717-25-000006,,,,,,,index_name_absent
19410,57096,2022-10-14,2023-10-14,34633R10,34633R104,FORMA THERAPEUTICS HOLDINGS,FORMA THERAPEUTICS,0001214717-21-000010;0001214717-22-000010,1538927,"Forma Therapeutics Holdings, Inc.",2023-02-14,2023-02-14,1538927,13f_name_unique,validated
19461,57109,2022-12-01,2023-12-01,00973J10,00973J101,AKOUOS INC,AKOUOS,0001214717-21-000010;0001214717-22-000010,1722271,"Akouos, Inc.",2023-02-14,2023-02-14,1722271,13f_name_unique,validated
19462,57110,2023-12-27,2024-12-26,03824M10,03824M109,APPLIED MOLECULAR TRANSPORT,APPLIED MOLECULAR TRANSPORT,0001214717-21-000010;0001214717-22-000010;0001214717-23-000010,1801777,Applied Molecular Transport Inc.,2024-02-14,2024-02-14,1801777,13f_name_unique,validated
19469,57084,2021-04-06,2022-04-06,19424L10,,,,,,,,,,,cusip_absent
19486,57128,2024-12-11,2025-12-11,74319F40,,,,,,,,,,,cusip_absent
19502,21881,2025-08-28,2026-08-28,93142710,931427108,WALGREENS BOOTS ALLIANCE INC,WALGREENS BOOTS ALLIANCE,0001214717-21-000010;0001214717-22-000010;0001214717-23-000010;0001214717-24-000006;0001214717-25-000006,1618921;1669077,,,,,,index_name_ambiguous
19504,57141,2023-10-02,2024-10-01,08431010,084310101,,,0001214717-21-000010;0001214717-22-000010;0001214717-23-000010,,,,,,,holding_name_ambiguous
19519,57076,2021-07-06,2022-07-06,34431F10,,,,,,,,,,,cusip_absent
19572,57189,2023-04-21,2024-04-20,89457R10,89457R101,TREAN INSURANCE GROUP INC,TREAN INSURANCE,0001214717-21-000010;0001214717-22-000010;0001214717-23-000010,1801754,"Trean Insurance Group, Inc.",2023-05-01,2023-05-01,1801754,13f_name_unique,validated
19578,57195,2023-03-30,2024-03-29,26412010,264120106,DUCK CREEK TECHNOLOGIES INC,DUCK CREEK TECHNOLOGIES,0001214717-21-000010;0001214717-22-000010,1160951,"DUCK CREEK TECHNOLOGIES, INC.",2024-02-13,2024-02-13,1160951,13f_name_unique,validated
19605,57212,2023-05-02,2024-05-01,67181A10,67181A107,OAK STREET HEALTH INC,OAK STREET HEALTH,0001214717-21-000010;0001214717-22-000010;0001214717-23-000010,1564406,"Oak Street Health, Inc.",2024-02-09,2024-02-09,1564406,13f_name_unique,validated
19619,57223,2024-05-09,2025-05-09,00511110,005111109,ACUTUS MEDICAL INC,ACUTUS MEDICAL,0001214717-21-000010;0001214717-22-000010;0001214717-23-000010;0001214717-24-000006,1522860,"Acutus Medical, Inc.",2025-03-24,2026-02-17,,,filing_after_grace
19631,57238,2023-12-21,2024-12-20,41150T30,,,,,,,,,,,cusip_absent
19639,57244,2024-05-30,2025-05-30,45720L10,45720L107,INHIBRX INC,INHIBRX,0001214717-21-000010;0001214717-22-000010;0001214717-23-000010;0001214717-24-000006,1739614,"Inhibrx, Inc.",2024-11-14,2024-11-14,1739614,13f_name_unique,validated
19640,57245,2023-11-17,2024-11-16,50116V10,50116V107,KUBIENT INC,KUBIENT,0001214717-21-000010;0001214717-22-000010;0001214717-23-000010,1729750,"Kubient, Inc.",2024-05-14,2024-05-14,1729750,13f_name_unique,validated
19652,57253,2022-02-04,2023-02-04,92840T10,,,,,,,,,,,cusip_absent
19660,57261,2023-05-12,2024-05-11,86646P10,86646P103,SUMO LOGIC INC,SUMO LOGIC,0001214717-21-000010;0001214717-22-000010;0001214717-23-000010,1643269,"Sumo Logic, Inc.",2024-02-12,2024-02-12,1643269,13f_name_unique,validated
19752,13960,2023-11-02,2024-11-01,24790A10,24790A101,DENBURY INC,DENBURY,0001214717-21-000010;0001214717-22-000010;0001214717-23-000010,945764,DENBURY INC,2024-02-07,2024-02-07,945764,13f_name_unique,validated
19767,57206,2022-08-17,2023-08-17,36201910,,,,,,,,,,,cusip_absent
19787,57153,2021-09-30,2022-09-30,69375F10,,,,,,,,,,,cusip_absent
19789,57155,2022-07-26,2023-07-26,71531R10,,,,,,,,,,,cusip_absent
19823,57342,2022-09-07,2023-09-07,22526510,225265107,CREATD INC,CREATD,0001214717-21-000010;0001214717-22-000010,1357671,"Creatd, Inc.",2025-08-19,2026-08-14,,,filing_after_grace
19827,57171,2022-09-06,2023-09-06,26873Y10,26873Y104,E.MERGE TECHNOLOGY ACQUISI-A,E MERGE TECHNOLOGY ACQUISI A,0001214717-22-000010,,,,,,,index_name_absent
19834,57237,2021-08-05,2022-08-05,38286410,,,,,,,,,,,cusip_absent
19837,57351,2023-02-09,2024-02-09,59101E10,59101E103,METACRINE INC,METACRINE,0001214717-21-000010;0001214717-22-000010,1634379,"Metacrine, Inc.",2023-03-24,2023-03-24,1634379,13f_name_unique,validated
19856,57371,2022-06-23,2023-06-23,23821D10,23821D100,DATTO HOLDING CORP,DATTO HOLDING,0001214717-21-000010;0001214717-22-000010,1724570,DATTO HOLDING CORP.,2022-07-05,2022-07-05,1724570,13f_name_unique,validated
19857,57372,2022-03-01,2023-03-01,57906310,579063108,MCAFEE CORP - CLASS A,MCAFEE CORP CLASS A,0001214717-21-000010,,,,,,,index_name_absent
19867,57376,2022-10-06,2023-10-06,04906P10,,,,,,,,,,,cusip_absent
19875,57202,2021-04-21,2022-04-21,23327710,,,,,,,,,,,cusip_absent
19886,57203,2022-08-26,2023-08-26,31187510,,,,,,,,,,,cusip_absent
19891,57204,2021-03-31,2022-03-31,34432810,,,,,,,,,,,cusip_absent
19894,57385,2025-01-16,2026-01-16,36803610,368036109,GATOS SILVER INC,GATOS SILVER,0001214717-21-000010;0001214717-22-000010;0001214717-23-000010;0001214717-24-000006,1517006,"Gatos Silver, Inc.",2025-01-27,2025-01-27,1517006,13f_name_unique,validated
19911,57210,2021-05-07,2022-05-07,66516T10,,,,,,,,,,,cusip_absent
19918,57393,2023-07-05,2024-07-04,78472W10,78472W104,SQZ BIOTECHNOLOGIES CO,SQZ BIOTECHNOLOGIES,0001214717-21-000010;0001214717-22-000010;0001214717-23-000010,1604477,SQZ Biotechnologies Co,2024-02-13,2024-02-13,1604477,13f_name_unique,validated
19964,57439,2022-10-18,2023-10-18,33836P10,,,,,,,,,,,cusip_absent
19972,57350,2021-10-08,2022-10-08,45635710,,,,,,,,,,,cusip_absent
19981,57456,2023-06-21,2024-06-20,68236R10,68236R103,ONCORUS INC,ONCORUS,0001214717-21-000010;0001214717-22-000010;0001214717-23-000010,1671818,"Oncorus, Inc.",2023-08-07,2023-08-07,1671818,13f_name_unique,validated
20064,57533,2024-10-04,2025-10-04,00258W10,00258W108,AARON'S CO INC/THE,AARON S CO INC THE,0001214717-21-000010;0001214717-22-000010;0001214717-23-000010;0001214717-24-000006,,,,,,,index_name_absent
20078,57300,2022-09-19,2023-09-19,29465E10,,,,,,,,,,,cusip_absent
20081,57302,2022-10-25,2023-10-25,30158L10,,,,,,,,,,,cusip_absent
20083,57383,2022-03-29,2023-03-29,33765Y10,,,,,,,,,,,cusip_absent
20106,57394,2022-01-28,2023-01-28,84918M10,,,,,,,,,,,cusip_absent
20135,57555,2025-05-22,2026-05-22,71678J30,,,,,,,,,,,cusip_absent
20136,57329,2023-08-17,2024-08-16,74374T10,74374T109,PROTERRA INC,PROTERRA,0001214717-22-000010;0001214717-23-000010,1820630,Proterra Inc,2024-03-14,2024-03-14,1820630,13f_name_unique,validated
20148,57443,2023-01-12,2024-01-12,44953410,449534106,IG ACQUISITION CORP-CLASS A,IG ACQUISITION CORP CLASS A,0001214717-22-000010,,,,,,,index_name_absent
20152,57568,2022-11-25,2023-11-25,47760M10,,,,,,,,,,,cusip_absent
20156,57453,2022-05-02,2023-05-02,56120410,,,,,,,,,,,cusip_absent
20158,57352,2022-10-03,2023-10-03,66120410,,,,,,,,,,,cusip_absent
20166,57462,2022-10-05,2023-10-05,75622910,,,,,,,,,,,cusip_absent
20172,57359,2023-06-15,2024-06-14,23284C10,23284C102,CYXTERA TECHNOLOGIES INC,CYXTERA TECHNOLOGIES,0001214717-22-000010;0001214717-23-000010,1794905,"Cyxtera Technologies, Inc.",2024-02-14,2024-02-14,1794905,13f_name_unique,validated
20174,57470,2021-10-29,2022-10-29,84677L10,,,,,,,,,,,cusip_absent
20177,57362,2021-08-31,2022-08-31,90117G10,,,,,,,,,,,cusip_absent
20186,57585,2024-04-03,2025-04-03,49705R10,49705R105,KINNATE BIOPHARMA INC,KINNATE BIOPHARMA,0001214717-21-000010;0001214717-22-000010;0001214717-23-000010;0001214717-24-000006,1797768,Kinnate Biopharma Inc.,2024-11-13,2024-11-13,1797768,13f_name_unique,validated
20191,57589,2024-06-28,2025-06-28,03750L10,03750L109,APARTMENT INCOME REIT CO,APARTMENT INCOME REIT,0001214717-21-000010;0001214717-22-000010;0001214717-23-000010;0001214717-24-000006,1820877,Apartment Income REIT Corp.,2024-07-08,2024-07-08,1820877,13f_name_unique,validated
20209,57380,2022-08-08,2023-08-08,23344P10,,,,,,,,,,,cusip_absent
20282,57558,2024-05-29,2025-05-29,10676210,,,,,,,,,,,cusip_absent
20284,57559,2023-07-11,2024-07-10,08772B10,,,,,,,,,,,cusip_absent
20288,57621,2025-03-26,2026-03-26,23254X20,23254X201,CYCLO THERAPEUTICS INC,CYCLO THERAPEUTICS,0001214717-21-000010;0001214717-22-000010;0001214717-23-000010;0001214717-24-000006,922247,"Cyclo Therapeutics, Inc.",2025-04-07,2025-04-07,922247,13f_name_unique,validated
20290,57434,2025-01-31,2026-01-31,44951Y20,,,,,,,,,,,cusip_absent
20302,57448,2022-10-25,2023-10-25,52470X10,,,,,,,,,,,cusip_absent
20303,57450,2022-10-31,2023-10-31,55068A10,55068A100,LUX HEALTH TECH ACQUIS-CL A,LUX HEALTH TECH ACQUIS CL A,0001214717-22-000010,,,,,,,index_name_absent
20304,57452,2021-10-01,2022-10-01,61265710,,,,,,,,,,,cusip_absent
20313,57573,2022-05-20,2023-05-20,67113Q10,,,,,,,,,,,cusip_absent
20322,57578,2022-08-11,2023-08-11,75724T10,75724T103,REDBOX ENTERTAINMENT INC,REDBOX ENTERTAINMENT,0001214717-22-000010,1820201,Redbox Entertainment Inc.,2022-08-22,2022-08-22,1820201,13f_name_unique,validated
20323,57658,2023-08-11,2024-08-10,82657L20,,,,,,,,,,,cusip_absent
20333,57666,2025-06-04,2026-06-04,21077C30,21077C305,CONTEXTLOGIC INC - A,CONTEXTLOGIC INC A,0001214717-24-000006;0001214717-25-000006,,,,,,,index_name_absent
20340,57670,2023-01-05,2024-01-05,73739W10,73739W104,POSHMARK INC-CLASS A,POSHMARK INC CLASS A,0001214717-21-000010;0001214717-22-000010,,,,,,,index_name_absent
20355,57537,2022-06-08,2023-06-08,14715110,,,,,,,,,,,cusip_absent
20356,57597,2022-12-12,2023-12-12,20607110,,,,,,,,,,,cusip_absent
20384,57543,2022-06-01,2023-06-01,68218L10,,,,,,,,,,,cusip_absent
20388,57545,2022-10-28,2023-10-28,72261510,,,,,,,,,,,cusip_absent
20413,57613,2024-03-14,2025-03-14,02156Y10,02156Y103,ALTITUDE ACQUISITION CORP-A,ALTITUDE ACQUISITION CORP A,0001214717-21-000010;0001214717-22-000010;0001214717-23-000010,,,,,,,index_name_absent
20414,57557,2023-08-04,2024-08-03,00775W10,00775W102,AEQUI ACQUISITION CORP-CL A,AEQUI ACQUISITION CORP CL A,0001214717-21-000010;0001214717-22-000010;0001214717-23-000010,,,,,,,index_name_absent
20417,57714,2022-11-01,2023-11-01,08179B10,,,,,,,,,,,cusip_absent
20421,57722,2024-01-31,2025-01-30,20565040,,,,,,,,,,,cusip_absent
20422,57723,2025-03-05,2026-03-05,22833950,,,,,,,,,,,cusip_absent
20424,57623,2021-12-01,2022-12-01,23318M10,,,,,,,,,,,cusip_absent
20426,57628,2022-12-09,2023-12-09,31810Q10,31810Q107,FINTECH ACQUISITION CORP V-A,FINTECH ACQUISITION CORP V A,0001214717-22-000010,,,,,,,index_name_absent
20429,57564,2022-11-04,2023-11-04,42226W10,42226W109,HEALTH ASSURANCE ACQUISIT-A,HEALTH ASSURANCE ACQUISIT A,0001214717-22-000010,,,,,,,index_name_absent
20433,57632,2022-12-23,2023-12-23,42227K10,42227K104,HEALTHCARE SERVICES ACQUI-A,HEALTHCARE SERVICES ACQUI A,0001214717-22-000010,,,,,,,index_name_absent
20434,57633,2022-12-02,2023-12-02,44487N10,44487N109,HUMANCO ACQUISITION COR-CL A,HUMANCO ACQUISITION COR CL A,0001214717-22-000010,,,,,,,index_name_absent
20435,57748,2023-08-01,2024-07-31,43734L10,43734L106,HOME POINT CAPITAL INC,HOME POINT CAPITAL,0001214717-21-000010;0001214717-22-000010;0001214717-23-000010,1830197,Home Point Capital Inc.,2023-08-11,2023-08-11,1830197,13f_name_unique,validated
20440,57643,2022-09-13,2023-09-13,62477L10,62477L107,MUDRICK CAPITAL ACQUISITIO-A,MUDRICK CAPITAL ACQUISITIO A,0001214717-21-000010;0001214717-22-000010,,,,,,,index_name_absent
20443,57572,2022-11-11,2023-11-11,63889L10,63889L107,NATURAL ORDER ACQUISITION CO,NATURAL ORDER ACQUISITION,0001214717-22-000010,1824888,Natural Order Acquisition Corp.,2022-11-23,2022-11-23,1824888,13f_name_unique,validated
20460,57582,2021-07-23,2022-07-23,88025V10,,,,,,,,,,,cusip_absent
20470,57798,2023-03-29,2024-03-28,82671G10,82671G100,SIGNIFY HEALTH INC -CLASS A,SIGNIFY HEALTH INC CLASS A,0001214717-21-000010;0001214717-22-000010,,,,,,,index_name_absent
20522,57594,2025-04-16,2026-04-16,02217A10,02217A102,ALTUS POWER INC,ALTUS POWER,0001214717-22-000010;0001214717-23-000010;0001214717-24-000006;0001214717-25-000006,1828723,"Altus Power, Inc.",2025-10-29,2025-10-29,1828723,13f_name_unique,validated
20523,57596,2023-10-17,2024-10-16,17144T10,,,,,,,,,,,cusip_absent
20525,57680,2022-12-01,2023-12-01,22877P10,,,,,,,,,,,cusip_absent
20534,57684,2022-11-23,2023-11-23,34964G10,,,,,,,,,,,cusip_absent
20537,57599,2023-08-25,2024-08-24,38102H10,,,,,,,,,,,cusip_absent
20542,57541,2022-07-13,2023-07-13,49686110,,,,,,,,,,,cusip_absent
20548,57689,2024-01-29,2025-01-28,66573W10,,,,,,,,,,,cusip_absent
20549,57603,2022-12-15,2023-12-15,71389510,,,,,,,,,,,cusip_absent
20557,57604,2024-02-22,2025-02-21,92853V10,,,,,,,,,,,cusip_absent
20568,57906,2022-03-29,2023-03-29,03836A10,03836A101,APRIA INC,APRIA,0001214717-21-000010,1735803;1844888,,,,,,index_name_ambiguous
20574,57712,2023-08-23,2024-08-22,03759B10,03759B102,APEXIGEN INC,APEXIGEN,0001214717-23-000010,1814140,"Apexigen, Inc.",2023-09-05,2023-09-05,1814140,13f_name_unique,validated
20577,57615,2022-08-31,2023-08-31,18271L10,18271L107,CLARUS THERAPEUTICS HOLDINGS,CLARUS THERAPEUTICS,0001214717-22-000010,1286162;1817944,,,,,,index_name_ambiguous
20580,57917,2024-08-02,2025-08-02,92747V10,92747V106,VINTAGE WINE ESTATES INC,VINTAGE WINE ESTATES,0001214717-22-000010;0001214717-23-000010;0001214717-24-000006,1834045,"Vintage Wine Estates, Inc.",2025-02-11,2025-02-11,1834045,13f_name_unique,validated
20582,57616,2023-12-08,2024-12-07,12520T10,12520T102,CF ACQUISITION CORP IV-CL A,CF ACQUISITION CORP IV CL A,0001214717-21-000010;0001214717-22-000010;0001214717-23-000010,,,,,,,index_name_absent
20586,57619,2023-02-15,2024-02-15,14363610,143636108,CARNEY TECHNOLOGY ACQU- CL A,CARNEY TECHNOLOGY ACQU CL A,0001214717-21-000010;0001214717-22-000010,,,,,,,index_name_absent
20587,57925,2023-12-20,2024-12-19,22979430,,,,,,,,,,,cusip_absent
20595,57733,2023-01-30,2024-01-30,35166L10,,,,,,,,,,,cusip_absent
20601,57630,2025-02-28,2026-02-28,57709610,577096100,MATTERPORT INC,MATTERPORT,0001214717-22-000010;0001214717-23-000010;0001214717-24-000006,1544035,"Matterport, Inc.",2022-02-14,2022-02-14,1544035,13f_name_unique,validated
20602,57631,2022-06-10,2023-06-10,37958210,379582109,GLOBIS ACQUISITION CORP,GLOBIS ACQUISITION,0001214717-22-000010,1823383,Globis Acquisition Corp.,2023-02-14,2023-02-14,1823383,13f_name_unique,validated
20603,57634,2022-12-22,2023-12-22,45781710,457817104,INSU ACQUISITION CORP III-A,INSU ACQUISITION CORP III A,0001214717-21-000010;0001214717-22-000010,,,,,,,index_name_absent
20610,57954,2023-03-06,2024-03-05,54948U10,54948U105,LUCIRA HEALTH INC,LUCIRA HEALTH,0001214717-21-000010;0001214717-22-000010,1652724,"Lucira Health, Inc.",2023-10-04,2023-10-04,1652724,13f_name_unique,validated
20613,57958,2024-07-12,2025-07-12,65344D20,,,,,,,,,,,cusip_absent
20614,57960,2024-11-06,2025-11-06,67011T30,67011T300,NOVO INTEGRATED SCIENCES INC,NOVO INTEGRATED SCIENCES,0001214717-24-000006,1138978,"Novo Integrated Sciences, Inc.",2025-05-20,2025-05-20,1138978,13f_name_unique,validated
20629,57659,2023-06-12,2024-06-11,81723H10,81723H108,SENIOR CONNECT ACQUISITION-A,SENIOR CONNECT ACQUISITION A,0001214717-21-000010;0001214717-22-000010;0001214717-23-000010,,,,,,,index_name_absent
20639,57992,2024-11-22,2025-11-22,36809R50,,,,,,,,,,,cusip_absent
20644,57995,2025-04-04,2026-04-04,92825130,,,,,,,,,,,cusip_absent
20653,58003,2025-09-12,2026-09-12,68134L10,68134L109,OLO INC - CLASS A,OLO INC CLASS A,0001214717-22-000010;0001214717-23-000010;0001214717-24-000006;0001214717-25-000006,,,,,,,index_name_absent
20659,58009,2024-12-03,2025-12-03,92858V10,92858V101,VIZIO HOLDING CORP-A,VIZIO HOLDING CORP A,0001214717-22-000010;0001214717-23-000010;0001214717-24-000006,,,,,,,index_name_absent
20671,57852,2022-12-02,2023-12-02,04928710,,,,,,,,,,,cusip_absent
20675,57678,2022-12-30,2023-12-30,18274B10,,,,,,,,,,,cusip_absent
20676,57679,2022-12-09,2023-12-09,18717110,,,,,,,,,,,cusip_absent
20679,57858,2023-08-02,2024-08-01,20483310,,,,,,,,,,,cusip_absent
20683,57681,2023-01-30,2024-01-30,23305Q10,,,,,,,,,,,cusip_absent
20686,57682,2022-12-22,2023-12-22,26886A10,,,,,,,,,,,cusip_absent
20688,57683,2022-12-14,2023-12-14,29248N10,,,,,,,,,,,cusip_absent
20712,57866,2022-12-30,2023-12-30,55283P10,,,,,,,,,,,cusip_absent
20713,57687,2023-02-03,2024-02-03,57520Y10,,,,,,,,,,,cusip_absent
20716,57867,2022-12-02,2023-12-02,62752R10,,,,,,,,,,,cusip_absent
20736,58049,2021-11-02,2022-11-02,92735P10,,,,,,,,,,,cusip_absent
20762,57708,2023-09-26,2024-09-25,90138P10,90138P100,26 CAPITAL ACQUISITION COR-A,26 CAPITAL ACQUISITION COR A,0001214717-22-000010;0001214717-23-000010,,,,,,,index_name_absent
20767,57909,2022-12-30,2023-12-30,04637C10,,,,,,,,,,,cusip_absent
20769,57716,2022-12-13,2023-12-13,10920K10,10920K101,BRIGHT LIGHTS ACQUISITI-CL A,BRIGHT LIGHTS ACQUISITI CL A,0001214717-22-000010,,,,,,,index_name_absent
20770,57718,2021-09-29,2022-09-29,12510W10,,,,,,,,,,,cusip_absent
20772,57719,2022-01-26,2023-01-26,12520R10,,,,,,,,,,,cusip_absent
20775,57721,2022-12-08,2023-12-08,18049C10,,,,,,,,,,,cusip_absent
20778,57927,2022-01-14,2023-01-14,24279410,,,,,,,,,,,cusip_absent
20785,57726,2024-03-12,2025-03-12,28059Q10,28059Q103,EDIFY ACQUISITION CORP-CL A,EDIFY ACQUISITION CORP CL A,0001214717-21-000010;0001214717-22-000010;0001214717-23-000010,,,,,,,index_name_absent
20795,57734,2022-12-08,2023-12-08,34962M10,34962M106,FORTISTAR SUSTAINABLE SOLU-A,FORTISTAR SUSTAINABLE SOLU A,0001214717-22-000010,,,,,,,index_name_absent
20798,57736,2025-01-07,2026-01-07,15673X20,15673X200,CEPTON INC,CEPTON,0001214717-24-000006,1498233,"Cepton, Inc.",2025-02-20,2025-02-20,1498233,13f_name_unique,validated
20799,57938,2022-12-16,2023-12-16,36468110,,,,,,,,,,,cusip_absent
20804,57739,2022-12-22,2023-12-22,39947R10,39947R104,GROUP NINE ACQUISITION -CL A,GROUP NINE ACQUISITION CL A,0001214717-22-000010,,,,,,,index_name_absent
20807,57744,2022-03-08,2023-03-08,42228C10,,,,,,,,,,,cusip_absent
20808,57745,2022-12-22,2023-12-22,42589T10,42589T107,HENNESSY CAPITAL INVESTMEN-A,HENNESSY CAPITAL INVESTMEN A,0001214717-22-000010,,,,,,,index_name_absent
20809,57746,2022-12-22,2023-12-22,44376010,443760103,HUDSON EXECUTIVE INVESTMENT,HUDSON EXECUTIVE INVESTMENT,0001214717-22-000010,1803901,"Talkspace, Inc.",,,,,submissions_name_mismatch
20812,57747,2022-12-15,2023-12-15,40749M10,,,,,,,,,,,cusip_absent
20815,57750,2023-01-10,2024-01-10,70470P10,,,,,,,,,,,cusip_absent
20818,57751,2023-12-19,2024-12-18,63949410,639494103,NEAR INTELLIGENCE INC,NEAR INTELLIGENCE,0001214717-23-000010,1826671,"Near Intelligence, Inc.",2024-05-09,2024-05-09,1826671,13f_name_unique,validated
20819,57945,2022-08-29,2023-08-29,46468P10,46468P102,ISLEWORTH HEALTHCARE ACQUISI,ISLEWORTH HEALTHCARE ACQUISI,0001214717-22-000010,,,,,,,index_name_absent
20823,58121,2024-03-28,2025-03-28,47768J10,47768J101,JOANN INC,JOANN,0001214717-21-000010;0001214717-22-000010;0001214717-23-000010,1834585,JOANN Inc.,2024-05-01,2024-05-01,1834585,13f_name_unique,validated
20824,57947,2022-12-15,2023-12-15,46592C10,46592C100,JOFF FINTECH ACQ CORP-A,JOFF FINTECH ACQ CORP A,0001214717-22-000010,,,,,,,index_name_absent
20826,57755,2022-12-19,2023-12-19,49837C10,49837C109,KL ACQUISITION CORP/MO-CLS A,KL ACQUISITION CORP MO CLS A,0001214717-21-000010;0001214717-22-000010,,,,,,,index_name_absent
20828,57907,2021-10-22,2022-10-22,66981N10,,,,,,,,,,,cusip_absent
20831,58124,2023-12-12,2024-12-11,48250410,482504107,KHOSLA VENTURES ACQUISITION,KHOSLA VENTURES ACQUISITION,0001214717-21-000010;0001214717-22-000010;0001214717-23-000010,1841873,Khosla Ventures Acquisition Co.,2024-02-14,2024-02-14,1841873,13f_name_unique,validated
20833,58126,2023-04-11,2024-04-10,48250610,482506102,KHOSLA VENTURES ACQUISITIO-A,KHOSLA VENTURES ACQUISITIO A,0001214717-22-000010;0001214717-23-000010,,,,,,,index_name_absent
20836,57756,2021-10-20,2022-10-20,52473X10,52473X106,LEGATO MERGER CORP,LEGATO MERGER,0001214717-21-000010,1820272,Legato Merger Corp.,2021-10-29,2021-10-29,1820272,13f_name_unique,validated
20838,58133,2022-12-14,2023-12-14,52674910,526749106,LERER HIPPEAU ACQUISITION-A,LERER HIPPEAU ACQUISITION A,0001214717-22-000010,,,,,,,index_name_absent
20839,57758,2023-01-03,2024-01-03,53228M10,,,,,,,,,,,cusip_absent
20840,57759,2022-12-01,2023-12-01,53073L10,53073L104,LIBERTY MEDIA ACQUISITION -A,LIBERTY MEDIA ACQUISITION A,0001214717-22-000010,,,,,,,index_name_absent
20844,57762,2024-03-18,2025-03-18,08773T10,08773T104,BETTER THERAPEUTICS INC,BETTER THERAPEUTICS,0001214717-22-000010;0001214717-23-000010,1832415,"Better Therapeutics, Inc.",2024-05-30,2024-05-30,1832415,13f_name_unique,validated
20847,57764,2022-12-27,2023-12-27,61531M10,61531M101,MONUMENT CIRCLE ACQUI-CL A,MONUMENT CIRCLE ACQUI CL A,0001214717-22-000010,,,,,,,index_name_absent
20851,57768,2024-07-23,2025-07-23,67086510,,,,,,,,,,,cusip_absent
20852,57769,2022-12-09,2023-12-09,68237L10,68237L105,ONE EQUITY PARTNERS OPEN-A,ONE EQUITY PARTNERS OPEN A,0001214717-22-000010,,,,,,,index_name_absent
20856,57771,2022-12-20,2023-12-20,69242M10,,,,,,,,,,,cusip_absent
20859,57963,2023-05-10,2024-05-09,74327P10,74327P105,PROGRESS ACQUISITION CORP-A,PROGRESS ACQUISITION CORP A,0001214717-23-000010,,,,,,,index_name_absent
20866,58149,2022-12-07,2023-12-07,76087310,,,,,,,,,,,cusip_absent
20870,58153,2023-06-16,2024-06-15,74349U10,74349U108,PROMETHEUS BIOSCIENCES INC,PROMETHEUS BIOSCIENCES,0001214717-21-000010;0001214717-22-000010;0001214717-23-000010,1718852,"Prometheus Biosciences, Inc.",2023-06-27,2023-06-27,1718852,13f_name_unique,validated
20871,57976,2023-07-24,2024-07-23,86934L10,86934L103,SUSTAINABLE DEVELOPMENT AC-A,SUSTAINABLE DEVELOPMENT AC A,0001214717-22-000010;0001214717-23-000010,,,,,,,index_name_absent
20872,57780,2022-12-12,2023-12-12,78406510,,,,,,,,,,,cusip_absent
20874,57782,2022-12-13,2023-12-13,80864110,808641104,SCIENCE STRATEGIC ACQUISIT-A,SCIENCE STRATEGIC ACQUISIT A,0001214717-22-000010,,,,,,,index_name_absent
20877,57784,2022-12-02,2023-12-02,04748A10,04748A106,ATHLON ACQUISITION CORP-A,ATHLON ACQUISITION CORP A,0001214717-22-000010,,,,,,,index_name_absent
20878,57982,2023-12-12,2024-12-11,88605T10,88605T100,THUNDER BRIDGE CAPITAL PAR-A,THUNDER BRIDGE CAPITAL PAR A,0001214717-22-000010;0001214717-23-000010,,,,,,,index_name_absent
20879,57985,2023-04-19,2024-04-18,70472310,704723105,PEAR THERAPEUTICS INC,PEAR THERAPEUTICS,0001214717-22-000010;0001214717-23-000010,1615898;1835567,,,,,,index_name_ambiguous
20880,57786,2024-05-10,2025-05-10,87654510,876545104,,,0001214717-21-000010;0001214717-22-000010;0001214717-23-000010;0001214717-24-000006,,,,,,,holding_name_ambiguous
20885,57791,2021-11-19,2022-11-19,92837J10,,,,,,,,,,,cusip_absent
20886,57793,2022-12-12,2023-12-12,92244F10,92244F109,VECTOIQ ACQUISITION CO-CL A,VECTOIQ ACQUISITION CO CL A,0001214717-21-000010;0001214717-22-000010,,,,,,,index_name_absent
20887,58165,2025-05-01,2026-05-01,96927A10,96927A105,WILLIAM PENN BANCORP,WILLIAM PENN BANCORP,0001214717-22-000010;0001214717-23-000010;0001214717-24-000006;0001214717-25-000006,,,,,,,index_name_absent
20890,57794,2022-12-09,2023-12-09,98880C10,,,,,,,,,,,cusip_absent
20900,58173,2022-10-19,2023-10-19,98985X10,98985X100,ZYMERGEN INC,ZYMERGEN,0001214717-22-000010,1645842,Zymergen Inc.,2022-10-31,2022-10-31,1645842,13f_name_unique,validated
20901,58174,2024-05-07,2025-05-07,00848J10,00848J104,AGILITI INC,AGILITI,0001214717-22-000010;0001214717-23-000010;0001214717-24-000006,,,,,,,index_name_absent
20906,58015,2022-12-15,2023-12-15,00777J10,,,,,,,,,,,cusip_absent
20907,57853,2022-10-27,2023-10-27,05601A10,,,,,,,,,,,cusip_absent
20908,57854,2024-07-01,2025-07-01,09175K10,,,,,,,,,,,cusip_absent
20914,57855,2023-12-04,2024-12-03,17143W10,,,,,,,,,,,cusip_absent
20915,57856,2024-08-19,2025-08-19,17144M10,17144M102,CHURCHILL CAPITAL CORP VII-A,CHURCHILL CAPITAL CORP VII A,0001214717-24-000006,,,,,,,index_name_absent
20924,57859,2022-12-30,2023-12-30,30243810,,,,,,,,,,,cusip_absent
20931,58028,2023-12-13,2024-12-12,34619V10,,,,,,,,,,,cusip_absent
20932,57861,2023-10-18,2024-10-17,36118N10,,,,,,,,,,,cusip_absent
20946,58033,2023-12-11,2024-12-10,46064R10,,,,,,,,,,,cusip_absent
20948,57864,2021-10-04,2022-10-04,49006L10,,,,,,,,,,,cusip_absent
20950,58035,2023-03-07,2024-03-06,53812610,,,,,,,,,,,cusip_absent
20951,58037,2023-12-11,2024-12-10,55380010,,,,,,,,,,,cusip_absent
20952,58038,2022-12-08,2023-12-08,60501L10,,,,,,,,,,,cusip_absent
20954,58041,2023-09-13,2024-09-12,66575B10,,,,,,,,,,,cusip_absent
20962,58042,2022-11-30,2023-11-30,79979210,,,,,,,,,,,cusip_absent
20964,57872,2022-12-16,2023-12-16,82880R10,,,,,,,,,,,cusip_absent
20965,57873,2024-02-27,2025-02-26,83363K10,,,,,,,,,,,cusip_absent
20966,57874,2022-03-17,2023-03-17,84677R10,,,,,,,,,,,cusip_absent
20970,58045,2022-12-16,2023-12-16,87301L10,,,,,,,,,,,cusip_absent
20974,57878,2022-12-28,2023-12-28,91748P10,,,,,,,,,,,cusip_absent
20979,57879,2022-09-06,2023-09-06,93627310,,,,,,,,,,,cusip_absent
20996,57898,2025-02-13,2026-02-13,45767910,457679108,INNOVID CORP,INNOVID,0001214717-22-000010;0001214717-23-000010;0001214717-24-000006,1835378,Innovid Corp.,2025-05-15,2025-05-15,1835378,13f_name_unique,validated
21028,57916,2024-03-08,2025-03-08,31423J10,31423J102,FAZE HOLDINGS INC,FAZE,0001214717-23-000010,1839360,FaZe Holdings Inc.,2024-03-26,2024-03-26,1839360,13f_name_unique,validated
21031,57923,2022-12-21,2023-12-21,19417010,,,,,,,,,,,cusip_absent
21033,58089,2022-12-12,2023-12-12,23291W10,,,,,,,,,,,cusip_absent
21036,58199,2023-10-13,2024-10-12,27870020,,,,,,,,,,,cusip_absent
21045,58101,2023-03-08,2024-03-07,33616910,336169107,FIRST RESERVE SUSTAINABLE-A,FIRST RESERVE SUSTAINABLE A,0001214717-22-000010,,,,,,,index_name_absent
21046,58102,2022-11-29,2023-11-29,74709Q10,,,,,,,,,,,cusip_absent
21049,57934,2023-12-08,2024-12-07,31809Y10,31809Y103,FINSERV ACQUISITION CORP-A,FINSERV ACQUISITION CORP A,0001214717-22-000010;0001214717-23-000010,,,,,,,index_name_absent
21054,57940,2022-12-30,2023-12-30,38286310,382863108,GORES HOLDINGS VIII INC-CL A,GORES HOLDINGS VIII INC CL A,0001214717-22-000010,,,,,,,index_name_absent
21057,57942,2022-12-16,2023-12-16,38286T10,38286T101,GORES HOLDINGS VII INC-A,GORES HOLDINGS VII INC A,0001214717-22-000010,,,,,,,index_name_absent
21059,57943,2022-12-22,2023-12-22,44376L10,44376L107,HUDSON EXECUTIVE INVESTMEN-A,HUDSON EXECUTIVE INVESTMEN A,0001214717-22-000010,,,,,,,index_name_absent
21067,58120,2023-04-25,2024-04-24,46064T10,46064T102,INTERPRIVATE IV INFRATECH-A,INTERPRIVATE IV INFRATECH A,0001214717-23-000010,,,,,,,index_name_absent
21080,58141,2022-12-05,2023-12-05,65413D10,65413D105,NIGHTDRAGON ACQUISITION CO-A,NIGHTDRAGON ACQUISITION CO A,0001214717-22-000010,,,,,,,index_name_absent
21083,58143,2022-12-02,2023-12-02,68626A10,68626A108,ORION ACQUISITION CORP-CL A,ORION ACQUISITION CORP CL A,0001214717-22-000010,,,,,,,index_name_absent
21088,58146,2022-12-23,2023-12-23,74350A10,,,,,,,,,,,cusip_absent
21092,58154,2022-12-21,2023-12-21,74981W10,,,,,,,,,,,cusip_absent
21093,57972,2022-02-10,2023-02-10,82836L10,,,,,,,,,,,cusip_absent
21094,57973,2022-12-12,2023-12-12,11134Y10,11134Y101,BROADSCALE ACQUISITION -CL A,BROADSCALE ACQUISITION CL A,0001214717-22-000010,,,,,,,index_name_absent
21099,57980,2022-12-28,2023-12-28,84919610,,,,,,,,,,,cusip_absent
21106,58223,2023-12-18,2024-12-17,89689F40,,,,,,,,,,,cusip_absent
21107,57987,2022-12-01,2023-12-01,88825H10,,,,,,,,,,,cusip_absent
21108,57988,2024-06-10,2025-06-10,90118T10,90118T106,TWELVE SEAS INVTMNT CO II -A,TWELVE SEAS INVTMNT CO II A,0001214717-23-000010;0001214717-24-000006,,,,,,,index_name_absent
21120,58231,2025-11-24,2026-11-24,92719V10,92719V100,VIMEO INC,VIMEO,0001214717-22-000010;0001214717-23-000010;0001214717-24-000006;0001214717-25-000006,1837686,"Vimeo, Inc.",2025-12-08,2026-02-17,1837686,13f_name_unique,validated
21186,21913,2024-07-08,2025-07-08,96145D10,96145D105,WESTROCK CO,WESTROCK,0001214717-21-000010;0001214717-22-000010;0001214717-23-000010;0001214717-24-000006,1732845;1940955,,,,,,index_name_ambiguous
21193,58014,2022-12-16,2023-12-16,00439D10,,,,,,,,,,,cusip_absent
21198,58018,2023-11-08,2024-11-07,42329E20,,,,,,,,,,,cusip_absent
21199,58021,2023-03-17,2024-03-16,12008J10,,,,,,,,,,,cusip_absent
21211,58026,2023-10-06,2024-10-05,31187410,,,,,,,,,,,cusip_absent
21217,58029,2022-11-23,2023-11-23,34964K10,,,,,,,,,,,cusip_absent
21218,58030,2022-11-16,2023-11-16,36146G10,,,,,,,,,,,cusip_absent
21221,58034,2022-12-15,2023-12-15,48253T10,,,,,,,,,,,cusip_absent
21229,58039,2023-03-27,2024-03-26,66516W10,,,,,,,,,,,cusip_absent
21267,58074,2022-12-23,2023-12-23,00104010,,,,,,,,,,,cusip_absent
21270,58081,2024-09-06,2025-09-06,89601Y10,89601Y101,IRIS ACQUISITION CORP,IRIS ACQUISITION,0001214717-23-000010,1831874;2064461,,,,,,index_name_ambiguous
21292,58097,2023-07-17,2024-07-16,34987510,349875104,FORUM MERGER IV CORP-A,FORUM MERGER IV CORP A,0001214717-22-000010;0001214717-23-000010,,,,,,,index_name_absent
21295,58103,2023-03-16,2024-03-15,30319B10,,,,,,,,,,,cusip_absent
21299,58108,2022-12-19,2023-12-19,37857910,,,,,,,,,,,cusip_absent
21300,58109,2022-06-24,2023-06-24,38286Q10,38286Q107,GORES GUGGENHEIM INC -CL A,GORES GUGGENHEIM INC CL A,0001214717-22-000010,,,,,,,index_name_absent
21305,58111,2022-12-16,2023-12-16,38287010,382870103,GORES TECHNOLOGY PARTNERS-A,GORES TECHNOLOGY PARTNERS A,0001214717-22-000010,,,,,,,index_name_absent
21306,58112,2022-12-16,2023-12-16,38287L10,38287L107,GORES TECHNOLOGY PRTNR II-A,GORES TECHNOLOGY PRTNR II A,0001214717-22-000010,,,,,,,index_name_absent
21307,58113,2023-03-20,2024-03-19,36260F10,,,,,,,,,,,cusip_absent
21310,58123,2023-03-17,2024-03-16,48284E10,,,,,,,,,,,cusip_absent
21313,58130,2024-02-28,2025-02-27,51477A10,51477A104,LANDCADIA HOLDINGS IV INC-A,LANDCADIA HOLDINGS IV INC A,0001214717-22-000010;0001214717-23-000010,,,,,,,index_name_absent
21325,56377,2025-09-02,2026-09-02,72016P10,72016P105,PIEDMONT LITHIUM INC,PIEDMONT LITHIUM,0001214717-22-000010;0001214717-23-000010;0001214717-24-000006;0001214717-25-000006,1728205,Piedmont Lithium Inc.,2025-09-09,2025-09-09,1728205,13f_name_unique,validated
21327,58147,2023-03-13,2024-03-12,72285010,722850104,PINE TECHNOLOGY ACQUISI-CL A,PINE TECHNOLOGY ACQUISI CL A,0001214717-22-000010,,,,,,,index_name_absent
21330,58150,2022-12-07,2023-12-07,76155Y10,76155Y108,REVOLUTION HEALTHCARE ACQU-A,REVOLUTION HEALTHCARE ACQU A,0001214717-22-000010,,,,,,,index_name_absent
21332,58155,2023-07-14,2024-07-13,86309R10,,,,,,,,,,,cusip_absent
21340,58160,2023-03-29,2024-03-28,87823R10,87823R102,TECH AND ENERGY TRANSITION-A,TECH AND ENERGY TRANSITION A,0001214717-22-000010,,,,,,,index_name_absent
21344,58314,2023-11-27,2024-11-26,98978N30,,,,,,,,,,,cusip_absent
21369,58332,2025-10-02,2026-10-02,10920V40,10920V404,NEUEHEALTH INC,NEUEHEALTH,0001214717-24-000006;0001214717-25-000006,1671284,"NeueHealth, Inc.",2025-10-14,2025-10-14,1671284,13f_name_unique,validated
21373,58335,2022-10-07,2023-10-07,21258C10,21258C108,CONVEY HEALTH SOLUTIONS HOLD,CONVEY HEALTH SOLUTIONS HOLD,0001214717-22-000010,,,,,,,index_name_absent
21517,58430,2023-09-11,2024-09-10,45232V10,,,,,,,,,,,cusip_absent
21524,58197,2022-12-13,2023-12-13,08954L10,,,,,,,,,,,cusip_absent
21546,58457,2024-08-19,2025-08-19,39878L50,39878L506,GROM SOCIAL ENTERPRISES INC,GROM SOCIAL ENTERPRISES,0001214717-24-000006,1662574,"Grom Social Enterprises, Inc.",2025-06-16,2025-06-16,1662574,13f_name_unique,validated
21554,58464,2025-12-23,2026-12-23,45828L10,45828L108,INTEGRAL AD SCIENCE HOLDING,INTEGRAL AD SCIENCE HOLDING,0001214717-22-000010;0001214717-23-000010;0001214717-24-000006;0001214717-25-000006,1842718,INTEGRAL AD SCIENCE HOLDING CORP.,2025-12-29,2026-02-12,1842718,13f_name_unique,validated
21561,58468,2022-12-29,2023-12-29,46301G10,46301G103,IRON SPARK I INC-A,IRON SPARK I INC A,0001214717-22-000010,,,,,,,index_name_absent
21568,58300,2023-02-21,2024-02-21,62402U10,,,,,,,,,,,cusip_absent
21589,58495,2025-07-25,2026-07-25,92539P10,92539P101,VERVE THERAPEUTICS INC,VERVE THERAPEUTICS,0001214717-22-000010;0001214717-23-000010;0001214717-24-000006;0001214717-25-000006,1840574,"Verve Therapeutics, Inc.",2025-08-14,2025-08-14,1840574,13f_name_unique,validated
21598,58503,2025-09-02,2026-09-02,10806B10,10806B100,BRIDGE INVESTMENT GRP HDS-A,BRIDGE INVESTMENT GRP HDS A,0001214717-22-000010;0001214717-23-000010;0001214717-24-000006;0001214717-25-000006,,,,,,,index_name_absent
21600,58505,2025-04-14,2026-04-14,70435P10,70435P102,PAYCOR HCM INC,PAYCOR HCM,0001214717-22-000010;0001214717-23-000010;0001214717-24-000006;0001214717-25-000006,1839439,"PAYCOR HCM, INC.",2025-04-24,2025-04-24,1839439,13f_name_unique,validated
21612,58513,2024-10-01,2025-10-01,73939C10,73939C106,POWERSCHOOL HOLDINGS INC-A,POWERSCHOOL HOLDINGS INC A,0001214717-22-000010;0001214717-23-000010;0001214717-24-000006,,,,,,,index_name_absent
21613,58514,2025-10-24,2026-10-24,58985J10,58985J105,MERIDIANLINK INC,MERIDIANLINK,0001214717-22-000010;0001214717-23-000010;0001214717-24-000006;0001214717-25-000006,1834494,"MeridianLink, Inc.",2025-11-18,2026-02-13,1834494,13f_name_unique,validated
21648,58522,2024-11-13,2025-11-13,45779010,457790103,INSTRUCTURE HOLDINGS INC,INSTRUCTURE,0001214717-22-000010;0001214717-23-000010;0001214717-24-000006,1841804,"INSTRUCTURE HOLDINGS, INC.",2025-02-07,2025-02-07,1841804,13f_name_unique,validated
21671,58266,2023-05-30,2024-05-29,73746510,,,,,,,,,,,cusip_absent
21711,58559,2023-07-31,2024-07-30,23312M10,,,,,,,,,,,cusip_absent
21715,58450,2022-12-28,2023-12-28,37892B10,,,,,,,,,,,cusip_absent
21719,58294,2022-12-27,2023-12-27,37518W10,,,,,,,,,,,cusip_absent
21736,58578,2025-12-23,2026-12-23,48310440,483104402,KAIVAL BRANDS INNOVATIONS GR,KAIVAL BRANDS INNOVATIONS GR,0001214717-25-000006,,,,,,,index_name_absent
21740,58475,2024-04-01,2025-04-01,62403K10,,,,,,,,,,,cusip_absent
21750,58587,2025-02-25,2026-02-25,68217N10,68217N105,OMEGA THERAPEUTICS INC,OMEGA THERAPEUTICS,0001214717-22-000010;0001214717-23-000010;0001214717-24-000006,1850838,"Omega Therapeutics, Inc.",2025-03-31,2025-03-31,1850838,13f_name_unique,validated
21752,58304,2024-01-24,2025-01-23,67550710,,,,,,,,,,,cusip_absent
21767,58601,2024-06-17,2025-06-17,83303Y10,83303Y105,SNAP ONE HOLDINGS CORP,SNAP ONE,0001214717-22-000010;0001214717-23-000010;0001214717-24-000006,1856430,Snap One Holdings Corp.,2024-06-24,2024-06-24,1856430,13f_name_unique,validated
21772,58489,2022-12-30,2023-12-30,84865110,,,,,,,,,,,cusip_absent
21774,58606,2024-08-02,2025-08-02,87224V10,87224V108,TC BANCSHARES INC,TC BANCSHARES,0001214717-23-000010;0001214717-24-000006,1850398,"TC Bancshares, Inc.",2024-08-29,2024-08-29,1850398,13f_name_unique,validated
21789,58621,2023-02-21,2024-02-21,94770D10,94770D102,WEBER INC - CLASS A,WEBER INC CLASS A,0001214717-22-000010,,,,,,,index_name_absent
21795,58516,2023-12-19,2024-12-18,00502910,,,,,,,,,,,cusip_absent
21807,58627,2023-05-19,2024-05-18,44951N10,44951N106,IDW MEDIA HOLDINGS INC-B,IDW MEDIA HOLDINGS INC B,0001214717-22-000010;0001214717-23-000010,,,,,,,index_name_absent
21831,58647,2024-08-05,2025-08-05,09074H20,09074H203,BIOTRICITY INC,BIOTRICITY,0001214717-24-000006,1630113,BIOTRICITY INC.,2025-12-19,2026-08-19,,,filing_after_grace
21839,58440,2022-12-23,2023-12-23,25402810,,,,,,,,,,,cusip_absent
21846,58449,2022-12-28,2023-12-28,31811H10,,,,,,,,,,,cusip_absent
21850,58566,2022-07-07,2023-07-07,36242510,,,,,,,,,,,cusip_absent
21851,58567,2023-03-16,2024-03-15,38216G10,,,,,,,,,,,cusip_absent
21852,58461,2023-06-20,2024-06-19,47201B10,47201B103,JAWS HURRICANE ACQUISITION-A,JAWS HURRICANE ACQUISITION A,0001214717-22-000010;0001214717-23-000010,,,,,,,index_name_absent
21858,58473,2023-06-16,2024-06-15,54141L10,54141L100,LOGISTICS INNOVATION TECH-A,LOGISTICS INNOVATION TECH A,0001214717-23-000010,,,,,,,index_name_absent
21877,58485,2022-12-22,2023-12-22,82282110,,,,,,,,,,,cusip_absent
21883,58491,2024-12-11,2025-12-11,88605L10,,,,,,,,,,,cusip_absent
21887,58690,2024-02-28,2025-02-27,27888N40,,,,,,,,,,,cusip_absent
21888,58498,2023-06-16,2024-06-15,98957010,989570106,ZIMMER ENERGY TRANSITION -A,ZIMMER ENERGY TRANSITION A,0001214717-22-000010;0001214717-23-000010,,,,,,,index_name_absent
21897,58699,2024-10-31,2025-10-31,85917T10,85917T109,STERLING CHECK CORP,STERLING CHECK,0001214717-22-000010;0001214717-23-000010;0001214717-24-000006,1645070,Sterling Check Corp.,2025-02-06,2025-02-06,1645070,13f_name_unique,validated
21908,58546,2025-09-12,2026-09-12,14292212,,,,,,,,,,,cusip_absent
21924,58556,2024-09-04,2025-09-04,18915E10,,,,,,,,,,,cusip_absent
21925,58654,2023-08-14,2024-08-13,21289P10,21289P102,CONYERS PARK III ACQUISITI-A,CONYERS PARK III ACQUISITI A,0001214717-23-000010,,,,,,,index_name_absent
21932,58664,2024-01-24,2025-01-23,37653T10,,,,,,,,,,,cusip_absent
21938,58729,2024-07-24,2025-07-24,04625J40,,,,,,,,,,,cusip_absent
21943,58580,2024-07-17,2025-07-17,58938110,,,,,,,,,,,cusip_absent
21950,58738,2024-05-07,2025-05-07,68217M10,68217M107,OMNIQ CORP,OMNIQ,0001214717-23-000010;0001214717-24-000006,278165,OMNIQ Corp.,2025-12-08,2026-08-18,,,filing_after_grace
21951,58740,2022-12-19,2023-12-19,69512X10,,,,,,,,,,,cusip_absent
21958,58682,2022-08-29,2023-08-29,76939510,,,,,,,,,,,cusip_absent
21962,58746,2024-03-12,2025-03-12,84612U10,84612U107,SOVOS BRANDS INC,SOVOS BRANDS,0001214717-22-000010;0001214717-23-000010,1856608,"Sovos Brands, Inc.",2024-03-22,2024-03-22,1856608,13f_name_unique,validated
21966,58685,2024-06-11,2025-06-11,85205U10,85205U107,SPRINGWATER SPECIAL SITUATIO,SPRINGWATER SPECIAL SITUATIO,0001214717-23-000010,,,,,,,index_name_absent
21967,58748,2023-10-16,2024-10-15,88526010,885260109,THORNE HEALTHTECH INC,THORNE HEALTHTECH,0001214717-22-000010;0001214717-23-000010,1844280,"Thorne Healthtech, Inc.",2023-11-06,2023-11-06,1844280,13f_name_unique,validated
21969,58610,2023-07-26,2024-07-25,09001T10,,,,,,,,,,,cusip_absent
22003,58758,2024-01-26,2025-01-25,29283F10,29283F103,ENGAGESMART INC,ENGAGESMART,0001214717-22-000010;0001214717-23-000010,1863105,"EngageSmart, Inc.",2024-02-07,2024-02-07,1863105,13f_name_unique,validated
22069,58530,2024-03-01,2025-03-01,96951B10,,,,,,,,,,,cusip_absent
22081,58777,2025-10-15,2026-10-15,05368X10,05368X102,AVIDXCHANGE HOLDINGS INC,AVIDXCHANGE,0001214717-22-000010;0001214717-23-000010;0001214717-24-000006;0001214717-25-000006,1117565;1858257,,,,,,index_name_ambiguous
22087,58781,2025-11-18,2026-11-18,45674M10,45674M101,INFORMATICA INC - CLASS A,INFORMATICA INC CLASS A,0001214717-22-000010;0001214717-23-000010;0001214717-24-000006;0001214717-25-000006,,,,,,,index_name_absent
22100,58756,2024-09-03,2025-09-03,20607U10,,,,,,,,,,,cusip_absent
22148,58770,2023-02-01,2024-02-01,69901P10,,,,,,,,,,,cusip_absent
22149,58802,2025-04-21,2026-04-21,69913P10,69913P105,PARAGON 28 INC,PARAGON 28,0001214717-22-000010;0001214717-23-000010;0001214717-24-000006;0001214717-25-000006,1531978,"Paragon 28, Inc.",2025-05-15,2025-05-15,1531978,13f_name_unique,validated
22158,58804,2023-11-22,2024-11-21,83543110,835431107,SONENDO INC,SONENDO,0001214717-22-000010;0001214717-23-000010,1407973,"Sonendo, Inc.",2025-05-12,2026-02-11,,,filing_after_grace
22179,58824,2024-10-18,2025-10-18,02083E20,02083E204,ALPINE 4 HOLDINGS INC,ALPINE 4,0001214717-24-000006,1606698,"ALPINE 4 HOLDINGS, INC.",2025-05-06,2025-05-06,1606698,13f_name_unique,validated
22180,58643,2023-08-18,2024-08-17,05467C10,,,,,,,,,,,cusip_absent
22183,58828,2024-10-02,2025-10-02,05105P10,05105P107,AUGMEDIX INC,AUGMEDIX,0001214717-22-000010;0001214717-23-000010;0001214717-24-000006,1769804,"Augmedix, Inc.",2024-11-13,2024-11-13,1769804,13f_name_unique,validated
22187,58710,2025-03-17,2026-03-17,06664410,,,,,,,,,,,cusip_absent
22188,58711,2023-05-15,2024-05-14,06654K10,,,,,,,,,,,cusip_absent
22192,58649,2023-09-01,2024-08-31,14739D10,,,,,,,,,,,cusip_absent
22202,58717,2023-02-02,2024-02-02,23344T10,,,,,,,,,,,cusip_absent
22214,58867,2023-03-21,2024-03-20,54911Q10,54911Q107,LOYALTY VENTURES INC,LOYALTY VENTURES,0001214717-22-000010,1870997,Loyalty Ventures Inc.,2023-06-05,2023-06-05,1870997,13f_name_unique,validated
22216,58668,2023-05-25,2024-05-24,60436Q10,,,,,,,,,,,cusip_absent
22228,58677,2024-04-19,2025-04-19,69291C10,,,,,,,,,,,cusip_absent
22233,58678,2023-04-11,2024-04-10,02083L10,,,,,,,,,,,cusip_absent
22245,58896,2025-05-13,2026-05-13,90138410,901384107,2SEVENTY BIO INC,2SEVENTY BIO,0001214717-22-000010;0001214717-23-000010;0001214717-24-000006;0001214717-25-000006,1860782,"2seventy bio, Inc.",2025-08-14,2025-08-14,1860782,13f_name_unique,validated
22257,58752,2025-03-21,2026-03-21,97655B10,,,,,,,,,,,cusip_absent
22271,58639,2024-08-16,2025-08-16,04208V10,,,,,,,,,,,cusip_absent
22275,58707,2022-12-21,2023-12-21,04026L10,,,,,,,,,,,cusip_absent
22276,58709,2023-11-06,2024-11-05,04303A10,04303A103,ARTEMIS STRATEGIC INVES-CL A,ARTEMIS STRATEGIC INVES CL A,0001214717-22-000010;0001214717-23-000010,,,,,,,index_name_absent
22279,58831,2024-04-09,2025-04-09,00444X10,,,,,,,,,,,cusip_absent
22288,58835,2023-04-25,2024-04-24,09370F10,,,,,,,,,,,cusip_absent
22290,58929,2024-12-20,2025-12-20,09606H30,,,,,,,,,,,cusip_absent
22292,58715,2023-05-01,2024-04-30,12561U10,12561U109,CIIG CAPITAL PARTNERS II-A,CIIG CAPITAL PARTNERS II A,0001214717-23-000010,,,,,,,index_name_absent
22303,58854,2025-04-02,2026-04-02,56608A10,56608A105,MARBLEGATE ACQUISITION COR-A,MARBLEGATE ACQUISITION COR A,0001214717-22-000010;0001214717-23-000010;0001214717-24-000006;0001214717-25-000006,,,,,,,index_name_absent
22305,58724,2025-04-04,2026-04-04,42600H10,42600H108,HENNESSY CAPITAL INVEST-CL A,HENNESSY CAPITAL INVEST CL A,0001214717-23-000010;0001214717-24-000006;0001214717-25-000006,,,,,,,index_name_absent
22309,58727,2023-10-19,2024-10-18,43734R10,,,,,,,,,,,cusip_absent
22318,58864,2023-03-30,2024-03-29,57778T10,57778T106,MAXPRO CAPITAL ACQUISITION-A,MAXPRO CAPITAL ACQUISITION A,0001214717-22-000010,,,,,,,index_name_absent
22335,58887,2023-10-12,2024-10-11,80821210,808212104,SCHULTZE SPECIAL PURPOSE-A,SCHULTZE SPECIAL PURPOSE A,0001214717-22-000010,,,,,,,index_name_absent
22336,58888,2022-10-21,2023-10-21,79956P10,,,,,,,,,,,cusip_absent
22339,58744,2022-12-19,2023-12-19,82633210,,,,,,,,,,,cusip_absent
22351,58989,2024-05-09,2025-05-09,92244V10,92244V104,VAXXINITY INC-A,VAXXINITY INC A,0001214717-22-000010;0001214717-23-000010;0001214717-24-000006,,,,,,,index_name_absent
22355,58754,2024-09-30,2025-09-30,08369010,,,,,,,,,,,cusip_absent
22359,58789,2023-12-08,2024-12-07,09216A10,,,,,,,,,,,cusip_absent
22370,58792,2023-04-06,2024-04-05,23324710,,,,,,,,,,,cusip_absent
22378,58757,2024-04-30,2025-04-30,25460L10,,,,,,,,,,,cusip_absent
22390,58793,2023-07-12,2024-07-11,42032P10,,,,,,,,,,,cusip_absent
22395,58767,2023-11-30,2024-11-29,53808610,,,,,,,,,,,cusip_absent
22413,59011,2023-01-12,2024-01-12,91734E10,91734E101,USERTESTING INC,USERTESTING,0001214717-22-000010,1557127,"UserTesting, Inc.",2023-02-14,2023-02-14,1557127,13f_name_unique,validated
22417,59013,2022-12-13,2023-12-13,97265W10,,,,,,,,,,,cusip_absent
22424,59023,2025-02-27,2026-02-27,41810010,418100103,HASHICORP INC-CL A,HASHICORP INC CL A,0001214717-22-000010;0001214717-23-000010;0001214717-24-000006,,,,,,,index_name_absent
22439,58995,2023-02-01,2024-02-01,03752A10,,,,,,,,,,,cusip_absent
22440,58787,2023-10-20,2024-10-19,04684M10,,,,,,,,,,,cusip_absent
22470,58795,2022-11-14,2023-11-14,45617P10,,,,,,,,,,,cusip_absent
22474,59005,2023-10-10,2024-10-09,48203N10,,,,,,,,,,,cusip_absent
22480,58799,2023-09-21,2024-09-20,55407R10,,,,,,,,,,,cusip_absent
22521,58821,2024-11-05,2025-11-05,02157M10,,,,,,,,,,,cusip_absent
22522,58917,2022-12-09,2023-12-09,04005A10,,,,,,,,,,,cusip_absent
22524,58826,2023-01-13,2024-01-13,03881F10,,,,,,,,,,,cusip_absent
22527,58920,2024-03-01,2025-03-01,04045010,,,,,,,,,,,cusip_absent
22528,58830,2023-06-08,2024-06-07,05338E10,05338E101,AVALON ACQUISITION INC-A,AVALON ACQUISITION INC A,0001214717-22-000010;0001214717-23-000010,,,,,,,index_name_absent
22544,58845,2023-12-27,2024-12-26,00438Y10,00438Y107,ACCRETION ACQUISITION CORP,ACCRETION ACQUISITION,0001214717-22-000010;0001214717-23-000010,1855555,ACCRETION ACQUISITION CORP.,2024-02-07,2024-02-07,1855555,13f_name_unique,validated
22556,59077,2024-12-17,2025-12-17,37892F10,,,,,,,,,,,cusip_absent
22570,58957,2024-03-27,2025-03-27,53118A10,,,,,,,,,,,cusip_absent
22571,58958,2023-03-08,2024-03-07,53626210,,,,,,,,,,,cusip_absent
22572,58866,2023-05-15,2024-05-14,51934510,,,,,,,,,,,cusip_absent
22574,58963,2024-11-21,2025-11-21,62404B10,62404B107,MOUNTAIN CREST ACQUISITION,MOUNTAIN CREST ACQUISITION,0001214717-22-000010;0001214717-23-000010;0001214717-24-000006,1803914,"Playboy, Inc.",,,,,submissions_name_mismatch
22575,58966,2023-03-06,2024-03-05,58176U10,,,,,,,,,,,cusip_absent
22579,58967,2023-10-02,2024-10-01,58759A10,,,,,,,,,,,cusip_absent
22581,58871,2023-04-26,2024-04-25,65145010,651450108,NEWHOLD INVESTMENT CORP II-A,NEWHOLD INVESTMENT CORP II A,0001214717-23-000010,,,,,,,index_name_absent
22587,58875,2023-12-28,2024-12-27,67100510,,,,,,,,,,,cusip_absent
22589,58877,2024-08-07,2025-08-07,84753T10,84753T109,SPECTAIRE HOLDINGS INC,SPECTAIRE,0001214717-24-000006,1844149,Spectaire Holdings Inc.,2025-04-21,2025-04-21,1844149,13f_name_unique,validated
22590,58878,2022-12-19,2023-12-19,70184A10,,,,,,,,,,,cusip_absent
22599,58889,2023-02-02,2024-02-02,81220410,,,,,,,,,,,cusip_absent
22601,58978,2022-12-28,2023-12-28,84854Q10,,,,,,,,,,,cusip_absent
22612,58992,2024-10-28,2025-10-28,92838J10,,,,,,,,,,,cusip_absent
22616,58904,2024-10-02,2025-10-02,30069X10,30069X102,EXCELFIN ACQUISITION CORP-A,EXCELFIN ACQUISITION CORP A,0001214717-23-000010,,,,,,,index_name_absent
22640,58933,2024-06-28,2025-06-28,13767K10,13767K101,CANNA-GLOBAL ACQUISITIO-CL A,CANNA GLOBAL ACQUISITIO CL A,0001214717-22-000010;0001214717-23-000010,,,,,,,index_name_absent
22646,58850,2024-08-20,2025-08-20,31813610,,,,,,,,,,,cusip_absent
22647,59072,2023-08-31,2024-08-30,31772T10,,,,,,,,,,,cusip_absent
22650,59073,2023-12-18,2024-12-17,36550610,,,,,,,,,,,cusip_absent
22661,59084,2024-12-17,2025-12-17,45333D10,45333D104,INCEPTION GROWTH ACQUISITION,INCEPTION GROWTH ACQUISITION,0001214717-23-000010;0001214717-24-000006,1866838,Inception Growth Acquisition Ltd,2025-12-10,2026-08-04,,,filing_after_grace
22668,58952,2023-10-03,2024-10-02,50202D10,50202D102,LF CAPITAL ACQUISITION -CLA,LF CAPITAL ACQUISITION CLA,0001214717-23-000010,,,,,,,index_name_absent
22677,58883,2023-03-01,2024-02-29,62300610,,,,,,,,,,,cusip_absent
22678,59099,2024-12-09,2025-12-09,77867R10,,,,,,,,,,,cusip_absent
22690,58991,2023-05-16,2024-05-15,91842V10,,,,,,,,,,,cusip_absent
22694,58994,2023-08-23,2024-08-22,30320F10,30320F106,FTAC ZEUS ACQUISITION C-CL A,FTAC ZEUS ACQUISITION C CL A,0001214717-23-000010,,,,,,,index_name_absent
22703,59028,2024-12-11,2025-12-11,04687C10,,,,,,,,,,,cusip_absent
22704,58996,2023-12-12,2024-12-11,07402Q10,,,,,,,,,,,cusip_absent
22715,59002,2024-12-02,2025-12-02,29978K10,,,,,,,,,,,cusip_absent
22722,59004,2024-03-12,2025-03-12,45827R10,,,,,,,,,,,cusip_absent
22723,59032,2023-06-13,2024-06-12,46653C10,,,,,,,,,,,cusip_absent
22726,59006,2023-12-19,2024-12-18,62956710,,,,,,,,,,,cusip_absent
22738,59008,2023-12-04,2024-12-03,82537G10,,,,,,,,,,,cusip_absent
22746,59038,2024-09-06,2025-09-06,89301B10,,,,,,,,,,,cusip_absent
22764,59056,2024-09-17,2025-09-17,04264410,,,,,,,,,,,cusip_absent
22766,59119,2025-01-23,2026-01-23,11125B10,,,,,,,,,,,cusip_absent
22769,59065,2024-12-23,2025-12-23,12521H10,,,,,,,,,,,cusip_absent
22775,59078,2024-06-21,2025-06-21,00809J10,,,,,,,,,,,cusip_absent
22791,59096,2024-03-04,2025-03-04,76137R10,,,,,,,,,,,cusip_absent
22800,58983,2024-02-28,2025-02-27,83014E10,83014E109,SIZZLE ACQUISITION CORP,SIZZLE ACQUISITION,0001214717-23-000010,1829322,Sizzle Acquisition Corp.,2024-03-08,2024-03-08,1829322,13f_name_unique,validated
22802,59198,2024-06-21,2025-06-21,89386L10,89386L100,TRANSPHORM INC,TRANSPHORM,0001214717-23-000010;0001214717-24-000006,1715768,"Transphorm, Inc.",2024-11-14,2024-11-14,1715768,13f_name_unique,validated
22803,59144,2023-07-20,2024-07-19,92838K10,,,,,,,,,,,cusip_absent
22810,59029,2024-10-11,2025-10-11,05150A10,,,,,,,,,,,cusip_absent
22823,59149,2023-10-24,2024-10-23,12530D10,,,,,,,,,,,cusip_absent
22888,59167,2025-11-07,2026-11-07,23290B20,,,,,,,,,,,cusip_absent
22895,59128,2024-11-26,2025-11-26,26431Q10,,,,,,,,,,,cusip_absent
22898,59129,2024-12-06,2025-12-06,38287A10,38287A101,GORES HOLDING IX INC-CL A,GORES HOLDING IX INC CL A,0001214717-23-000010;0001214717-24-000006,,,,,,,index_name_absent
22901,59134,2023-11-03,2024-11-02,45635R10,,,,,,,,,,,cusip_absent
22910,59139,2025-01-23,2026-01-23,69882P10,,,,,,,,,,,cusip_absent
22914,59193,2023-05-30,2024-05-29,82664R10,,,,,,,,,,,cusip_absent
22928,30963,2024-09-04,2025-09-04,25271C20,25271C201,DIAMOND OFFSHORE DRILLING IN,DIAMOND OFFSHORE DRILLING IN,0001214717-23-000010;0001214717-24-000006,,,,,,,index_name_absent
22937,59153,2023-07-26,2024-07-25,42237V10,,,,,,,,,,,cusip_absent
22945,59214,2023-05-09,2024-05-08,49436K10,,,,,,,,,,,cusip_absent
22946,59154,2023-12-06,2024-12-05,49910310,,,,,,,,,,,cusip_absent
23011,59169,2025-02-18,2026-02-18,12442010,,,,,,,,,,,cusip_absent
23021,59176,2025-05-22,2026-05-22,45095830,450958301,ICORECONNECT INC,ICORECONNECT,0001214717-25-000006,1408057;1906133,,,,,,index_name_ambiguous
23024,59177,2025-02-26,2026-02-26,36119D10,,,,,,,,,,,cusip_absent
23025,59223,2025-03-26,2026-03-26,38136Y10,,,,,,,,,,,cusip_absent
23028,59178,2023-08-04,2024-08-03,37187C10,,,,,,,,,,,cusip_absent
23048,59191,2023-01-12,2024-01-12,75944B10,,,,,,,,,,,cusip_absent
23049,59230,2025-02-14,2026-02-14,74954L10,,,,,,,,,,,cusip_absent
23183,59291,2025-04-15,2026-04-15,37961B10,,,,,,,,,,,cusip_absent
23200,59276,2025-04-28,2026-04-28,98741Y10,,,,,,,,,,,cusip_absent
23233,59340,2024-04-18,2025-04-18,60737110,,,,,,,,,,,cusip_absent
23256,59350,2024-10-10,2025-10-10,34988N10,34988N104,FORZA X1 INC,FORZA X1,0001214717-24-000006,1901305,"Forza X1, Inc.",2025-02-12,2025-02-12,1901305,13f_name_unique,validated
23267,59357,2025-04-04,2026-04-04,28252B85,,,,,,,,,,,cusip_absent
23271,59361,2024-09-06,2025-09-06,42371L20,,,,,,,,,,,cusip_absent
23380,59390,2024-08-09,2025-08-09,54352F20,54352F206,LOOP MEDIA INC,LOOP MEDIA,0001214717-23-000010;0001214717-24-000006,1643988,"Loop Media, Inc.",2025-10-20,2025-10-20,,,filing_after_grace
23397,59395,2025-04-10,2026-04-10,62956D30,,,,,,,,,,,cusip_absent
23418,59377,2023-12-11,2024-12-10,60742N10,,,,,,,,,,,cusip_absent
23451,59412,2025-03-07,2026-03-07,03842W10,,,,,,,,,,,cusip_absent
23511,59398,2025-03-10,2026-03-10,37962G10,,,,,,,,,,,cusip_absent
23512,59403,2024-11-22,2025-11-22,74738V10,,,,,,,,,,,cusip_absent
23620,59413,2024-07-23,2025-07-23,44364H10,,,,,,,,,,,cusip_absent
23622,59459,2024-09-05,2025-09-05,00548H10,00548H101,ADAMAS ONE CORP,ADAMAS ONE,0001214717-24-000006,1884072,Adamas One Corp.,2025-03-05,2025-03-05,1884072,13f_name_unique,validated
23673,59475,2025-02-20,2026-02-20,55317F20,,,,,,,,,,,cusip_absent
23677,59443,2024-06-07,2025-06-07,72942P10,,,,,,,,,,,cusip_absent
23782,59488,2024-08-01,2025-08-01,15719Y10,,,,,,,,,,,cusip_absent
23846,59482,2024-11-04,2025-11-04,82836N10,,,,,,,,,,,cusip_absent
23881,59514,2025-10-17,2026-10-17,35088F10,,,,,,,,,,,cusip_absent
24085,54311,2025-12-16,2026-12-16,53122972,531229722,LIBERTY MEDIA CORP-LIBERTY-C,LIBERTY MEDIA CORP LIBERTY C,0001214717-24-000006;0001214717-25-000006,,,,,,,index_name_absent
24248,21206,2025-12-15,2026-12-15,01852230,018522300,ALLETE INC,ALLETE,0001214717-21-000010;0001214717-22-000010;0001214717-23-000010;0001214717-24-000006;0001214717-25-000006,66756,ALLETE INC,2025-12-29,2025-12-29,66756,13f_name_unique,validated
24283,59665,2024-02-26,2025-02-25,75525N10,,,,,,,,,,,cusip_absent
24288,59669,2025-04-21,2026-04-21,87168W20,87168W203,SYRA HEALTH CORP - CLASS A,SYRA HEALTH CORP CLASS A,0001214717-24-000006;0001214717-25-000006,,,,,,,index_name_absent
24378,59681,2024-03-07,2025-03-07,64187110,,,,,,,,,,,cusip_absent
24476,1033,2022-07-01,2023-07-01,19247910,192479103,COHERENT INC,COHERENT,0001214717-21-000010;0001214717-22-000010,21510;820318;1928109,,,,,,index_name_ambiguous
24478,59697,2024-08-05,2025-08-05,36466210,,,,,,,,,,,cusip_absent
24487,59639,2024-09-13,2025-09-13,65445K10,,,,,,,,,,,cusip_absent
24626,59737,2024-09-11,2025-09-11,82932V50,,,,,,,,,,,cusip_absent
25799,60065,2025-01-06,2026-01-06,69004510,,,,,,,,,,,cusip_absent
26614,21637,2023-02-01,2024-02-01,83851810,838518108,SOUTH JERSEY INDUSTRIES,SOUTH JERSEY INDUSTRIES,0001214717-21-000010;0001214717-22-000010,91928,SOUTH JERSEY INDUSTRIES INC,2023-02-17,2023-02-17,91928,13f_name_unique,validated
27043,21859,2021-04-15,2022-04-15,92220P10,92220P105,VARIAN MEDICAL SYSTEMS INC,VARIAN MEDICAL SYSTEMS,0001214717-21-000010,203527,VARIAN MEDICAL SYSTEMS INC,2021-04-26,2021-04-26,203527,13f_name_unique,validated
27430,20518,2021-06-07,2022-06-07,21683110,216831107,COOPER TIRE & RUBBER,COOPER TIRE RUBBER,0001214717-21-000010,24491,COOPER TIRE & RUBBER CO,2025-05-30,2026-06-02,,,filing_after_grace
28484,20064,2025-07-18,2026-07-18,42809H10,42809H107,HESS CORP,HESS,0001214717-21-000010;0001214717-22-000010;0001214717-23-000010;0001214717-24-000006;0001214717-25-000006,4447,HESS CORP,2025-08-08,2026-03-04,4447,13f_name_unique,validated
31051,6593,2024-07-09,2025-07-09,26815750,268157500,DYNATRONICS CORP,DYNATRONICS,0001214717-23-000010,720875,DYNATRONICS CORP,2025-12-17,2026-02-17,,,filing_after_grace
31077,20541,2021-05-25,2022-05-25,22966910,229669106,CUBIC CORP,CUBIC,0001214717-21-000010,,,,,,,index_name_absent
31500,1451,2021-03-01,2022-03-01,27826510,,,,,,,,,,,cusip_absent
35917,5908,2022-02-16,2023-02-16,32086710,320867104,FIRST MIDWEST BANCORP INC/IL,FIRST MIDWEST BANCORP INC IL,0001214717-21-000010,,,,,,,index_name_absent
38682,20594,2022-02-28,2023-02-28,25786720,257867200,RR DONNELLEY & SONS CO,RR DONNELLEY SONS,0001214717-21-000010,29669,RR Donnelley & Sons Co,2022-03-15,2022-03-15,29669,13f_name_unique,validated
40440,20582,2023-05-30,2024-05-29,25365110,253651103,DIEBOLD NIXDORF INC,DIEBOLD NIXDORF,0001214717-21-000010;0001214717-22-000010;0001214717-23-000010,28823,"DIEBOLD NIXDORF, Inc",2025-11-18,2026-07-31,,,filing_after_grace
41574,21594,2022-05-25,2023-05-25,46121H10,46121H109,INTRICON CORP,INTRICON,0001214717-21-000010;0001214717-22-000010,88790,INTRICON CORP,2022-06-03,2022-06-03,88790,13f_name_unique,validated
42796,21189,2021-12-02,2022-12-02,58943310,589433101,MEREDITH CORP,MEREDITH,0001214717-21-000010,65011;1880863,,,,,,index_name_ambiguous
43634,2293,2021-10-18,2022-10-18,87960W20,87960W203,TELIGENT INC,TELIGENT,0001214717-21-000010,352998,"Teligent, Inc.",2022-02-14,2022-02-14,352998,13f_name_unique,validated
43837,5342,2022-02-16,2023-02-16,45344030,453440307,INDEPENDENCE HOLDING CO,INDEPENDENCE HOLDING,0001214717-21-000010,701869,INDEPENDENCE HOLDING CO,2022-02-28,2022-02-28,701869,13f_name_unique,validated
44230,6104,2023-12-21,2024-12-20,69283050,692830508,P & F INDUSTRIES -CL A,P F INDUSTRIES CL A,0001214717-22-000010;0001214717-23-000010,,,,,,,index_name_absent
44274,2366,2021-05-17,2022-05-17,00770F10,00770F104,AEGION CORP,AEGION,0001214717-21-000010,353020,Aegion Corp,2021-05-26,2021-05-26,353020,13f_name_unique,validated
46340,21551,2024-02-12,2025-02-11,78644930,,,,,,,,,,,cusip_absent
46922,21515,2023-10-16,2024-10-15,76775487,767754872,RITE AID CORP,RITE AID,0001214717-21-000010;0001214717-22-000010;0001214717-23-000010,84129,"NEW RITE AID, LLC",,,,,submissions_name_mismatch
47002,2488,2024-04-19,2025-04-19,48354810,483548103,KAMAN CORP,KAMAN,0001214717-21-000010;0001214717-22-000010;0001214717-23-000010;0001214717-24-000006,54381,KAMAN Corp,2024-04-30,2024-04-30,54381,13f_name_unique,validated
47677,20448,2021-09-07,2022-09-07,17187150,171871502,CINCINNATI BELL INC,CINCINNATI BELL,0001214717-21-000010,716133,CINCINNATI BELL INC,2025-11-12,2026-05-13,,,filing_after_grace
47715,2498,2023-06-01,2024-05-31,49427410,494274103,KIMBALL INTERNATIONAL-B,KIMBALL INTERNATIONAL B,0001214717-21-000010;0001214717-22-000010;0001214717-23-000010,,,,,,,index_name_absent
50585,20867,2023-08-18,2024-08-17,91728610,,,,,,,,,,,cusip_absent
50623,3083,2021-04-07,2022-04-07,55377710,553777103,MTS SYSTEMS CORP,MTS SYSTEMS,0001214717-21-000010,68709,MTS SYSTEMS CORP,2021-05-07,2021-05-07,68709,13f_name_unique,validated
52716,20913,2021-12-13,2022-12-13,43147510,431475102,HILL-ROM HOLDINGS INC,HILL ROM,0001214717-21-000010,47518,"Hill-Rom Holdings, Inc.",2021-12-23,2021-12-23,47518,13f_name_unique,validated
53065,20997,2025-11-28,2026-11-28,46069010,460690100,INTERPUBLIC GROUP OF COS INC,INTERPUBLIC GROUP OF COS,0001214717-21-000010;0001214717-22-000010;0001214717-23-000010;0001214717-24-000006;0001214717-25-000006,,,,,,,index_name_absent
55029,9480,2022-02-28,2023-02-28,60972010,609720107,MONMOUTH REAL ESTATE INV COR,MONMOUTH REAL ESTATE INV COR,0001214717-21-000010,,,,,,,index_name_absent
55634,20866,2022-01-25,2023-01-25,40423210,,,,,,,,,,,cusip_absent
56710,3262,2022-07-01,2023-07-01,63754610,,,,,,,,,,,cusip_absent
57913,3133,2025-07-08,2026-07-08,92243A20,92243A200,VAXART INC,VAXART,0001214717-21-000010;0001214717-22-000010;0001214717-23-000010;0001214717-24-000006;0001214717-25-000006,72444,"Vaxart, Inc.",2025-12-29,2026-08-25,,,filing_after_grace
58501,3236,2021-10-15,2022-10-15,36225V10,36225V104,GP STRATEGIES CORP,GP STRATEGIES,0001214717-21-000010,70415,GP STRATEGIES CORP,2021-10-25,2021-10-25,70415,13f_name_unique,validated
62033,3781,2021-11-30,2022-11-30,75421210,754212108,RAVEN INDUSTRIES INC,RAVEN INDUSTRIES,0001214717-21-000010,82166,RAVEN INDUSTRIES INC,2022-02-14,2022-02-14,82166,13f_name_unique,validated
62341,3526,2023-08-07,2024-08-06,69327R10,69327R101,PDC ENERGY INC,PDC ENERGY,0001214717-21-000010;0001214717-22-000010;0001214717-23-000010,77877,"PDC ENERGY, INC.",2024-02-09,2024-02-09,77877,13f_name_unique,validated
63765,4338,2024-10-01,2025-10-01,84546710,845467109,SOUTHWESTERN ENERGY CO,SOUTHWESTERN ENERGY,0001214717-21-000010;0001214717-22-000010;0001214717-23-000010;0001214717-24-000006,7332,SOUTHWESTERN ENERGY CO,2024-10-11,2024-10-11,7332,13f_name_unique,validated
64899,1015,2022-11-11,2023-11-11,21036P20,,,,,,,,,,,cusip_absent
66245,21130,2024-04-19,2025-04-19,55267610,552676108,MDC HOLDINGS INC,MDC,0001214717-21-000010;0001214717-22-000010;0001214717-23-000010;0001214717-24-000006,,,,,,,index_name_absent
67029,3333,2024-11-01,2025-11-01,46564T10,46564T107,ITERIS INC,ITERIS,0001214717-21-000010;0001214717-22-000010;0001214717-23-000010;0001214717-24-000006,350868,"ITERIS, INC.",2025-02-14,2025-02-14,350868,13f_name_unique,validated
68021,21114,2021-10-19,2022-10-19,14067E50,14067E506,CAPSTEAD MORTGAGE CORP,CAPSTEAD MORTGAGE,0001214717-21-000010,766701,CAPSTEAD MORTGAGE CORP,2021-10-28,2021-10-28,766701,13f_name_unique,validated
71271,20043,2022-10-19,2023-10-19,01717510,017175100,ALLEGHANY CORP,ALLEGHANY,0001214717-21-000010;0001214717-22-000010,,,,,,,index_name_absent
71985,7064,2025-07-01,2026-07-01,82569810,825698103,SHYFT GROUP INC/THE,SHYFT GROUP INC THE,0001214717-21-000010;0001214717-22-000010;0001214717-23-000010;0001214717-24-000006;0001214717-25-000006,,,,,,,index_name_absent
72119,20982,2025-10-31,2026-10-31,45816D10,45816D100,,,0001214717-21-000010;0001214717-22-000010;0001214717-23-000010;0001214717-24-000006;0001214717-25-000006,,,,,,,holding_name_ambiguous
74500,4456,2024-07-01,2025-07-01,87288520,872885207,TSR INC,TSR,0001214717-22-000010;0001214717-23-000010,98338,TSR INC,2024-07-09,2024-07-09,98338,13f_name_unique,validated
74836,6389,2021-01-25,2022-01-25,87840910,,,,,,,,,,,cusip_absent
75100,21753,2021-01-07,2022-01-07,88654710,,,,,,,,,,,cusip_absent
75104,21866,2025-08-07,2026-08-07,92556H10,92556H107,,,0001214717-21-000010;0001214717-22-000010;0001214717-23-000010;0001214717-24-000006;0001214717-25-000006,,,,,,,holding_name_ambiguous
75107,20018,2022-12-22,2023-12-22,00365410,003654100,ABIOMED INC,ABIOMED,0001214717-21-000010;0001214717-22-000010,815094,ABIOMED INC,2023-01-06,2023-01-06,815094,13f_name_unique,validated
75241,21366,2024-05-03,2025-05-03,72378710,723787107,PIONEER NATURAL RESOURCES CO,PIONEER NATURAL RESOURCES,0001214717-21-000010;0001214717-22-000010;0001214717-23-000010;0001214717-24-000006,1038357,PIONEER NATURAL RESOURCES CO,2024-06-20,2024-06-20,1038357,13f_name_unique,validated
75341,20609,2022-10-03,2023-10-03,26441150,264411505,DUKE REALTY CORP,DUKE REALTY,0001214717-21-000010;0001214717-22-000010,783280,DUKE REALTY CORP,2023-02-14,2023-02-14,783280,13f_name_unique,validated
75860,10380,2024-02-12,2025-02-11,45253H10,45253H101,IMMUNOGEN INC,IMMUNOGEN,0001214717-21-000010;0001214717-22-000010;0001214717-23-000010,855654,"ImmunoGen, Inc.",2024-02-22,2024-02-22,855654,13f_name_unique,validated
76201,10634,2022-02-14,2023-02-14,98391910,983919101,XILINX INC,XILINX,0001214717-21-000010,743988,XILINX INC,2022-03-11,2022-03-11,743988,13f_name_unique,validated
76215,10467,2021-08-04,2022-08-04,45105530,451055305,ICONIX BRAND GROUP INC,ICONIX BRAND,0001214717-21-000010,857737,"ICONIX BRAND GROUP, INC.",2022-02-14,2022-02-14,857737,13f_name_unique,validated
76515,28924,2021-11-30,2022-11-30,22282E10,22282E102,COVANTA HOLDING CORP,COVANTA HOLDING,0001214717-21-000010,225648,COVANTA HOLDING CORP,2021-12-10,2021-12-10,225648,13f_name_unique,validated
76586,10867,2022-05-25,2023-05-25,92660E10,92660E107,VIDLER WATER RESOUCES INC,VIDLER WATER RESOUCES,0001214717-21-000010;0001214717-22-000010,,,,,,,index_name_absent
76602,29005,2022-07-20,2023-07-20,69360J10,69360J107,,,0001214717-21-000010;0001214717-22-000010,,,,,,,holding_name_ambiguous
76644,29028,2025-06-18,2026-06-18,91290910,912909108,UNITED STATES STEEL CORP,UNITED STATES STEEL,0001214717-21-000010;0001214717-22-000010;0001214717-23-000010;0001214717-24-000006;0001214717-25-000006,1163302,UNITED STATES STEEL CORP,2025-08-14,2025-08-14,1163302,13f_name_unique,validated
76722,11001,2022-03-01,2023-03-01,85570710,855707105,STATE AUTO FINANCIAL CORP,STATE AUTO FINANCIAL,0001214717-21-000010,874977,State Auto Financial CORP,2022-03-11,2022-03-11,874977,13f_name_unique,validated
76788,11083,2022-06-28,2023-06-28,88870R10,88870R102,TIVITY HEALTH INC,TIVITY HEALTH,0001214717-21-000010;0001214717-22-000010,704415,"TIVITY HEALTH, INC.",2022-07-11,2022-07-11,704415,13f_name_unique,validated
76869,11029,2024-02-13,2025-02-12,00674340,,,,,,,,,,,cusip_absent
76908,11064,2024-08-22,2025-08-22,04367G10,04367G103,ASENSUS SURGICAL INC,ASENSUS SURGICAL,0001214717-21-000010;0001214717-22-000010;0001214717-23-000010;0001214717-24-000006,876378,"ASENSUS SURGICAL, INC.",2024-11-13,2024-11-13,876378,13f_name_unique,validated
77007,11005,2023-07-10,2024-07-09,45246520,452465206,IMEDIA BRANDS INC,IMEDIA BRANDS,0001214717-21-000010;0001214717-22-000010;0001214717-23-000010,870826,"Legacy IMBDS, Inc.",,,,,submissions_name_mismatch
77235,11157,2023-08-04,2024-08-03,97652410,976524108,WIRELESS TELECOM GROUP INC,WIRELESS TELECOM,0001214717-21-000010;0001214717-22-000010;0001214717-23-000010,878828,WIRELESS TELECOM GROUP INC,2023-08-14,2023-08-14,878828,13f_name_unique,validated
77236,11270,2025-06-23,2026-06-23,69291A10,69291A100,PHX MINERALS INC,PHX MINERALS,0001214717-21-000010;0001214717-22-000010;0001214717-23-000010;0001214717-24-000006;0001214717-25-000006,315131,PHX MINERALS INC.,2025-08-14,2025-08-14,315131,13f_name_unique,validated
77259,11282,2023-02-03,2024-02-03,01922220,019222207,ALLIED HEALTHCARE PRODUCTS,ALLIED HEALTHCARE PRODUCTS,0001214717-21-000010;0001214717-22-000010,874710,ALLIED HEALTHCARE PRODUCTS INC,2023-07-18,2023-07-18,874710,13f_name_unique,validated
77282,11304,2021-10-29,2022-10-29,60487110,604871103,MISONIX INC,MISONIX,0001214717-21-000010,880432,MISONIX INC,2021-12-08,2021-12-08,880432,13f_name_unique,validated
77501,11454,2022-07-25,2023-07-25,21925D10,21925D109,CORNERSTONE BUILDING BRANDS,CORNERSTONE BUILDING BRANDS,0001214717-21-000010;0001214717-22-000010,883902,"Cornerstone Building Brands, Inc.",2025-11-07,2026-08-28,,,filing_after_grace
77785,11621,2024-07-02,2025-07-02,29256210,292562105,ENCORE WIRE CORP,ENCORE WIRE,0001214717-21-000010;0001214717-22-000010;0001214717-23-000010;0001214717-24-000006,850460,ENCORE WIRE CORP,2024-10-31,2024-10-31,850460,13f_name_unique,validated
78034,11778,2025-04-17,2026-04-17,70339510,703395103,PATTERSON COS INC,PATTERSON COS,0001214717-21-000010;0001214717-22-000010;0001214717-23-000010;0001214717-24-000006;0001214717-25-000006,,,,,,,index_name_absent
78054,11789,2023-02-09,2024-02-09,74906310,749063103,QUMU CORP,QUMU,0001214717-21-000010;0001214717-22-000010,892482,Qumu Corp,2023-02-21,2023-02-21,892482,13f_name_unique,validated
78066,11795,2023-10-06,2024-10-05,63937X20,63937X202,NAVIDEA BIOPHARMACEUTICALS I,NAVIDEA BIOPHARMACEUTICALS I,0001214717-21-000010;0001214717-22-000010;0001214717-23-000010,,,,,,,index_name_absent
78071,11801,2024-06-20,2025-06-20,09091170,,,,,,,,,,,cusip_absent
78137,11865,2021-04-16,2022-04-16,81190410,811904101,SEACOR HOLDINGS INC,SEACOR,0001214717-21-000010,,,,,,,index_name_absent
78156,11871,2021-04-01,2022-04-01,40425J10,40425J101,HMS HOLDINGS CORP,HMS,0001214717-21-000010,1196501,HMS HOLDINGS CORP,2021-05-07,2021-05-07,1196501,13f_name_unique,validated
78690,26126,2024-07-05,2025-07-05,24345A50,24345A507,DECISIONPOINT SYSTEMS INC/CA,DECISIONPOINT SYSTEMS INC CA,0001214717-23-000010;0001214717-24-000006,,,,,,,index_name_absent
78892,11963,2021-10-05,2022-10-05,44949L10,44949L105,IEC ELECTRONICS CORP,IEC ELECTRONICS,0001214717-21-000010,49728,IEC ELECTRONICS CORP,2022-02-14,2022-02-14,49728,13f_name_unique,validated
78963,12036,2024-01-05,2025-01-04,16861510,168615102,CHICO'S FAS INC,CHICO S FAS,0001214717-21-000010;0001214717-22-000010;0001214717-23-000010,897429,"CHICO'S FAS, INC.",2024-02-13,2024-02-13,897429,13f_name_unique,validated
79129,29807,2021-07-27,2022-07-27,11282X10,11282X103,BROOKFIELD PROPERTY REIT I-A,BROOKFIELD PROPERTY REIT I A,0001214717-21-000010,,,,,,,index_name_absent
79233,29844,2022-07-21,2023-07-21,42194610,421946104,HEALTHCARE REALTY TRUST INC,HEALTHCARE REALTY TRUST,0001214717-21-000010;0001214717-22-000010,899749;1360604,,,,,,index_name_ambiguous
79265,12214,2021-05-14,2022-05-14,30244510,302445101,FLIR SYSTEMS INC,FLIR SYSTEMS,0001214717-21-000010,354908,"Teledyne FLIR, LLC",,,,,submissions_name_mismatch
79338,7195,2025-11-13,2026-11-13,80874P10,80874P109,,,0001214717-21-000010;0001214717-22-000010;0001214717-23-000010;0001214717-24-000006;0001214717-25-000006,,,,,,,holding_name_ambiguous
79382,12289,2025-03-03,2026-03-03,74052F10,74052F108,PREMIER FINANCIAL CORP,PREMIER FINANCIAL,0001214717-21-000010;0001214717-22-000010;0001214717-23-000010;0001214717-24-000006,946647;1989061,,,,,,index_name_ambiguous
79678,12499,2023-10-13,2024-10-12,00507V10,00507V109,ACTIVISION BLIZZARD INC,ACTIVISION BLIZZARD,0001214717-21-000010;0001214717-22-000010;0001214717-23-000010,718877,"Activision Blizzard, Inc.",2024-06-11,2024-06-11,718877,13f_name_unique,validated
79885,12618,2022-06-13,2023-06-13,92935810,,,,,,,,,,,cusip_absent
80185,30106,2022-08-29,2023-08-29,72749310,727493108,PLANTRONICS INC,PLANTRONICS,0001214717-21-000010;0001214717-22-000010,,,,,,,index_name_absent
80223,12848,2021-07-01,2022-07-01,10111910,101119105,BOSTON PRIVATE FINL HOLDING,BOSTON PRIVATE FINL HOLDING,0001214717-21-000010,,,,,,,index_name_absent
80236,12846,2021-12-03,2022-12-03,23332B10,23332B106,DSP GROUP INC,DSP,0001214717-21-000010,,,,,,,index_name_absent
80274,12835,2025-07-28,2026-07-28,82661L10,82661L101,SIGMATRON INTERNATIONAL INC,SIGMATRON INTERNATIONAL,0001214717-21-000010;0001214717-22-000010;0001214717-23-000010;0001214717-24-000006;0001214717-25-000006,915358,SIGMATRON INTERNATIONAL INC,2025-11-14,2025-11-14,915358,13f_name_unique,validated
80633,13187,2024-10-10,2025-10-10,40424G10,40424G108,HMN FINANCIAL INC,HMN FINANCIAL,0001214717-22-000010;0001214717-23-000010;0001214717-24-000006,921183,HMN FINANCIAL INC,2025-02-13,2025-02-13,921183,13f_name_unique,validated
80795,13269,2025-08-15,2026-08-15,02343610,023436108,AMEDISYS INC,AMEDISYS,0001214717-21-000010;0001214717-22-000010;0001214717-23-000010;0001214717-24-000006;0001214717-25-000006,896262,AMEDISYS INC,2025-11-14,2025-11-14,896262,13f_name_unique,validated
80951,13338,2023-07-17,2024-07-16,87238610,872386107,TESSCO TECHNOLOGIES INC,TESSCO TECHNOLOGIES,0001214717-21-000010;0001214717-22-000010;0001214717-23-000010,927355,TESSCO TECHNOLOGIES INC,2024-02-01,2024-02-01,927355,13f_name_unique,validated
80957,13398,2022-05-17,2023-05-17,04532710,045327103,ASPEN TECHNOLOGY INC,ASPEN TECHNOLOGY,0001214717-21-000010;0001214717-22-000010,1897982,"Aspen Technology, Inc.",2025-05-15,2025-05-15,,,filing_after_grace
81087,13449,2021-12-31,2022-12-31,20676Y40,20676Y403,CONDOR HOSPITALITY TRUST INC,CONDOR HOSPITALITY TRUST,0001214717-21-000010,929545,"CONDOR HOSPITALITY TRUST, INC.",2022-04-25,2022-04-25,929545,13f_name_unique,validated
81190,4825,2022-04-26,2023-04-26,92870310,928703107,VOLT INFO SCIENCES INC,VOLT INFO SCIENCES,0001214717-21-000010;0001214717-22-000010,,,,,,,index_name_absent
81225,13536,2023-01-17,2024-01-17,80687020,,,,,,,,,,,cusip_absent
81501,13617,2023-10-11,2024-10-10,63651810,636518102,NATIONAL INSTRUMENTS CORP,NATIONAL INSTRUMENTS,0001214717-21-000010;0001214717-22-000010;0001214717-23-000010,935494,NATIONAL INSTRUMENTS CORP,2023-10-23,2023-10-23,935494,13f_name_unique,validated
81560,13662,2022-04-01,2023-04-01,40108P10,40108P101,GUARANTY FEDERAL BNCSHS INC,GUARANTY FEDERAL BNCSHS,0001214717-22-000010,,,,,,,index_name_absent
81588,13682,2025-12-04,2026-12-04,87402810,874028103,TAITRON COMPONENTS INC-CL A,TAITRON COMPONENTS INC CL A,0001214717-22-000010;0001214717-23-000010;0001214717-24-000006;0001214717-25-000006,,,,,,,index_name_absent
81593,5849,2025-10-01,2026-10-01,62482R10,62482R107,MR COOPER GROUP INC,MR COOPER,0001214717-21-000010;0001214717-22-000010;0001214717-23-000010;0001214717-24-000006;0001214717-25-000006,933136,"Maverick Merger Sub 2, LLC",,,,,submissions_name_mismatch
81624,13710,2022-12-30,2023-12-30,05330610,053306106,AUTOSCOPE TECHNOLOGIES CORP,AUTOSCOPE TECHNOLOGIES,0001214717-22-000010,943034,AUTOSCOPE TECHNOLOGIES CORP,2025-12-19,2026-03-30,,,filing_after_grace
81666,30898,2024-09-18,2025-09-18,41987910,419879101,HAWAIIAN HOLDINGS INC,HAWAIIAN,0001214717-21-000010;0001214717-22-000010;0001214717-23-000010;0001214717-24-000006,1172222,HAWAIIAN HOLDINGS INC,2024-10-01,2024-10-01,1172222,13f_name_unique,validated
81675,30909,2023-07-20,2024-07-19,53223X10,53223X107,LIFE STORAGE INC,LIFE STORAGE,0001214717-21-000010;0001214717-22-000010;0001214717-23-000010,944314;1060224,,,,,,index_name_ambiguous
81696,13790,2024-01-02,2025-01-01,25470M10,25470M109,DISH NETWORK CORP-A,DISH NETWORK CORP A,0001214717-21-000010;0001214717-22-000010;0001214717-23-000010,,,,,,,index_name_absent
82156,13915,2025-08-21,2026-08-21,97382D60,,,,,,,,,,,cusip_absent
82234,30943,2024-03-01,2025-03-01,30246210,302462106,FG GROUP HOLDINGS INC,FG,0001214717-23-000010,946454;2004385,,,,,,index_name_ambiguous
82639,31194,2023-04-27,2024-04-26,45254P50,45254P508,IMPAC MORTGAGE HOLDINGS INC,IMPAC MORTGAGE,0001214717-21-000010;0001214717-22-000010;0001214717-23-000010,1000298,IMPAC MORTGAGE HOLDINGS INC,2023-11-17,2023-11-17,1000298,13f_name_unique,validated
82686,14201,2022-09-30,2023-09-30,17737610,177376100,CITRIX SYSTEMS INC,CITRIX SYSTEMS,0001214717-21-000010;0001214717-22-000010,877890,CITRIX SYSTEMS INC,2022-10-12,2022-10-12,877890,13f_name_unique,validated
82759,14205,2022-03-04,2023-03-04,67020Y10,67020Y100,NUANCE COMMUNICATIONS INC,NUANCE COMMUNICATIONS,0001214717-21-000010,1002517,"Nuance Communications, Inc.",2023-02-13,2023-02-13,1002517,13f_name_unique,validated
82768,31377,2022-06-27,2023-06-27,09369810,,,,,,,,,,,cusip_absent
82824,14310,2023-08-22,2024-08-21,00445F10,00445F109,ACERAGEN INC,ACERAGEN,0001214717-23-000010,861838,"Aceragen, Inc.",2023-08-28,2023-08-28,861838,13f_name_unique,validated
82859,23373,2022-10-21,2023-10-21,76152560,761525609,REVLON INC-CLASS A,REVLON INC CLASS A,0001214717-21-000010;0001214717-22-000010,,,,,,,index_name_absent
83111,14394,2021-07-21,2022-07-21,01535110,015351109,ALEXION PHARMACEUTICALS INC,ALEXION PHARMACEUTICALS,0001214717-21-000010,899866,"ALEXION PHARMACEUTICALS, INC.",2022-11-16,2022-11-16,,,filing_after_grace
83304,14470,2021-03-04,2022-03-04,69357C50,,,,,,,,,,,cusip_absent
83414,14531,2025-04-01,2026-04-01,80036310,800363103,SANDY SPRING BANCORP INC,SANDY SPRING BANCORP,0001214717-21-000010;0001214717-22-000010;0001214717-23-000010;0001214717-24-000006;0001214717-25-000006,824410,SANDY SPRING BANCORP INC,2025-07-15,2025-07-15,824410,13f_name_unique,validated
83462,31647,2024-09-17,2025-09-17,89989610,899896104,TUPPERWARE BRANDS CORP,TUPPERWARE BRANDS,0001214717-21-000010;0001214717-22-000010;0001214717-23-000010;0001214717-24-000006,1008654,TUPPERWARE BRANDS CORP,2024-11-29,2024-11-29,1008654,13f_name_unique,validated
83547,14633,2021-09-20,2022-09-20,74050M10,74050M105,PREMIER FINANCIAL BANCORP,PREMIER FINANCIAL BANCORP,0001214717-21-000010,887919,PREMIER FINANCIAL BANCORP INC,2021-09-30,2021-09-30,887919,13f_name_unique,validated
83621,14744,2025-07-17,2026-07-17,03662Q10,03662Q105,ANSYS INC,ANSYS,0001214717-21-000010;0001214717-22-000010;0001214717-23-000010;0001214717-24-000006;0001214717-25-000006,1013462,ANSYS INC,2025-07-30,2025-07-30,1013462,13f_name_unique,validated
83720,31689,2021-05-26,2022-05-26,30239F10,30239F106,FBL FINANCIAL GROUP INC-CL A,FBL FINANCIAL GROUP INC CL A,0001214717-21-000010,,,,,,,index_name_absent
83815,14762,2021-02-01,2022-02-01,25392210,,,,,,,,,,,cusip_absent
83827,31714,2021-08-13,2022-08-13,55315D10,55315D105,MMA CAPITAL HOLDINGS INC,MMA CAPITAL,0001214717-21-000010,1003201,"MMA Capital Holdings, LLC",2021-08-23,2021-08-23,1003201,13f_name_unique,validated
83906,14927,2024-11-04,2025-11-04,85891210,858912108,STERICYCLE INC,STERICYCLE,0001214717-21-000010;0001214717-22-000010;0001214717-23-000010;0001214717-24-000006,861878,STERICYCLE INC,2025-05-14,2025-05-14,861878,13f_name_unique,validated
84026,31764,2021-12-22,2022-12-22,26017410,260174107,DOVER MOTORSPORTS INC,DOVER MOTORSPORTS,0001214717-21-000010,1017673,DOVER MOTORSPORTS LLC,2022-01-10,2022-01-10,1017673,13f_name_unique,validated
84041,31779,2025-07-25,2026-07-25,89681810,896818101,TRIUMPH GROUP INC,TRIUMPH,0001214717-21-000010;0001214717-22-000010;0001214717-23-000010;0001214717-24-000006;0001214717-25-000006,1021162,TRIUMPH GROUP INC,2025-08-14,2025-08-14,1021162,13f_name_unique,validated
84185,15135,2022-12-27,2023-12-27,29976620,299766204,EVER-GLORY INTERNATIONAL GRO,EVER GLORY INTERNATIONAL GRO,0001214717-21-000010;0001214717-22-000010,,,,,,,index_name_absent
84203,15061,2022-09-28,2023-09-28,05551A10,05551A109,BBQ HOLDINGS INC,BBQ,0001214717-21-000010;0001214717-22-000010,1021270,"BBQ HOLDINGS, INC.",2022-10-07,2022-10-07,1021270,13f_name_unique,validated
84255,15114,2023-08-28,2024-08-27,81169940,,,,,,,,,,,cusip_absent
84375,31841,2022-11-17,2023-11-17,88034910,880349105,TENNECO INC-CLASS A,TENNECO INC CLASS A,0001214717-21-000010;0001214717-22-000010,,,,,,,index_name_absent
84604,15401,2023-06-26,2024-06-25,12648L60,12648L601,CTI BIOPHARMA CORP,CTI BIOPHARMA,0001214717-21-000010;0001214717-22-000010;0001214717-23-000010,891293,CTI BIOPHARMA CORP,2023-07-06,2023-07-06,891293,13f_name_unique,validated
84734,15454,2022-12-01,2023-12-01,33793070,337930705,FLAGSTAR BANCORP INC,FLAGSTAR BANCORP,0001214717-21-000010;0001214717-22-000010,1033012,FLAGSTAR BANCORP INC,2023-02-10,2023-02-10,1033012,13f_name_unique,validated
84780,31979,2021-07-19,2022-07-19,49890420,498904200,KNOLL INC,KNOLL,0001214717-21-000010,1011570,KNOLL INC,2022-02-14,2022-02-14,1011570,13f_name_unique,validated
85020,15547,2025-09-02,2026-09-02,69478X10,69478X105,PACIFIC PREMIER BANCORP INC,PACIFIC PREMIER BANCORP,0001214717-21-000010;0001214717-22-000010;0001214717-23-000010;0001214717-24-000006;0001214717-25-000006,1028918,PACIFIC PREMIER BANCORP INC,2025-10-09,2025-10-09,1028918,13f_name_unique,validated
85187,15560,2023-06-13,2024-06-12,42805E30,42805E306,HESKA CORP,HESKA,0001214717-21-000010;0001214717-22-000010;0001214717-23-000010,1038133,HESKA CORP,2023-06-23,2023-06-23,1038133,13f_name_unique,validated
85314,15632,2021-11-05,2022-11-05,74727D20,74727D207,QAD INC-B,QAD INC B,0001214717-21-000010,,,,,,,index_name_absent
85576,15843,2022-12-22,2023-12-22,75605L70,75605L708,REALNETWORKS INC,REALNETWORKS,0001214717-21-000010;0001214717-22-000010,1046327,REALNETWORKS INC,2023-02-14,2023-02-14,1046327,13f_name_unique,validated
85653,32183,2023-12-14,2024-12-13,04135620,041356205,ARLINGTON ASSET INVESTMENT-A,ARLINGTON ASSET INVESTMENT A,0001214717-21-000010;0001214717-22-000010;0001214717-23-000010,,,,,,,index_name_absent
85860,16026,2025-09-02,2026-09-02,11373M10,11373M107,BROOKLINE BANCORP INC,BROOKLINE BANCORP,0001214717-21-000010;0001214717-22-000010;0001214717-23-000010;0001214717-24-000006;0001214717-25-000006,1049782,BROOKLINE BANCORP INC,2025-10-09,2025-10-09,1049782,13f_name_unique,validated
85897,34672,2021-03-22,2022-03-22,03734710,,,,,,,,,,,cusip_absent
85908,34684,2021-09-22,2022-09-22,38388F10,38388F108,WR GRACE & CO,WR GRACE,0001214717-21-000010,,,,,,,index_name_absent
85931,34707,2021-05-03,2022-05-03,93005910,930059100,WADDELL & REED FINANCIAL-A,WADDELL REED FINANCIAL A,0001214717-21-000010,,,,,,,index_name_absent
85953,34728,2023-12-05,2024-12-04,83545R20,,,,,,,,,,,cusip_absent
86004,16035,2023-03-01,2024-02-29,90421410,904214103,UMPQUA HOLDINGS CORP,UMPQUA,0001214717-21-000010;0001214717-22-000010,1077771,UMPQUA HOLDINGS CORP,2024-02-09,2024-02-09,1077771,13f_name_unique,validated
86062,16101,2022-04-25,2023-04-25,30049R20,30049R209,EVOLVING SYSTEMS INC,EVOLVING SYSTEMS,0001214717-21-000010;0001214717-22-000010,1052054,"Symbolic Logic, Inc.",,,,,submissions_name_mismatch
86067,16115,2025-10-01,2026-10-01,40076410,400764106,GUARANTY BANCSHARES INC,GUARANTY BANCSHARES,0001214717-21-000010;0001214717-22-000010;0001214717-23-000010;0001214717-24-000006;0001214717-25-000006,,,,,,,index_name_absent
86124,7676,2022-01-03,2023-01-03,11766510,117665109,BRYN MAWR BANK CORP,BRYN MAWR BANK,0001214717-21-000010,802681,BRYN MAWR BANK CORP,2023-02-13,2023-02-13,,,filing_after_grace
86312,34857,2023-08-14,2024-08-13,79522610,795226109,SALISBURY BANCORP INC,SALISBURY BANCORP,0001214717-21-000010;0001214717-22-000010;0001214717-23-000010,1060219,"SALISBURY BANCORP, INC.",2024-02-07,2024-02-07,1060219,13f_name_unique,validated
86313,20867,2023-08-18,2024-08-17,91728620,917286205,URSTADT BIDDLE - CLASS A,URSTADT BIDDLE CLASS A,0001214717-21-000010;0001214717-22-000010;0001214717-23-000010,,,,,,,index_name_absent
86435,16310,2022-11-07,2023-11-07,31431B10,31431B109,FEDNAT HOLDING CO,FEDNAT HOLDING,0001214717-21-000010;0001214717-22-000010,1069996,FedNat Holding Co,2023-02-16,2023-02-16,1069996,13f_name_unique,validated
86544,16347,2023-11-28,2024-11-27,09522910,095229100,,,0001214717-21-000010;0001214717-22-000010;0001214717-23-000010,,,,,,,holding_name_ambiguous
86560,34977,2023-05-17,2024-05-16,05070N10,05070N103,AUDACY INC,AUDACY,0001214717-22-000010;0001214717-23-000010,1067837,"AUDACY, INC.",2024-10-01,2024-10-01,,,filing_after_grace
86582,16374,2022-02-01,2023-02-01,85917A10,85917A100,STERLING BANCORP/DE,STERLING BANCORP DE,0001214717-21-000010,,,,,,,index_name_absent
86593,34992,2022-10-07,2023-10-07,36143810,361438104,GAMCO INVESTORS INC-A,GAMCO INVESTORS INC A,0001214717-21-000010;0001214717-22-000010,,,,,,,index_name_absent
86717,16410,2022-05-13,2023-05-13,10138810,101388106,BOTTOMLINE TECHNOLOGIES (DE),BOTTOMLINE TECHNOLOGIES DE,0001214717-21-000010;0001214717-22-000010,,,,,,,index_name_absent
86814,16487,2024-04-01,2025-04-01,02774510,027745108,,,0001214717-21-000010;0001214717-22-000010;0001214717-23-000010;0001214717-24-000006,,,,,,,holding_name_ambiguous
86979,16614,2025-07-02,2026-07-02,48203R10,48203R104,JUNIPER NETWORKS INC,JUNIPER NETWORKS,0001214717-21-000010;0001214717-22-000010;0001214717-23-000010;0001214717-24-000006;0001214717-25-000006,1043604,JUNIPER NETWORKS INC,2025-07-14,2025-07-14,1043604,13f_name_unique,validated
87000,16612,2021-10-05,2022-10-05,85285720,852857200,STAMPS.COM INC,STAMPS COM,0001214717-21-000010,1082923,STAMPS.COM INC,2021-10-18,2021-10-18,1082923,13f_name_unique,validated
87066,16650,2021-04-21,2022-04-21,62914B10,62914B100,NIC INC,NIC,0001214717-21-000010,1065332,NIC INC,2021-05-03,2021-05-03,1065332,13f_name_unique,validated
87086,16678,2024-10-02,2025-10-02,71375U10,71375U101,PERFICIENT INC,PERFICIENT,0001214717-21-000010;0001214717-22-000010;0001214717-23-000010;0001214717-24-000006,1085869,PERFICIENT INC,2024-11-08,2024-11-08,1085869,13f_name_unique,validated
87121,16631,2024-01-19,2025-01-18,79409310,794093104,SALEM MEDIA GROUP INC,SALEM MEDIA,0001214717-21-000010;0001214717-22-000010;0001214717-23-000010,,,,,,,index_name_absent
87268,36337,2023-10-18,2024-10-17,17273K10,17273K109,CIRCOR INTERNATIONAL INC,CIRCOR INTERNATIONAL,0001214717-21-000010;0001214717-22-000010;0001214717-23-000010,1091883,CIRCOR INTERNATIONAL INC,2023-10-30,2023-10-30,1091883,13f_name_unique,validated
87269,36338,2023-12-15,2024-12-14,17471510,174715102,CITIZENS HOLDING COMPANY,CITIZENS HOLDING,0001214717-21-000010;0001214717-22-000010;0001214717-23-000010,,,,,,,index_name_absent
87361,17208,2023-12-18,2024-12-17,69325Q10,69325Q105,PCTEL INC,PCTEL,0001214717-21-000010;0001214717-22-000010;0001214717-23-000010,,,,,,,index_name_absent
87379,17317,2021-02-08,2022-02-08,19421R20,,,,,,,,,,,cusip_absent
87464,36557,2022-05-03,2023-05-03,44845110,448451104,HUTTIG BUILDING PRODUCTS INC,HUTTIG BUILDING PRODUCTS,0001214717-21-000010;0001214717-22-000010,1093082,HUTTIG BUILDING PRODUCTS INC,2022-08-05,2022-08-05,1093082,13f_name_unique,validated
87488,17667,2021-04-01,2022-04-01,31205910,,,,,,,,,,,cusip_absent
87501,17665,2024-08-01,2025-08-01,55422510,554225102,MACATAWA BANK CORP,MACATAWA BANK,0001214717-21-000010;0001214717-22-000010;0001214717-23-000010;0001214717-24-000006,1053584,MACATAWA BANK CORP,2024-11-15,2024-11-15,1053584,13f_name_unique,validated
87510,17473,2023-10-24,2024-10-23,71709820,717098206,PFSWEB INC,PFSWEB,0001214717-21-000010;0001214717-22-000010;0001214717-23-000010,1095315,PFSWEB INC,2024-02-13,2024-02-13,1095315,13f_name_unique,validated
87614,18304,2024-05-16,2025-05-16,51163710,511637100,LAKELAND BANCORP INC,LAKELAND BANCORP,0001214717-21-000010;0001214717-22-000010;0001214717-23-000010;0001214717-24-000006,846901,LAKELAND BANCORP INC,2024-10-31,2024-10-31,846901,13f_name_unique,validated
87789,18709,2021-07-14,2022-07-14,55027E10,55027E102,LUMINEX CORP,LUMINEX,0001214717-21-000010,1033905,LUMINEX CORP,2021-07-26,2021-07-26,1033905,13f_name_unique,validated
88152,37148,2022-07-06,2023-07-06,12571T10,12571T100,CMC MATERIALS INC,CMC MATERIALS,0001214717-21-000010;0001214717-22-000010,1102934,"CMC Materials, Inc.",2022-07-18,2022-07-18,1102934,13f_name_unique,validated
88177,37171,2024-10-16,2025-10-16,81577F40,,,,,,,,,,,cusip_absent
88183,37177,2025-09-02,2026-09-02,68019410,680194107,OLD POINT FINANCIAL CORP,OLD POINT FINANCIAL,0001214717-21-000010;0001214717-22-000010;0001214717-23-000010;0001214717-24-000006;0001214717-25-000006,740971,OLD POINT FINANCIAL CORP,2025-09-12,2025-09-12,740971,13f_name_unique,validated
88332,37707,2023-10-05,2024-10-04,14067D50,14067D508,,,0001214717-21-000010;0001214717-22-000010;0001214717-23-000010,,,,,,,holding_name_ambiguous
88343,37718,2023-12-01,2024-11-30,69526310,695263103,PACWEST BANCORP,PACWEST BANCORP,0001214717-21-000010;0001214717-22-000010;0001214717-23-000010,1102112,PACWEST BANCORP,2024-02-09,2024-02-09,1102112,13f_name_unique,validated
88368,37737,2021-10-19,2022-10-19,69455210,694552100,PACIFIC MERCANTILE BANCORP,PACIFIC MERCANTILE BANCORP,0001214717-21-000010,1109546,PACIFIC MERCANTILE BANCORP,2022-02-11,2022-02-11,1109546,13f_name_unique,validated
88421,37917,2022-03-11,2023-03-11,04004760,040047607,ARENA PHARMACEUTICALS INC,ARENA PHARMACEUTICALS,0001214717-21-000010,1080709,ARENA PHARMACEUTICALS INC,2024-01-29,2024-01-29,,,filing_after_grace
88434,37929,2023-09-14,2024-09-13,45665G30,45665G303,INFINITY PHARMACEUTICALS INC,INFINITY PHARMACEUTICALS,0001214717-21-000010;0001214717-22-000010;0001214717-23-000010,1113148,"INFINITY PHARMACEUTICALS, INC.",2023-11-20,2023-11-20,1113148,13f_name_unique,validated
88466,37956,2021-04-05,2022-04-05,83268220,832682207,SMTC CORPORATION,SMTC,0001214717-21-000010,1108320,SMTC CORP,2021-04-15,2021-04-15,1108320,13f_name_unique,validated
88568,38463,2025-09-22,2026-09-22,84721510,847215100,SPARTANNASH CO,SPARTANNASH,0001214717-21-000010;0001214717-22-000010;0001214717-23-000010;0001214717-24-000006;0001214717-25-000006,877422,SpartanNash Co,2025-10-09,2025-10-09,877422,13f_name_unique,validated
88620,39154,2025-04-17,2026-04-17,04537Y20,04537Y208,ASPIRA WOMEN'S HEALTH INC,ASPIRA WOMEN S HEALTH,0001214717-24-000006;0001214717-25-000006,926617,Aspira Women's Health Inc.,2025-12-31,2026-08-14,,,filing_after_grace
88626,39159,2025-09-11,2026-09-11,26660550,266605500,DURECT CORPORATION,DURECT,0001214717-23-000010;0001214717-24-000006;0001214717-25-000006,1082038,DURECT CORP,2025-09-22,2025-09-22,1082038,13f_name_unique,validated
88719,40193,2021-08-09,2022-08-09,02932610,029326105,AMERICAN RIVER BANKSHRS (CA),AMERICAN RIVER BANKSHRS CA,0001214717-21-000010,,,,,,,index_name_absent
88779,7343,2025-07-17,2026-07-17,44934S20,44934S206,ICAD INC,ICAD,0001214717-21-000010;0001214717-22-000010;0001214717-23-000010;0001214717-24-000006;0001214717-25-000006,749660,ICAD INC,2025-11-10,2025-11-10,749660,13f_name_unique,validated
88871,41163,2021-12-08,2022-12-08,21075N20,21075N204,CONTANGO OIL & GAS,CONTANGO OIL GAS,0001214717-21-000010,1071993,CONTANGO OIL & GAS CO,2022-02-09,2022-02-09,1071993,13f_name_unique,validated
88949,41391,2023-12-14,2024-12-13,81181C10,81181C104,SEAGEN INC,SEAGEN,0001214717-21-000010;0001214717-22-000010;0001214717-23-000010,1060736,Seagen Inc.,2023-12-26,2023-12-26,1060736,13f_name_unique,validated
88951,41393,2022-08-29,2023-08-29,90945810,909458101,UNITED BANCSHARES INC/OHIO,UNITED BANCSHARES INC OHIO,0001214717-21-000010;0001214717-22-000010,,,,,,,index_name_absent
88987,41577,2023-07-24,2024-07-23,96951A10,96951A104,WILLIAMS INDUSTRIAL SERVICES,WILLIAMS INDUSTRIAL SERVICES,0001214717-22-000010;0001214717-23-000010,1136294,"NOS4-1, Inc.",,,,,submissions_name_mismatch
89022,41698,2025-12-23,2026-12-23,37740710,377407101,GLEN BURNIE BANCORP,GLEN BURNIE BANCORP,0001214717-21-000010;0001214717-22-000010;0001214717-23-000010;0001214717-24-000006;0001214717-25-000006,890066,GLEN BURNIE BANCORP,2025-12-30,2026-01-13,890066,13f_name_unique,validated
89036,41813,2022-07-21,2023-07-21,63905010,639050103,NATUS MEDICAL INC,NATUS MEDICAL,0001214717-21-000010;0001214717-22-000010,878526,NATUS MEDICAL INC,2022-08-01,2022-08-01,878526,13f_name_unique,validated
89109,41979,2021-09-07,2022-09-07,55457110,554571109,MACKINAC FINANCIAL CORP,MACKINAC FINANCIAL,0001214717-21-000010,,,,,,,index_name_absent
89211,42396,2025-07-28,2026-07-28,70843010,708430103,PENNS WOODS BANCORP INC,PENNS WOODS BANCORP,0001214717-21-000010;0001214717-22-000010;0001214717-23-000010;0001214717-24-000006;0001214717-25-000006,716605,PENNS WOODS BANCORP INC,2025-08-08,2025-08-08,716605,13f_name_unique,validated
89252,42517,2023-03-20,2024-03-19,33832D20,33832D205,,,0001214717-21-000010;0001214717-22-000010,,,,,,,holding_name_ambiguous
89270,42541,2022-01-07,2023-01-07,31986N10,31986N102,1ST CONSTITUTION BANCORP,1ST CONSTITUTION BANCORP,0001214717-21-000010,1141807,1ST CONSTITUTION BANCORP,2022-02-14,2022-02-14,1141807,13f_name_unique,validated
89307,42784,2022-09-14,2023-09-14,56456310,564563104,MANTECH INTERNATIONAL CORP-A,MANTECH INTERNATIONAL CORP A,0001214717-21-000010;0001214717-22-000010,,,,,,,index_name_absent
89369,43014,2023-04-20,2024-04-19,51601220,516012200,LANNETT CO INC,LANNETT,0001214717-23-000010,57725,LANNETT CO INC,2023-06-23,2023-06-23,57725,13f_name_unique,validated
89397,43149,2025-11-26,2026-11-26,92343X10,92343X100,VERINT SYSTEMS INC,VERINT SYSTEMS,0001214717-21-000010;0001214717-22-000010;0001214717-23-000010;0001214717-24-000006;0001214717-25-000006,1166388,VERINT SYSTEMS INC,2025-12-08,2026-02-12,1166388,13f_name_unique,validated
89424,43260,2021-11-01,2022-11-01,81811M10,81811M100,SEVERN BANCORP INC/MD,SEVERN BANCORP INC MD,0001214717-21-000010,,,,,,,index_name_absent
89548,43633,2023-01-03,2024-01-03,26207710,262077100,DRIVE SHACK INC,DRIVE SHACK,0001214717-21-000010;0001214717-22-000010,1175483,Drive Shack Inc.,2023-02-14,2023-02-14,1175483,13f_name_unique,validated
89576,43692,2025-04-01,2026-04-01,92705T20,92705T200,,,0001214717-21-000010;0001214717-22-000010;0001214717-23-000010;0001214717-25-000006,,,,,,,holding_name_ambiguous
89756,44117,2024-02-14,2025-02-13,75955K30,75955K300,REMARK HOLDINGS INC,REMARK,0001214717-23-000010,1368365,"REMARK HOLDINGS, INC.",2025-01-13,2025-01-13,1368365,13f_name_unique,validated
89901,44613,2022-07-01,2023-07-01,96638750,966387508,WHITING PETROLEUM CORP,WHITING PETROLEUM,0001214717-21-000010;0001214717-22-000010,1255474,Whiting Holdings LLC,,,,,submissions_name_mismatch
89913,44623,2022-01-20,2023-01-20,57115710,571157106,MARLIN BUSINESS SERVICES INC,MARLIN BUSINESS SERVICES,0001214717-21-000010,1260968,MARLIN BUSINESS SERVICES CORP,2023-03-13,2023-03-13,,,filing_after_grace
90011,25268,2022-01-04,2023-01-04,55907920,559079207,MAGELLAN HEALTH INC,MAGELLAN HEALTH,0001214717-21-000010,19411,MAGELLAN HEALTH INC,2023-04-26,2023-04-26,,,filing_after_grace
90031,44887,2024-12-03,2025-12-03,68236P20,68236P206,ONCTERNAL THERAPEUTICS INC,ONCTERNAL THERAPEUTICS,0001214717-24-000006,1260990,"Oncternal Therapeutics, Inc.",2025-03-31,2025-03-31,1260990,13f_name_unique,validated
90164,45176,2023-12-01,2024-11-30,39525910,395259104,GREENHILL & CO INC,GREENHILL,0001214717-21-000010;0001214717-22-000010;0001214717-23-000010,1006944;1282977,,,,,,index_name_ambiguous
90188,45197,2023-09-01,2024-08-31,67070410,670704105,NUVASIVE INC,NUVASIVE,0001214717-21-000010;0001214717-22-000010;0001214717-23-000010,1142596,NUVASIVE INC,2023-09-11,2023-09-11,1142596,13f_name_unique,validated
90213,45286,2023-06-01,2024-05-31,60935Y20,60935Y208,MONEYGRAM INTERNATIONAL INC,MONEYGRAM INTERNATIONAL,0001214717-21-000010;0001214717-22-000010;0001214717-23-000010,1273931,MONEYGRAM INTERNATIONAL INC,2023-06-12,2023-06-12,1273931,13f_name_unique,validated
90221,45295,2021-10-01,2022-10-01,06424J10,06424J103,BANK OF COMMERCE HOLDINGS,BANK OF COMMERCE,0001214717-21-000010,702513,Bank of Commerce Holdings,2022-02-09,2022-02-09,702513,13f_name_unique,validated
90288,45428,2025-05-02,2026-05-02,64125588,641255880,NEUROMETRIX INC,NEUROMETRIX,0001214717-25-000006,1289850,"NeuroMetrix, Inc.",2025-08-13,2025-08-13,1289850,13f_name_unique,validated
90300,45464,2022-08-10,2023-08-10,02483510,024835100,AMERICAN CAMPUS COMMUNITIES,AMERICAN CAMPUS COMMUNITIES,0001214717-21-000010;0001214717-22-000010,1283630,AMERICAN CAMPUS COMMUNITIES INC,2022-08-19,2022-08-19,1283630,13f_name_unique,validated
90353,45555,2025-04-29,2026-04-29,07368510,073685109,BEACON ROOFING SUPPLY INC,BEACON ROOFING SUPPLY,0001214717-21-000010;0001214717-22-000010;0001214717-23-000010;0001214717-24-000006;0001214717-25-000006,1124941,"QXO BUILDING PRODUCTS, INC.",,,,,submissions_name_mismatch
90366,45566,2022-11-04,2023-11-04,86184W10,86184W106,STONEMOR INC,STONEMOR,0001214717-21-000010;0001214717-22-000010,1753886;1800657,,,,,,index_name_ambiguous
90440,45869,2022-07-06,2023-07-06,64007910,640079109,NEENAH INC,NEENAH,0001214717-21-000010;0001214717-22-000010,1296435,Neenah Inc,2023-03-08,2023-03-08,1296435,13f_name_unique,validated
90494,46014,2021-04-05,2022-04-05,43114K20,,,,,,,,,,,cusip_absent
90539,46107,2023-06-16,2024-06-15,73109420,731094207,POLARITYTE INC,POLARITYTE,0001214717-23-000010,1076682,"POLARITYTE, INC.",2023-08-18,2023-08-18,1076682,13f_name_unique,validated
90544,46112,2024-05-03,2025-05-03,86606G10,86606G101,SUMMIT FINANCIAL GROUP INC,SUMMIT FINANCIAL,0001214717-21-000010;0001214717-22-000010;0001214717-23-000010;0001214717-24-000006,811808;1765536,,,,,,index_name_ambiguous
90548,46146,2024-11-22,2025-11-22,00191G10,00191G103,ARC DOCUMENT SOLUTIONS INC,ARC DOCUMENT SOLUTIONS,0001214717-21-000010;0001214717-22-000010;0001214717-23-000010;0001214717-24-000006,1305168,"ARC DOCUMENT SOLUTIONS, INC.",2025-02-13,2025-02-13,1305168,13f_name_unique,validated
90568,46168,2025-01-02,2026-01-02,56342010,563420108,MANITEX INTERNATIONAL INC,MANITEX INTERNATIONAL,0001214717-21-000010;0001214717-22-000010;0001214717-23-000010;0001214717-24-000006,1302028,"Manitex International, Inc.",2025-04-22,2025-04-22,1302028,13f_name_unique,validated
90590,46272,2025-07-01,2026-07-01,29366810,293668109,ENTERPRISE BANCORP INC,ENTERPRISE BANCORP,0001214717-21-000010;0001214717-22-000010;0001214717-23-000010;0001214717-24-000006;0001214717-25-000006,,,,,,,index_name_absent
90604,46285,2024-12-26,2025-12-26,60855020,608550208,MOLECULAR TEMPLATES INC,MOLECULAR TEMPLATES,0001214717-24-000006,1183765,"Molecular Templates, Inc.",2025-05-22,2025-05-22,1183765,13f_name_unique,validated
90637,46444,2022-07-01,2023-07-01,74431A10,74431A101,PRUDENTIAL BANCORP INC,PRUDENTIAL BANCORP,0001214717-21-000010;0001214717-22-000010,1578776,"PRUDENTIAL BANCORP, INC.",2022-07-06,2022-07-06,1578776,13f_name_unique,validated
90716,46701,2025-04-11,2026-04-11,00922R10,00922R105,AIR TRANSPORT SERVICES GROUP,AIR TRANSPORT SERVICES,0001214717-21-000010;0001214717-22-000010;0001214717-23-000010;0001214717-24-000006;0001214717-25-000006,894081,"Air Transport Services Group, Inc.",2025-04-21,2025-04-21,894081,13f_name_unique,validated
90734,46857,2023-02-22,2024-02-22,50187A10,50187A107,LHC GROUP INC,LHC,0001214717-21-000010;0001214717-22-000010,1303313,"LHC Group, Inc",2023-03-06,2023-03-06,1303313,13f_name_unique,validated
90803,47009,2024-12-27,2025-12-27,20903410,209034107,CONSOLIDATED COMMUNICATIONS,CONSOLIDATED COMMUNICATIONS,0001214717-21-000010;0001214717-22-000010;0001214717-23-000010;0001214717-24-000006,1304421,"Consolidated Communications Holdings, Inc.",2025-01-06,2025-01-06,1304421,13f_name_unique,validated
90805,47011,2022-04-11,2023-04-11,25470F10,25470F104,DISCOVERY INC - A,DISCOVERY INC A,0001214717-21-000010;0001214717-22-000010,,,,,,,index_name_absent
90806,47011,2022-04-11,2023-04-11,25470F20,,,,,,,,,,,cusip_absent
90885,47428,2025-07-01,2026-07-01,30034T10,30034T103,EVERI HOLDINGS INC,EVERI,0001214717-21-000010;0001214717-22-000010;0001214717-23-000010;0001214717-24-000006;0001214717-25-000006,1318568,Everi Holdings Inc.,2025-08-12,2025-08-12,1318568,13f_name_unique,validated
90907,47447,2025-02-04,2026-02-04,92765F10,92765F108,VIRACTA THERAPEUTICS INC,VIRACTA THERAPEUTICS,0001214717-21-000010;0001214717-22-000010;0001214717-23-000010;0001214717-24-000006,1061027;1416377,,,,,,index_name_ambiguous
90952,47880,2022-04-07,2023-04-07,46146L10,46146L101,INVESTORS BANCORP INC,INVESTORS BANCORP,0001214717-21-000010;0001214717-22-000010,1594012,"Investors Bancorp, Inc.",2023-02-14,2023-02-14,1594012,13f_name_unique,validated
90971,48773,2025-12-22,2026-12-22,46272610,462726100,IROBOT CORP,IROBOT,0001214717-21-000010;0001214717-22-000010;0001214717-23-000010;0001214717-24-000006;0001214717-25-000006,1159167,IROBOT CORP,2025-12-31,2026-01-26,1159167,13f_name_unique,validated
91018,49994,2021-09-02,2022-09-02,21868110,218681104,CORE-MARK HOLDING CO INC,CORE MARK HOLDING,0001214717-21-000010,1318084,"Core-Mark Holding Company, LLC",2021-09-13,2021-09-13,1318084,13f_name_unique,validated
91024,50000,2021-11-19,2022-11-19,54388110,543881106,LORAL SPACE & COMMUNICATIONS,LORAL SPACE COMMUNICATIONS,0001214717-21-000010,1006269,LORAL SPACE & COMMUNICATIONS INC.,2021-11-29,2021-11-29,1006269,13f_name_unique,validated
91080,50199,2025-06-02,2026-06-02,40403010,404030108,H&E EQUIPMENT SERVICES INC,H E EQUIPMENT SERVICES,0001214717-21-000010;0001214717-22-000010;0001214717-23-000010;0001214717-24-000006;0001214717-25-000006,1339605,"H&E Equipment Services, Inc.",2025-06-12,2026-08-13,,,filing_after_grace
91237,50706,2022-07-21,2023-07-21,92886T20,92886T201,VONAGE HOLDINGS CORP,VONAGE,0001214717-21-000010;0001214717-22-000010,1272830,VONAGE HOLDINGS CORP,2022-08-01,2022-08-01,1272830,13f_name_unique,validated
91262,13927,2023-03-20,2024-03-19,04916420,049164205,ATLAS AIR WORLDWIDE HOLDINGS,ATLAS AIR WORLDWIDE,0001214717-21-000010;0001214717-22-000010,1135185,ATLAS AIR WORLDWIDE HOLDINGS INC,2024-02-09,2024-02-09,1135185,13f_name_unique,validated
91274,50731,2025-04-01,2026-04-01,31891610,318916103,,,0001214717-21-000010;0001214717-22-000010;0001214717-23-000010;0001214717-24-000006;0001214717-25-000006,,,,,,,holding_name_ambiguous
91278,41998,2025-05-28,2026-05-28,74915M70,,,,,,,,,,,cusip_absent
91299,50609,2021-05-26,2022-05-26,36982210,369822101,GENERAL FINANCE CORP,GENERAL FINANCE,0001214717-21-000010,1342287,General Finance CORP,2021-06-23,2021-06-23,1342287,13f_name_unique,validated
91357,50862,2021-06-16,2022-06-16,44244K10,44244K109,HOUSTON WIRE & CABLE CO,HOUSTON WIRE CABLE,0001214717-21-000010,1356949,Houston Wire & Cable CO,2021-08-24,2021-08-24,1356949,13f_name_unique,validated
91360,50865,2021-10-18,2022-10-18,81617L10,81617L108,SELECT BANCORP INC,SELECT BANCORP,0001214717-21-000010,1263762,"SELECT BANCORP, INC.",2021-10-19,2021-10-19,1263762,13f_name_unique,validated
91363,50867,2024-03-28,2025-03-28,69336V10,69336V101,PGT INNOVATIONS INC,PGT INNOVATIONS,0001214717-21-000010;0001214717-22-000010;0001214717-23-000010,1354327,"PGT Innovations, Inc.",2024-04-08,2024-04-08,1354327,13f_name_unique,validated
91365,50869,2023-04-28,2024-04-27,14161910,141619106,CARDIOVASCULAR SYSTEMS INC,CARDIOVASCULAR SYSTEMS,0001214717-21-000010;0001214717-22-000010;0001214717-23-000010,1180145,Cardiovascular Systems Inc,2024-02-13,2024-02-13,1180145,13f_name_unique,validated
91395,50969,2023-01-12,2024-01-12,85756110,857561104,STATERA BIOPHARMA INC,STATERA BIOPHARMA,0001214717-22-000010,1318641,"Statera Biopharma, Inc.",2023-03-03,2023-03-03,1318641,13f_name_unique,validated
91446,50830,2021-12-06,2022-12-06,20361210,203612106,COMMUNITY BANKERS TRUST CORP,COMMUNITY BANKERS TRUST,0001214717-21-000010,1323648,Community Bankers Trust Corp,2021-12-13,2021-12-13,1323648,13f_name_unique,validated
91471,51208,2023-11-09,2024-11-08,00444P10,00444P108,ACER THERAPEUTICS INC,ACER THERAPEUTICS,0001214717-21-000010;0001214717-22-000010;0001214717-23-000010,1069308;1638234,,,,,,index_name_ambiguous
91594,51433,2025-12-08,2026-12-08,84857410,848574109,SPIRIT AEROSYSTEMS HOLD-CL A,SPIRIT AEROSYSTEMS HOLD CL A,0001214717-21-000010;0001214717-22-000010;0001214717-23-000010;0001214717-24-000006;0001214717-25-000006,,,,,,,index_name_absent
91618,51454,2021-09-01,2022-09-01,68555P10,68555P100,ORBCOMM INC,ORBCOMM,0001214717-21-000010,1361983,ORBCOMM Inc.,2021-09-13,2021-09-13,1361983,13f_name_unique,validated
91627,51408,2025-02-04,2026-02-04,75903M30,75903M309,REGIONAL HEALTH PROPERTIES,REGIONAL HEALTH PROPERTIES,0001214717-22-000010;0001214717-23-000010,1004724,"REGIONAL HEALTH PROPERTIES, INC",2025-12-31,2026-08-12,,,filing_after_grace
91658,51546,2023-03-27,2024-03-26,02208R10,02208R106,ALTRA INDUSTRIAL MOTION CORP,ALTRA INDUSTRIAL MOTION,0001214717-21-000010;0001214717-22-000010,1374535,Altra Industrial Motion Corp.,2024-04-03,2024-04-03,,,filing_after_grace
91801,51798,2023-12-04,2024-12-03,21870U50,21870U502,CORENERGY INFRASTRUCTURE TRU,CORENERGY INFRASTRUCTURE TRU,0001214717-21-000010;0001214717-22-000010;0001214717-23-000010,,,,,,,index_name_absent
91854,51966,2021-11-30,2022-11-30,25755920,257559203,DOMTAR CORP,DOMTAR,0001214717-21-000010,1381531,Domtar CORP,2025-12-08,2026-08-14,,,filing_after_grace
91900,51992,2021-04-29,2022-04-29,37989010,379890106,GLU MOBILE INC,GLU MOBILE,0001214717-21-000010,1366246,GLU MOBILE INC,2021-05-10,2021-05-10,1366246,13f_name_unique,validated
91902,29231,2024-11-21,2025-11-21,42087720,420877201,HAYNES INTERNATIONAL INC,HAYNES INTERNATIONAL,0001214717-21-000010;0001214717-22-000010;0001214717-23-000010;0001214717-24-000006,858655,HAYNES INTERNATIONAL INC,2024-12-02,2024-12-02,858655,13f_name_unique,validated
91909,52000,2022-06-22,2023-06-22,86564630,865646301,SUMMER INFANT INC,SUMMER INFANT,0001214717-21-000010;0001214717-22-000010,1314772,"Summer Infant, Inc.",2022-07-05,2022-07-05,1314772,13f_name_unique,validated
91959,52134,2025-07-24,2026-07-24,29667D10,29667D104,ESSA BANCORP INC,ESSA BANCORP,0001214717-21-000010;0001214717-22-000010;0001214717-23-000010;0001214717-24-000006;0001214717-25-000006,1382230,"ESSA Bancorp, Inc.",2025-08-13,2025-08-13,1382230,13f_name_unique,validated
91983,52253,2022-11-23,2023-11-23,21201510,212015101,CONTINENTAL RESOURCES INC/OK,CONTINENTAL RESOURCES INC OK,0001214717-21-000010;0001214717-22-000010,,,,,,,index_name_absent
92010,52268,2021-11-16,2022-11-16,46629U10,,,,,,,,,,,cusip_absent
92020,52278,2021-03-26,2022-03-26,37185X10,,,,,,,,,,,cusip_absent
92032,52284,2023-03-03,2024-03-02,01345P10,01345P106,ALBIREO PHARMA INC,ALBIREO PHARMA,0001214717-21-000010;0001214717-22-000010,1322505,"ALBIREO PHARMA, INC.",2024-02-14,2024-02-14,1322505,13f_name_unique,validated
92095,52376,2025-02-28,2026-02-28,45667G10,45667G103,INFINERA CORP,INFINERA,0001214717-21-000010;0001214717-22-000010;0001214717-23-000010;0001214717-24-000006,1138639,Infinera Corp,2025-04-30,2025-04-30,1138639,13f_name_unique,validated
92121,52396,2025-05-19,2026-05-19,25470910,254709108,DISCOVER FINANCIAL SERVICES,DISCOVER FINANCIAL SERVICES,0001214717-21-000010;0001214717-22-000010;0001214717-23-000010;0001214717-24-000006;0001214717-25-000006,1393612,Discover Financial Services,2025-08-13,2025-08-13,1393612,13f_name_unique,validated
92143,52408,2025-12-09,2026-12-09,74346Y10,74346Y103,PROS HOLDINGS INC,PROS,0001214717-21-000010;0001214717-22-000010;0001214717-23-000010;0001214717-24-000006;0001214717-25-000006,1392972,"PROS Holdings, Inc.",2025-12-19,2026-02-13,1392972,13f_name_unique,validated
92229,52677,2021-02-11,2022-02-11,92827P10,,,,,,,,,,,cusip_absent
92239,52684,2021-01-19,2022-01-19,20605P10,,,,,,,,,,,cusip_absent
92303,52773,2025-04-22,2026-04-22,32022K10,32022K102,FIRST FINANCIAL NORTHWEST,FIRST FINANCIAL NORTHWEST,0001214717-21-000010;0001214717-22-000010;0001214717-23-000010;0001214717-24-000006;0001214717-25-000006,1401564,"First Financial Northwest, Inc.",2025-05-01,2026-04-09,1401564,13f_name_unique,validated
92343,52807,2025-02-13,2026-02-13,76131N10,76131N101,RETAIL OPPORTUNITY INVESTMEN,RETAIL OPPORTUNITY INVESTMEN,0001214717-21-000010;0001214717-22-000010;0001214717-23-000010;0001214717-24-000006,,,,,,,index_name_absent
92456,52874,2023-10-18,2024-10-17,04744L20,04744L205,ATHERSYS INC,ATHERSYS,0001214717-23-000010,,,,,,,index_name_absent
92523,52920,2021-11-15,2022-11-15,58958U10,58958U103,MERIDIAN BANCORP INC,MERIDIAN BANCORP,0001214717-21-000010,1600125,"Meridian Bancorp, Inc.",2022-02-08,2022-02-08,1600125,13f_name_unique,validated
92571,52960,2024-08-08,2025-08-08,13200M60,13200M607,CAMBER ENERGY INC,CAMBER ENERGY,0001214717-23-000010;0001214717-24-000006,1309082,"CAMBER ENERGY, INC.",2025-11-12,2026-08-13,,,filing_after_grace
92587,52967,2021-02-09,2022-02-09,09067210,,,,,,,,,,,cusip_absent
92588,52968,2023-10-17,2024-10-16,42726M10,42726M106,HERITAGE-CRYSTAL CLEAN INC,HERITAGE CRYSTAL CLEAN,0001214717-21-000010;0001214717-22-000010;0001214717-23-000010,1403431,"Heritage-Crystal Clean, Inc.",2024-02-14,2024-02-14,1403431,13f_name_unique,validated
92685,53026,2023-07-17,2024-07-16,56140910,561409103,MALVERN BANCORP INC,MALVERN BANCORP,0001214717-21-000010;0001214717-22-000010;0001214717-23-000010,1550603,"MALVERN BANCORP, INC.",2024-11-15,2024-11-15,,,filing_after_grace
92778,47011,2022-04-11,2023-04-11,25470F30,25470F302,DISCOVERY INC-C,DISCOVERY INC C,0001214717-21-000010;0001214717-22-000010,,,,,,,index_name_absent
92897,53126,2025-10-14,2026-10-14,16943W20,,,,,,,,,,,cusip_absent
92902,53132,2022-11-10,2023-11-10,98979V10,98979V102,ZOVIO INC,ZOVIO,0001214717-21-000010;0001214717-22-000010,1305323,Zovio Inc,2023-01-31,2023-01-31,1305323,13f_name_unique,validated
92987,53187,2025-04-02,2026-04-02,88145X10,88145X108,TERRITORIAL BANCORP INC,TERRITORIAL BANCORP,0001214717-21-000010;0001214717-22-000010;0001214717-23-000010;0001214717-24-000006;0001214717-25-000006,1447051,Territorial Bancorp Inc.,2025-08-12,2025-08-12,1447051,13f_name_unique,validated
93128,53282,2023-03-01,2024-02-29,22362260,223622606,COWEN INC - A,COWEN INC A,0001214717-21-000010;0001214717-22-000010,,,,,,,index_name_absent
93130,53284,2021-10-29,2022-10-29,16948F10,16948F107,CHINA XD PLASTICS CO LTD,CHINA XD PLASTICS,0001214717-21-000010,1353970,China XD Plastics Co Ltd,2023-02-14,2023-02-14,,,filing_after_grace
93131,53285,2023-01-03,2024-01-03,29082810,,,,,,,,,,,cusip_absent
93149,53293,2021-02-23,2022-02-23,98884U10,,,,,,,,,,,cusip_absent
93150,43340,2022-01-04,2023-01-04,12558180,125581801,CIT GROUP INC,CIT,0001214717-21-000010,1171825,CIT GROUP INC,2022-02-10,2022-02-10,1171825,13f_name_unique,validated
93175,53301,2022-03-15,2023-03-15,50077C10,50077C106,KRATON CORP,KRATON,0001214717-21-000010,1321646,Kraton Corp,2023-02-10,2023-02-10,1321646,13f_name_unique,validated
93233,53332,2021-07-09,2022-07-09,55357310,553573106,MSG NETWORKS INC- A,MSG NETWORKS INC A,0001214717-21-000010,,,,,,,index_name_absent
93285,53358,2024-12-16,2025-12-16,38111940,381119403,GOLDEN MINERALS CO,GOLDEN MINERALS,0001214717-24-000006,1011509,Golden Minerals Co,2025-11-14,2026-07-28,,,filing_after_grace
93301,53366,2023-01-20,2024-01-20,05358830,053588307,AVEO PHARMACEUTICALS INC,AVEO PHARMACEUTICALS,0001214717-21-000010;0001214717-22-000010,1325879,"AVEO PHARMACEUTICALS, INC.",2023-01-30,2023-01-30,1325879,13f_name_unique,validated
93401,53428,2021-02-17,2022-02-17,87945510,,,,,,,,,,,cusip_absent
93423,53440,2024-07-02,2025-07-02,83001A10,83001A102,SIX FLAGS ENTERTAINMENT CORP,SIX FLAGS ENTERTAINMENT,0001214717-21-000010;0001214717-22-000010;0001214717-23-000010;0001214717-24-000006,701374,Six Flags Entertainment Corp/OLD,,,,,submissions_name_mismatch
93434,53427,2025-08-04,2026-08-04,78513530,785135302,S&W SEED CO,S W SEED,0001214717-25-000006,1477246,S&W Seed Co,2025-08-06,2025-08-06,1477246,13f_name_unique,validated
