treated_permno,treated_accession,treated_td,treated_quarter,treated_sic2,treated_post,control_permno,match_group,mahalanobis_d2,control_logcap,control_logilliq,control_turnover,control_ret12m,control_idiovol
82526,0000921895-23-000151,2023-01-19,2023Q1,28,0,18257,0000921895-23-000151,0.0035159243981565105,11.39341531370796,-1.5108391497921834,1.0255437301658485,0.2764280040282756,0.0410471290074174
82526,0000921895-23-000151,2023-01-19,2023Q1,28,0,19176,0000921895-23-000151,0.024612106749050598,11.474036600748999,-1.7457960623141087,2.9083872237030746,0.5404000161215663,0.046705101537341934
82526,0000921895-23-000151,2023-01-19,2023Q1,28,0,78749,0000921895-23-000151,0.029476692324290135,10.855537629318956,-0.8011642731661385,0.12173575193249529,-0.3784890236565843,0.03838235020976255
19939,0001373604-24-000114,2024-12-13,2024Q4,28,1,15378,0001373604-24-000114,0.004273230640977043,12.549822337121617,-3.560434937199351,3.852392909955516,0.7459919914836064,0.043371659530265276
19939,0001373604-24-000114,2024-12-13,2024Q4,28,1,18257,0001373604-24-000114,0.014227552432351645,12.708969318077935,-3.67389031719547,0.9776032427365015,1.380666991812177,0.03342376883020894
19939,0001373604-24-000114,2024-12-13,2024Q4,28,1,18955,0001373604-24-000114,0.02364727141816831,12.7694922469284,-3.8524752062313543,0.6137252972100957,0.6128460231702775,0.07505870827484534
18554,0001437749-22-007518,2022-03-22,2022Q1,60,0,20660,0001437749-22-007518,0.024272230183840757,12.132032701831696,-0.13487120139564318,0.012413113753697467,-0.060689006996653916,0.016515097883087845
18554,0001437749-22-007518,2022-03-22,2022Q1,60,0,91083,0001437749-22-007518,0.043135392055608596,11.345785994843645,0.6307512596128941,0.04146309823120349,-0.11640900034399237,0.021462562406887965
18554,0001437749-22-007518,2022-03-22,2022Q1,60,0,16183,0001437749-22-007518,0.07928584388847724,11.561401865635325,0.22789330132797336,0.10660791830086086,0.04268299834802747,0.02456824416787316
88564,0001493152-22-003197,2022-01-27,2022Q1,38,0,88779,0001493152-22-003197,0.0017584307154084522,11.645142494197495,-4.006600528039315,1.1180643177590857,-1.094074994791299,0.03795086129610396
88564,0001493152-22-003197,2022-01-27,2022Q1,38,0,15961,0001493152-22-003197,0.013813256925108739,11.81477431309956,-4.169559981857261,0.7019322786699063,-0.4903680125134997,0.040775200723769195
88564,0001493152-22-003197,2022-01-27,2022Q1,38,0,15127,0001493152-22-003197,0.2907935129294917,11.90378577363924,-3.8108041916954325,1.205426416823977,-0.8040099949575961,0.03343369064884047
85293,0000921895-22-000996,2022-03-18,2022Q1,28,0,19993,0000921895-22-000996,0.02413394562365348,10.711561025477586,-2.8644831592926714,31.382624792000726,-1.1146040150197223,0.09498802838774749
85293,0000921895-22-000996,2022-03-18,2022Q1,28,0,89369,0000921895-22-000996,0.040126894330685954,10.432069593891331,-2.697038654484446,9.93677821014772,-1.5887060021050274,0.044771379263325736
85293,0000921895-22-000996,2022-03-18,2022Q1,28,0,87656,0000921895-22-000996,0.07148598230895739,10.63550466357846,-2.517850584964191,83.25034985745164,-1.3345139951561578,0.05433814396312272
19838,0001628280-23-001760,2023-01-30,2023Q1,35,0,51263,0001628280-23-001760,0.23957373765655432,13.009189416126945,-4.153850816373225,0.6266953399778684,0.17236200877232477,0.02457713757006654
18894,0001332596-23-000001,2023-05-22,2023Q2,28,0,34666,0001332596-23-000001,0.015241872117179707,10.19885427230557,-0.057108932226929435,0.34601756188160593,-0.6829380224808119,0.038571893904525284
18894,0001332596-23-000001,2023-05-22,2023Q2,28,0,13652,0001332596-23-000001,0.01572968301915441,10.248450427171433,-0.07235691817487912,2.7287007740147344,0.14723900341050467,0.05800908498625224
18894,0001332596-23-000001,2023-05-22,2023Q2,28,0,78749,0001332596-23-000001,0.020735125611205923,10.670552955105519,-0.5293752090636921,0.1292332032350232,-0.3509160073590465,0.03537782418090718
18368,0001749723-24-000095,2024-10-01,2024Q4,49,1,58334,0001749723-24-000095,0.03581613448400087,14.252448557605826,-6.858557167356808,0.17479789325522305,0.09316098809358664,0.01664586973650987
18368,0001749723-24-000095,2024-10-01,2024Q4,49,1,24969,0001749723-24-000095,0.14713331165456026,14.925145922021342,-7.494424650464966,0.17885911786426353,0.1769230019126553,0.013614596025577172
18368,0001749723-24-000095,2024-10-01,2024Q4,49,1,54199,0001749723-24-000095,0.30026092284615946,14.44344878469687,-6.713313135781741,0.10130416310630815,-0.05281399982050061,0.015391974668085388
16570,0001214659-23-003818,2023-03-14,2023Q1,28,0,17955,0001214659-23-003818,0.003966794209895934,10.768281811488635,-2.2193722340418334,5.72196175335298,0.5318059912096942,0.0504676255909858
16570,0001214659-23-003818,2023-03-14,2023Q1,28,0,16781,0001214659-23-003818,0.006171374378231376,10.743009760741478,-2.1697482806898694,4.502648583380327,-0.42004300688859075,0.06154224910919869
16570,0001214659-23-003818,2023-03-14,2023Q1,28,0,88511,0001214659-23-003818,0.020525640062684085,11.067539987006105,-2.462854599617611,11.666748759276556,-0.11272698115499225,0.04943988883091252
64282,0000899140-22-000826,2022-11-30,2022Q4,59,0,89540,0000899140-22-000826,0.7506491494888101,15.704947847377348,-8.87000346383483,0.2773301600993557,0.19998700049472973,0.02710982837979213
16308,0000921895-22-001859,2022-06-01,2022Q2,73,0,17245,0000921895-22-001859,0.5542605653674224,11.82338837251026,-3.697611385576587,1.6083704979573998,-0.9032049851375632,0.05405754483885404
16308,0000921895-22-001859,2022-06-01,2022Q2,73,0,88260,0000921895-22-001859,0.9539728097194173,11.657508116857247,-3.25386898946947,2.758963423810548,-0.6818169995676726,0.0374053076960645
17073,0000899140-22-000470,2022-04-14,2022Q2,13,0,58975,0000899140-22-000470,0.024705228467120477,14.229388062435142,-6.004328569076083,0.6212279212406213,0.34879100194666535,0.034962971184636496
17073,0000899140-22-000470,2022-04-14,2022Q2,13,0,14773,0000899140-22-000470,0.08037320428118118,13.658675655499263,-5.545406551556343,0.6242422320125867,0.07430800306610763,0.03023868109171497
17073,0000899140-22-000470,2022-04-14,2022Q2,13,0,16667,0000899140-22-000470,0.19978144633852513,13.67810015455286,-4.867021711044362,0.709066254674601,0.602117000380531,0.03817464815388781
21625,0000902664-23-003734,2023-06-16,2023Q2,73,0,16712,0000902664-23-003734,0.048300215154248455,11.885112964640674,-4.220085734909402,4.172559223741829,-0.11624099558684975,0.058366741261027165
21625,0000902664-23-003734,2023-06-16,2023Q2,73,0,77505,0000902664-23-003734,0.06069220262598749,12.413218472913872,-4.853586204159785,1.2105624763501908,0.8924660087213852,0.03636683247755627
21625,0000902664-23-003734,2023-06-16,2023Q2,73,0,22260,0000902664-23-003734,0.06838468397628628,11.736189329046567,-4.023452777809457,15.290707452395555,-0.5969849871471524,0.05245388727379637
88174,0001193805-22-000401,2022-02-22,2022Q1,73,0,21120,0001193805-22-000401,0.003287733989823593,14.517038501616442,-7.085032514376028,0.9068091996826426,-1.05268597920076,0.04481073579118265
88174,0001193805-22-000401,2022-02-22,2022Q1,73,0,78664,0001193805-22-000401,0.004280336264839696,14.70787786924403,-7.353614618180347,0.8502420582084679,-0.2511269942333456,0.04297086830489772
88174,0001193805-22-000401,2022-02-22,2022Q1,73,0,76752,0001193805-22-000401,0.010208853038527256,14.515738505619622,-7.040145625118666,0.16462854270296845,-0.001655991916777566,0.016731797452031703
20312,0001213900-23-071415,2023-08-20,2023Q3,36,0,16247,0001213900-23-071415,0.018824316307321506,10.674974453047287,-1.4220011184746988,0.34829132011502056,-0.4698460059444187,0.03241235122677494
20312,0001213900-23-071415,2023-08-20,2023Q3,36,0,47619,0001213900-23-071415,0.055071983474981004,11.013660755559332,-1.6696074493863136,0.33698897269968997,0.24616099463310093,0.028836832294414375
20312,0001213900-23-071415,2023-08-20,2023Q3,36,0,31691,0001213900-23-071415,0.06306785224491386,10.660860861694175,-1.259776286498603,0.12767178834546541,0.21666499914135784,0.02425922278291804
13111,0001062993-23-003537,2023-02-13,2023Q1,28,0,19401,0001062993-23-003537,0.0024547199997926503,10.170796877704209,-0.8095232085486864,10.536992688315019,-0.02633396675810218,0.06897582931442243
13111,0001062993-23-003537,2023-02-13,2023Q1,28,0,15486,0001062993-23-003537,0.0098382358614665,10.424683814853234,-1.1432803619641148,20.51987508532238,0.4881120249046944,0.040012889747955076
13111,0001062993-23-003537,2023-02-13,2023Q1,28,0,16178,0001062993-23-003537,0.016797000832925506,10.518318534148237,-1.2582498906624833,7.337982603470618,-0.7024650314415339,0.08427418334446135
21007,0001387131-22-003635,2022-03-02,2022Q1,73,0,16400,0001387131-22-003635,0.08541698685887358,12.527225276793553,-6.639007014529479,75.45816742333545,4.316262126667425,0.36888309066425073
21007,0001387131-22-003635,2022-03-02,2022Q1,73,0,22260,0001387131-22-003635,0.7425089791534667,12.948190188308622,-6.026571643264589,4.28668764902597,,
19969,0000895345-23-000577,2023-10-02,2023Q4,28,0,19993,0000895345-23-000577,0.0008508210343237536,11.434033436677838,-1.621543622912456,1.084100510776015,-0.021027996903285384,0.03407970121036945
19969,0000895345-23-000577,2023-10-02,2023Q4,28,0,16007,0000895345-23-000577,0.03317315215130616,11.58334441246059,-1.6097629958049615,0.7637720679169474,-0.14825699478387833,0.03328241420642149
19969,0000895345-23-000577,2023-10-02,2023Q4,28,0,19831,0000895345-23-000577,0.0426865087985569,11.60921116879623,-1.9926594124629735,0.14001090389661103,-0.6202690074860584,0.031329908598241585
19568,0001123292-23-000096,2023-08-04,2023Q3,28,0,20280,0001123292-23-000096,0.0011901049796585613,11.836100180140743,-3.392697788955667,3.147495391792608,-0.8406360155204311,0.058146087367736146
19568,0001123292-23-000096,2023-08-04,2023Q3,28,0,15779,0001123292-23-000096,0.010162571030637547,11.668594990766756,-3.179322892354595,3.6656678707614727,0.1707880012691021,0.04829574796956608
19568,0001123292-23-000096,2023-08-04,2023Q3,28,0,18215,0001123292-23-000096,0.022149508937495885,11.553971434406229,-3.0252839301626993,1.6556827968301757,0.3096249859081581,0.05017385863554717
92091,0001437749-22-021511,2022-08-16,2022Q3,73,0,16376,0001437749-22-021511,0.05304010123089155,9.108328687164203,-0.30944588152640007,72.26290571511348,-0.243947004142683,0.05554650154381467
92091,0001437749-22-021511,2022-08-16,2022Q3,73,0,21285,0001437749-22-021511,0.09492499028854563,9.798686880136817,-1.031870347748636,41.750428136836476,0.17186096985824406,0.06431111266294302
92091,0001437749-22-021511,2022-08-16,2022Q3,73,0,19011,0001437749-22-021511,0.8439870031527467,9.70928550132121,-0.305616631161995,93.02204678119337,-0.5893410352291539,0.06101602224123189
89573,0001493152-24-008886,2024-02-28,2024Q1,60,1,14650,0001493152-24-008886,0.0002954943556122606,12.187733150333997,-2.7793664140029675,0.061973584296135815,0.06252400632365607,0.01715734168333848
89573,0001493152-24-008886,2024-02-28,2024Q1,60,1,19231,0001493152-24-008886,0.0016447197358141854,12.202401916640712,-2.820742479480935,0.0930182709530022,0.16450299427378923,0.026031201644326388
89573,0001493152-24-008886,2024-02-28,2024Q1,60,1,85725,0001493152-24-008886,0.003911329533439226,12.112838309670188,-2.724067170448931,0.035298936653042255,0.03407400436117314,0.022896366982089623
14456,0001104659-24-024047,2024-02-12,2024Q1,28,1,91571,0001104659-24-024047,0.036106813939254134,11.30145155772201,-4.189358975067167,11.906897751307353,-1.4188710182206705,0.05117625662541548
14456,0001104659-24-024047,2024-02-12,2024Q1,28,1,15775,0001104659-24-024047,0.09458448462372132,11.300406522083456,-4.313632286418315,63.63549111209849,-0.6996649457723834,0.08235233435849791
14456,0001104659-24-024047,2024-02-12,2024Q1,28,1,16781,0001104659-24-024047,0.19784429054557054,10.89829367247865,-3.1111270627267076,14.867953793896417,0.07084501232020557,0.06150402830963306
21263,0001193805-24-001111,2024-09-05,2024Q3,38,1,18899,0001193805-24-001111,0.003213060088777917,9.867628223595618,0.38397904546396566,0.6273830333660252,-0.673130988230696,0.03159484080178636
21263,0001193805-24-001111,2024-09-05,2024Q3,38,1,22561,0001193805-24-001111,0.0699200316914503,9.563699223753819,0.9496957010672643,2.9412824850962984,1.2619040425197454,0.08727584077152974
21263,0001193805-24-001111,2024-09-05,2024Q3,38,1,21844,0001193805-24-001111,0.0965796630144254,9.76669427431385,0.7650131669006128,231.07609458746794,-1.1560570179426577,0.07783207913916783
87508,0001493152-23-025513,2023-07-24,2023Q3,73,0,83844,0001493152-23-025513,0.013023722472498988,10.40301994716454,0.2781176875283251,0.6154324499393088,-0.06216601701453328,0.028247714820685266
87508,0001493152-23-025513,2023-07-24,2023Q3,73,0,23513,0001493152-23-025513,0.1253272556024861,9.697450595524224,0.8339945419889961,13.33922145865827,-0.08342096902197227,0.05819277996900361
87508,0001493152-23-025513,2023-07-24,2023Q3,73,0,22776,0001493152-23-025513,0.1761925010243684,10.343549559399039,0.7649466960180031,38.39285653747939,0.8913649500100291,0.10678547198788571
21619,0001213900-24-111891,2024-11-14,2024Q4,49,1,50789,0001213900-24-111891,0.010600483076896051,15.11729119127945,-6.691319406550386,0.03350105613874664,0.2572339971375186,0.013713409216831798
21619,0001213900-24-111891,2024-11-14,2024Q4,49,1,60098,0001213900-24-111891,0.23435415824432435,15.01152830858702,-7.0981708289153165,0.0701793215728541,-0.045452001328158076,0.015061211328901732
21619,0001213900-24-111891,2024-11-14,2024Q4,49,1,23182,0001213900-24-111891,0.2596400711365181,14.844395241008685,-6.922865254987727,0.037382695006168185,0.22103199559933273,0.01218938787111604
20654,0000014693-24-000036,2024-04-30,2024Q2,20,1,77165,0000014693-24-000036,0.005301511461433399,13.714310376103864,-6.172450543284311,0.06205661250150097,0.010861006361665204,0.017447125825364423
20654,0000014693-24-000036,2024-04-30,2024Q2,20,1,91977,0000014693-24-000036,0.006701309399545825,13.674862703284667,-6.258609937698934,1.1975183653102228,0.03302900231210515,0.03112478332206928
20654,0000014693-24-000036,2024-04-30,2024Q2,20,1,22199,0000014693-24-000036,0.02006497524906394,14.131186587566697,-6.702700415148099,0.5126591993298778,-0.019182004471076652,0.029789775012830786
90755,0000902664-24-006230,2024-10-29,2024Q4,67,1,19225,0000902664-24-006230,0.01826801586338874,12.455572595306819,-3.55687746488591,0.15316734371974003,0.158098993008025,0.021111082366062
23193,0001683168-23-007194,2023-09-26,2023Q3,37,0,49138,0001683168-23-007194,0.08424514115025111,9.815966955006633,1.316816117651192,0.36602992433897624,0.26287103042704985,0.040521828616942326
18855,0001068238-22-000140,2022-05-19,2022Q2,28,0,15187,0001068238-22-000140,0.07226450034097695,9.139252450260452,-2.7018013495398985,365.56782632774224,-1.9099089917290257,0.07606055654207684
18855,0001068238-22-000140,2022-05-19,2022Q2,28,0,22537,0001068238-22-000140,0.6125185386013021,9.774864096264189,-2.5157136795956387,189.00280155357174,,
18855,0001068238-22-000140,2022-05-19,2022Q2,28,0,19837,0001068238-22-000140,0.6677407016757663,9.863120142176834,-2.5913332685186607,83.26007182525106,-1.2526689965743572,0.073473550963221
77660,0001104659-22-100898,2022-08-14,2022Q3,61,0,14229,0001104659-22-100898,1.1937791534362892,15.337530572244757,-7.804282454356275,0.2582594577983615,-0.2114550050755497,0.017935441148936616
20310,0001213900-22-049693,2022-08-09,2022Q3,37,0,92589,0001213900-22-049693,0.5855866684404808,12.159597828873792,-3.411412633453027,1.893670179207904,-0.2532659932039678,0.038336472035640425
12566,0001104659-22-082403,2022-07-13,2022Q3,67,0,92690,0001104659-22-082403,0.02975844197608695,13.8190552680497,-6.007396041664952,0.311729144194794,-0.21174699539551511,0.016603100521608113
12566,0001104659-22-082403,2022-07-13,2022Q3,67,0,22080,0001104659-22-082403,0.03102581668803582,13.940534991298545,-6.198966344893011,1.0894901500251586,-0.08784600521903485,0.01775775117032192
12566,0001104659-22-082403,2022-07-13,2022Q3,67,0,13756,0001104659-22-082403,0.033941751249118385,13.58304771664873,-6.040424308578238,0.36434762174760266,0.08265399173251353,0.02507482174331658
92528,0000919574-23-005372,2023-09-27,2023Q3,27,0,23120,0000919574-23-005372,0.022082762951975986,10.026806348668856,-1.4729302815421697,3.231110062632133,0.5720580308952776,0.07403940190509467
19602,0000950142-22-000628,2022-02-04,2022Q1,67,0,20602,0000950142-22-000628,0.046284820754709605,11.93667341864016,-2.7104980513714345,1.1555828485558863,0.020166998259810498,0.008478496817561574
19602,0000950142-22-000628,2022-02-04,2022Q1,67,0,16577,0000950142-22-000628,0.12603423535506636,11.89254818308057,-3.2146198421527545,0.43350011071179256,0.20150598674081266,0.02135478908152961
13700,0001193805-23-000737,2023-04-22,2023Q2,67,0,82639,0001193805-23-000737,0.18876778975806296,9.233632980627974,1.7887684584877315,10.028066505388617,0.5875519824330695,0.1162966410415693
16393,0000897069-23-000114,2023-02-06,2023Q1,28,0,14046,0000897069-23-000114,0.04819442934720414,8.427496029113845,-0.5452873986690259,36.08388761540256,-0.8961129909657757,0.06013808312540936
16393,0000897069-23-000114,2023-02-06,2023Q1,28,0,90539,0000897069-23-000114,0.06132300299916327,8.679138556457364,-0.4767825925589098,30.61424564440708,-0.8496329814806813,0.0584961366098692
16393,0000897069-23-000114,2023-02-06,2023Q1,28,0,16532,0000897069-23-000114,0.0687875154865056,8.03989905085904,0.36897101104411595,441.7113683046532,-0.431130982163495,0.08102203804588459
23065,0001493152-22-036342,2022-12-12,2022Q4,28,0,18406,0001493152-22-036342,0.003048229449586513,11.65142051822363,-2.2546626436087864,0.34602226410704595,-0.05320999992545694,0.04361461353382661
23065,0001493152-22-036342,2022-12-12,2022Q4,28,0,20058,0001493152-22-036342,0.015442518648957626,11.520228234718557,-2.0070135153632385,1.2806776688186905,-0.13307499280199409,0.06131580270780242
23065,0001493152-22-036342,2022-12-12,2022Q4,28,0,16007,0001493152-22-036342,0.02286628154022657,11.724955812756852,-2.24563962769056,2.5764388991175116,-0.18495200108736753,0.047275869405757204
83910,0001213900-22-018462,2022-04-01,2022Q2,35,0,76052,0001213900-22-018462,0.13931252588535042,11.278144460411898,-1.1901758358599295,0.22882229535167314,0.3506709989742376,0.02467986884262902
83910,0001213900-22-018462,2022-04-01,2022Q2,35,0,14548,0001213900-22-018462,0.20806389121407234,11.046432466243695,-0.8292924926696151,2.969569655521745,0.2751999879255891,0.03228940247906083
83910,0001213900-22-018462,2022-04-01,2022Q2,35,0,77624,0001213900-22-018462,0.5656612600667078,10.813489752978741,-1.718692769761492,3.295893934461484,0.004223981755785644,0.07494043656120385
18259,0001104659-25-001689,2024-12-13,2024Q4,67,1,22207,0001104659-25-001689,1.0765650024807043,9.21898093456617,-0.7201672491091516,2.3561109238657614,-0.5876460207327909,0.030494753840049172
14934,0001213900-23-068201,2023-08-07,2023Q3,38,0,11394,0001213900-23-068201,0.14260484323936212,8.086847102977613,-1.0953567312260608,77.43830900166039,-0.5206009751746024,0.11045594087548419
61487,0001104659-24-075608,2024-06-26,2024Q2,51,1,81728,0001104659-24-075608,0.012503988445934398,11.24619633833667,-2.0338042271943038,0.24557732279383573,0.32306201016763225,0.0189385353175604
17889,0001214659-24-017295,2024-10-01,2024Q4,28,1,93083,0001214659-24-017295,0.01066393358949735,10.646293091704193,-2.177740067420298,4.3664926391910655,0.11464399355463684,0.05310878097435024
17889,0001214659-24-017295,2024-10-01,2024Q4,28,1,88511,0001214659-24-017295,0.011609623694127344,10.358038971434176,-1.7815035944774615,1.1937149741941446,-0.4887990087736398,0.057577648208498845
17889,0001214659-24-017295,2024-10-01,2024Q4,28,1,18458,0001214659-24-017295,0.04024892744930165,11.09811310711892,-2.6574107206327784,0.5300569054465103,0.0075910239247605205,0.048418277703370725
15016,0001140361-22-041635,2022-11-09,2022Q4,38,0,90288,0001140361-22-041635,0.09378157552555687,9.299940644880948,-1.7254222949153633,26.659672428708618,-0.642355979885906,0.07577366315523447
85177,0001085146-23-002486,2023-05-25,2023Q2,73,0,93266,0001085146-23-002486,0.014661615872558709,13.0950349751704,-5.453431150935589,0.83333246886969,-0.11384300567442551,0.03399650502851366
85177,0001085146-23-002486,2023-05-25,2023Q2,73,0,21120,0001085146-23-002486,0.017003633397304086,13.265715441486504,-5.57753390990244,3.1923560317408124,-0.18927199160680175,0.033935916622667255
85177,0001085146-23-002486,2023-05-25,2023Q2,73,0,10890,0001085146-23-002486,0.019605686989912767,12.612864539734932,-4.717268677784379,4.498344483876794,-0.3371280007995665,0.0567468737541669
21737,0001140361-22-027287,2022-07-19,2022Q3,73,0,10257,0001140361-22-027287,0.016582342059599686,12.176416105512448,-2.8203040194334084,0.1391773368872238,0.0713169836672023,0.03733725878634995
21737,0001140361-22-027287,2022-07-19,2022Q3,73,0,16805,0001140361-22-027287,0.04107894426270631,12.840450365210513,-3.7732722739266653,0.14117387995136604,-0.18449801366659813,0.02420193681369707
21737,0001140361-22-027287,2022-07-19,2022Q3,73,0,20996,0001140361-22-027287,0.06399456008638817,12.556721770634466,-3.0349762708916788,0.9071994441687858,-1.093047002563253,0.07639939772717119
92468,0001213900-23-000847,2022-12-20,2022Q4,28,0,19993,0001213900-23-000847,0.020405157633100912,10.116095801934955,0.09022926939001942,1.7325342308894085,-0.3480880130082369,0.050318893847556216
92468,0001213900-23-000847,2022-12-20,2022Q4,28,0,86728,0001213900-23-000847,0.04976489075427166,10.609051327151146,-0.19951507544468133,0.20403036225726728,-0.22993998948368244,0.0478894562974955
92468,0001213900-23-000847,2022-12-20,2022Q4,28,0,18997,0001213900-23-000847,0.11849659753552406,10.008363650882831,0.02157478271993378,6.376493888927059,-1.0921640100714285,0.06593538034830564
81241,0001104659-23-100860,2023-09-08,2023Q3,35,0,86822,0001104659-23-100860,0.010538709821410313,15.076582958733782,-7.834777069948848,0.6752869462405723,0.45738499669823796,0.02790754822360616
81241,0001104659-23-100860,2023-09-08,2023Q3,35,0,89110,0001104659-23-100860,0.012172906391319094,14.762870593416663,-7.340047601785573,0.13399777719302625,0.21373998714261688,0.025712398145090458
81241,0001104659-23-100860,2023-09-08,2023Q3,35,0,27983,0001104659-23-100860,0.06373481268877654,14.766912648069619,-7.138343572190413,0.6167537313797194,0.20781000109855086,0.02164830990096389
84607,0000921895-23-002068,2023-08-17,2023Q3,36,0,22179,0000921895-23-002068,0.008547966439170747,10.452814881030783,-1.6255005542208611,11.051842113692274,-0.8832229750405531,0.061381060835425584
84607,0000921895-23-002068,2023-08-17,2023Q3,36,0,23062,0000921895-23-002068,0.033899325875173386,10.466180885681785,-1.536634512300669,1.392695607394897,2.6111979783745483,0.1400538739268346
84607,0000921895-23-002068,2023-08-17,2023Q3,36,0,14313,0000921895-23-002068,1.058725463091949,11.105041433624754,-1.4868370645699729,0.23725138112125257,0.14327198690898513,0.033009339438652106
19585,0001104659-24-041578,2024-03-28,2024Q1,28,1,17125,0001104659-24-041578,0.010403421935571715,14.819929083403096,-6.578470268526286,0.4337249767628822,-0.247889010963263,0.045585991536912195
19585,0001104659-24-041578,2024-03-28,2024Q1,28,1,86026,0001104659-24-041578,0.010620429179051389,14.966389968695806,-6.888619037041153,0.03206271233708942,0.2299739994778065,0.012342927489683075
19585,0001104659-24-041578,2024-03-28,2024Q1,28,1,13410,0001104659-24-041578,0.011924603216838353,14.451797503753886,-6.218320389038955,0.23173426666788258,0.17780899914214388,0.022847867952812746
19082,0001493152-22-016439,2022-06-07,2022Q2,38,0,82621,0001493152-22-016439,0.03433243124055584,11.05130055600686,-1.1217918895350967,1.7586592561171788,-0.4519560160115361,0.051234653917031255
19082,0001493152-22-016439,2022-06-07,2022Q2,38,0,76928,0001493152-22-016439,0.09295179281716931,11.980175306019342,-2.044337142056557,0.08355458127773253,-0.3664450209180359,0.03676889063793039
19082,0001493152-22-016439,2022-06-07,2022Q2,38,0,15496,0001493152-22-016439,0.23812417550090187,11.188813405663566,-1.7903007273312728,5.040193036295981,-1.0337449664366432,0.050609381515174044
31668,0001214659-23-004528,2023-03-30,2023Q1,73,0,74500,0001214659-23-004528,0.03065816292698716,9.713512784488394,0.5989461814671427,0.26010332043439593,0.09184099141839397,0.03515644696939565
31668,0001214659-23-004528,2023-03-30,2023Q1,73,0,16458,0001214659-23-004528,0.30854697194543607,9.686309919687492,0.1526559124074466,1.7687853619929292,0.09659499681583839,0.06553680529928577
31668,0001214659-23-004528,2023-03-30,2023Q1,73,0,83844,0001214659-23-004528,0.39025474088448314,10.488485332110312,0.29924971248630633,0.6562350524664398,-0.18948501348495483,0.037005779508335994
16631,0001193805-22-000143,2022-01-27,2022Q1,47,0,83272,0001193805-22-000143,0.002802179218811954,14.782844806634154,-6.760826083034308,0.057485726987560985,0.12659099223674275,0.01486027650666813
16631,0001193805-22-000143,2022-01-27,2022Q1,47,0,12036,0001193805-22-000143,0.06696977165549874,15.033687997082168,-6.836680307283054,0.034626009758537475,0.02860200389113743,0.014064795342754828
21947,0001213900-24-059094,2024-07-01,2024Q3,61,1,21920,0001213900-24-059094,0.007061690149434925,9.98381791114186,-1.5761888190633022,5.994108444811225,0.8638950220774859,0.07305513077702294
79150,0000902664-23-004496,2023-08-09,2023Q3,38,0,90179,0000902664-23-004496,0.0025275791284900652,12.709438937527032,-5.092354392528657,0.9062098941446389,-0.2991529967985116,0.03395562868265646
79150,0000902664-23-004496,2023-08-09,2023Q3,38,0,18418,0000902664-23-004496,0.014698206698892581,12.631729194225722,-4.833849916591308,0.8626865203422243,-0.2710729968966916,0.04319986236615473
79150,0000902664-23-004496,2023-08-09,2023Q3,38,0,79611,0000902664-23-004496,0.02314153519388339,12.972181909821543,-5.46559694026092,0.359527692853938,-0.04239199394942261,0.020421770343640067
85013,0001214659-22-011815,2022-09-27,2022Q3,38,0,85567,0001214659-22-011815,0.03351662865006635,10.980615871243316,-1.8934332801308038,0.7798377865511052,-0.4398049950832501,0.04315381139811878
85013,0001214659-22-011815,2022-09-27,2022Q3,38,0,19022,0001214659-22-011815,0.034985685662443027,11.870089359353207,-2.9024912095260444,0.9930132492667646,-0.43822802405338734,0.037897001094875676
85013,0001214659-22-011815,2022-09-27,2022Q3,38,0,76908,0001214659-22-011815,0.04982180070485028,11.705003109330903,-2.871209740919511,19.509186316535214,-0.3169219908595551,0.04916014087800596
26825,0001341004-24-000139,2024-08-13,2024Q3,20,1,10516,0001341004-24-000139,0.014787224336565541,17.141204691553465,-9.821257262053136,0.1247579949927956,-0.17671999684534967,0.02403165101102459
26825,0001341004-24-000139,2024-08-13,2024Q3,20,1,17144,0001341004-24-000139,0.034765669453986014,17.46430608105957,-10.172589055849674,0.10381507357047848,0.09921799597213976,0.015704483187339052
26825,0001341004-24-000139,2024-08-13,2024Q3,20,1,32870,0001341004-24-000139,0.04550463512535807,16.679384943517697,-8.99530494267515,0.13310731639739987,0.06032499682623893,0.018832342582794155
20818,0001213900-23-026269,2023-03-23,2023Q1,73,0,20818,0001213900-23-026269,0.0,11.627174262558354,1.416489805150849,0.4703702078986366,0.08133899761651264,0.015976230172937055
15433,0000921895-23-001309,2023-05-11,2023Q2,28,0,19251,0000921895-23-001309,0.006208525267979159,10.937842347241498,-1.506261221031563,2.3568406610932624,-0.48156798258423805,0.04512491336777378
15433,0000921895-23-001309,2023-05-11,2023Q2,28,0,88511,0000921895-23-001309,0.00928050134423606,11.261607336682477,-2.012022098985692,7.059296354827403,0.04134802341286559,0.048966044823926566
15433,0000921895-23-001309,2023-05-11,2023Q2,28,0,13693,0000921895-23-001309,0.015566059713495546,11.372099646879935,-2.055551350809532,4.3810137974950365,-0.159917997661978,0.038942412282000446
89891,0001140361-24-016912,2024-03-25,2024Q1,38,1,10550,0001140361-24-016912,0.0023728841620783135,10.997457582576203,-1.3800761281822758,0.10616897459154247,-0.027853007892190362,0.027596571569125813
89891,0001140361-24-016912,2024-03-25,2024Q1,38,1,11275,0001140361-24-016912,0.0326620171612868,11.452800230938955,-1.9607709672331521,0.7761293446686784,-0.2701859960798174,0.027954596431191317
89891,0001140361-24-016912,2024-03-25,2024Q1,38,1,22783,0001140361-24-016912,0.03424228377678404,10.68233089139799,-0.8389603199548685,4.673885876713693,1.1595699770841748,0.0747385569200213
18670,0001493152-22-019850,2022-07-13,2022Q3,36,0,23062,0001493152-22-019850,0.027041707753672962,9.644751797060453,-2.128059869065752,17.352163801342932,,
18413,0001213900-24-093566,2024-10-29,2024Q4,73,1,13812,0001213900-24-093566,1.2226740824858928,8.818400878937139,-0.8832097596037609,101.2617241296409,0.7395610084640794,0.11606432238219304
89387,0001665159-24-000001,2024-08-09,2024Q3,73,1,89941,0001665159-24-000001,0.014175493262860947,11.714099197524368,-3.548333519031271,0.783298730755007,0.04670899535994977,0.02888894047995103
89387,0001665159-24-000001,2024-08-09,2024Q3,73,1,19196,0001665159-24-000001,0.03184056114095994,12.148786694145894,-3.9748780978830616,5.452085426909735,0.5304800055455416,0.059902652204813174
89387,0001665159-24-000001,2024-08-09,2024Q3,73,1,22287,0001665159-24-000001,0.04217150602387018,12.461387970649906,-4.448343821209045,1.2570008796910586,0.019767997786402702,0.050825358181555584
58683,0000902664-24-004970,2024-07-29,2024Q3,45,1,91103,0000902664-24-004970,0.16042409156435256,16.579082215897156,-10.12832607037387,0.561355105497653,0.24796200566925108,0.024834801736652874
18217,0001493152-24-013076,2024-03-26,2024Q1,28,1,19142,0001493152-24-013076,0.0005734344194200429,9.502373962823652,0.8687280540781577,312.67434032184684,0.8648519373236923,0.12443673498907899
18217,0001493152-24-013076,2024-03-26,2024Q1,28,1,78091,0001493152-24-013076,0.001955643939342432,9.446033645075003,0.967962849235793,1.4678642086010263,-0.5919629926429479,0.04159438567288876
18217,0001493152-24-013076,2024-03-26,2024Q1,28,1,22196,0001493152-24-013076,0.25612957430469613,9.817978682580902,0.9886215571454976,2.5740903106267456,0.22897201776504517,0.06249283183595781
18306,0001213900-23-049686,2023-05-08,2023Q2,73,0,23372,0001213900-23-049686,0.03964388336582919,9.735488931029359,1.1809330730394405,0.2863277061187239,-0.2243339919423306,0.040061814213022635
18306,0001213900-23-049686,2023-05-08,2023Q2,73,0,83844,0001213900-23-049686,0.06137870261982519,10.474861089294153,0.45545352324145133,0.5934998928440303,-0.12242702255025506,0.03574511951280367
18306,0001213900-23-049686,2023-05-08,2023Q2,73,0,19232,0001213900-23-049686,0.07894030581526709,10.19379018831049,0.29700972667708897,1.9648012986300583,0.2566329959081486,0.07158574463949219
89167,0000921895-22-002603,2022-08-22,2022Q3,73,0,18915,0000921895-22-002603,0.0007518665354339451,13.67892702658509,-5.863412665736956,0.4693199582716397,-1.0202399853151292,0.042530311709179404
89167,0000921895-22-002603,2022-08-22,2022Q3,73,0,20315,0000921895-22-002603,0.008339710655080903,13.778013571140797,-6.034601782867782,1.161133819830999,-0.3057369863963686,0.04514209570502766
89167,0000921895-22-002603,2022-08-22,2022Q3,73,0,10517,0000921895-22-002603,0.029647711402424642,13.964191916857708,-6.2967499044189035,0.7658289213360508,-0.5403880051453598,0.03528654713571749
18141,0000902664-22-002198,2022-03-07,2022Q1,73,0,16381,0000902664-22-002198,0.026108863698055085,15.310902137563973,-7.904958453985219,0.1067623164781548,-0.3501849918466178,0.01885999301509131
18141,0000902664-22-002198,2022-03-07,2022Q1,73,0,89215,0000902664-22-002198,0.03139018993033993,15.404290845335753,-7.900072518236598,0.11487888566324224,0.17555000114953145,0.028045906098743932
18141,0000902664-22-002198,2022-03-07,2022Q1,73,0,21357,0000902664-22-002198,0.04513408454830638,15.62708803345522,-8.086667448229088,0.8110727886257079,0.32842199484002776,0.057343470051128824
81621,0000921895-23-002203,2023-09-15,2023Q3,36,0,90971,0000921895-23-002203,0.0068463216362864045,13.821962340384015,-6.8155604983444205,0.4220713589468703,-0.22606099273252767,0.02816129734079734
81621,0000921895-23-002203,2023-09-15,2023Q3,36,0,55993,0000921895-23-002203,0.011971765851541683,13.669012372966138,-6.701723115746468,0.6580626277753606,0.1449980076868087,0.047628170985916374
81621,0000921895-23-002203,2023-09-15,2023Q3,36,0,16543,0000921895-23-002203,0.02394227848556077,13.555749701686898,-6.545774236366134,0.369469145047139,0.005290995293762535,0.022648569728609735
90400,0001213900-23-010961,2023-02-13,2023Q1,28,0,14591,0001213900-23-010961,0.02730405974093382,11.530667146446385,-2.295929980376801,3.3326684465573737,-0.026269985508406535,0.03347333418141423
90400,0001213900-23-010961,2023-02-13,2023Q1,28,0,19251,0001213900-23-010961,0.031678021611204525,11.3463737086645,-1.8616094242089516,2.88190600246169,-0.16081596491858363,0.04518191466682831
90400,0001213900-23-010961,2023-02-13,2023Q1,28,0,13411,0001213900-23-010961,0.03264471370838222,11.44437817276951,-2.2666139574574946,3.7528886721859873,0.8774849977344275,0.07270248179495392
84184,0001104659-23-072981,2023-06-09,2023Q2,38,0,21844,0001104659-23-072981,0.065273586761415,11.5368251779329,-1.3777853328365548,0.607855504900898,-1.1520310222404078,0.0498642300075435
84184,0001104659-23-072981,2023-06-09,2023Q2,38,0,16819,0001104659-23-072981,0.22071509436184397,11.664729565160346,-1.3232154320550436,0.27463061987867926,0.7316389931947924,0.029565967598673314
84184,0001104659-23-072981,2023-06-09,2023Q2,38,0,16181,0001104659-23-072981,0.6745686742757735,10.74284691483395,-1.424311926485792,10.691883390588814,-0.39846798132930417,0.057573127876508895
20670,0000902664-22-003109,2022-05-12,2022Q2,36,0,16250,0000902664-22-003109,0.033705736722170705,12.550086302592806,-4.42542212299214,1.1075329800084335,-0.4128519968362525,0.05069293956562272
20670,0000902664-22-003109,2022-05-12,2022Q2,36,0,77175,0000902664-22-003109,0.03876227646114383,11.931782236474465,-3.9430946610809143,1.2199192814965096,-0.8250400124816224,0.03602140387793875
20670,0000902664-22-003109,2022-05-12,2022Q2,36,0,89655,0000902664-22-003109,0.04086360698586571,12.328691967478008,-4.430977361114007,0.09905852799072108,-0.3496940024779178,0.016187689632605768
84007,0000904853-22-000002,2022-09-12,2022Q3,61,0,20146,0000904853-22-000002,0.01649073665937182,12.564047953628839,-4.871863607349688,2.153254157770396,-0.49518600752344355,0.025141956382981008
84007,0000904853-22-000002,2022-09-12,2022Q3,61,0,13302,0000904853-22-000002,0.8602100199017146,12.67169638454493,-4.150947182355027,0.09346033443501796,-0.48021599602361675,0.019146982068949655
18377,0001072613-23-000402,2023-07-19,2023Q3,28,0,19953,0001072613-23-000402,0.01603261480798315,12.092884910289243,-3.937439854269066,6.716829188886254,-0.6945909940404817,0.04772697034358416
18377,0001072613-23-000402,2023-07-19,2023Q3,28,0,88810,0001072613-23-000402,0.04016228768717126,12.33892748434377,-4.233597254163618,9.152099347887194,0.9743870090460405,0.06928391192312681
18377,0001072613-23-000402,2023-07-19,2023Q3,28,0,15378,0001072613-23-000402,0.040234931496560385,11.634710083603425,-3.652742122652206,5.211526560496271,-0.07897099619731307,0.034109620298651215
79903,0000921895-24-002895,2024-12-04,2024Q4,73,1,88260,0000921895-24-002895,0.00434846607786247,10.70479203410113,-1.7757001381802016,6.727175483102122,-1.0197390166285913,0.049720612384086434
79903,0000921895-24-002895,2024-12-04,2024Q4,73,1,16049,0000921895-24-002895,0.06503665833498988,10.516169790460566,-1.3627777372514633,1.3814586299750042,0.18668198632076383,0.04772639800479347
79903,0000921895-24-002895,2024-12-04,2024Q4,73,1,90608,0000921895-24-002895,0.150378103031688,10.506174050449234,-1.2195099363927553,14.652400715527873,-0.008793980290647596,0.05340388601892607
88159,0000902664-23-002313,2023-03-09,2023Q1,28,0,76661,0000902664-23-002313,0.0012369176086956364,15.470326419578118,-7.75684801860923,0.18099816712572245,0.024926992089604028,0.022555662444121473
88159,0000902664-23-002313,2023-03-09,2023Q1,28,0,77300,0000902664-23-002313,0.011785339935342651,15.378026357933386,-7.58254749549989,0.25690011426250653,0.19402399034879636,0.029777077179918177
88159,0000902664-23-002313,2023-03-09,2023Q1,28,0,18777,0000902664-23-002313,0.020647249529264167,15.724709670562996,-7.969263473176738,0.042238416258020814,0.6950489686860237,0.060259074413874916
89394,0000921895-22-001834,2022-05-18,2022Q2,59,0,18725,0000921895-22-001834,0.050936110111441425,13.977932932800798,-7.202959474725594,0.7269875214227106,-0.6180200005328516,0.037007333569664194
89394,0000921895-22-001834,2022-05-18,2022Q2,59,0,91683,0000921895-22-001834,0.795875194665268,14.301524411840944,-6.93902850321726,0.8663083426243772,-0.06272298243129626,0.027159569918108115
11370,0001193805-22-000591,2022-03-31,2022Q1,73,0,86594,0001193805-22-000591,0.004711649769263173,15.067314106363336,-7.198171010050331,0.11204249761291708,0.003910008104867302,0.015796192318728017
11370,0001193805-22-000591,2022-03-31,2022Q1,73,0,13625,0001193805-22-000591,0.008153741410364495,15.047729265192391,-7.088239482680637,0.07944699099745012,-0.01673099341132911,0.020563083334824914
11370,0001193805-22-000591,2022-03-31,2022Q1,73,0,21345,0001193805-22-000591,0.013832129000095646,15.3614039553397,-7.62479074416242,1.818903646230177,-0.6226810016960371,0.04959662414411178
20465,0000921895-22-003251,2022-12-13,2022Q4,73,0,17106,0000921895-22-003251,0.021753862759415238,13.147049082653771,-5.199687261038249,2.0566338776014574,-0.04852400999516249,0.06420235523850518
20465,0000921895-22-003251,2022-12-13,2022Q4,73,0,11481,0000921895-22-003251,0.032145897629187785,13.268767420802114,-5.241954524922321,0.6491165853182204,-0.2628040053532459,0.054594050987508934
20465,0000921895-22-003251,2022-12-13,2022Q4,73,0,21601,0000921895-22-003251,0.08491892220701629,12.886550457501956,-4.529834465285719,0.916839212956187,-1.2055790617887396,0.06184566311124639
20318,0001104659-22-008244,2021-12-13,2021Q4,28,0,13411,0001104659-22-008244,0.002459100850753793,12.291936163982186,-4.622557735122676,4.328576207824996,-0.4134239755803719,0.040155077804386596
20318,0001104659-22-008244,2021-12-13,2021Q4,28,0,15784,0001104659-22-008244,0.012354155863459325,12.480105109480654,-4.96648136194865,1.3085465947453874,1.0636949807521887,0.06546211011190338
20318,0001104659-22-008244,2021-12-13,2021Q4,28,0,13924,0001104659-22-008244,0.012667382946515532,12.688969054555372,-5.141296949177896,2.538570703329378,-0.892714005545713,0.03615744353086123
87227,0000921895-23-000931,2023-04-14,2023Q2,73,0,10257,0000921895-23-000931,0.1276271544818018,11.883291753238998,-2.7044097941497536,0.23960378819848052,-0.4467159953783266,0.027447171654877593
87227,0000921895-23-000931,2023-04-14,2023Q2,73,0,21123,0000921895-23-000931,0.7043363758354458,12.04876862414321,-3.420591320472447,0.7106202733086334,-0.26395000726915896,0.036802132322816664
87227,0000921895-23-000931,2023-04-14,2023Q2,73,0,92172,0000921895-23-000931,0.7999206319951929,12.113175801287548,-3.5558968189124998,0.8480097437039812,-0.017817005282267928,0.028671316267079753
27909,0000921895-24-000833,2024-04-05,2024Q2,22,1,59256,0000921895-24-000833,0.021273910538607128,10.870207105248223,-1.867498783677766,0.3914833163562712,0.0829729983015568,0.01709718286201449
83840,0000950103-24-006446,2024-05-03,2024Q2,35,1,77624,0000950103-24-006446,0.014586652951997292,9.041059810552124,-0.8292186830413104,56.35219754428321,-1.2444270235137083,0.08924726200134958
82777,0000950142-23-000274,2023-01-31,2023Q1,50,0,27684,0000950142-23-000274,0.10005889931712363,15.235857229311872,-7.550358660611767,0.18188420113528161,0.03049799456493929,0.01228097842133837
82777,0000950142-23-000274,2023-01-31,2023Q1,50,0,29612,0000950142-23-000274,0.6922982113327758,15.36831129762987,-7.20688679067256,0.039570499830376187,0.2439919968310278,0.016772221675179666
82848,0001493152-23-025154,2023-06-21,2023Q2,28,0,29744,0001493152-23-025154,0.00661743574078115,9.480253762262292,0.5369491622243634,19.161065847224112,-1.3093230073573068,0.05916092180025957
82848,0001493152-23-025154,2023-06-21,2023Q2,28,0,19918,0001493152-23-025154,0.01872395242667448,9.675654271610513,0.2519952295935584,11.514196313106506,-1.4323659770307131,0.06247517075926598
82848,0001493152-23-025154,2023-06-21,2023Q2,28,0,20574,0001493152-23-025154,0.028178809501294973,9.409505935295028,0.40629499330165775,21.455373227458303,-0.5738219572522212,0.12497160840550357
20662,0000935836-22-000298,2022-03-21,2022Q1,28,0,15507,0000935836-22-000298,0.1933227903831862,13.541853802649715,-4.023928060816313,2.2037077010562185,0.7030780150380451,0.053745492501006256
20662,0000935836-22-000298,2022-03-21,2022Q1,28,0,19024,0000935836-22-000298,1.4291200514783795,13.332972702481072,-4.5105732231513604,0.5118337541099217,-0.32387998880585656,0.03380473382456568
12577,0001140361-23-048351,2023-10-04,2023Q4,28,0,56945,0001140361-23-048351,0.020785889199005356,12.672148634183891,-3.265553287070045,0.16647630470311028,0.6165399952442385,0.02821038273015025
12577,0001140361-23-048351,2023-10-04,2023Q4,28,0,14711,0001140361-23-048351,0.04347020248831749,12.14787175909267,-2.8820734564474195,1.5666594559202414,0.24201798671856523,0.04929120437270136
12577,0001140361-23-048351,2023-10-04,2023Q4,28,0,21732,0001140361-23-048351,0.054345119089598944,12.34207588063336,-2.6967032199045033,0.3327811936404914,0.9190789891872555,0.06108357179184053
21939,0001493152-22-015556,2022-05-22,2022Q2,28,0,18997,0001493152-22-015556,0.006254121734379218,10.009332051055353,-2.4759082255202833,9.131312487650368,-1.370868020458147,0.0424268329017576
21939,0001493152-22-015556,2022-05-22,2022Q2,28,0,15375,0001493152-22-015556,0.023540536049499676,10.315904771952932,-2.9190227678308096,103.71226629778943,-1.4669079977320507,0.07002093378280119
21939,0001493152-22-015556,2022-05-22,2022Q2,28,0,22196,0001493152-22-015556,0.07234505040185517,10.028873611818913,-2.3094434386537754,10.315873492395747,-0.9093590078409761,0.06942724650664615
17382,0000921895-23-000588,2023-02-10,2023Q1,73,0,85040,0000921895-23-000588,0.008249351014047142,13.673817607392262,-5.346010957791281,0.14908133777395,-0.07003900373820215,0.023353595173311165
17382,0000921895-23-000588,2023-02-10,2023Q1,73,0,10517,0000921895-23-000588,0.010137446289567607,14.015021199005224,-5.869419358890386,0.7021183481788177,0.050458003621315584,0.03566262668148508
17382,0000921895-23-000588,2023-02-10,2023Q1,73,0,18915,0000921895-23-000588,0.012454868079434146,13.949713757376074,-5.596606354334935,0.6199279909689817,0.05991800129413605,0.03508891143007328
46463,0001193805-22-001168,2022-08-12,2022Q3,34,0,13249,0001193805-22-001168,0.024235043996464645,14.069813493981904,-5.799752889553046,0.14373412178039116,-0.016488986744661815,0.023794619308220487
46463,0001193805-22-001168,2022-08-12,2022Q3,34,0,91234,0001193805-22-001168,0.03392209203669856,14.434798985312877,-6.513822757076925,0.4878739402079306,-0.12263000512029976,0.014767679230548602
46463,0001193805-22-001168,2022-08-12,2022Q3,34,0,55597,0001193805-22-001168,0.08327074261255145,14.417240610450675,-6.031038164055802,0.06822776086349829,0.07827600027667359,0.016543111713528638
85424,0000807249-22-000074,2022-06-13,2022Q2,35,0,61146,0000807249-22-000074,0.0005571659875958309,13.867907808767644,-5.812095647100027,0.31068650929155184,-0.3488190000934992,0.03014814457521892
85424,0000807249-22-000074,2022-06-13,2022Q2,35,0,86822,0000807249-22-000074,0.0071700203186385895,14.100158351644717,-6.060382676313333,0.829175851086771,0.08259601186728105,0.027099574864515502
85424,0000807249-22-000074,2022-06-13,2022Q2,35,0,92753,0000807249-22-000074,0.00780314885481367,13.983337853622759,-5.880808719440993,0.37520114595414983,0.10564199258806184,0.015146441352313264
19954,0001072613-22-000568,2022-09-13,2022Q3,28,0,19004,0001072613-22-000568,0.01655330892368199,10.285484081952015,-1.5010851571872832,22.637992517972823,-0.8703510207124054,0.0707970249584454
19954,0001072613-22-000568,2022-09-13,2022Q3,28,0,12527,0001072613-22-000568,0.02593628716012295,10.987375129444695,-2.3130707350759256,40.80046859124153,-0.49134897254407406,0.05778474033367799
19954,0001072613-22-000568,2022-09-13,2022Q3,28,0,16903,0001072613-22-000568,0.03476178332941568,11.054667306824076,-2.3738766337123405,13.47352121285795,-0.8188339777407236,0.05210833375837818
90640,0002025175-24-000001,2024-06-03,2024Q2,48,1,21837,0002025175-24-000001,0.33838302322878083,8.256223154561571,-0.5501829536844164,45.38410816025534,-0.10101301112445071,0.09265171916033502
87034,0001139032-25-000002,2024-11-06,2024Q4,35,1,76795,0001139032-25-000002,0.0042654910642191575,16.79623135092654,-9.095332773267497,0.02023930531385608,0.35127900583393057,0.014626617398140817
87034,0001139032-25-000002,2024-11-06,2024Q4,35,1,25953,0001139032-25-000002,0.013276098798452748,17.07262820780024,-9.568408238343789,0.037183850300008,0.16664200551531394,0.011188891864803005
87034,0001139032-25-000002,2024-11-06,2024Q4,35,1,13035,0001139032-25-000002,0.016548378711104903,17.20259243431163,-9.616798714988269,0.03490849428818852,-0.010396004894573707,0.010113806172195618
83950,0001213900-22-004782,2022-01-24,2022Q1,28,0,17695,0001213900-22-004782,0.003752599986075456,12.170453188064476,-4.9597639505103785,2.73109234415772,-0.5375500004738569,0.03543837246449296
83950,0001213900-22-004782,2022-01-24,2022Q1,28,0,19149,0001213900-22-004782,0.027008433754027984,11.666970996412447,-4.341780300611057,0.8952997612789226,0.651891009096289,0.12750784982578198
83950,0001213900-22-004782,2022-01-24,2022Q1,28,0,15784,0001213900-22-004782,0.034333179401150715,12.113727560484415,-4.753018417673975,1.355356334191789,0.6502009885734878,0.06276739464805188
86489,0001193805-23-001215,2023-08-22,2023Q3,25,0,79037,0001193805-23-001215,0.4265439450287193,13.607443631025124,-6.102055651741479,0.2793566697392587,0.2890349842782598,0.01976468973295565
90718,0001999371-24-001967,2024-02-07,2024Q1,60,1,23223,0001999371-24-001967,9.3682321215689e-05,11.748448394611666,-1.5506547381234883,0.0904511324164237,0.14157600264297798,0.013425869072355356
90718,0001999371-24-001967,2024-02-07,2024Q1,60,1,14943,0001999371-24-001967,0.004666092021626125,11.721875969828535,-1.4492520561461495,0.04325443520074061,0.28880599135300145,0.018831962219930193
90718,0001999371-24-001967,2024-02-07,2024Q1,60,1,22301,0001999371-24-001967,0.019611856799346506,12.034210913537676,-1.9810227511655996,0.13029914741155968,0.5918150008074008,0.023682206495610973
13878,0000921895-22-001398,2022-04-20,2022Q2,38,0,14807,0000921895-22-001398,0.012215035524042602,13.227755346567488,-4.68248373980012,0.14732810972723306,0.3596320043725427,0.033911665313603394
13878,0000921895-22-001398,2022-04-20,2022Q2,38,0,20305,0000921895-22-001398,0.031233300617458666,13.300595517252608,-4.82865608234044,0.5553982182598789,-0.3005780088715255,0.04378362854510462
13878,0000921895-22-001398,2022-04-20,2022Q2,38,0,80050,0000921895-22-001398,0.039172596959479306,13.219847374572883,-4.385168069734186,0.048882150766559246,0.1813300074863946,0.020910122411204875
34673,0000921895-22-000398,2021-11-30,2021Q4,73,0,17901,0000921895-22-000398,0.019234053186259713,12.768964774679034,-4.393365708185662,1.402533267510408,-0.5227579988422804,0.03909954571696886
34673,0000921895-22-000398,2021-11-30,2021Q4,73,0,87510,0000921895-22-000398,0.054529141761493226,12.501512188352264,-4.399319918566108,0.4175935529050223,0.7588059862027876,0.040549275716105296
34673,0000921895-22-000398,2021-11-30,2021Q4,73,0,88260,0000921895-22-000398,0.07342051442677595,12.559417626290537,-4.5057362188848336,7.437367029228256,0.7015040346886963,0.05884553105726905
14550,0000921895-22-002105,2022-06-17,2022Q2,28,0,13750,0000921895-22-002105,0.008828730296081406,10.702209325837766,-1.4545221014793257,3.1961378717499365,-0.3549200084526092,0.05341942104148762
14550,0000921895-22-002105,2022-06-17,2022Q2,28,0,14555,0000921895-22-002105,0.011834330651050433,10.426002093946925,-1.108679211299671,1.958269439910092,-0.9639679901301861,0.037657719932139753
14550,0000921895-22-002105,2022-06-17,2022Q2,28,0,19981,0000921895-22-002105,0.01618406514593761,10.5866480315815,-1.2679397042475717,4.430018991757333,-1.3036640379577875,0.07061981740687641
35991,0001193805-23-000094,2023-01-25,2023Q1,28,0,14054,0001193805-23-000094,0.2135005807001736,14.726430050524803,-7.680700859600975,0.5131476822233889,0.027418033016147092,0.06203431924101229
35991,0001193805-23-000094,2023-01-25,2023Q1,28,0,15831,0001193805-23-000094,0.5264679324417475,14.900735957404263,-7.636056073306507,0.542183100206697,1.0864059918094426,0.0716397509519342
35991,0001193805-23-000094,2023-01-25,2023Q1,28,0,15429,0001193805-23-000094,0.5997520002719355,15.116792372192903,-7.860976525119009,0.3189894373270724,-0.09521300066262484,0.028062588413300917
16999,0001213900-23-066230,2023-08-03,2023Q3,73,0,20173,0001213900-23-066230,0.006547157700875037,12.044695123202853,-3.630129694772252,5.154451057691354,-0.17459800373762846,0.05695745046458108
16999,0001213900-23-066230,2023-08-03,2023Q3,73,0,13260,0001213900-23-066230,0.034169465940355206,12.045956356789857,-3.3715432135430388,1.0138278074824603,-0.25509700225666165,0.029443528462172013
16999,0001213900-23-066230,2023-08-03,2023Q3,73,0,19196,0001213900-23-066230,0.09124949957981499,11.749087980596938,-3.4653214768159626,12.472400808939256,-0.08596200193278491,0.06635636800808793
14707,0000921895-22-000790,2022-02-23,2022Q1,28,0,13947,0000921895-22-000790,0.03517088462370218,12.990130341549756,-6.231694913136536,3.4093394317257655,-0.891856009257026,0.04050836767985889
14707,0000921895-22-000790,2022-02-23,2022Q1,28,0,13107,0000921895-22-000790,0.03831076551558057,12.399049730012104,-5.523469519864524,11.440440935729582,-1.028712002094835,0.03972354168546581
14707,0000921895-22-000790,2022-02-23,2022Q1,28,0,90926,0000921895-22-000790,0.08536608315170767,12.636084014056339,-5.372980100287403,2.0337529788136655,-0.40220399538520724,0.047180604279826795
18419,0001193805-24-000439,2024-03-15,2024Q1,28,1,13652,0001193805-24-000439,0.02090251414597554,10.243879596664149,0.014410964063188234,1.2379559199787553,0.10922797885723412,0.04394639228310637
18419,0001193805-24-000439,2024-03-15,2024Q1,28,1,34666,0001193805-24-000439,0.024542022560637478,10.178585399728261,0.1683877200433611,0.6746860020376704,0.022781994310207665,0.041651503594508366
18419,0001193805-24-000439,2024-03-15,2024Q1,28,1,90604,0001193805-24-000439,0.05113935267695475,9.83636008296182,0.6980916741269279,0.4518584788983155,-0.5789399965433404,0.043021719300736214
83565,0000904853-24-000009,2024-12-10,2024Q4,61,1,13302,0000904853-24-000009,0.3124133940173675,12.700646959201636,-3.450035267560292,0.07008282715682664,0.3915840017143637,0.026310520854980004
83565,0000904853-24-000009,2024-12-10,2024Q4,61,1,11593,0000904853-24-000009,0.33583897908212634,12.556377694697703,-3.2427665340696508,0.18483734843962835,0.6563629916636273,0.021624830192210346
83565,0000904853-24-000009,2024-12-10,2024Q4,61,1,90710,0000904853-24-000009,0.7697794138323952,12.57401932411113,-2.9699784985560407,0.04957543649601718,0.3673900017456617,0.021576733019949036
81222,0001193805-22-001682,2022-11-29,2022Q4,73,0,16287,0001193805-22-001682,0.006507341991544043,14.0255392036363,-6.2330312201918865,0.5099265473087154,-0.07811199984280393,0.04542579479333689
81222,0001193805-22-001682,2022-11-29,2022Q4,73,0,10517,0001193805-22-001682,0.011864780289449239,13.76382385988785,-5.978848231202287,0.8564277048329235,-0.27027500758413225,0.03710862725915496
81222,0001193805-22-001682,2022-11-29,2022Q4,73,0,20117,0001193805-22-001682,0.019621534658917077,14.16998033430716,-6.358798318254641,0.5647697641850791,-0.4919889847515151,0.029646187007316582
13108,0000902664-22-003123,2022-05-23,2022Q2,73,0,17106,0000902664-22-003123,0.18923339199470937,13.052955677030628,-6.017872878262833,0.9559601532992187,-1.43269602174405,0.04635097879601463
13108,0000902664-22-003123,2022-05-23,2022Q2,73,0,17234,0000902664-22-003123,0.2382534445907262,13.054307209930304,-5.9673445251902635,1.6256061029352562,-1.0651100284885615,0.0424905809116091
13108,0000902664-22-003123,2022-05-23,2022Q2,73,0,22260,0000902664-22-003123,0.4073289504092829,13.042381027909201,-5.805335180933007,5.647828409518921,-1.484932019666303,0.059147081780872246
16681,0000921895-22-002146,2022-06-24,2022Q2,28,0,16146,0000921895-22-002146,0.005739587285184798,9.765624506116328,-1.6008292169910328,6.665358423511804,-0.3472980086808093,0.14195168781482265
16681,0000921895-22-002146,2022-06-24,2022Q2,28,0,87656,0000921895-22-002146,0.016031018714077194,10.065266208098754,-2.0168545440909127,55.693240048288416,-1.343431015033275,0.0596079487533798
16681,0000921895-22-002146,2022-06-24,2022Q2,28,0,85744,0000921895-22-002146,0.021496515866002777,9.431194103653288,-1.1971896476580521,11.258531884242357,-1.2536249980330467,0.05780788366085568
17987,0001193805-22-001434,2022-10-10,2022Q4,36,0,37568,0001193805-22-001434,0.0042788738932381725,15.200883754942721,-6.91709134645738,0.04608452384896996,0.05530099534371402,0.014752083394702305
17987,0001193805-22-001434,2022-10-10,2022Q4,36,0,77918,0001193805-22-001434,0.006123433864109358,15.485092506163594,-7.17196046927293,0.01766112811723149,-0.1436219983297633,0.015363321381421218
17987,0001193805-22-001434,2022-10-10,2022Q4,36,0,13326,0001193805-22-001434,0.006687291647941552,15.190830793031495,-6.923238028079381,0.14942363978187373,0.0065759976278059185,0.01836231717430885
81869,0000944480-24-000039,2024-03-31,2024Q1,73,1,13812,0000944480-24-000039,0.01654959656986235,8.597869544447992,-0.09239198917306163,17.963297909169736,-0.5742470089462586,0.05755958308183417
81869,0000944480-24-000039,2024-03-31,2024Q1,73,1,19811,0000944480-24-000039,0.051337263412625726,8.610814673445473,0.032001789240618375,5.959846120920221,-0.35396298475097865,0.048313720491355065
81869,0000944480-24-000039,2024-03-31,2024Q1,73,1,23731,0000944480-24-000039,0.07754913239301613,8.67739183112242,-0.5014648161329107,390.00977364624543,1.1314230040006805,0.16711907455309047
13439,0001193805-24-001416,2024-11-20,2024Q4,67,1,17226,0001193805-24-001416,0.00014102674191546972,15.635972456378628,-8.46563746818739,0.24612976842153322,-0.13183600310003385,0.015302659840633719
13439,0001193805-24-001416,2024-11-20,2024Q4,67,1,92999,0001193805-24-001416,0.000552500179494565,15.69325082331588,-8.54868422458288,0.3879014565228424,0.04245200124569237,0.011084822427393231
13439,0001193805-24-001416,2024-11-20,2024Q4,67,1,17919,0001193805-24-001416,0.0009005143365452504,15.560587686002403,-8.378905283383478,0.23140207141258004,0.29048099808278494,0.011803335347797324
46834,0001062993-23-016502,2023-08-08,2023Q3,73,0,20818,0001062993-23-016502,0.047407591937407435,11.101496810212927,-1.6600596690220635,5.695050086642121,-0.9442620143026943,0.11854444369990247
46834,0001062993-23-016502,2023-08-08,2023Q3,73,0,21090,0001062993-23-016502,0.07490003019772952,10.929882311806306,-1.3823781124707295,6.86296064138388,0.07332798265269957,0.05107846194073241
46834,0001062993-23-016502,2023-08-08,2023Q3,73,0,19232,0001062993-23-016502,0.17754584609952132,10.737266731645173,-1.0093038592327426,0.9901689273185219,1.3066649872343987,0.07708277138716498
86474,0001104659-22-002789,2021-12-31,2021Q4,36,0,33849,0001104659-22-002789,0.040753732745791464,11.019694149605188,-1.4123655478089334,0.23478585999019191,0.15683699393412098,0.030473811475095192
86474,0001104659-22-002789,2021-12-31,2021Q4,36,0,47619,0001104659-22-002789,0.20625667897412742,11.106388682824521,-2.1417745473266114,0.27596753742130065,-0.16753300034906715,0.016966584051689736
86474,0001104659-22-002789,2021-12-31,2021Q4,36,0,87364,0001104659-22-002789,0.34505038172183733,11.022249467112964,-2.1681587392442863,0.8464242723705739,0.008216997142881155,0.04224767134845116
15542,0001104659-24-031033,2024-02-27,2024Q1,28,1,15510,0001104659-24-031033,0.019556031997310923,9.643362279655218,-0.3774741933028165,184.64127799459226,-0.0036530404759105295,0.05886493393287693
15542,0001104659-24-031033,2024-02-27,2024Q1,28,1,16099,0001104659-24-031033,0.021382582834839105,9.726001883963388,-0.4593398637981644,8.63856427980665,0.18185899645322934,0.06045797721878712
15542,0001104659-24-031033,2024-02-27,2024Q1,28,1,14133,0001104659-24-031033,0.027453483939766016,9.58637941569941,-0.2920527313249246,3.288615742476508,0.2655560003040591,0.04477799516778014
22767,0001213900-24-084092,2024-09-24,2024Q3,28,1,23426,0001213900-24-084092,0.04145389868526478,8.42807341148823,-1.2176728231638476,436.0294811639506,0.6210090204731387,0.12195298929762002
22767,0001213900-24-084092,2024-09-24,2024Q3,28,1,24079,0001213900-24-084092,0.21868782597829795,7.821193947587665,-1.0973215439442419,1086.5448842333528,-1.4781039428780787,0.08619422550021646
22767,0001213900-24-084092,2024-09-24,2024Q3,28,1,82215,0001213900-24-084092,0.26516563973459645,8.384943263079801,-0.8398360804170069,196.0858596410381,-0.4592070212820545,0.08395788402179316
17948,0001072613-22-000578,2022-09-21,2022Q3,28,0,14451,0001072613-22-000578,0.00628177415163026,12.681200156494688,-4.218894034736135,4.263328939794795,0.9710580223472789,0.050993080264118695
17948,0001072613-22-000578,2022-09-21,2022Q3,28,0,93085,0001072613-22-000578,0.006495156135935779,12.430386311992562,-3.911923341357397,6.077458752760413,0.23213703942019492,0.09031935025078322
17948,0001072613-22-000578,2022-09-21,2022Q3,28,0,82702,0001072613-22-000578,0.010821205199866358,12.782155391553093,-4.335335424034473,2.211372213828788,-0.5890170189086348,0.034156860636698406
10044,0001214659-24-015452,2024-08-05,2024Q3,20,1,90679,0001214659-24-015452,0.26847365366855713,9.54996050590853,-0.7936472560687371,6.530831630250016,1.2328279891517013,0.0448046351385032
89546,0001387131-22-011869,2022-11-18,2022Q4,13,0,77236,0001387131-22-011869,0.09093076728153779,11.840859425462444,-3.020969070981634,1.6632797371769332,0.4185199860949069,0.04142162228192451
88984,0001137547-23-000062,2023-06-01,2023Q2,60,0,23223,0001137547-23-000062,0.006248726870101897,11.604968951300291,-2.1019133633211773,0.13716133747031475,-0.15291399582929444,0.019293402540077966
88984,0001137547-23-000062,2023-06-01,2023Q2,60,0,18652,0001137547-23-000062,0.01797526023717552,11.649109710666345,-2.2085342853089913,0.03414163171106399,-0.1634280009311624,0.016874015928786235
88984,0001137547-23-000062,2023-06-01,2023Q2,60,0,89643,0001137547-23-000062,0.02576721932437087,11.763410527199948,-2.3620929801639563,0.10457854190299141,-0.002329001494217664,0.01757858412564227
24087,0001622627-24-000064,2024-11-12,2024Q4,38,1,18899,0001622627-24-000064,0.5460747068619555,9.682022591600473,0.8379356785030715,0.6819230262560062,-0.5992250011477154,0.028921286618595558
92220,0000914121-22-004079,2022-08-10,2022Q3,38,0,18910,0000914121-22-004079,0.026855780387720844,15.709065992381955,-8.25278599675503,0.2678833830296658,0.09280499123269692,0.018357155592299446
92220,0000914121-22-004079,2022-08-10,2022Q3,38,0,44329,0000914121-22-004079,0.058393402763038005,16.27947136723681,-8.61293991240889,0.03308005849060827,-0.1295589962592203,0.017990508497190694
92220,0000914121-22-004079,2022-08-10,2022Q3,38,0,86778,0000914121-22-004079,0.07164993786555973,15.74691418581966,-7.895904821477808,0.09499297287051871,-0.11984001356177032,0.021683609144282252
23998,0000897069-24-001972,2024-10-14,2024Q4,20,1,90679,0000897069-24-001972,0.038853053820082833,9.66140006764274,-0.9072227105023448,6.486786514534662,1.1816239897161722,0.05444286039400718
22562,0001068238-23-000182,2023-08-21,2023Q3,28,0,79702,0001068238-23-000182,0.00033509801389687186,10.272383070157707,-1.4569965568840078,2.886794424753876,-0.05797194823389873,0.05312813338881792
22562,0001068238-23-000182,2023-08-21,2023Q3,28,0,15287,0001068238-23-000182,0.0031189692374314583,10.25265881413475,-1.4807485782248109,1.0727362979314468,1.2624889824655838,0.10189951679086336
22562,0001068238-23-000182,2023-08-21,2023Q3,28,0,16903,0001068238-23-000182,0.010825913729769081,10.23868039965894,-1.5126838784142065,1.3784769147419067,-0.14445899687416386,0.06329546345052381
90423,0000038777-24-000072,2024-04-30,2024Q2,28,1,17977,0000038777-24-000072,0.026854598798782586,14.16913019119112,-7.313784538674257,18.7156570818567,-0.08155099675059319,0.04917945563397972
90423,0000038777-24-000072,2024-04-30,2024Q2,28,1,19004,0000038777-24-000072,0.029072350795574915,13.345998072087886,-6.399104309537588,0.9971394453448189,0.16643602165277116,0.047847387112447695
90423,0000038777-24-000072,2024-04-30,2024Q2,28,1,14690,0000038777-24-000072,0.033419501608495744,14.223952637160238,-7.39889414580513,3.166719475668889,0.7885090108029544,0.047763613268806814
22281,0001213900-23-045646,2023-05-02,2023Q2,38,0,21664,0001213900-23-045646,0.026747791329682847,9.271983768782748,-0.6143674971901523,10.7618799817041,-0.3093860015796963,0.03639713277349625
22281,0001213900-23-045646,2023-05-02,2023Q2,38,0,15496,0001213900-23-045646,0.10392458100465785,9.286901333090972,-0.8884462216832094,4.149916507941743,-0.9562660063966177,0.08080767456350188
22281,0001213900-23-045646,2023-05-02,2023Q2,38,0,77437,0001213900-23-045646,0.11216276085743675,9.425434009500254,-0.46607508868609904,1.3501412461072386,-1.1380639999406412,0.03722920021549421
86287,0001104659-22-023678,2022-02-11,2022Q1,60,0,36346,0001104659-22-023678,0.018075333185311064,14.022181579049063,-4.973030854463887,0.031102083534459365,0.026939004645100795,0.014796165214522504
86287,0001104659-22-023678,2022-02-11,2022Q1,60,0,16976,0001104659-22-023678,0.025133140177067366,13.341980462037645,-4.0828441471331045,0.015583103334656654,0.07815201381163206,0.015272055535885568
86287,0001104659-22-023678,2022-02-11,2022Q1,60,0,18049,0001104659-22-023678,0.02769458911318587,14.04279539430803,-4.923997396390795,0.11406477337376018,0.4371600037848111,0.019811028597493
37402,0000921895-22-000291,2022-01-27,2022Q1,50,0,87464,0000921895-22-000291,0.1008547263512729,12.383589009186615,-3.4258076468077787,0.9150007466130887,0.5353400128660724,0.03528362141958051
37402,0000921895-22-000291,2022-01-27,2022Q1,50,0,66852,0000921895-22-000291,0.15585743852893508,11.905426906686534,-3.4868938051569365,0.9065626959641084,0.6250750087783672,0.032385996979245435
37402,0000921895-22-000291,2022-01-27,2022Q1,50,0,83969,0000921895-22-000291,0.44382656202264315,12.33994908486923,-2.992223749675989,0.03779255375405669,-0.2029660014086403,0.016999573844202514
90476,0001628280-22-032652,2022-12-23,2022Q4,65,0,14127,0001628280-22-032652,0.09689568696136001,10.429748929727362,0.06480550179978357,0.15589626127677483,0.9200180425541475,0.058844895719474336
14258,0001013594-22-000528,2022-07-19,2022Q3,58,0,17677,0001013594-22-000528,0.021063918103934067,11.693347468755183,-1.2834798880361333,0.0012618414800457391,-0.22032199106797634,0.033054913491465346
14258,0001013594-22-000528,2022-07-19,2022Q3,58,0,84203,0001013594-22-000528,0.7161472824815771,11.611843673458399,-2.133143946215004,0.26990595353903896,-0.1665099881356582,0.033433417469646086
14258,0001013594-22-000528,2022-07-19,2022Q3,58,0,17323,0001013594-22-000528,0.7858557901301273,11.449321973223066,-1.967501523833026,8.096906064702805,-0.41433599943411537,0.05757872066198257
21723,0001140361-22-018827,2022-05-02,2022Q2,62,0,90454,0001140361-22-018827,0.13916455704747008,16.102320984564727,-8.757634187467682,0.0272079359690001,-0.5572810082085198,0.019196869012472702
21723,0001140361-22-018827,2022-05-02,2022Q2,62,0,93429,0001140361-22-018827,0.630818773725137,16.29142011502325,-8.577466724564186,0.04910111643186127,-0.12115600666584214,0.013541022665144821
16630,0000921895-24-002101,2024-08-30,2024Q3,73,1,20315,0000921895-24-002101,0.009854365118063434,13.396161943448961,-6.035333653767618,0.6715052444825115,0.06517800240544602,0.03727186536486159
16630,0000921895-24-002101,2024-08-30,2024Q3,73,1,17887,0000921895-24-002101,0.01993925840315367,13.158875579697604,-5.798481526669637,0.4568209147898525,0.05652001197449863,0.022078075367394704
16630,0000921895-24-002101,2024-08-30,2024Q3,73,1,92143,0000921895-24-002101,0.032729811181982774,13.714578997765479,-6.37165280060855,0.4610570600143581,-0.6680940045043826,0.02377797541625719
24471,0000921895-24-002467,2024-10-29,2024Q4,60,1,82812,0000921895-24-002467,0.06448829366441149,10.607099782943838,0.844809885924079,0.32135935216235834,0.2704930129402783,0.04294469775290374
24471,0000921895-24-002467,2024-10-29,2024Q4,60,1,13198,0000921895-24-002467,0.1389832387789847,11.01808899730294,-0.23974413020377858,0.09212393745075188,0.20943200873443857,0.025016553263032888
24471,0000921895-24-002467,2024-10-29,2024Q4,60,1,22280,0000921895-24-002467,0.2262703628296777,10.88810418685616,-0.18941619852599828,0.10865515134441112,0.06152698569349013,0.018701402139627534
23185,0000950170-23-028010,2023-06-12,2023Q2,61,0,21920,0000950170-23-028010,0.04607179467122475,9.716916981452759,-0.8460882931816399,4.38600065553781,0.19777504484954989,0.0732607742119408
92448,0001140361-22-024908,2022-07-01,2022Q3,36,0,79322,0001140361-22-024908,0.06894360219935065,10.40228998656062,0.5056703456280389,0.16656477507835216,0.23101600965674152,0.04075862935189742
22610,0000902664-24-003017,2024-04-18,2024Q2,73,1,78988,0000902664-24-003017,0.0018990221283483565,11.490887605402657,-2.3582589287007325,0.7026669234368736,-0.27683297730982304,0.027119321121769083
22610,0000902664-24-003017,2024-04-18,2024Q2,73,1,92172,0000902664-24-003017,0.00802459375237818,11.5994025659265,-2.536888419830679,1.6600817769353045,-0.42821200704202056,0.0416339801797085
22610,0000902664-24-003017,2024-04-18,2024Q2,73,1,14951,0000902664-24-003017,0.15254261813749342,11.519029298618184,-2.028398013863818,0.14575681463202447,0.06505900132469833,0.020452719900861546
49322,0001010549-22-000186,2022-07-27,2022Q3,65,0,51925,0001010549-22-000186,0.10207923055779072,12.130332958237696,-1.3674004931499202,0.042541208368653376,-0.05923501175129786,0.01993146073945782
17105,0001072613-22-000489,2022-07-06,2022Q3,28,0,15287,0001072613-22-000489,0.0022235435970236355,10.360677878406177,-1.6788449549147046,33.298953495235025,-0.9915440279146424,0.06998691831278879
17105,0001072613-22-000489,2022-07-06,2022Q3,28,0,15486,0001072613-22-000489,0.0038527748930880165,10.19038681867498,-1.4740626256145355,27.076237355691642,-1.2806469663628377,0.06207641343264382
17105,0001072613-22-000489,2022-07-06,2022Q3,28,0,89369,0001072613-22-000489,0.014004702311970822,10.125317040847605,-1.4470238947687293,11.29459701884859,-1.1832419817801565,0.054785841522027263
21321,0001213900-22-001360,2021-12-29,2021Q4,38,0,18907,0001213900-22-001360,0.05991688040836745,12.735331577149308,-6.812035332608599,26.03901197595338,-0.9914310013700742,0.049735168760565836
19352,0001140361-23-033518,2023-06-26,2023Q2,36,0,23415,0001140361-23-033518,0.03966236186745404,10.063752644048165,-1.7340117007572735,3.4129081329275324,0.09677299062968814,0.0840709765522122
19352,0001140361-23-033518,2023-06-26,2023Q2,36,0,16012,0001140361-23-033518,0.059191024735170156,9.42355964009798,-1.1970192110746596,22.708276045417556,-1.0166230173708755,0.05023936534024771
19352,0001140361-23-033518,2023-06-26,2023Q2,36,0,80274,0001140361-23-033518,0.5376542145443969,9.868299138725673,-0.7910864988260503,11.07451188220262,-0.19255798010271974,0.052212095679305695
15631,0000899140-24-000506,2024-04-22,2024Q2,28,1,19142,0000899140-24-000506,0.02455344845980729,9.451587068068209,0.7877288498624696,301.20390593846656,1.0120689371105982,0.12488780472524523
15631,0000899140-24-000506,2024-04-22,2024Q2,28,1,78091,0000899140-24-000506,0.037360906995118286,9.55054634381049,1.0091126067904157,1.4292434811662842,-0.32418497694743564,0.041813755479196774
15631,0000899140-24-000506,2024-04-22,2024Q2,28,1,19997,0000899140-24-000506,0.16686157439472987,9.352015266100578,1.4585706468459283,1.4986436488947148,-0.26069500227458775,0.050866606807907395
58836,0001587987-23-000044,2022-12-31,2022Q4,60,0,77379,0001587987-23-000044,0.019652919670338685,13.231361915426493,-5.270776088771298,0.0719471088979624,0.07810799955041148,0.015555322773693963
58836,0001587987-23-000044,2022-12-31,2022Q4,60,0,16676,0001587987-23-000044,0.022571864686895045,12.579103951876773,-4.491100487420681,0.21763724503941284,0.0463800048455596,0.015590002408509272
58836,0001587987-23-000044,2022-12-31,2022Q4,60,0,91015,0001587987-23-000044,0.0359183257118923,12.627186930688312,-4.331808118319262,0.16476985073879213,-0.06529099127510563,0.016760852364023585
92807,0001437749-24-012669,2024-04-18,2024Q2,60,1,22671,0001437749-24-012669,0.018690057631828703,10.839009179671395,0.12127762181780381,0.07740150257560387,0.05331700070746592,0.008756783789110522
92807,0001437749-24-012669,2024-04-18,2024Q2,60,1,13198,0001437749-24-012669,0.07875167026168882,10.7148872141013,0.43930592929166173,0.06778815843086178,-0.06667299301625462,0.01630555662123904
92807,0001437749-24-012669,2024-04-18,2024Q2,60,1,89741,0001437749-24-012669,0.1508977151886528,10.622426741129745,-0.10283923972909839,0.2428052942759188,0.41684400884696515,0.02144416304086588
18075,0000921895-22-000091,2021-12-28,2021Q4,35,0,60468,0000921895-22-000091,0.09092918221475373,11.789884247913253,-2.705165482894041,0.22982057867294645,-0.0700849987915717,0.017813619824919837
18075,0000921895-22-000091,2021-12-28,2021Q4,35,0,77624,0000921895-22-000091,0.16632225948352358,11.230030980375078,-2.6782360038371125,2.5628975727221865,-0.6685620347270742,0.08709675069981311
18075,0000921895-22-000091,2021-12-28,2021Q4,35,0,52250,0000921895-22-000091,0.58223213885322,11.886923435121975,-2.3512609887206497,0.08428386821128374,-0.04409699363168329,0.017054291623557583
12577,0000950142-22-001358,2022-04-04,2022Q2,28,0,56945,0000950142-22-001358,0.0011996640838468843,12.717549107455055,-4.352535639561686,0.1803849658063333,0.0007800002349540591,0.018796869516547045
12577,0000950142-22-001358,2022-04-04,2022Q2,28,0,19462,0000950142-22-001358,0.00319299872797649,12.577308562087678,-4.136152544603184,1.0215428810315157,-1.3443400054238737,0.039368934922362674
12577,0000950142-22-001358,2022-04-04,2022Q2,28,0,13202,0000950142-22-001358,0.010139635735834604,12.547384225048292,-4.058227776436398,6.35768368728266,-0.6151840114034712,0.04083667842781906
14158,0001104659-24-101777,2024-09-20,2024Q3,28,1,22537,0001104659-24-101777,0.03839212005696741,8.37758623702982,0.9027102609896401,1.3446383960797177,-0.15935298726799374,0.04628632294800765
13730,0001140361-24-042733,2024-09-30,2024Q3,29,1,16338,0001140361-24-042733,0.3910619680588779,15.495589627515901,-8.241492131676477,0.23199925738623828,0.16475700025330298,0.013808550831054964
11636,0000921895-23-000284,2023-01-25,2023Q1,28,0,14603,0000921895-23-000284,0.010696211566418052,12.644169886609584,-4.869817693123343,0.6335259156468722,-0.13489899464184418,0.021873381350296796
11636,0000921895-23-000284,2023-01-25,2023Q1,28,0,91186,0000921895-23-000284,0.011658997478278636,12.956565289101947,-5.412288049323136,1.185642507581039,-0.18984701426234096,0.03103940086223603
11636,0000921895-23-000284,2023-01-25,2023Q1,28,0,86444,0000921895-23-000284,0.01685416572318063,12.960298180248582,-5.443171248743911,11.84370827724334,0.10560101689770818,0.050449883675687264
22085,0000921895-24-001846,2024-08-08,2024Q3,58,1,18898,0000921895-24-001846,0.007501134760292125,13.221397215778916,-6.209464016262276,0.26097096100450884,0.01311896775587229,0.04124544132542053
22085,0000921895-24-001846,2024-08-08,2024Q3,58,1,76732,0000921895-24-001846,0.2717741574699475,13.125839030318911,-6.68583215939951,0.6977304193886188,-0.20845199655741453,0.021238596527301215
22085,0000921895-24-001846,2024-08-08,2024Q3,58,1,22204,0000921895-24-001846,0.3739539008407895,13.719040901226291,-6.3187536469687515,0.5802415045615456,-0.13323500502156094,0.023101439107863376
86290,0001104659-24-066057,2024-05-28,2024Q2,35,1,92583,0001104659-24-066057,0.07534538186500306,10.240015144768048,-0.026331185161624294,0.24401787461803273,0.31110301904300286,0.04249267786593358
86290,0001104659-24-066057,2024-05-28,2024Q2,35,1,79280,0001104659-24-066057,0.8807423055918482,10.765690351814419,-0.01999744435738982,0.11506029857893886,-0.11632601220844663,0.04433163228654823
20195,0001193125-22-307453,2022-12-08,2022Q4,73,0,83916,0001193125-22-307453,0.011630440809646037,14.640004371298032,-5.7549852339512295,0.06579284994986309,-0.46891899227921385,0.02283013569853195
20195,0001193125-22-307453,2022-12-08,2022Q4,73,0,21352,0001193125-22-307453,0.01420733619848489,14.544914689068781,-5.546804430509719,0.25611529794365284,-0.31574500270653516,0.028228333137275827
20195,0001193125-22-307453,2022-12-08,2022Q4,73,0,22003,0001193125-22-307453,0.06972569517747963,14.809009056090968,-6.14556548108965,0.16462678399814246,-0.21975701011251658,0.022185137128235864
79734,0001013594-24-000674,2024-08-19,2024Q3,60,1,89279,0001013594-24-000674,0.014817504858319362,11.574152258386125,-1.4462855110800155,0.05715347807328573,-0.15523598463914823,0.022484788291612018
79734,0001013594-24-000674,2024-08-19,2024Q3,60,1,24286,0001013594-24-000674,0.05480773046481511,11.37043289783035,-1.53919309201248,0.15817297109890535,0.048519999472773634,0.011393693128061181
79734,0001013594-24-000674,2024-08-19,2024Q3,60,1,17117,0001013594-24-000674,0.11281075724923828,11.66274604055577,-1.9848874462178052,0.11510883603468598,-0.15727999922819436,0.02076319058052998
12591,0000950142-22-000248,2022-01-01,2022Q1,62,0,90454,0000950142-22-000248,0.06623088970217375,16.563815387545063,-8.922996465603296,0.016611715991679907,-0.18234001289965818,0.016628274586775585
12591,0000950142-22-000248,2022-01-01,2022Q1,62,0,69649,0000950142-22-000248,0.44356565096753414,16.835569660144667,-8.843406013189473,0.043922920516226795,0.16541800339473411,0.011071483967849616
20336,0001214659-24-014893,2024-08-19,2024Q3,73,1,10257,0001214659-24-014893,0.001717629188988388,11.866376457558191,-2.9853215626572536,0.3743173908991845,-0.29536200378788635,0.02589482726924977
20336,0001214659-24-014893,2024-08-19,2024Q3,73,1,22266,0001214659-24-014893,0.014794204361368064,12.06042384706932,-3.2497226385784526,7.384004067815485,0.22532700328156352,0.06220108153770576
20336,0001214659-24-014893,2024-08-19,2024Q3,73,1,90548,0001214659-24-014893,0.030161047777893697,11.744693161210972,-3.0107610637084554,0.8536266639269404,0.07106699445284903,0.020417147491889366
92029,0000902664-24-005842,2024-10-07,2024Q4,34,1,13249,0000902664-24-005842,0.025981316760616407,13.466878724177267,-5.730399073829566,0.2983806858375214,-0.2340340041264426,0.020821186575967137
92029,0000902664-24-005842,2024-10-07,2024Q4,34,1,18856,0000902664-24-005842,0.16301817838096921,13.973713066606654,-5.884883369701443,0.19908213203849612,-0.007295010349480435,0.052457652464309126
92029,0000902664-24-005842,2024-10-07,2024Q4,34,1,84438,0000902664-24-005842,0.2822440984384713,14.268474202799373,-6.138407099022241,0.14727038679975749,0.1569439945742488,0.022151127149393386
20588,0001104659-23-093555,2023-08-08,2023Q3,28,0,23509,0001104659-23-093555,0.012821498167256477,10.872641286162354,-0.28294570493539484,23.611669531947427,-0.003996989587903954,0.07728522536096526
20588,0001104659-23-093555,2023-08-08,2023Q3,28,0,90682,0001104659-23-093555,0.02000269858227877,10.805005908160839,-0.18945856470720163,0.5405907251236491,0.2842489858157933,0.05242213428016704
20588,0001104659-23-093555,2023-08-08,2023Q3,28,0,90604,0001104659-23-093555,0.023337017966066693,10.81936699984438,-0.30379455248272724,6.524109078518634,0.3249760268081445,0.055732033089030596
22360,0000904853-23-000005,2023-03-01,2023Q1,67,0,49330,0000904853-23-000005,0.015868174432188995,13.942395247617794,-5.289160740455978,0.0075263932755513414,0.09514700455474667,0.013662159837963553
22360,0000904853-23-000005,2023-03-01,2023Q1,67,0,16813,0000904853-23-000005,0.034007074854362364,13.439507291086407,-4.851936350298099,0.6647271021742773,0.10600900440476835,0.02411117531136884
22360,0000904853-23-000005,2023-03-01,2023Q1,67,0,22080,0000904853-23-000005,0.0432341730041162,13.984061060896472,-5.489929724296445,0.23217228296175607,0.12297299539204687,0.019712366988371713
91086,0000902664-22-003257,2022-06-02,2022Q2,28,0,14046,0000902664-22-003257,0.06272192834110767,9.083776648667254,-1.4712321470106546,176.15175154920183,-1.0997970117023215,0.07167870295924332
91086,0000902664-22-003257,2022-06-02,2022Q2,28,0,15510,0000902664-22-003257,0.2104423276611025,8.530227869686692,-0.5269886772632214,33.94670427605959,-0.8958650092827156,0.0941677070429943
91086,0000902664-22-003257,2022-06-02,2022Q2,28,0,14458,0000902664-22-003257,1.0688543013027267,8.201004642833517,-1.5786969056560476,863.4733147678438,-1.9324890124844387,0.10955366636840669
21927,0001140361-24-017051,2024-03-25,2024Q1,73,1,10517,0001140361-24-017051,0.01123011735669034,14.169777230343557,-6.471699328593527,0.34104805266626215,0.05334900307934731,0.02463492514647041
21927,0001140361-24-017051,2024-03-25,2024Q1,73,1,13816,0001140361-24-017051,0.011610783864137686,13.82907912717033,-5.976808846727682,0.31944120319992375,-0.19842299286392517,0.024713117032816853
21927,0001140361-24-017051,2024-03-25,2024Q1,73,1,79249,0001140361-24-017051,0.016056760609786287,13.583812281610903,-5.782642290461178,0.042268685375086025,0.33686100116028683,0.012177668758606961
83391,0001095449-24-000098,2024-11-13,2024Q4,73,1,23252,0001095449-24-000098,0.23220967184016233,8.87978976783036,0.6981473393706402,8.768226487861375,-0.3495529382562381,0.0964878253557458
83391,0001095449-24-000098,2024-11-13,2024Q4,73,1,19811,0001095449-24-000098,0.32598441484458274,8.866677544912708,0.6220309185889705,2.6419663894589798,0.5860540092980955,0.06753375369175828
88542,0000919574-23-003607,2023-06-06,2023Q2,35,0,52250,0000919574-23-003607,0.010172901582536755,12.063854143281052,-2.8643813551285064,0.1880416390104253,0.4832060018670745,0.02442540413250527
88542,0000919574-23-003607,2023-06-06,2023Q2,35,0,65008,0000919574-23-003607,0.018389225460752327,11.736215405569004,-2.4786278176162724,0.2956954158792203,0.09937400597846135,0.03369947708280665
88542,0000919574-23-003607,2023-06-06,2023Q2,35,0,60468,0000919574-23-003607,0.08291458824852042,11.678231576664539,-2.749424512097327,0.25433445164942714,0.2786069947760552,0.026873334042709217
20297,0001513162-22-000005,2022-01-10,2022Q1,28,0,20288,0001513162-22-000005,0.0034347977712614283,10.495078084664408,-2.3305349117627063,3.55685251850369,-0.5993689866736531,0.043100751693392565
20297,0001513162-22-000005,2022-01-10,2022Q1,28,0,85744,0001513162-22-000005,0.009066628423529219,10.584828057801232,-2.3207492933474736,23.072433742756782,-0.7154790066415444,0.03513791929581159
20297,0001513162-22-000005,2022-01-10,2022Q1,28,0,17951,0001513162-22-000005,0.020861775791026452,10.916734563195439,-2.7255108063761457,3.954465529218342,0.3742399562615901,0.046975181265187696
80924,0001104659-24-098259,2024-09-09,2024Q3,48,1,14988,0001104659-24-098259,0.6268380558282475,15.837254446323035,-8.124089215310482,0.15084457472773938,-0.21316200419096276,0.024742431904372513
19356,0000902664-22-003160,2022-05-18,2022Q2,28,0,75860,0000902664-22-003160,0.003680940680791932,13.649288592448466,-6.012467522476847,3.209001816157699,-0.23435298050753772,0.04349354954932938
19356,0000902664-22-003160,2022-05-18,2022Q2,28,0,13825,0000902664-22-003160,0.004402527432112339,13.859103037544157,-6.204191841234621,0.1646773148888283,0.0007020016200840473,0.035902361298824036
19356,0000902664-22-003160,2022-05-18,2022Q2,28,0,15658,0000902664-22-003160,0.006003607012069028,13.6572435878264,-5.8900287064116,0.36160550852602646,-0.3599459645920433,0.04362344758541834
91472,0001157523-23-000269,2022-12-31,2022Q4,60,0,88183,0001157523-23-000269,0.207508782248235,11.830415313521359,-0.2863966342105878,0.0341500131143977,0.11325099688838236,0.028117912628384235
91472,0001157523-23-000269,2022-12-31,2022Q4,60,0,89202,0001157523-23-000269,0.9028890789320222,11.657168655883732,-0.5581225610966426,0.023378810843769703,-0.1352939992921165,0.01925734210475274
19556,0000919574-23-000087,2023-01-04,2023Q1,80,0,21026,0000919574-23-000087,0.1361025362667202,11.740906894855245,-2.008651018915562,2.4153868380619583,-1.2533459663391113,0.04978943164332742
66325,0000921895-22-000821,2022-02-28,2022Q1,61,0,14229,0000921895-22-000821,0.15248708384931184,15.723162274953886,-8.538003027161318,0.21339399683189936,0.050416999525623396,0.015646353165478327
66325,0000921895-22-000821,2022-02-28,2022Q1,61,0,89002,0000921895-22-000821,0.5452181069819171,15.045072641047975,-8.047971586863364,0.26937342053875274,-0.11325899371877313,0.021162253156059154
84607,0001062993-22-010017,2022-04-01,2022Q2,36,0,14145,0001062993-22-010017,0.027709775712689025,11.407022135348889,-3.831595365669071,3.7566515699360887,-0.6418109732912853,0.04106001772274076
84607,0001062993-22-010017,2022-04-01,2022Q2,36,0,16392,0001062993-22-010017,0.272612057156775,12.085297431519695,-4.214733643664801,1.906479517423591,0.7743600448011421,0.06435457717984734
84607,0001062993-22-010017,2022-04-01,2022Q2,36,0,17270,0001062993-22-010017,0.78630137222339,12.222066853524472,-4.025336610544944,2.555380957575979,-0.22473000519676134,0.056472341218711544
78876,0001214659-22-011485,2022-09-23,2022Q3,38,0,90179,0001214659-22-011485,0.017750722112301644,13.659198163314239,-5.239933748791702,0.25400374463198955,0.03295599541161209,0.021630594006999137
78876,0001214659-22-011485,2022-09-23,2022Q3,38,0,91503,0001214659-22-011485,0.02050916023416394,13.897874311464188,-5.500089804635684,0.08596528418806174,0.11168900295160711,0.01700114192221425
78876,0001214659-22-011485,2022-09-23,2022Q3,38,0,80050,0001214659-22-011485,0.025997335793151402,13.436680798502387,-4.975668325487818,0.06422127673319762,0.22777300191228278,0.021991742219157045
24814,0001520138-24-000357,2024-10-14,2024Q4,28,1,90682,0001520138-24-000357,0.01651807300489201,10.460672388099676,-0.041215513875303686,1.0592053224955285,-0.015518991131102666,0.04456979916719394
24814,0001520138-24-000357,2024-10-14,2024Q4,28,1,15863,0001520138-24-000357,0.03776640225118744,10.612925318032055,-0.16290731210848045,0.7619291700275307,0.08954798663035035,0.03194435046128467
24814,0001520138-24-000357,2024-10-14,2024Q4,28,1,24591,0001520138-24-000357,0.05048135335537107,10.222780204389512,0.04058532333034346,0.7790076595976538,-0.17228599404916167,0.08305715232049782
26084,0001815572-23-000003,2023-03-03,2023Q1,73,0,78988,0001815572-23-000003,0.024389941846599966,11.433124394766674,-1.6596714347157184,0.9342661605566178,0.6307680119934957,0.033670790336814756
26084,0001815572-23-000003,2023-03-03,2023Q1,73,0,12380,0001815572-23-000003,0.04679189816180679,11.614291272394908,-1.5507399344884478,0.24223731388235017,0.33559600223088637,0.02634199539124657
26084,0001815572-23-000003,2023-03-03,2023Q1,73,0,89941,0001815572-23-000003,0.09410740095138881,11.261058312536896,-1.5867109017193906,0.5679786518690696,-0.1412329871673137,0.035138252943516524
17043,0001140361-22-021048,2022-05-19,2022Q2,39,0,86092,0001140361-22-021048,0.17400837701204205,13.627500339371883,-5.200580291118273,0.28605094661205455,-0.11763300918391906,0.022308020272975515
21121,0000950142-24-001384,2024-05-13,2024Q2,73,1,81584,0000950142-24-001384,0.006229051455147998,15.147472062535963,-7.471369610755104,0.08560126806368859,0.30903800411033444,0.012445488984029104
21121,0000950142-24-001384,2024-05-13,2024Q2,73,1,21345,0000950142-24-001384,0.008140006645564421,14.810404644601919,-6.966414563745574,1.779723348942694,0.022613011300563812,0.03098765080779499
21121,0000950142-24-001384,2024-05-13,2024Q2,73,1,14516,0000950142-24-001384,0.008716233715649068,15.11898902509823,-7.299386592140433,0.22582156367373232,0.6331350039981771,0.022449810842154926
21297,0001104659-23-065438,2023-05-26,2023Q2,48,0,89297,0001104659-23-065438,0.021106614748106548,14.918457548224136,-7.28511269270247,0.09282798518766695,0.22367500023392495,0.01695785962177159
21297,0001104659-23-065438,2023-05-26,2023Q2,48,0,15395,0001104659-23-065438,0.03778796011006118,15.153083315064432,-7.681022905360376,0.013728621437622998,-0.39082999491802184,0.02439101173243447
21297,0001104659-23-065438,2023-05-26,2023Q2,48,0,87075,0001104659-23-065438,0.06081418383447939,14.91447345516203,-7.413852608133051,0.09088739761130805,-0.10620001882489305,0.01581334045571136
80233,0001193805-23-000076,2023-01-20,2023Q1,39,0,59185,0001193805-23-000076,0.02113623780907542,12.099893350319391,-2.94921330596958,0.07126327637017708,0.4260770046967082,0.02653149388632857
80014,0001193805-23-000307,2023-02-24,2023Q1,67,0,22800,0001193805-23-000307,0.06802703690886061,11.614424635220056,0.26805051064366253,0.14782219866919227,0.03565000044181943,0.013721495948281356
16668,0000935836-24-000244,2024-02-22,2024Q1,28,1,18137,0000935836-24-000244,0.0021467009627537752,13.602063815270176,-5.069634254880719,5.465392907177884,0.17403700354043394,0.04817851269311308
16668,0000935836-24-000244,2024-02-22,2024Q1,28,1,17372,0000935836-24-000244,0.0033926184825561413,13.750753623642947,-5.251399720812238,3.858026642987995,0.14807295805076137,0.07334157494428464
16668,0000935836-24-000244,2024-02-22,2024Q1,28,1,19184,0000935836-24-000244,0.0043143140609177046,13.710282366884497,-5.183143396696979,18.6571114763611,0.202458037994802,0.062186323198776906
20899,0001193125-22-262610,2022-10-11,2022Q4,73,0,14516,0001193125-22-262610,0.002092130406519128,14.502734214042752,-6.2119387677616755,0.18122166190687003,-0.4862120043253526,0.032987210766546704
20899,0001193125-22-262610,2022-10-11,2022Q4,73,0,16698,0001193125-22-262610,0.0038295911194632785,14.41313449452333,-6.120199562835072,0.17536847016554538,0.04211801016936079,0.051006397823281514
20899,0001193125-22-262610,2022-10-11,2022Q4,73,0,20681,0001193125-22-262610,0.004309566099925234,14.356989008609528,-5.944295337893669,0.5012142856575141,-0.41150699454010464,0.03143750855110742
83148,0000921895-23-000084,2023-01-09,2023Q1,28,0,93371,0000921895-23-000084,0.004533659356381361,12.094955033996957,-3.032736861363047,1.3593198404116154,0.6850389880128205,0.06376963531381964
83148,0000921895-23-000084,2023-01-09,2023Q1,28,0,56945,0000921895-23-000084,0.03013319663149369,12.000666416217053,-2.701944085429183,0.24435683228232857,-0.6134230169700459,0.022392072787335487
83148,0000921895-23-000084,2023-01-09,2023Q1,28,0,17122,0000921895-23-000084,0.03173674598995696,12.331770763006848,-3.4207091593044576,2.561558866177404,0.51459900313057,0.05287995641407301
91832,0001104659-23-072412,2023-06-15,2023Q2,28,0,15429,0001104659-23-072412,0.007550523734434827,15.58614648957811,-8.479895313337735,0.18920538468726728,0.1969629891391378,0.031072809912060257
91832,0001104659-23-072412,2023-06-15,2023Q2,28,0,16318,0001104659-23-072412,0.015010689809838352,15.5435560851071,-8.365777020997484,0.209743553484445,1.0685360018833308,0.0303804122013235
91832,0001104659-23-072412,2023-06-15,2023Q2,28,0,15831,0001104659-23-072412,0.026700924358913396,14.982738364263657,-7.785415264682225,0.2788205751071421,0.6249450003379025,0.04465081520226476
19544,0000895345-22-000552,2022-07-07,2022Q3,28,0,18458,0000895345-22-000552,0.012789983434556245,12.04070466132765,-3.4828663156956,14.817067456515387,-1.4986259718425572,0.05498171620653693
19544,0000895345-22-000552,2022-07-07,2022Q3,28,0,18664,0000895345-22-000552,0.024715257897715254,11.735032479265506,-3.031035618179409,1.2664015547656693,-0.46118800691328943,0.03052380625908069
19544,0000895345-22-000552,2022-07-07,2022Q3,28,0,13621,0000895345-22-000552,0.02587268117853523,11.74296121045416,-3.0690216128416274,4.50976381656574,-0.292798015056178,0.05753501197771639
13965,0001213900-23-072694,2023-08-22,2023Q3,28,0,15833,0001213900-23-072694,0.18895662838426777,7.861696260708152,-0.7785864315790665,410.74159784130086,-1.9628540094345226,0.100328958242732
13965,0001213900-23-072694,2023-08-22,2023Q3,28,0,19460,0001213900-23-072694,0.27454839925647045,7.745963380974593,-0.5287090081744951,141.20620687478677,-1.389299983959063,0.05687882466348199
13965,0001213900-23-072694,2023-08-22,2023Q3,28,0,93016,0001213900-23-072694,0.3369744189715951,7.706698380397307,-0.42034250930791595,137.10453582699097,-1.469651007471839,0.06376943612609816
90371,0001058854-22-000033,2022-07-21,2022Q3,59,0,87162,0001058854-22-000033,0.031672397032856216,12.853704543636994,-5.604583690533586,1.8689054889040855,-1.0245510124368593,0.03888238514927597
90371,0001058854-22-000033,2022-07-21,2022Q3,59,0,21118,0001058854-22-000033,0.2307710553347424,12.624867220261134,-4.915536813205018,5.5961066311660215,-0.8030659757787362,0.03926978548329169
90371,0001058854-22-000033,2022-07-21,2022Q3,59,0,76798,0001058854-22-000033,0.9073212469721499,12.88422775449466,-4.775676400122864,0.8948225515741766,-0.01417299173772335,0.02737882488289233
19592,0001213900-23-045856,2023-05-24,2023Q2,61,0,21551,0001213900-23-045856,0.028691427751380696,11.027166367619959,-1.5737373724083932,0.7815040872131621,0.011854002717882395,0.05173274778959584
19592,0001213900-23-045856,2023-05-24,2023Q2,61,0,11593,0001213900-23-045856,0.6553915540328613,11.819462657151105,-1.789866243146243,0.12151925456661765,0.05494301684666425,0.025345100754865516
89038,0000897069-22-000616,2022-11-14,2022Q4,60,0,13528,0000897069-22-000616,0.006439401857609899,12.38509376185745,-3.706116552088704,0.07749899305235529,0.04297499870881438,0.016906905993328617
89038,0000897069-22-000616,2022-11-14,2022Q4,60,0,17368,0000897069-22-000616,0.011020578650688012,12.046748606928919,-3.2645308828837556,0.201407049769629,-0.12000999331939965,0.017355376917733166
89038,0000897069-22-000616,2022-11-14,2022Q4,60,0,13797,0000897069-22-000616,0.018055518797424133,12.339718531600072,-3.819081471881203,0.10790221319876504,-0.4944720156490803,0.029526122999147874
78915,0001193805-23-000935,2023-06-21,2023Q2,36,0,86051,0001193805-23-000935,1.1834068328036669,11.963448065201513,-3.482101775403817,1.8417632732091895,-0.12413300317712128,0.033525991005865605
14467,0001140361-23-042206,2023-08-22,2023Q3,28,0,20059,0001140361-23-042206,0.00532492047010219,14.131787084328037,-7.115144711230343,1.7114676229946681,-0.14663599920459092,0.032930906290311944
14467,0001140361-23-042206,2023-08-22,2023Q3,28,0,93264,0001140361-23-042206,0.006265321051135096,14.236089566815785,-7.31772532085929,1.2531807993545414,-0.18275899242144078,0.01907338926552149
14467,0001140361-23-042206,2023-08-22,2023Q3,28,0,15303,0001140361-23-042206,0.023167660331982955,14.166457387535571,-7.300250833104543,1.5267970056188047,1.9111170293472242,0.08999479731424496
93369,0001193125-22-187216,2022-06-21,2022Q2,87,0,16260,0001193125-22-187216,0.4501481524713759,15.351077780244898,-7.486309718178972,0.07150373500798379,-0.19781600042188074,0.02807855740844231
93369,0001193125-22-187216,2022-06-21,2022Q2,87,0,76261,0001193125-22-187216,0.6364093477790848,15.27789854245559,-7.519975012494087,0.057923005602896635,-0.2638479890374583,0.016171636796452386
93369,0001193125-22-187216,2022-06-21,2022Q2,87,0,14750,0001193125-22-187216,0.6995331879547687,15.381713824022851,-7.687199721376104,0.1494243980781776,0.04615101439412683,0.02052873737986425
77447,0000950127-22-000003,2022-01-06,2022Q1,38,0,19807,0000950127-22-000003,0.00022748469413960565,15.463248336625313,-7.961969748828514,0.18880135456458266,-0.01658499933546409,0.011773744579750322
77447,0000950127-22-000003,2022-01-06,2022Q1,38,0,11547,0000950127-22-000003,0.01512718729076691,15.237667770154152,-7.58709690997804,0.054756384810990676,0.0695589996612398,0.014827824670270605
77447,0000950127-22-000003,2022-01-06,2022Q1,38,0,92648,0000950127-22-000003,0.01999920116993623,15.777761964125197,-8.371065241496012,0.17152567541309865,0.028205002920003608,0.011724560686389158
18046,0000897069-23-001029,2023-07-21,2023Q3,48,0,86916,0000897069-23-001029,0.01908397185795047,10.9112308513664,-2.5313019668007333,0.9600547172796114,0.09468501538503915,0.03107936734190273
18046,0000897069-23-001029,2023-07-21,2023Q3,48,0,22344,0000897069-23-001029,0.021967500967075115,11.229277245582345,-2.7054668113272298,2.38767999201266,0.09577497909776866,0.04657156923893968
18573,0000921895-22-000839,2021-12-30,2021Q4,73,0,21123,0000921895-22-000839,1.1805049979399702,13.164868690348825,-5.364342331530111,0.7096490126658354,0.1838379860855639,0.03273781404604508
15087,0001213900-22-051125,2022-08-23,2022Q3,73,0,87510,0001213900-22-051125,0.03651413963750669,12.371333068697743,-4.4114396600777415,0.5048587517753214,-0.1526249952148646,0.018671456593585906
15087,0001213900-22-051125,2022-08-23,2022Q3,73,0,17106,0001213900-22-051125,0.0678877131178254,12.967510634521801,-5.262926819545535,1.2225858254688604,-1.049615015508607,0.05361801033788107
15087,0001213900-22-051125,2022-08-23,2022Q3,73,0,19196,0001213900-22-051125,0.10714957055420968,12.488858727155025,-4.746245585901557,8.397638991948291,-1.4207590110599995,0.06271961656664402
89449,0001140361-24-044419,2024-10-21,2024Q4,59,1,92557,0001140361-24-044419,0.7233507993004282,10.493018805869607,-1.3915968744965483,0.19028194629443645,-0.6667610038421117,0.03556603605033445
11292,0001744329-24-000003,2024-05-22,2024Q2,28,1,78749,0001744329-24-000003,0.00311759726089788,10.670019479499375,-0.6737648405582601,0.24188763462659896,0.329358017341292,0.03573738998168174
11292,0001744329-24-000003,2024-05-22,2024Q2,28,1,18997,0001744329-24-000003,0.012625441535589584,10.32067370009499,-0.16730981138987372,1.0801906520338587,0.6183000040473416,0.05928578036869982
11292,0001744329-24-000003,2024-05-22,2024Q2,28,1,24591,0001744329-24-000003,0.02122799504185927,10.694825759274787,-0.5634018210793051,2.9176140693628625,,
92807,0000921895-22-003096,2022-11-08,2022Q4,60,0,87753,0000921895-22-003096,0.028073892091866386,10.956875985191413,-0.4113943345332739,1.4952171221976434,-0.010046994779258966,0.0626729275089444
92807,0000921895-22-003096,2022-11-08,2022Q4,60,0,86573,0000921895-22-003096,0.0378310145032912,11.321637832784742,-0.5249738574964491,0.026742912022875744,-0.4198419855611064,0.023227588829243247
92807,0000921895-22-003096,2022-11-08,2022Q4,60,0,79019,0000921895-22-003096,0.17546043917513676,11.382107644419383,-0.3746769716116329,0.03816763838561049,-0.012861998793596285,0.030634922888433728
17178,0000921895-23-000149,2023-01-19,2023Q1,61,0,90710,0000921895-23-000149,0.42924382053074217,12.292653930043292,-2.159187517043391,0.04645248782211607,0.19382801180472597,0.02607647055749787
76081,0001085146-23-000831,2023-02-08,2023Q1,37,0,75182,0001085146-23-000831,0.009386359341762823,15.744343150685356,-8.184060260158626,0.10283338733925228,0.1693770040583331,0.016909075111965845
76081,0001085146-23-000831,2023-02-08,2023Q1,37,0,88319,0001085146-23-000831,0.020023592652532396,15.322438554584103,-7.521038578948246,0.07463087912926562,0.4152679938415531,0.018221479344992225
76081,0001085146-23-000831,2023-02-08,2023Q1,37,0,84656,0001085146-23-000831,0.026051960689752077,15.892489106465101,-8.256482934420838,0.10369286417100211,0.21408501334371977,0.01846407533501674
13798,0001213900-24-025263,2024-03-06,2024Q1,28,1,14615,0001213900-24-025263,0.00016998620176811682,11.788631029507773,-2.644208868203922,11.2987408429117,0.17838099505752325,0.05466910688045463
13798,0001213900-24-025263,2024-03-06,2024Q1,28,1,80539,0001213900-24-025263,0.00017280339820928184,11.778122482631908,-2.6331366401899983,12.023764900517921,0.7006880037224619,0.08643487009170082
13798,0001213900-24-025263,2024-03-06,2024Q1,28,1,20280,0001213900-24-025263,0.000478624580792262,11.773831744016409,-2.6191896286002416,4.912929298638615,0.2662140040192753,0.06640152306756773
88341,0000897069-22-000124,2022-02-15,2022Q1,60,0,89643,0000897069-22-000124,0.0017096509342888907,11.958820874897077,-1.9711951469353524,0.05102421934042104,0.07016800803830847,0.016162013128965223
88341,0000897069-22-000124,2022-02-15,2022Q1,60,0,77889,0000897069-22-000124,0.0054155962000720865,11.891767708750203,-1.9648910938774178,0.07862528030622794,0.19592800113605335,0.01666046673903385
88341,0000897069-22-000124,2022-02-15,2022Q1,60,0,13694,0000897069-22-000124,0.008886297364574955,12.27121710804818,-2.3876083319646786,0.024701658058674122,0.0607559961208608,0.018317422512257785
22356,0001891364-22-000004,2022-12-19,2022Q4,37,0,14720,0001891364-22-000004,0.059730051261025666,10.513683466329153,-1.9791643318709733,17.39453404259999,-0.6369480304274475,0.04721596437179869
21065,0001140361-23-044177,2023-09-05,2023Q3,28,0,19026,0001140361-23-044177,0.0079407380116225,9.539600952719502,-0.17212846497652184,11.432546437089973,-0.5598659999523079,0.05996102430044951
21065,0001140361-23-044177,2023-09-05,2023Q3,28,0,18997,0001140361-23-044177,0.019367362131979243,9.542446663141208,-0.0998337962727092,2.9562299238304712,-0.4580309984157793,0.05377428792682108
21065,0001140361-23-044177,2023-09-05,2023Q3,28,0,19142,0001140361-23-044177,0.025362392178783832,9.186681699685273,0.0735588776205391,30.39450466456892,-0.885255050365231,0.059894026088378946
14991,0001104659-24-064358,2024-05-15,2024Q2,28,1,18215,0001104659-24-064358,0.007031467862193301,10.997868568649727,-3.1101502536800343,2.9051742667369416,-0.2260730203706771,0.07088701919000166
14991,0001104659-24-064358,2024-05-15,2024Q2,28,1,15375,0001104659-24-064358,0.014224446794128433,11.395349307912992,-3.6612337481894253,3552.936674713164,0.8735519295732956,0.11955933019543512
14991,0001104659-24-064358,2024-05-15,2024Q2,28,1,92594,0001104659-24-064358,0.021903620134797155,11.192523487251167,-3.2780818627240493,30.579908037386005,0.33025702368468046,0.06966750657184634
82542,0001389404-23-000004,2023-07-21,2023Q3,36,0,14942,0001389404-23-000004,0.03946771160247104,13.481099914798168,-4.770083830604658,0.15773080342104867,0.25946600432507694,0.01808912934280893
82542,0001389404-23-000004,2023-07-21,2023Q3,36,0,90097,0001389404-23-000004,0.057489743136239065,14.339092868111239,-6.035051370203397,0.18857642313292616,0.15553699084557593,0.02352220947562725
82542,0001389404-23-000004,2023-07-21,2023Q3,36,0,83885,0001389404-23-000004,0.20040322641370337,13.565282253922549,-5.326275419572945,7.269403371458721,0.506495017092675,0.05772864090143092
17045,0001193805-23-000851,2023-05-29,2023Q2,35,0,51263,0001193805-23-000851,0.007001166103765209,13.18945251794489,-5.426182667729231,0.6717699097536157,0.6413580025546253,0.030715428797167797
17045,0001193805-23-000851,2023-05-29,2023Q2,35,0,89800,0001193805-23-000851,0.012231921498819957,12.905987275162778,-5.141310746565483,0.3225411970889391,-0.42135299640358426,0.0207294824115846
17045,0001193805-23-000851,2023-05-29,2023Q2,35,0,11499,0001193805-23-000851,0.015977278785049558,12.948677981389505,-5.30454487065983,0.7498973856288843,0.3458529973286204,0.026007332881290493
20581,0001214659-22-009064,2022-07-11,2022Q3,38,0,18806,0001214659-22-009064,0.021488677819667703,12.685111552194362,-3.7779244034131163,0.955826147502487,-0.059178021911066025,0.0391952775405642
20581,0001214659-22-009064,2022-07-11,2022Q3,38,0,20305,0001214659-22-009064,0.025195347026299494,13.437420262130706,-4.621962363677929,0.5847644792242341,-0.11665199953131378,0.05295880906941451
20581,0001214659-22-009064,2022-07-11,2022Q3,38,0,10966,0001214659-22-009064,0.037253244440843464,12.838050423094861,-4.089495241604456,0.8932078172475109,-0.32531999913044274,0.045269664494921404
19565,0000902664-24-005919,2024-10-14,2024Q4,73,1,47730,0000902664-24-005919,0.0014340902555267944,15.004754587466739,-7.666780247509558,0.18737941206927572,0.27198200301791076,0.01514441395685873
19565,0000902664-24-005919,2024-10-14,2024Q4,73,1,18064,0000902664-24-005919,0.005214621503247482,15.103909354551092,-7.7286659321299505,0.23289662483917617,0.4040139957796782,0.018959085363563978
19565,0000902664-24-005919,2024-10-14,2024Q4,73,1,21372,0000902664-24-005919,0.008011895221447537,14.896429742726317,-7.506775783196537,0.7602101149976485,0.5930599955026992,0.028743354646162705
20297,0001513162-23-000013,2023-01-25,2023Q1,28,0,90604,0001513162-23-000013,0.03238761223953729,10.162844221796936,-0.05450895715268947,4.891009318139421,-0.6506809492711909,0.05365937808357202
20297,0001513162-23-000013,2023-01-25,2023Q1,28,0,19997,0001513162-23-000013,0.051058354656348594,9.551237802966188,0.9123920131405933,2.7408095296873936,0.23672497227380518,0.05796330437490378
20297,0001513162-23-000013,2023-01-25,2023Q1,28,0,82824,0001513162-23-000013,0.09558114234252978,9.958066642779126,0.4970071079614513,6.772850919749282,0.39196604321477935,0.08245440733579325
23014,0001104659-23-093833,2023-08-21,2023Q3,48,0,88372,0001104659-23-093833,0.35269337948453194,12.101999079175506,-1.8974322813549798,0.1594092981177858,0.1692869943799451,0.028183402231092277
89935,0000921895-23-001387,2023-05-19,2023Q2,28,0,17360,0000921895-23-001387,0.010971197255962248,10.660875631823489,-1.8071811372968776,8.710956126062413,-0.5228649727068841,0.050522545890050466
89935,0000921895-23-001387,2023-05-19,2023Q2,28,0,15287,0000921895-23-001387,0.022248276220123427,10.632860581500118,-2.0091155171035764,35.19509790572139,1.466448986902833,0.11583522353998374
89935,0000921895-23-001387,2023-05-19,2023Q2,28,0,16903,0000921895-23-001387,0.026088451360695476,10.436834457648311,-1.5323039866920987,5.554879269656383,-0.36408901678805705,0.058160613081599956
24459,0001193805-22-001587,2022-11-14,2022Q4,35,0,89800,0001193805-22-001587,0.0005430537914633173,13.20754454057395,-5.173530523281951,0.2978505375467169,-0.26029599344474263,0.023236457842527546
24459,0001193805-22-001587,2022-11-14,2022Q4,35,0,11803,0001193805-22-001587,0.1183998929138159,13.145270983183385,-4.74220702371618,0.6568202988915105,-0.11031099100364372,0.02766479176321967
24459,0001193805-22-001587,2022-11-14,2022Q4,35,0,88897,0001193805-22-001587,0.12921141989414062,13.020966418688845,-4.585414354618751,2.348308990298575,0.37806498212739825,0.04578263644390347
17134,0000921895-22-001894,2022-06-01,2022Q2,28,0,17044,0000921895-22-001894,0.03509905325049334,10.581175858033529,-3.434453442178885,6.97675314500186,-2.232368021039292,0.06207509450207252
17134,0000921895-22-001894,2022-06-01,2022Q2,28,0,13411,0000921895-22-001894,0.04318557100930159,10.858368029314189,-3.4177050707860626,8.00048336419528,-1.467639995389618,0.04754964321355385
17134,0000921895-22-001894,2022-06-01,2022Q2,28,0,17955,0000921895-22-001894,0.45275998250968646,10.623148613001078,-2.642463144469334,4.7934973694075405,-1.19238001445774,0.05117171365929598
18771,0000908834-22-000119,2022-09-29,2022Q3,73,0,17685,0000908834-22-000119,0.019049390251617452,16.16867581307749,-8.979670838602344,0.4062847967751938,-0.6471449754608329,0.04176154163393818
18771,0000908834-22-000119,2022-09-29,2022Q3,73,0,16649,0000908834-22-000119,0.020269621833210075,15.916041464914265,-8.930737134728936,0.345626167422561,-1.0292429762193933,0.045556287840762114
18771,0000908834-22-000119,2022-09-29,2022Q3,73,0,15291,0000908834-22-000119,0.02453751021504682,16.31809095539529,-9.183536425947958,0.3118822551564974,-0.30290600286389235,0.04122554997695314
20788,0000897069-23-000695,2023-05-29,2023Q2,28,0,19026,0000897069-23-000695,0.010322974893007306,10.065838092857241,-0.7548466670780475,6.114233620328608,-1.6291340178868268,0.06765151789347522
20788,0000897069-23-000695,2023-05-29,2023Q2,28,0,18960,0000897069-23-000695,0.015399254233543404,10.448079038772436,-1.375940165277001,23.691540993630266,-0.5860670062465942,0.09447407610430601
20788,0000897069-23-000695,2023-05-29,2023Q2,28,0,20288,0000897069-23-000695,0.0585881567044531,9.934427924242764,-0.46750002316976697,11.414226655566424,0.12749102709494764,0.07276469091374047
88807,0000950142-24-002787,2024-11-06,2024Q4,36,1,93426,0000950142-24-002787,0.01512471470479739,12.556393967895243,-4.526511422223275,0.2191547808750892,-0.3560850033245515,0.01926451219938646
88807,0000950142-24-002787,2024-11-06,2024Q4,36,1,83885,0000950142-24-002787,0.1208948086957532,12.281056687394168,-3.8162823491167144,7.9806771634024605,-0.5744420154951513,0.047255575028892174
88807,0000950142-24-002787,2024-11-06,2024Q4,36,1,67029,0000950142-24-002787,0.5451481937455871,12.639528044855965,-3.8798656228707857,2.142106084987455,0.48732702317647636,0.05073891527261851
22302,0000897069-24-000736,2024-03-18,2024Q1,60,1,89279,0000897069-24-000736,0.03691976748088668,11.837046018369614,-1.9834267305628401,0.03442924450815764,0.40022700338158756,0.022365622718943757
22302,0000897069-24-000736,2024-03-18,2024Q1,60,1,17117,0000897069-24-000736,0.09283632722693871,11.628995389645116,-2.1735499520950774,0.1340364625538533,0.0854390105814673,0.02117360876865793
22302,0000897069-24-000736,2024-03-18,2024Q1,60,1,17970,0000897069-24-000736,0.09332486264401055,11.806465893693643,-2.3702585079290737,0.14065670839268377,-0.19604200651519932,0.029947808636629738
15072,0000921895-23-001902,2023-08-11,2023Q3,67,0,16585,0000921895-23-001902,0.2850965700053763,11.936542426832656,-4.114175689932757,2.0655606705933365,0.1220199812669307,0.018033036302695083
15072,0000921895-23-001902,2023-08-11,2023Q3,67,0,19225,0000921895-23-001902,0.8751606027314904,12.596643381127999,-3.491343672842383,0.1928951511899001,0.059355988283641636,0.02253124493993809
17343,0001213900-24-102372,2024-11-22,2024Q4,73,1,12380,0001213900-24-102372,0.005190293171633933,12.884857327424214,-3.9387720339658694,0.1683520267375167,0.46711000642972067,0.023653838605091432
17343,0001213900-24-102372,2024-11-22,2024Q4,73,1,15582,0001213900-24-102372,0.010371256112932742,12.79066532620203,-3.7395638781652005,0.34796988770062987,0.5419510023784824,0.03262959086475182
17343,0001213900-24-102372,2024-11-22,2024Q4,73,1,21601,0001213900-24-102372,0.02092103754352941,12.694500501534016,-3.604276527716082,0.39648685112129667,-0.15633700147736818,0.026395793010115434
14452,0000921895-22-003092,2022-11-09,2022Q4,28,0,93371,0000921895-22-003092,0.0015045984254341358,11.72499997991353,-3.1673107570775336,2.192951069824959,0.019716990762390196,0.06290059649804762
14452,0000921895-22-003092,2022-11-09,2022Q4,28,0,92686,0000921895-22-003092,0.005900029233883524,11.751733052197658,-3.1516814294169495,1.380897083733621,0.41409598011523485,0.04932135950842596
14452,0000921895-22-003092,2022-11-09,2022Q4,28,0,13693,0000921895-22-003092,0.01198475020571467,11.607183364048609,-2.929825050536731,4.8074792927722525,-0.24336898128967732,0.03888157706442295
14601,0000921895-22-000769,2022-02-23,2022Q1,62,0,13802,0000921895-22-000769,0.010790303408862834,14.73507885674303,-7.437963614111365,0.19901588411398102,-0.22680200087779667,0.015667288762275407
14601,0000921895-22-000769,2022-02-23,2022Q1,62,0,14985,0000921895-22-000769,0.03644177148468702,14.470972729972763,-7.338340067997836,0.6767505510989152,0.0914199955877848,0.015727654208778686
14601,0000921895-22-000769,2022-02-23,2022Q1,62,0,14574,0000921895-22-000769,0.1006182551829942,14.927257883101152,-7.454991532073658,0.1264122557831635,0.013158994348486885,0.01564122919629085
16668,0001104659-22-049068,2022-04-12,2022Q2,28,0,14238,0001104659-22-049068,0.0007354201053942944,12.94620436109191,-5.237641273468848,2.781283053957985,-0.4075480120955035,0.04627484228380766
16668,0001104659-22-049068,2022-04-12,2022Q2,28,0,14689,0001104659-22-049068,0.0018366549138109037,12.908313329575495,-5.19739650856093,2.167314915214596,0.6468790149665438,0.05949749553468941
16668,0001104659-22-049068,2022-04-12,2022Q2,28,0,13107,0001104659-22-049068,0.006890170381781148,12.902700038120797,-5.2425405704004415,30.685360859806863,-0.29601999721489847,0.053324384707948466
15374,0001214659-22-009648,2022-07-26,2022Q3,38,0,91742,0001214659-22-009648,0.04350286732270931,9.111063535380639,-1.1771075168068499,82.26361864702484,-0.4412369743513409,0.04748228961216119
15374,0001214659-22-009648,2022-07-26,2022Q3,38,0,21664,0001214659-22-009648,0.15124133599274145,9.46384395785763,-1.0792343363746306,121.90409071101234,-0.5133239882998168,0.0662271958635365
15374,0001214659-22-009648,2022-07-26,2022Q3,38,0,15491,0001214659-22-009648,0.5081726448977192,9.775279110696161,-1.145108291177033,23.4188709353097,-0.7758959662169218,0.048046467951386174
21089,0001214659-23-008178,2023-05-24,2023Q2,28,0,19542,0001214659-23-008178,0.007532701846225908,12.411551856981287,-3.6221805856734464,1.08343690849055,-0.5572699948679656,0.042687249482613876
21089,0001214659-23-008178,2023-05-24,2023Q2,28,0,18203,0001214659-23-008178,0.009579374049869634,12.541047475883714,-3.9519144739811405,1.1690466905317582,-0.4004600105108693,0.03934529168121167
21089,0001214659-23-008178,2023-05-24,2023Q2,28,0,93371,0001214659-23-008178,0.010362264024230117,12.213437061528218,-3.489977550140929,1.4244534149350183,0.3614829968428239,0.03849734484982792
15064,0001904067-24-000003,2024-10-02,2024Q4,60,1,90600,0001904067-24-000003,0.0047116329121095,12.985202549196705,-4.801967059237939,1.0795134475510966,-0.07780799502506852,0.02668072736627987
15064,0001904067-24-000003,2024-10-02,2024Q4,60,1,16063,0001904067-24-000003,0.013448587292503316,13.071811828907897,-4.869186607611043,0.21080431773211009,-0.11188800525269471,0.01831449461783586
15064,0001904067-24-000003,2024-10-02,2024Q4,60,1,11397,0001904067-24-000003,0.024728169899314163,13.20069126176229,-5.008725990144753,0.19985680327753305,0.13049200165551156,0.021759217001885645
19644,0000950142-22-003306,2022-12-07,2022Q4,59,0,21118,0000950142-22-003306,0.3794656644258514,12.532105834395566,-4.636697220254174,3.8827336974446767,-0.35758398473262787,0.04296784786113021
21829,0001213900-22-022355,2022-03-21,2022Q1,73,0,16049,0001213900-22-022355,0.01803087631378908,11.318543553587906,-3.0857040916562615,1.1075592530767258,-0.9510430035879835,0.03529346376233084
21829,0001213900-22-022355,2022-03-21,2022Q1,73,0,89941,0001213900-22-022355,0.09192049824120259,11.065024560864408,-2.6077672655172996,0.5510730760920908,-0.7782460118760355,0.037111017557089385
21829,0001213900-22-022355,2022-03-21,2022Q1,73,0,22287,0001213900-22-022355,0.11594723254147946,11.325088727488163,-3.5438116684830017,2.3682029196649887,,
13548,0001193805-23-001197,2023-08-08,2023Q3,58,0,79299,0001193805-23-001197,0.006473330446860415,14.798458057157635,-8.115155139277029,0.24920945206669728,0.03409799939254299,0.018634139698347523
13548,0001193805-23-001197,2023-08-08,2023Q3,58,0,15014,0001193805-23-001197,0.01188989277190723,14.452674357592041,-7.755785290321272,0.7816049782369806,0.1861969959572889,0.029225284355954388
13548,0001193805-23-001197,2023-08-08,2023Q3,58,0,15167,0001193805-23-001197,0.013024499695169785,14.899536024345387,-8.201052213376304,0.30622179368795166,0.47061100479913875,0.02382934132064812
90081,0001104659-23-044843,2023-04-12,2023Q2,38,0,14694,0001104659-23-044843,0.3329792427662415,13.341587578088426,-6.073193747824292,2.1172107050123805,-0.2432170007377863,0.01777798897644899
90783,0001193125-22-042152,2022-02-02,2022Q1,28,0,14458,0001193125-22-042152,0.016303992731821326,10.951062654369226,-2.1856121796076664,6.281756674577369,-0.6713839860167354,0.03569702864250218
90783,0001193125-22-042152,2022-02-02,2022Q1,28,0,11654,0001193125-22-042152,0.017096113777605,11.282341804558325,-2.7525753776582773,0.28303300086823596,-0.02409898687619716,0.02859941237883463
90783,0001193125-22-042152,2022-02-02,2022Q1,28,0,14555,0001193125-22-042152,0.01897052762510245,10.686548560564873,-2.070588158932282,1.5676489922862864,-0.7359300025273114,0.03596316260814115
16044,0000902664-22-002457,2022-03-28,2022Q1,28,0,90125,0000902664-22-002457,0.0003858244094494536,14.758427353083496,-6.783191437864914,0.7088328578495781,0.26926600094884634,0.030919702167826316
16044,0000902664-22-002457,2022-03-28,2022Q1,28,0,13967,0000902664-22-002457,0.000805948430534511,14.806241333707378,-6.8513387531609675,0.2557420763804256,-0.07339100408717059,0.024170766720901023
16044,0000902664-22-002457,2022-03-28,2022Q1,28,0,15222,0000902664-22-002457,0.0009696241354539704,14.73390224927672,-6.74042511893061,0.7749666752198873,-0.20675499713979661,0.03547503217702887
16431,0001104659-24-109740,2024-10-11,2024Q4,20,1,93263,0001104659-24-109740,0.023225110916006105,15.776760378924862,-9.173316590248591,0.6200794371034326,-0.3992490047530737,0.03645975336548917
16431,0001104659-24-109740,2024-10-11,2024Q4,20,1,13188,0001104659-24-109740,0.05242415709619586,15.716037988906422,-8.857212358293253,0.07092861175363178,0.20988500388921238,0.01268014151218997
16431,0001104659-24-109740,2024-10-11,2024Q4,20,1,56274,0001104659-24-109740,0.19371256450139734,16.464289444033867,-9.515139301114564,0.34098545254895263,0.036171999061480165,0.016978894021325047
90989,0000921895-23-001235,2023-05-09,2023Q2,73,0,16805,0000921895-23-001235,0.08121193076121559,12.866030089979134,-4.0045489145863815,0.13213372894772893,0.08752201189054176,0.03142999843135423
90989,0000921895-23-001235,2023-05-09,2023Q2,73,0,22266,0000921895-23-001235,0.0878667020896482,13.132108915011564,-4.396590544674692,0.4963023327243955,-0.7794489951920696,0.032836521749611304
90989,0000921895-23-001235,2023-05-09,2023Q2,73,0,19331,0000921895-23-001235,0.1930553463509188,13.187367327712938,-3.759626953264972,2.3097376223435284,-1.2349909776821733,0.047076999705671856
14339,0001781002-24-000055,2024-11-12,2024Q4,35,1,15203,0001781002-24-000055,0.06757616096573256,9.0481025794263,1.4727914921985785,6.732257461551894,-0.08349899260792881,0.031867771506347044
19628,0000902664-22-004509,2022-09-28,2022Q3,28,0,20610,0000902664-22-004509,0.004905773056301007,10.8919508419998,-0.7723879546996757,0.737050664584225,-1.1159649845212698,0.0621666342601575
19628,0000902664-22-004509,2022-09-28,2022Q3,28,0,90682,0000902664-22-004509,0.009608338559312878,10.864719527166143,-0.8800685694918559,0.48468791809245265,-0.614221995259868,0.036311778579867754
19628,0000902664-22-004509,2022-09-28,2022Q3,28,0,14937,0000902664-22-004509,0.019917838319890455,10.634559895847774,-0.5029408700460486,1.2602822447543611,-0.09143299900460988,0.0477076278915182
18642,0001213900-22-010936,2022-02-23,2022Q1,20,0,82279,0001213900-22-010936,0.2759254594160293,12.734220175086733,-4.330031245206205,0.08346874137834351,0.060900007068994455,0.0214557088171809
18642,0001213900-22-010936,2022-02-23,2022Q1,20,0,19541,0001213900-22-010936,0.6539047301500726,13.276137300553417,-4.726044338575148,0.26172518199040584,-0.28987498121568933,0.02665269179848708
12828,0000899140-22-000462,2022-04-12,2022Q2,67,0,14183,0000899140-22-000462,0.11714899414420445,11.81405767738641,-4.7814879020676,1.5166568910237896,-0.10820799868088216,0.012056238749192205
12828,0000899140-22-000462,2022-04-12,2022Q2,67,0,16585,0000899140-22-000462,0.12485091175284016,12.094731280194054,-4.473801927087131,1.8549084286860364,0.07312299509067088,0.018198553444713963
12828,0000899140-22-000462,2022-04-12,2022Q2,67,0,18715,0000899140-22-000462,0.15791033702984855,12.68987701126432,-5.195370261069299,0.4616117285924483,-0.03801299742190167,0.017771431920995905
22220,0001193805-24-000342,2024-03-05,2024Q1,38,1,10966,0001193805-24-000342,0.02395800943024302,13.006887248790555,-4.660076271283623,1.6509872272546429,0.3304450165014714,0.04738098970979338
22220,0001193805-24-000342,2024-03-05,2024Q1,38,1,84413,0001193805-24-000342,0.07034504266020207,12.896271985474167,-4.118162900461237,3.943260833323577,0.14583000889979303,0.04682778421118509
22220,0001193805-24-000342,2024-03-05,2024Q1,38,1,19022,0001193805-24-000342,0.11122604660204512,12.980055503895105,-4.149224085419609,0.47110919952983615,0.26286998408613726,0.0440474665696198
17366,0001140361-22-010994,2022-03-15,2022Q1,10,0,15278,0001140361-22-010994,0.09876523307037242,10.316135800015594,-0.747088261683028,6.268499548948431,-0.28181000480253715,0.033359878757791527
17366,0001140361-22-010994,2022-03-15,2022Q1,10,0,91421,0001140361-22-010994,0.3008506251321086,10.843098248031888,-1.1510211748312604,6.531500074101043,0.32069499146018643,0.03437861077587406
14268,0001398344-24-009941,2024-05-21,2024Q2,67,1,19225,0001398344-24-009941,0.015746555151412687,12.399200066444257,-3.400566953785,0.1621890386842443,-0.08450800803257152,0.020044815590587465
14137,0001104659-22-099294,2022-08-31,2022Q3,13,0,78841,0001104659-22-099294,0.1447637801148286,12.674693694452055,-5.624122237293415,5.255497915103274,0.7865269995527342,0.04918997251150375
49488,0001140361-23-038327,2023-07-28,2023Q3,28,0,18137,0001140361-23-038327,0.003514728836814411,13.712950118431767,-5.950410754926162,3.1708056220541114,-0.4663070058450103,0.040361877298242435
49488,0001140361-23-038327,2023-07-28,2023Q3,28,0,13918,0001140361-23-038327,0.006411626039628066,13.709332107889276,-5.970698737955903,0.7494746389037693,0.8296050030039623,0.044020845699058626
49488,0001140361-23-038327,2023-07-28,2023Q3,28,0,13796,0001140361-23-038327,0.00647304248885178,13.497491772243276,-5.707434754476249,0.8477155834205427,0.9075420050648972,0.043096272267903114
19224,0001085146-22-004149,2022-11-11,2022Q4,37,0,80828,0001085146-22-004149,0.03940638784087169,12.599030361288225,-3.9378045940438438,0.14829078212815155,-0.12006400345126167,0.015758942155424702
19224,0001085146-22-004149,2022-11-11,2022Q4,37,0,18539,0001085146-22-004149,0.05124969910931796,13.107271180988779,-4.914971653957406,2.1922042629140925,-0.1837310204282403,0.034502030783004956
16104,0000947871-22-000750,2022-07-05,2022Q3,28,0,93301,0000947871-22-000750,0.004269102347711573,12.259638814979159,-3.149841258814915,1.6378499345051547,0.11122000508476049,0.04265001972750474
16104,0000947871-22-000750,2022-07-05,2022Q3,28,0,14072,0000947871-22-000750,0.008362179980656227,12.551301006588758,-3.604124324437334,3.972860783404255,-0.9866749960929155,0.045346676366725805
16104,0000947871-22-000750,2022-07-05,2022Q3,28,0,20058,0000947871-22-000750,0.008575570268618245,12.133648877385248,-3.055175044474342,3.3211230249498245,-1.208375010988675,0.06842631063608631
14566,0001104659-23-107787,2023-09-27,2023Q3,67,0,13332,0001104659-23-107787,0.026561565018275266,13.189767189671837,-6.110402534696827,1.0166024419334445,-0.03617799305357039,0.01738786275067169
14566,0001104659-23-107787,2023-09-27,2023Q3,67,0,26650,0001104659-23-107787,0.03826440682876075,12.822423443397046,-5.359999998450257,0.3175692319675885,-0.04777700378326699,0.011904648554272762
14566,0001104659-23-107787,2023-09-27,2023Q3,67,0,82213,0001104659-23-107787,0.03896888693535907,13.607515252923733,-6.396131256533742,1.5651278890128764,0.047062003053724766,0.01612152139784082
87302,0001477932-22-003302,2022-05-06,2022Q2,73,0,21577,0001477932-22-003302,0.005756832324180569,10.071372061532314,-1.6755052750465953,5.107750574930266,-0.6562540035229176,0.05231160464712489
87302,0001477932-22-003302,2022-05-06,2022Q2,73,0,87439,0001477932-22-003302,0.14505521319017112,10.591062989722351,-1.9597762377149295,1.90070355783339,-1.1858879807405174,0.042377760528829606
87302,0001477932-22-003302,2022-05-06,2022Q2,73,0,93302,0001477932-22-003302,0.302167037736861,10.431771292673277,-1.5841153037189801,1.178499441206727,-0.10362000146415085,0.04873760824416385
14636,0000921895-22-001517,2022-04-27,2022Q2,35,0,79586,0000921895-22-001517,0.03757300038812207,10.640854468750744,-1.9314645775795805,5.3030584187819265,-0.09739602147601545,0.04021525046274261
21890,0001866581-23-000028,2023-02-01,2023Q1,58,0,77902,0001866581-23-000028,0.007629036697044077,14.501407116176392,-7.398727439072636,0.6012646258894725,0.4317199974320829,0.02527347172953739
21890,0001866581-23-000028,2023-02-01,2023Q1,58,0,76732,0001866581-23-000028,0.015293801753518514,13.99756587932072,-6.7718601109605565,0.20876443885825624,0.21284399337309878,0.020016278739101508
21890,0001866581-23-000028,2023-02-01,2023Q1,58,0,15014,0001866581-23-000028,0.01807353460921421,14.500501163927945,-7.525130458153161,0.6503833012928893,0.39034101425204426,0.028124736800862395
13537,0001104659-23-058700,2023-05-10,2023Q2,67,0,19601,0001104659-23-058700,0.016828949845148794,13.894438515303701,-6.624482661304565,0.5681008812924768,-0.07595499797025695,0.014192915776804822
13537,0001104659-23-058700,2023-05-10,2023Q2,67,0,85935,0001104659-23-058700,0.023456324450115917,13.864979272818491,-6.614411366428852,1.3640991149453545,0.13096001220401376,0.022879333049968066
13537,0001104659-23-058700,2023-05-10,2023Q2,67,0,16691,0001104659-23-058700,0.02570473697839348,13.456762681269964,-5.901249837471211,0.6089737241855021,-0.5057449997402728,0.016839051461366304
25452,0000807249-24-000036,2024-03-20,2024Q1,17,1,15417,0000807249-24-000036,0.03660335491206558,8.183073385658565,-0.34744386109240355,8.997443699586318,-0.5826230318634771,0.06459645293701567
89611,0000921895-22-002925,2022-10-30,2022Q4,67,0,16585,0000921895-22-002925,0.0016643663564311973,11.89674376232076,-4.0717419528061685,1.7212525455402985,-0.14733200194314122,0.023899643412814454
89611,0000921895-22-002925,2022-10-30,2022Q4,67,0,19225,0000921895-22-002925,0.44522435518694436,12.369306944090475,-3.9754379459664535,0.2215287526679745,-0.131620002532145,0.02298860047467354
89611,0000921895-22-002925,2022-10-30,2022Q4,67,0,19037,0000921895-22-002925,0.5122961633319747,12.260153219342882,-3.7840139668161306,0.13918943654941834,0.002547995711211115,0.01698167935024474
23340,0001493152-24-049899,2024-12-09,2024Q4,63,1,90925,0001493152-24-049899,0.0008595838911391863,16.659520071905924,-8.758874115787025,0.06076621388472844,0.20325600350042805,0.013177771427351076
23340,0001493152-24-049899,2024-12-09,2024Q4,63,1,26710,0001493152-24-049899,0.016068812155726985,16.745341593503667,-8.725714553399264,0.038692487725876225,0.1072109986707801,0.010881510531857893
23340,0001493152-24-049899,2024-12-09,2024Q4,63,1,79210,0001493152-24-049899,0.03687080921144584,16.515041226692812,-8.741995298474714,0.023060925121211842,0.1906020057213027,0.013688785315232191
21002,0001193805-23-001392,2023-10-04,2023Q4,37,0,14185,0001193805-23-001392,0.4475274814564705,12.239893758970787,-4.415637117494298,0.9234986995552334,0.14847403921885416,0.04592702923514875
63132,0001493152-24-013403,2024-04-01,2024Q2,37,1,14434,0001493152-24-013403,0.025279713637341432,13.622895569104662,-6.199670153802073,0.24653099801079217,-0.288736003509257,0.025161633607698
63132,0001493152-24-013403,2024-04-01,2024Q2,37,1,84041,0001493152-24-013403,0.03543888098720187,13.904468349459584,-6.484760270247589,0.9046212106531095,0.337483994779177,0.0420694294664697
22115,0000950142-22-003329,2022-11-29,2022Q4,73,0,89044,0000950142-22-003329,0.012818973292802382,13.943413943023153,-4.91423729447582,0.1284352995159206,0.17839499021647498,0.02410566858966003
22115,0000950142-22-003329,2022-11-29,2022Q4,73,0,22263,0000950142-22-003329,0.029440925435238456,13.25000232361484,-4.152795304890141,0.6499778219006045,0.3113369724014774,0.04944809269009848
22115,0000950142-22-003329,2022-11-29,2022Q4,73,0,93266,0000950142-22-003329,0.08598845784354725,13.545402749497375,-4.736955699739421,0.37913476618863484,0.2618839959031902,0.030135036963972444
10530,0000921895-22-000341,2022-01-25,2022Q1,28,0,90285,0000921895-22-000341,0.00200824899260211,13.826392692177581,-6.042773316749188,2.319002718066826,0.05809999420307577,0.03394012183323164
10530,0000921895-22-000341,2022-01-25,2022Q1,28,0,15658,0000921895-22-000341,0.010966422515407437,13.929631134999385,-6.085873899759351,0.2841182150566083,-0.1340759776358027,0.04104947040136902
10530,0000921895-22-000341,2022-01-25,2022Q1,28,0,13825,0000921895-22-000341,0.014134270955898438,14.001082875306132,-6.191967578981333,0.1280319973477075,0.27295499747560825,0.03405602364048834
13599,0001851734-22-000538,2022-08-26,2022Q3,28,0,16834,0001851734-22-000538,0.0011165093206940329,10.85281298047518,-1.3559000503208483,23.49641093303301,-0.5337930168316234,0.05765668770611143
13599,0001851734-22-000538,2022-08-26,2022Q3,28,0,78749,0001851734-22-000538,0.017575098003174385,11.151826176609484,-1.6499100714645294,0.14489817153304474,0.050131976837292314,0.037316378209633794
13599,0001851734-22-000538,2022-08-26,2022Q3,28,0,15833,0001851734-22-000538,0.019709814580456567,10.705990357668073,-1.0905406373130797,9.266788462243767,-1.0294279602530878,0.07410539963597691
16473,0001213900-23-049318,2023-06-14,2023Q2,28,0,19249,0001213900-23-049318,1.4611689694599996,8.045415188900913,0.5129153298660312,94.40615053597206,-0.7398460446565878,0.08348472706874704
79039,0001493152-22-000977,2022-01-05,2022Q1,13,0,15382,0001493152-22-000977,0.7595464073630761,10.07478523576943,-2.6695558598760947,9.813318661410978,-0.8555860021151602,0.03503368631214108
92502,0001104659-22-115972,2022-11-02,2022Q4,65,0,14213,0001104659-22-115972,0.030147706953823083,14.193594383579677,-5.7430332152971815,0.10008520263937758,-0.26923700331826694,0.01697263358806145
92502,0001104659-22-115972,2022-11-02,2022Q4,65,0,76123,0001104659-22-115972,0.05664544336865969,14.552419452631582,-5.989716752308912,0.09682053008940202,-0.21516801754478365,0.01765041282520004
92502,0001104659-22-115972,2022-11-02,2022Q4,65,0,22362,0001104659-22-115972,0.09791742174881204,14.595443708444918,-5.966864594879277,0.3053235366822546,0.07837599876802415,0.023595455143401067
88203,0001493152-22-033146,2022-11-10,2022Q4,73,0,10890,0001493152-22-033146,0.009577034532275389,13.289730200851931,-4.8568072896529175,0.5783396003675096,-0.782754976709839,0.028152092401243865
88203,0001493152-22-033146,2022-11-10,2022Q4,73,0,20172,0001493152-22-033146,0.015336321537975183,12.935835177079127,-4.327734212771812,0.7814522249644991,-1.4296370110241696,0.03979603460677437
88203,0001493152-22-033146,2022-11-10,2022Q4,73,0,89572,0001493152-22-033146,0.03131053396597514,13.3938985677731,-4.885121052937693,0.15644065923053335,-0.28118897875538096,0.021428174139486125
57817,0001104659-24-051481,2024-04-22,2024Q2,56,1,14953,0001104659-24-051481,0.0020025696246964526,14.936528700239842,-8.269199318126189,0.3322672676658133,0.11542998603545129,0.022710712298120612
57817,0001104659-24-051481,2024-04-22,2024Q2,56,1,79881,0001104659-24-051481,0.022352805231634017,15.081634131891633,-8.283142156391252,0.4529882568878955,0.09873698552837595,0.023916969387251474
57817,0001104659-24-051481,2024-04-22,2024Q2,56,1,80432,0001104659-24-051481,0.027630583374790584,15.298272928345197,-8.664526778093713,1.0172183835631645,0.421698995429324,0.023107248433340406
16182,0001085146-24-002696,2024-06-06,2024Q2,36,1,87812,0001085146-24-002696,0.0024023782691388967,15.208743560935549,-7.4736852823054365,0.07305212307087287,0.15575501057173824,0.024727351505991497
16182,0001085146-24-002696,2024-06-06,2024Q2,36,1,37568,0001085146-24-002696,0.01262315978713887,15.338090914304978,-7.505336968146368,0.0392584413307717,0.1277660026680678,0.010102564190292226
16182,0001085146-24-002696,2024-06-06,2024Q2,36,1,79108,0001085146-24-002696,0.013443246170206638,15.150726643683639,-7.4805747999881556,0.11822139900839257,0.3298729951202404,0.028317127386181105
16824,0001104659-24-076281,2024-06-26,2024Q2,28,1,19249,0001104659-24-076281,0.14421093065686283,9.467707556425605,-0.7548128354370318,12.842376286509708,2.032806949573569,0.13481135095039642
16824,0001104659-24-076281,2024-06-26,2024Q2,28,1,15510,0001104659-24-076281,0.3346062666531468,9.346950395748891,-0.7989886936860405,14.032622061371255,0.030256977275712416,0.06703341384155767
16824,0001104659-24-076281,2024-06-26,2024Q2,28,1,14133,0001104659-24-076281,0.5845783950066616,10.085076340920876,-0.4056534779009217,7.735087508933801,0.9333700090646744,0.06796065686333547
20630,0001193805-22-001110,2022-07-14,2022Q3,28,0,19479,0001193805-22-001110,0.012551971844695921,11.04629996342064,-1.2858991298603912,0.35207535064331585,-0.4353210159461014,0.03875379410618145
20630,0001193805-22-001110,2022-07-14,2022Q3,28,0,16099,0001193805-22-001110,0.019909732946404,10.786135251040003,-1.107696889344966,1.717552315382105,-0.3179669794626534,0.03545446127666791
20630,0001193805-22-001110,2022-07-14,2022Q3,28,0,88626,0001193805-22-001110,0.04073922363853564,11.612871156894967,-2.0023210282619246,10.376967028771437,-0.5924290143302642,0.06006058042989093
85539,0001973064-23-000001,2023-04-06,2023Q2,39,0,17373,0001973064-23-000001,0.03984177910867721,10.685011843713486,-0.9736820508441366,0.42108204908945196,-0.14823399580927799,0.028574387725200674
19416,0001011438-24-000386,2024-06-21,2024Q2,36,1,87364,0001011438-24-000386,0.035225591576024604,11.950623853963872,-4.788807196386822,1.5211674659113357,0.25990298826945946,0.042258615224340705
19416,0001011438-24-000386,2024-06-21,2024Q2,36,1,17270,0001011438-24-000386,0.044880291357851904,11.73304589124332,-4.175985139456947,8.23243565427888,-0.6013840101659298,0.04317360495053311
19416,0001011438-24-000386,2024-06-21,2024Q2,36,1,83885,0001011438-24-000386,0.1398148580322359,12.228779873914844,-4.583818543096418,8.431287633692266,-0.5548979928717017,0.044431668329331334
21353,0001193125-22-113123,2022-04-11,2022Q2,73,0,13816,0001193125-22-113123,0.0044507413941533595,13.815596404279374,-5.3596507743094906,0.18933341310582424,-0.10877499802154489,0.0215784680768235
21353,0001193125-22-113123,2022-04-11,2022Q2,73,0,85040,0001193125-22-113123,0.0061420517416152995,13.780809997510907,-5.319378047687495,0.1389071961557134,0.08772897730523255,0.025758540007550627
21353,0001193125-22-113123,2022-04-11,2022Q2,73,0,11481,0001193125-22-113123,0.006809924143818247,13.846962692933293,-5.4960109625680955,0.3412791275812468,0.3145100191468373,0.04522730390430249
21790,0000902664-22-002385,2022-03-28,2022Q1,28,0,14316,0000902664-22-002385,0.0067338416786338695,13.243537634142706,-6.008545706256425,5.5068322171907145,0.2050160061335191,0.07008521845127148
21790,0000902664-22-002385,2022-03-28,2022Q1,28,0,16705,0000902664-22-002385,0.03464209036517576,12.870369118090663,-5.450038050965352,2.076596396326055,-0.5982859991490841,0.03530708672870836
21790,0000902664-22-002385,2022-03-28,2022Q1,28,0,14531,0000902664-22-002385,0.21563333602345833,13.04753499812739,-5.370483818500281,9.512377072765252,-0.029828999657183886,0.04058560434130727
20331,0001104659-24-108596,2024-10-07,2024Q4,28,1,23426,0001104659-24-108596,0.0124567513663329,8.447491497345332,-1.161797040154796,429.0835424317885,0.5785810229026538,0.12193320416296281
20331,0001104659-24-108596,2024-10-07,2024Q4,28,1,82215,0001104659-24-108596,0.015040509018487294,8.267407879155591,-0.7263225020552497,197.10780609609728,-0.23406901252747048,0.08376985840292311
20331,0001104659-24-108596,2024-10-07,2024Q4,28,1,17951,0001104659-24-108596,0.022085097234012224,8.738030084438526,-1.3723964414909375,381.25966605144276,0.8276629133615643,0.13282552207445922
19826,0001683168-24-008597,2024-12-02,2024Q4,62,1,80179,0001683168-24-008597,0.14873407384154275,13.088068782980224,-2.4846448016830895,0.022572158310150917,0.3860960000019986,0.028944311702131312
20834,0000078003-22-000045,2022-03-11,2022Q1,28,0,19814,0000078003-22-000045,0.01949166926856695,11.260613625154058,-0.9428494954071343,0.47770491196678827,-1.387503998586908,0.05424483772161669
20834,0000078003-22-000045,2022-03-11,2022Q1,28,0,78091,0000078003-22-000045,0.028747551103499164,10.74033499704849,-0.36749943167491167,0.2816776614250162,-0.21903098095208406,0.036393230309045316
15540,0001213900-23-009764,2023-02-09,2023Q1,62,0,92871,0001213900-23-009764,0.028386624346716217,14.380591385330755,-6.3474563961148665,0.05206984687987391,0.34433299727970734,0.017589023684561948
15540,0001213900-23-009764,2023-02-09,2023Q1,62,0,15650,0001213900-23-009764,0.03449787992586178,14.483687870001974,-6.64374989197546,0.07835115615292818,0.08686600916553289,0.016132551201587093
15540,0001213900-23-009764,2023-02-09,2023Q1,62,0,81254,0001213900-23-009764,0.12166643443730571,14.43711894857829,-6.212016472775645,0.05013713502698261,0.21606700175470905,0.01718895167847653
20953,0001213900-23-040864,2023-03-03,2023Q1,67,0,20831,0001213900-23-040864,0.18489780128528016,12.789541669487756,-2.7699063694183503,0.3088432750178451,0.03134400031922269,0.013631338000997946
14419,0001683168-24-003883,2024-05-23,2024Q2,28,1,17360,0001683168-24-003883,0.00022171422852665823,8.585309678990967,-0.8142810600018232,22.661268155999792,-1.6510290398437064,0.06875858576914916
14419,0001683168-24-003883,2024-05-23,2024Q2,28,1,93016,0001683168-24-003883,0.0033820162343969028,8.488482969028945,-0.7492612479910975,275.5775374033511,-0.46703100828744937,0.06210722778996897
14419,0001683168-24-003883,2024-05-23,2024Q2,28,1,19832,0001683168-24-003883,0.017596575737342184,8.27476487869016,-0.4888717074531049,12.021924309033716,-1.3474050109507516,0.042494833134588635
17093,0001104659-23-093361,2023-08-15,2023Q3,60,0,11397,0001104659-23-093361,0.11748840913794188,13.172194371151253,-5.232361092626544,0.3147976362002677,-0.3641299944720231,0.021454292906269747
17093,0001104659-23-093361,2023-08-15,2023Q3,60,0,87318,0001104659-23-093361,0.2225928856285592,13.599797705498796,-5.652180054596738,0.5945506782448279,-0.3729850038944278,0.030302992848680387
17093,0001104659-23-093361,2023-08-15,2023Q3,60,0,85731,0001104659-23-093361,0.26383733159920286,13.389247014107232,-5.333611439551487,0.4308536384132826,-0.4268220056546852,0.020678300861807893
17315,0000921895-23-001570,2023-06-16,2023Q2,73,0,65270,0000921895-23-001570,0.020595560010313853,11.886461763921172,-3.9056494350644653,0.8265555095236632,0.14486399135785177,0.03223414561320155
17315,0000921895-23-001570,2023-06-16,2023Q2,73,0,20173,0000921895-23-001570,0.16292063117385913,12.09915591960504,-3.869220154646119,5.187032883535866,-0.45341598987579346,0.07997894827755969
20246,0001104659-22-111608,2022-10-16,2022Q4,49,0,92035,0001104659-22-111608,0.009384235881776873,13.955168477537944,-6.188000776926705,2.6530235466899157,0.04952001373749226,0.040745385257925044
20246,0001104659-22-111608,2022-10-16,2022Q4,49,0,53859,0001104659-22-111608,0.02591931803167764,14.108675855026075,-6.171339239216745,0.061588787574672406,-0.20579900481243385,0.019220946588511218
20246,0001104659-22-111608,2022-10-16,2022Q4,49,0,58334,0001104659-22-111608,0.050802851683304534,14.214165482658329,-6.6746486667374265,0.12974405789071103,-0.04920800465333741,0.019128130514552557
93339,0000902664-22-003090,2022-05-19,2022Q2,28,0,14937,0000902664-22-003090,0.01427473747905438,10.50420223379465,-0.5724795193985038,1.1524690567484914,-0.9072689882013947,0.040116925439041676
93339,0000902664-22-003090,2022-05-19,2022Q2,28,0,22296,0000902664-22-003090,0.07252015974513776,10.712811145490873,-0.7009077122406241,0.7717165120859674,-0.7411449754144996,0.046489593024657404
93339,0000902664-22-003090,2022-05-19,2022Q2,28,0,15380,0000902664-22-003090,0.1464039457623374,10.259023347891414,-0.7468497287982576,3.058010601780809,-0.8529429937480018,0.049639952006491045
15540,0001213900-22-005076,2022-01-26,2022Q1,62,0,92871,0001213900-22-005076,0.01038529242733712,14.536148033947828,-6.794297004374035,0.02099901788020588,0.0327740114662447,0.015965594854406285
15540,0001213900-22-005076,2022-01-26,2022Q1,62,0,15650,0001213900-22-005076,0.019760050202928724,14.293664607115678,-6.554872166377107,0.07421571504163109,-0.022255008399952203,0.0139176469405164
15540,0001213900-22-005076,2022-01-26,2022Q1,62,0,87487,0001213900-22-005076,0.09220433481407656,14.15156145583478,-6.534231596905968,1.4730961004664227,-0.18868601159192622,0.019016256113906244
41188,0001214659-24-018485,2024-10-30,2024Q4,38,1,16186,0001214659-24-018485,0.013608574343394986,12.718292107452283,-4.646793414905728,0.6065047024711508,0.03401201154338196,0.02414685455784673
41188,0001214659-24-018485,2024-10-30,2024Q4,38,1,14459,0001214659-24-018485,0.014631571097579413,12.30390092498603,-4.201202890513488,0.78261449128275,0.20856798894237727,0.05110143384430641
41188,0001214659-24-018485,2024-10-30,2024Q4,38,1,21105,0001214659-24-018485,0.03217507972511985,12.634654328184979,-4.822605239764151,1.7340989895123156,-0.6371009940630756,0.061108381359261756
18559,0001104659-24-071864,2024-06-14,2024Q2,28,1,23670,0001104659-24-071864,9.580696681703421e-05,11.268590963084911,-2.5847379189414257,1.9286687313922362,-1.8764070166507736,0.07162086404662336
18559,0001104659-24-071864,2024-06-14,2024Q2,28,1,19024,0001104659-24-071864,0.003856592194414399,11.396541075751749,-2.7075515240139625,1.1251189860213815,0.2758209789171815,0.05768007863488352
18559,0001104659-24-071864,2024-06-14,2024Q2,28,1,86080,0001104659-24-071864,0.007215234761677649,11.315862830398741,-2.7324865795922744,4.383084532327974,-0.21629299176856875,0.03891382004305899
13962,0001140361-23-045575,2023-09-27,2023Q3,28,0,16705,0001140361-23-045575,0.171333319776254,11.093119313924737,-4.037032911120812,7.445714264259509,-1.2996900328435004,0.055131319667405206
13962,0001140361-23-045575,2023-09-27,2023Q3,28,0,15132,0001140361-23-045575,0.40444556788041974,11.538550325808965,-4.3753429223811215,50.750764218199215,-0.9217689743818482,0.04608048046865625
13962,0001140361-23-045575,2023-09-27,2023Q3,28,0,18203,0001140361-23-045575,0.5905143578541956,11.55580744825593,-4.264167976995268,5.437025339627275,-1.0150829937774688,0.06241751646193945
16173,0001013594-22-000547,2022-07-22,2022Q3,73,0,22343,0001013594-22-000547,0.06549922510022776,10.367345460464444,-2.4012025999719344,11.33842700046469,-0.629166018217802,0.0717953340840383
16173,0001013594-22-000547,2022-07-22,2022Q3,73,0,16049,0001013594-22-000547,0.17911657478200865,10.486260000571423,-1.8997763958829519,1.386693946058384,-1.3356840152991936,0.041923875015244395
16173,0001013594-22-000547,2022-07-22,2022Q3,73,0,13812,0001013594-22-000547,0.5587725652548646,10.238570252770083,-2.7320982522812254,13.670557722698737,-0.9594759889878333,0.05516567787978558
17898,0001058854-22-000031,2022-06-21,2022Q2,38,0,85567,0001058854-22-000031,0.03578851243743733,11.218133913289103,-2.2190760592065804,1.02549718245138,-0.30707698897458613,0.04323948171349047
17898,0001058854-22-000031,2022-06-21,2022Q2,38,0,15127,0001058854-22-000031,0.0575485778604881,11.389976282728869,-2.4998493970140565,1.9807603816448558,-0.9972239974886179,0.04975582166178041
17898,0001058854-22-000031,2022-06-21,2022Q2,38,0,13648,0001058854-22-000031,0.10263133716807017,11.948337649446344,-2.687199067746726,0.6285816295905785,-0.7404699760954827,0.03387062966735462
83822,0001173879-22-000002,2022-03-22,2022Q1,23,0,34948,0001173879-22-000002,0.11710587468188322,14.166780565514845,-6.480714840143246,0.09104595264560816,-0.135379989289504,0.019889308399422743
83822,0001173879-22-000002,2022-03-22,2022Q1,23,0,75905,0001173879-22-000002,0.3215902419849487,14.047153851903422,-6.112878065089204,0.32549752819335614,-0.12790500075789168,0.022311910319399775
19986,0001193805-23-000359,2023-03-08,2023Q1,28,0,18133,0001193805-23-000359,0.023749078425110193,12.053056072360777,-3.800796445134971,2.7254991137396156,-0.7326010215329006,0.06884308328636077
19986,0001193805-23-000359,2023-03-08,2023Q1,28,0,18215,0001193805-23-000359,0.027361461338626925,11.471024033901243,-2.927621340431431,2.744245379532607,2.216636054799892,0.09683739433914747
19986,0001193805-23-000359,2023-03-08,2023Q1,28,0,16069,0001193805-23-000359,0.07767252946439601,11.694078422551357,-3.497037418950528,4.469337088280687,0.36639497289434075,0.07498549253043686
58836,0001587987-22-000002,2021-12-31,2021Q4,60,0,90600,0001587987-22-000002,0.9496742704661497,13.795463960909894,-5.818193640458971,0.3343534601896569,0.09940200514392927,0.012770581171870849
19948,0001140361-22-014899,2022-04-07,2022Q2,80,0,20844,0001140361-22-014899,0.014233248462135117,10.747416816998111,-1.5571122919886773,1.544149071180486,-1.0533019866743416,0.08773357572773803
15056,0000902664-22-001112,2022-02-03,2022Q1,28,0,19251,0000902664-22-001112,0.0032200953343986573,12.450954009284878,-4.21237516320237,0.9141755627906624,-0.9651810224168003,0.037344448843811454
15056,0000902664-22-001112,2022-02-03,2022Q1,28,0,19462,0000902664-22-001112,0.011385105608194439,12.733742347929505,-4.66103763242579,0.4532028779583238,-1.535913001280278,0.036067513640101315
15056,0000902664-22-001112,2022-02-03,2022Q1,28,0,19016,0000902664-22-001112,0.020859548567299435,12.647503174070946,-4.369525442747479,1.0568827470115825,-0.29913800541544333,0.037792679927505415
17326,0001213900-24-014922,2024-02-09,2024Q1,61,1,15645,0001213900-24-014922,0.06580206373445868,9.43460649297321,-0.30865254404536724,1.373100557093949,0.14809196582064033,0.051542303066903376
15662,0001104659-23-089712,2023-07-31,2023Q3,73,0,21577,0001104659-23-089712,0.008844538515754952,8.153798578127377,0.22090511147813027,360.3183047906663,0.1725000069127418,0.11167221620295742
15662,0001104659-23-089712,2023-07-31,2023Q3,73,0,23268,0001104659-23-089712,0.21145884662577175,8.587744847367182,0.21095378901110345,145.86844800640895,-0.037035026180092245,0.04439101873404548
14295,0001104659-22-042863,2022-04-04,2022Q2,73,0,17685,0001104659-22-042863,0.04415105996340107,16.915675498257386,-9.734961522023783,0.30352153364475903,-0.775841979746474,0.044121196570952294
14295,0001104659-22-042863,2022-04-04,2022Q2,73,0,19788,0001104659-22-042863,0.05007404066157323,17.12584911980257,-9.922023595671915,1.8955569314729006,-0.3049839908780996,0.03243347199522618
14295,0001104659-22-042863,2022-04-04,2022Q2,73,0,20648,0001104659-22-042863,0.05682226246059141,17.11941948739759,-10.346224991042646,0.68513588217444,-0.170813000673661,0.05731210279118731
83145,0001193125-22-247613,2022-09-07,2022Q3,38,0,15496,0001193125-22-247613,0.006570112535224728,10.797102317023382,-1.3234468773231844,14.375555311529865,-0.7790879873209633,0.05670201422185839
83145,0001193125-22-247613,2022-09-07,2022Q3,38,0,16066,0001193125-22-247613,0.020779300400958867,10.792099948982228,-1.2192680377660123,2.4500955123632386,-1.8904629899188876,0.07353346225154392
83145,0001193125-22-247613,2022-09-07,2022Q3,38,0,77437,0001193125-22-247613,0.08524653867397936,10.462284719778758,-0.6610517463817838,0.3374718219883384,-0.4050369869219139,0.03533336718568452
18427,0000921895-22-002849,2022-10-21,2022Q4,28,0,16776,0000921895-22-002849,0.002138180988410678,9.827043777594772,-0.6009292666762223,53.19183558326405,-0.36625403515063226,0.06672506323007281
18427,0000921895-22-002849,2022-10-21,2022Q4,28,0,17868,0000921895-22-002849,0.00622935520437991,9.97106488929302,-0.776251222310935,11.714640001191094,-1.7874390154247521,0.07267618711808925
18427,0000921895-22-002849,2022-10-21,2022Q4,28,0,19401,0000921895-22-002849,0.013801691763270328,10.101046593637504,-0.9678963425649323,5.62118237566834,-1.4942280012182891,0.0475738068029472
91279,0001437749-23-007913,2023-03-16,2023Q1,28,0,18458,0001437749-23-007913,0.001054754337495727,11.529225494738942,-2.9385649464268013,4.509349071604988,-0.3149099834263325,0.04466339437570013
91279,0001437749-23-007913,2023-03-16,2023Q1,28,0,86080,0001437749-23-007913,0.001970626302256929,11.572654156148877,-3.0176689167511457,8.63873964887162,0.6134840018712566,0.03194221725608076
91279,0001437749-23-007913,2023-03-16,2023Q1,28,0,16111,0001437749-23-007913,0.039586847722593174,11.05940916958194,-2.5086185478878207,1.5518738986964287,-0.7036800334462896,0.04913547722392299
14136,0001085146-23-002488,2023-05-25,2023Q2,73,0,22084,0001085146-23-002488,0.004589249456606131,14.961005621462203,-7.866854549361924,0.7679090433256388,-0.3692190074361861,0.04946512939826769
14136,0001085146-23-002488,2023-05-25,2023Q2,73,0,19145,0001085146-23-002488,0.023343941600266337,14.5619631886679,-7.255414492925554,0.3247989535549638,-0.17296100925887004,0.03853147243078954
14136,0001085146-23-002488,2023-05-25,2023Q2,73,0,91575,0001085146-23-002488,0.025852697188124475,14.91502552576163,-7.650922072951483,0.11931099063372663,0.009480000371695496,0.02416962613573721
90276,0001140361-22-035866,2022-09-26,2022Q3,73,0,19404,0001140361-22-035866,0.00011040422777240945,14.707152829073351,-6.9821043593908865,0.49041435350434187,0.12684001226443797,0.03808107965226275
90276,0001140361-22-035866,2022-09-26,2022Q3,73,0,81282,0001140361-22-035866,0.00027444707928014954,14.723519804807113,-7.00811461011671,0.24199271887250035,-0.4211979913234245,0.016108106516058186
90276,0001140361-22-035866,2022-09-26,2022Q3,73,0,22092,0001140361-22-035866,0.001240953379017049,14.649134403685057,-6.947874485959283,1.2023257482396112,-0.4492349934298545,0.03381051499989453
81741,0000944075-23-000041,2023-05-26,2023Q2,35,0,15203,0000944075-23-000041,0.6643449950450914,9.451155654388062,0.6631212903058165,1.1812052979150136,0.22601599321933463,0.03248125741370616
18784,0000921895-24-002415,2024-10-31,2024Q4,59,1,17038,0000921895-24-002415,0.010112312851346117,12.597458267879912,-5.123186977796032,6.114333704732474,0.17178898607380688,0.05680754383791036
18784,0000921895-24-002415,2024-10-31,2024Q4,59,1,92471,0000921895-24-002415,0.03243920928750075,12.694974081080305,-4.970928368400376,0.7356577753148094,-0.5439859895850532,0.02658434738309501
18784,0000921895-24-002415,2024-10-31,2024Q4,59,1,21118,0000921895-24-002415,0.0371609024796291,12.800256361158691,-5.090966646527022,4.4254692194720935,0.2268680284032598,0.04152453290948001
89445,0001104659-22-026456,2022-02-14,2022Q1,28,0,22245,0001104659-22-026456,0.004543417060727978,12.811139832878958,-5.365608363558945,0.8244809395936104,,
89445,0001104659-22-026456,2022-02-14,2022Q1,28,0,18955,0001104659-22-026456,0.007746557546041215,13.0144969245069,-5.503781631892075,0.4169836130977154,-1.3521759885770734,0.05174042722028881
89445,0001104659-22-026456,2022-02-14,2022Q1,28,0,20280,0001104659-22-026456,0.021340603796463315,12.530784101637096,-5.0524249010460345,0.6804154289757989,-1.5341850094555411,0.038072366605362756
53373,0001213900-23-044009,2023-05-18,2023Q2,62,0,14599,0001213900-23-044009,1.0291069058143907,10.867156404495493,-0.3567745554819667,0.10203206281273827,-0.26096600363598554,0.019568145350521853
14874,0000921895-22-003273,2022-12-13,2022Q4,28,0,90539,0000921895-22-003273,0.04589040342651815,8.516787108975922,-0.8245406990516967,46.041642906683116,-1.3649039617594099,0.10358279075924416
14874,0000921895-22-003273,2022-12-13,2022Q4,28,0,91395,0000921895-22-003273,0.09472644142501023,8.804370136312572,-1.0342897680318563,328.2157808300533,0.00885998154990375,0.10690022076951819
14874,0000921895-22-003273,2022-12-13,2022Q4,28,0,12527,0000921895-22-003273,0.11825683365555706,8.70923237872341,-1.5532658154938332,30.226219686497323,-2.030001990031451,0.08862828347194918
17358,0000902664-24-002747,2024-03-25,2024Q1,28,1,20796,0000902664-24-002747,0.025402710635694173,11.14091931060573,-2.20308764948001,2.6032772188843056,0.11266202293336391,0.04157891174699326
17358,0000902664-24-002747,2024-03-25,2024Q1,28,1,88626,0000902664-24-002747,0.027384578716259978,10.485538913088917,-1.368449433454044,12.875873345563653,-0.34555202128831297,0.08382422011638806
17358,0000902664-24-002747,2024-03-25,2024Q1,28,1,21732,0000902664-24-002747,0.028228390104927645,11.228668320750204,-2.1087167054409894,4.491564598529034,-0.7551909743342549,0.07673176742586393
19679,0001628280-23-031024,2023-08-23,2023Q3,73,0,83671,0001628280-23-031024,0.024624707278633865,13.061882532751461,-5.314488498870507,0.3972123214995471,-0.18985900492407382,0.025574992692427984
19679,0001628280-23-031024,2023-08-23,2023Q3,73,0,79249,0001628280-23-031024,0.026475651759285287,13.36017514254205,-5.65000884777793,0.055964213240096046,0.018827995350875426,0.012866547734958452
19679,0001628280-23-031024,2023-08-23,2023Q3,73,0,22263,0001628280-23-031024,0.027710761122044406,12.902227797604423,-5.1721736120787005,1.241754406755344,0.030719000555109233,0.040720205258542704
18089,0001654954-24-011641,2024-08-30,2024Q3,38,1,17041,0001654954-24-011641,0.14207630653419853,7.4033352765325615,0.5121773644316812,22.644896615399038,-0.4256629804294789,0.04186674447067429
15433,0001437749-24-038167,2024-12-13,2024Q4,28,1,19993,0001437749-24-038167,0.011107876192317357,9.935143184020125,-1.7510443306088581,18.635327054330705,-0.42629899400344584,0.03079873268397087
15433,0001437749-24-038167,2024-12-13,2024Q4,28,1,79702,0001437749-24-038167,0.017405381310493687,9.779370562173625,-1.7693406365509856,14.305530196766234,-0.4161849896045169,0.05224952665094866
15433,0001437749-24-038167,2024-12-13,2024Q4,28,1,14133,0001437749-24-038167,0.027007351539948658,9.976761248206554,-1.7420082360851887,9.302990484764125,0.5594279984943569,0.07419141426519156
72611,0001140361-22-024794,2022-06-21,2022Q2,28,0,78091,0001140361-22-024794,0.033015930782464106,10.622551961392107,-0.09451446386412563,0.2681056777252529,-0.17872500512748957,0.03225525742992387
72611,0001140361-22-024794,2022-06-21,2022Q2,28,0,14590,0001140361-22-024794,0.039554816794552944,11.413764801559438,-0.835078599443222,0.5574599624233647,-0.15766799682751298,0.03586082651243581
72611,0001140361-22-024794,2022-06-21,2022Q2,28,0,19814,0001140361-22-024794,0.2343092193484512,10.662484269477483,-0.5047010603815175,0.46713831627916086,-0.8864829943049699,0.055888231559422956
12078,0000897101-22-000685,2022-07-01,2022Q3,38,0,22783,0000897101-22-000685,0.033422533622915564,10.969091683436796,-1.0246950240701684,1.4264427840275467,,
88742,0001493152-24-013789,2024-04-01,2024Q2,48,1,88988,0001493152-24-013789,0.16165998304568405,13.710458461407054,-5.509553204461288,0.11260636786729473,0.5176100018143188,0.02296789748095705
88742,0001493152-24-013789,2024-04-01,2024Q2,48,1,16753,0001493152-24-013789,0.42019337316816563,13.425005148493131,-5.400135459370076,7.506574265347026,-0.005978993838652968,0.05856789488934094
88742,0001493152-24-013789,2024-04-01,2024Q2,48,1,83989,0001493152-24-013789,1.530895203246231,13.183412756057628,-5.6791041905818815,1.8503858676859237,-0.1908309895079583,0.04158506082601391
21933,0000902664-23-004716,2023-08-31,2023Q3,38,0,16819,0000902664-23-004716,0.01914594034458744,11.375559529875732,-2.148375772545667,0.3710027833440405,0.19057899195468053,0.03333740312909753
21933,0000902664-23-004716,2023-08-31,2023Q3,38,0,88779,0000902664-23-004716,0.3661795091376052,10.859722966204245,-2.0186588035726247,17.460097245156465,0.7107290206477046,0.08193771052568428
21933,0000902664-23-004716,2023-08-31,2023Q3,38,0,15127,0000902664-23-004716,0.39781047330451075,11.61242123658735,-1.7521143285398997,0.4438420795071497,1.0454719858244061,0.05708059601227461
92466,0000921895-22-002735,2022-09-20,2022Q3,36,0,16528,0000921895-22-002735,0.01875848084841203,10.625643869736049,-1.7628716313414423,2.4222193955383187,0.2344729993492365,0.05759659732799784
92466,0000921895-22-002735,2022-09-20,2022Q3,36,0,80274,0000921895-22-002735,0.02288780345081529,10.639897267075687,-1.550426599591693,0.5505453736409809,-0.08671199379023165,0.036459478254266396
92466,0000921895-22-002735,2022-09-20,2022Q3,36,0,14145,0000921895-22-002735,0.03571974516957352,11.163991765842209,-2.1688832016012274,3.8860076935288603,-0.32819199725054204,0.04565561773953011
24809,0001419502-24-000002,2024-10-11,2024Q4,61,1,21551,0001419502-24-000002,0.006526512747781552,7.798087997984579,0.8615205262776235,134.82228928152443,-1.917580000081216,0.06587347699306856
15539,0001104659-23-060964,2023-05-05,2023Q2,60,0,17117,0001104659-23-060964,0.00341747431711341,11.556989717686207,-3.511196568123044,0.13516438838783204,-0.4911920043750797,0.01830862187457471
15539,0001104659-23-060964,2023-05-05,2023Q2,60,0,90470,0001104659-23-060964,0.025421893981942195,12.062120978503453,-4.2014884220164195,0.1271601396510363,-0.08549699911964126,0.014146452678117547
15539,0001104659-23-060964,2023-05-05,2023Q2,60,0,13797,0001104659-23-060964,0.042791898873200604,11.787153916959527,-3.599280639651897,0.2963324592609991,-0.8102120112162083,0.03404763137040081
22220,0001213900-22-049682,2022-08-09,2022Q3,38,0,18643,0001213900-22-049682,0.019068153462614687,12.543792104046702,-3.867072670975192,2.3713056196325892,-0.12041499023325741,0.0578716363318187
22220,0001213900-22-049682,2022-08-09,2022Q3,38,0,15407,0001213900-22-049682,0.02172033134362731,12.38782153838343,-3.675507777897798,0.6108130577509446,-0.6499889906262979,0.024746095569874525
22220,0001213900-22-049682,2022-08-09,2022Q3,38,0,12452,0001213900-22-049682,0.021879323740533717,12.225689961539631,-3.426497176131689,0.7533968160997362,-0.4201719951815903,0.03500073686218004
92570,0001539497-22-000021,2021-12-28,2021Q4,37,0,79248,0001539497-22-000021,0.01802978139052808,14.810553540615127,-6.761630173488814,0.07454436497770445,0.11194300986244343,0.022801016446779027
92570,0001539497-22-000021,2021-12-28,2021Q4,37,0,55001,0001539497-22-000021,0.03997909967336671,14.863540134808954,-6.901661788683582,0.2095969816511245,0.07805199350696057,0.01860372254300292
92570,0001539497-22-000021,2021-12-28,2021Q4,37,0,47706,0001539497-22-000021,0.04090086853537528,14.764122935987048,-6.410613908787937,0.08948484212639955,0.09862700023222715,0.01328773292733289
21939,0001213900-23-047253,2023-06-02,2023Q2,28,0,19997,0001213900-23-047253,0.025134490304936905,9.213232186646712,1.2222693614694746,4.109373994660144,-0.030324004124167914,0.05524862338228027
21939,0001213900-23-047253,2023-06-02,2023Q2,28,0,17139,0001213900-23-047253,0.20373735368268153,8.96812867356916,0.9289939145857399,46.378032764123354,0.9509900680277497,0.18195984461012193
21939,0001213900-23-047253,2023-06-02,2023Q2,28,0,22296,0001213900-23-047253,0.6076500819497404,9.461376094755652,1.5257170336170955,1.3220816300780487,-0.5751030372630339,0.07289356311284238
87084,0000921895-22-003278,2022-12-19,2022Q4,67,0,86887,0000921895-22-003278,0.2208640874808512,11.074218156731886,-1.9442248826024833,0.35797545450599716,0.06299699433475325,0.020764136568243562
87084,0000921895-22-003278,2022-12-19,2022Q4,67,0,15912,0000921895-22-003278,1.4720116752852026,10.954237496477198,-2.53382344122302,0.6723823367827647,-0.09427399293053895,0.024162217640070444
39220,0000807249-24-000095,2024-08-12,2024Q3,37,1,14434,0000807249-24-000095,0.06586665164219906,13.456689054671727,-6.037976819924288,0.4020639908703416,-0.2145330058701802,0.030399059544299445
39220,0000807249-24-000095,2024-08-12,2024Q3,37,1,80828,0000807249-24-000095,0.11901026617672403,13.493952726607624,-5.494892814610185,0.1228603976638458,0.5007870012486819,0.01763262091039438
22252,0001140361-23-005544,2023-02-09,2023Q1,38,0,21664,0001140361-23-005544,0.032537817218812506,9.49244542170701,-0.012440570196232615,11.047551662351017,0.20878898887895048,0.041848582004734555
22252,0001140361-23-005544,2023-02-09,2023Q1,38,0,88471,0001140361-23-005544,0.07244983345519201,9.941081943944825,-0.17720412471847036,4.304343114466676,-0.12259600539982785,0.044543399777148954
18224,0000921895-22-003146,2022-11-21,2022Q4,12,0,17039,0000921895-22-003146,0.021306089960468257,14.607526017144277,-7.315540987689869,0.29631808189313613,0.8427659922890598,0.042395798632309856
18224,0000921895-22-003146,2022-11-21,2022Q4,12,0,16436,0000921895-22-003146,0.23571607128411703,14.846217180352182,-7.983560052584354,0.27527260364902756,0.17909202090231702,0.041980986773612096
16681,0000921895-23-002063,2023-08-16,2023Q3,28,0,15863,0000921895-23-002063,0.006752938520544348,10.272493012241158,-0.42192631406423664,6.27807633965909,-0.5226850265455596,0.07585122362761774
16681,0000921895-23-002063,2023-08-16,2023Q3,28,0,16472,0000921895-23-002063,0.012290131315585892,10.634278241577249,-0.9622593425153888,43.41036581422277,1.21771197731141,0.09311538255752919
16681,0000921895-23-002063,2023-08-16,2023Q3,28,0,78749,0000921895-23-002063,0.05029668700631556,10.477615245848375,-0.9563684986287688,0.20489661858924033,-0.3186030060169287,0.02794221296254516
20726,0001594543-24-000003,2024-02-27,2024Q1,73,1,23252,0001594543-24-000003,0.2053834273896198,9.111210406068993,-0.11727999980918807,7.05697470071232,-0.3927789620356634,0.10150486388863987
20726,0001594543-24-000003,2024-02-27,2024Q1,73,1,23033,0001594543-24-000003,0.32040412616513836,9.70086328342432,0.13791046069617102,7.261081459580267,0.06779898052627686,0.05042054698335519
19592,0001213900-22-006966,2021-12-31,2021Q4,61,0,13302,0001213900-22-006966,0.30419133308314716,13.24805532169473,-5.035964708746049,0.10994727566632748,0.4930049949034583,0.02512611050628828
19592,0001213900-22-006966,2021-12-31,2021Q4,61,0,20146,0001213900-22-006966,0.9579447344863314,13.208101086957177,-5.41454947009626,0.6275990635539975,0.18761600280413404,0.018617088561448628
86536,0001437749-23-024725,2023-08-16,2023Q3,28,0,16776,0001437749-23-024725,0.004373203733942652,8.951530782160122,0.14694527886249598,2.97558953878639,-0.03800195606891066,0.06364587120606681
86536,0001437749-23-024725,2023-08-16,2023Q3,28,0,17951,0001437749-23-024725,0.02128587155602086,8.652849325178758,0.3347217663072715,175.4581815270288,0.4942100360785844,0.10099597294172848
86536,0001437749-23-024725,2023-08-16,2023Q3,28,0,29744,0001437749-23-024725,0.0401429229274376,9.364235019029847,-0.35373368256141474,41.17914529568012,-1.203035005950369,0.061233554300319216
21617,0000921895-24-000526,2024-02-13,2024Q1,73,1,22267,0000921895-24-000526,0.00152720805325605,15.230835926726835,-7.486533430487165,0.2148328755330845,0.609020994626917,0.02385338735022321
21617,0000921895-24-000526,2024-02-13,2024Q1,73,1,91463,0000921895-24-000526,0.0016150907464997377,15.221231843459899,-7.484193652692223,0.08846034463137004,0.29254198985290714,0.0129841494789977
21617,0000921895-24-000526,2024-02-13,2024Q1,73,1,91500,0000921895-24-000526,0.0023031561058008726,15.439646838195765,-7.741134780048328,0.2143507835472797,0.04233701401972212,0.014928605409596542
15646,0001140361-23-041175,2023-08-14,2023Q3,28,0,14862,0001140361-23-041175,0.0022781191903900825,9.726423351596317,-0.33999167685344794,2.158104803866569,0.08054798471857794,0.042448231304451293
15646,0001140361-23-041175,2023-08-14,2023Q3,28,0,13750,0001140361-23-041175,0.006534274335683007,9.793715096343899,-0.36388035211567454,3.235566110509878,0.13198500538874214,0.04965547468341605
15646,0001140361-23-041175,2023-08-14,2023Q3,28,0,16099,0001140361-23-041175,0.01160284521671099,9.796761104417165,-0.3406072611124346,12.907218428663647,-0.6356859855586663,0.044111155813318315
15226,0001013762-24-002223,2024-05-28,2024Q2,48,1,12880,0001013762-24-002223,0.033811008008596585,13.27672651466091,-5.517197761998141,1.6260449176251164,0.5696920006885193,0.03875025797479551
56822,0000921895-23-000932,2023-04-24,2023Q2,63,0,78693,0000921895-23-000932,0.16912770962487778,13.44495040195717,-4.680253242594028,0.10231004883127534,-0.013827999820932746,0.02634349901083447
16710,0000950170-24-139216,2024-12-13,2024Q4,36,1,55993,0000950170-24-139216,0.026554998789209677,14.189934681140622,-6.814430784875205,0.3995369011065183,0.07721598909120075,0.028549082798634107
16710,0000950170-24-139216,2024-12-13,2024Q4,36,1,77175,0000950170-24-139216,0.11271120916783878,14.02328346382551,-6.393189475123348,1.1919956706315735,1.1310829832218587,0.048844431385468554
16710,0000950170-24-139216,2024-12-13,2024Q4,36,1,14145,0000950170-24-139216,0.2635025497127711,14.376629581189453,-6.678388556155577,4.130656522469007,1.5369909971486777,0.0725050709126558
19797,0001628280-23-032277,2023-08-31,2023Q3,73,0,18098,0001628280-23-032277,0.26216777411781594,10.930288358304477,-0.9887477198643346,0.3410490989622492,0.38014295569155365,0.05070047934694759
19797,0001628280-23-032277,2023-08-31,2023Q3,73,0,87439,0001628280-23-032277,0.2831737117966449,10.784047474454484,-0.7933839493979091,0.9017390879963717,0.2689480212138733,0.035971055752463704
19797,0001628280-23-032277,2023-08-31,2023Q3,73,0,21116,0001628280-23-032277,1.2840002756108608,11.275461615890856,-0.806148406453429,0.051914470941653586,-0.0009450000361539423,0.02066952005177411
89317,0001010549-22-000187,2022-07-27,2022Q3,67,0,20443,0001010549-22-000187,0.790837266077127,12.557917191860117,-2.22086623327372,0.1018855899699622,0.010477999509021174,0.014894194318114201
79198,0001140361-24-011951,2024-02-29,2024Q1,33,1,14684,0001140361-24-011951,0.01849115764718376,13.677740996978503,-5.612523904463793,0.2577890542516527,0.05247400503139943,0.018353202206468883
79198,0001140361-24-011951,2024-02-29,2024Q1,33,1,91403,0001140361-24-011951,0.022057282402388828,13.945852690300425,-5.698212377484196,0.1148241779063134,0.08988000452518463,0.021398023963397714
79198,0001140361-24-011951,2024-02-29,2024Q1,33,1,87725,0001140361-24-011951,0.024773124483230595,13.43569296248185,-5.309099831979881,0.1669788118059506,0.2236510005313903,0.018499369650852644
15125,0001628280-22-030420,2022-09-30,2022Q3,28,0,19249,0001628280-22-030420,0.017193600521925288,9.09574736775475,0.5417895563251869,37.697553113623584,-0.3893729918418103,0.06055317068181629
15125,0001628280-22-030420,2022-09-30,2022Q3,28,0,20288,0001628280-22-030420,0.02995541625821445,9.574946679331195,-0.001704102378386082,1.1911675814171092,-0.6486119884066284,0.042500310158950866
15125,0001628280-22-030420,2022-09-30,2022Q3,28,0,19997,0001628280-22-030420,0.10376436420966423,9.412011839226427,-0.022072569582281445,36.17040438279493,-0.3395420230954187,0.056344638720314595
13870,0001104659-22-117058,2022-11-10,2022Q4,28,0,13107,0001104659-22-117058,0.007035988983987725,11.777886969073561,-4.296876545228523,20.439926770155004,0.07810498931212351,0.0966929221628821
13870,0001104659-22-117058,2022-11-10,2022Q4,28,0,88810,0001104659-22-117058,0.007890503493660876,11.75899335420313,-4.265927910417111,15.855013592109739,-0.7897689584642649,0.07199341853049114
13870,0001104659-22-117058,2022-11-10,2022Q4,28,0,16069,0001104659-22-117058,0.04166873863655099,11.572774256496395,-4.147139759321329,1.599855198686457,0.839816976338625,0.06334130406104292
15542,0001104659-22-070134,2022-05-31,2022Q2,28,0,16776,0001104659-22-070134,0.001986777269065033,10.525080727560585,-1.0590687870101079,8.044857907430842,-0.7630310183158144,0.04649173870626289
15542,0001104659-22-070134,2022-05-31,2022Q2,28,0,93004,0001104659-22-070134,0.0033194408943002405,10.383984063447521,-0.8199198492349868,1.0137563374506802,0.5345609323121607,0.11703896249094672
15542,0001104659-22-070134,2022-05-31,2022Q2,28,0,55862,0001104659-22-070134,0.012389721379567642,10.52940780141915,-1.150208593530376,0.8752263801598552,-0.17845301912166178,0.05152268988035543
12591,0000950142-24-002712,2024-11-01,2024Q4,62,1,92108,0000950142-24-002712,0.033205684892143074,18.608096780983654,-10.410455976696827,0.033080632647758415,0.31505800670129247,0.014524656976045663
12591,0000950142-24-002712,2024-11-01,2024Q4,62,1,11990,0000950142-24-002712,0.11459919770669064,18.636881104607717,-10.250284707572488,0.031087503067334474,0.4169589925586479,0.016288245715923876
12591,0000950142-24-002712,2024-11-01,2024Q4,62,1,90880,0000950142-24-002712,0.23724660800679057,17.718177667571734,-9.870170720112844,0.010632957489489453,0.24365399483940564,0.01072507355734434
86128,0001213900-23-043557,2023-05-16,2023Q2,55,0,85627,0001213900-23-043557,0.21113378872212207,13.791595437548516,-6.790053278111624,0.29031010680928393,-0.1474220171221532,0.02549390516815341
92449,0000902664-22-002243,2022-03-10,2022Q1,20,0,90679,0000902664-22-002243,0.38730648697455355,10.013336529961533,-1.9105977555230766,2.191765244477668,-0.25811599113512784,0.022259787303121746
23432,0001072613-24-000265,2024-02-15,2024Q1,28,1,19542,0001072613-24-000265,0.0014071711490067792,13.462151709697677,-4.559651438039188,0.8376059163259202,0.9377530023921281,0.07249765131224738
23432,0001072613-24-000265,2024-02-15,2024Q1,28,1,14245,0001072613-24-000265,0.0018025188795171667,13.338061407488878,-4.47148295493023,7.194969944055555,0.4052210079971701,0.05405647696345969
23432,0001072613-24-000265,2024-02-15,2024Q1,28,1,18376,0001072613-24-000265,0.004937980268941132,13.32577545729072,-4.484799143042625,1.340263598492793,0.09447599871782586,0.05496134868703616
