form,company,cik,date_filed,edgar_path,window,accession,trigger_date,accepted,effective_date,delay_bdays,subject_cik,parse_route,status,reason
SC 13D,BARINGS LLC,9015,2023-07-25,edgar/data/9015/0000009015-23-000013.txt,pre,0000009015-23-000013,2016-02-16,2023-07-25T10:18:15,2023-07-25,1912.0,0001488775,text,resolved,ok
SC 13D,BARINGS LLC,9015,2023-07-25,edgar/data/9015/0000009015-23-000015.txt,pre,0000009015-23-000015,2016-02-24,2023-07-25T10:37:04,2023-07-25,1906.0,0001488775,text,resolved,ok
SC 13D,DIXIE GROUP INC,29332,2023-07-12,edgar/data/29332/0000029332-23-000065.txt,pre,0000029332-23-000065,2023-07-11,2023-07-12T12:56:59,2023-07-12,1.0,0000029332,text,resolved,ok
SC 13D,CNA FINANCIAL CORP,21175,2023-08-02,edgar/data/21175/0000060086-23-000140.txt,pre,0000060086-23-000140,2023-08-02,2023-08-02T16:12:19,2023-08-02,0.0,0000021175,text,resolved,ok
SC 13D,FMR LLC,315066,2023-05-26,edgar/data/315066/0000315066-23-002277.txt,pre,0000315066-23-002277,2023-05-19,2023-05-26T07:57:31,2023-05-26,5.0,0001949594,text,resolved,ok
SC 13D,"GAMCO INVESTORS, INC. ET AL",807249,2023-04-10,edgar/data/807249/0000807249-23-000039.txt,pre,0000807249-23-000039,2023-03-31,2023-04-10T16:13:29,2023-04-10,6.0,0000923571,text,resolved,ok
SC 13D,"GAMCO INVESTORS, INC. ET AL",807249,2023-05-05,edgar/data/807249/0000807249-23-000052.txt,pre,0000807249-23-000052,2023-04-25,2023-05-05T16:15:32,2023-05-05,8.0,0001378453,text,resolved,ok
SC 13D,ABSOLUTE SOFTWARE CORP,1071058,2023-07-21,edgar/data/1071058/0000807249-23-000089.txt,pre,0000807249-23-000089,2023-07-13,2023-07-21T16:22:04,2023-07-21,6.0,0001071058,text,resolved,ok
SC 13D,"Atlanta Braves Holdings, Inc.",1958140,2023-07-25,edgar/data/1958140/0000807249-23-000090.txt,pre,0000807249-23-000090,2023-07-18,2023-07-25T12:05:43,2023-07-25,5.0,0001958140,text,resolved,ok
SC 13D,"GAMCO INVESTORS, INC. ET AL",807249,2023-08-18,edgar/data/807249/0000807249-23-000104.txt,pre,0000807249-23-000104,2023-08-11,2023-08-18T16:05:17,2023-08-18,5.0,0001001902,text,resolved,ok
SC 13D,"GAMCO INVESTORS, INC. ET AL",807249,2023-08-25,edgar/data/807249/0000807249-23-000112.txt,pre,0000807249-23-000112,2023-08-16,2023-08-25T16:08:11,2023-08-25,7.0,0001760717,text,resolved,ok
SC 13D,"GAMCO INVESTORS, INC. ET AL",807249,2023-09-08,edgar/data/807249/0000807249-23-000117.txt,pre,0000807249-23-000117,2023-08-31,2023-09-08T16:18:41,2023-09-08,5.0,0001957783,text,resolved,ok
SC 13D,Stark Juergen M.,1595670,2023-05-08,edgar/data/1595670/0000894579-23-000159.txt,pre,0000894579-23-000159,2023-05-01,2023-05-05T21:46:20,2023-05-08,5.0,0001493761,text,resolved,ok
SC 13D,"GreenLight Biosciences Holdings, PBC",1822691,2023-06-07,edgar/data/1822691/0000897069-23-000695.txt,pre,0000897069-23-000695,2023-05-29,2023-06-07T14:43:48,2023-06-07,6.0,0001822691,text,resolved,ok
SC 13D,"GreenLight Biosciences Holdings, PBC",1822691,2023-06-08,edgar/data/1822691/0000897069-23-000703.txt,pre,0000897069-23-000703,2023-05-29,2023-06-08T11:49:22,2023-06-08,7.0,0001822691,text,resolved,ok
SC 13D,"GreenLight Biosciences Holdings, PBC",1822691,2023-06-08,edgar/data/1822691/0000897069-23-000705.txt,pre,0000897069-23-000705,2023-05-29,2023-06-08T11:56:20,2023-06-08,7.0,0001822691,text,resolved,ok
SC 13D,"LM FUNDING AMERICA, INC.",1640384,2023-07-10,edgar/data/1640384/0000897069-23-000836.txt,pre,0000897069-23-000836,2023-06-30,2023-07-10T16:54:29,2023-07-10,5.0,0001640384,text,resolved,ok
SC 13D,CUMULUS MEDIA INC,1058623,2023-07-28,edgar/data/1058623/0000897069-23-001029.txt,pre,0000897069-23-001029,2023-07-21,2023-07-28T09:48:45,2023-07-28,5.0,0001058623,text,resolved,ok
SC 13D,Bay Shore Trust,1986593,2023-08-14,edgar/data/1986593/0000897069-23-001176.txt,pre,0000897069-23-001176,2023-08-02,2023-08-14T17:25:59,2023-08-14,8.0,0001904286,text,resolved,ok
SC 13D,Maskin Scott,1954316,2023-08-07,edgar/data/1954316/0000897101-23-000347.txt,pre,0000897101-23-000347,2022-11-09,2023-08-07T15:26:00,2023-08-07,184.0,0000022701,text,resolved,ok
SC 13D,Arco Platform Ltd.,1740594,2023-08-18,edgar/data/1740594/0000898432-23-000629.txt,pre,0000898432-23-000629,2023-08-10,2023-08-18T12:32:26,2023-08-18,6.0,0001740594,text,resolved,ok
SC 13D,Galata Acquisition Sponsor LLC,1872102,2023-07-20,edgar/data/1872102/0000899140-23-000799.txt,pre,0000899140-23-000799,2023-07-10,2023-07-20T16:20:14,2023-07-20,8.0,0001852767,text,resolved,ok
SC 13D,Arco Platform Ltd.,1740594,2023-08-17,edgar/data/1740594/0000899140-23-000901.txt,pre,0000899140-23-000901,2023-08-10,2023-08-16T17:50:40,2023-08-17,5.0,0001740594,text,resolved,ok
SC 13D,"DIEBOLD NIXDORF, Inc",28823,2023-08-21,edgar/data/28823/0000899140-23-000905.txt,pre,0000899140-23-000905,2023-08-11,2023-08-21T17:15:21,2023-08-21,6.0,0000028823,text,resolved,ok
SC 13D,Elliott Investment Management L.P.,1791786,2023-04-05,edgar/data/1791786/0000902664-23-002466.txt,pre,0000902664-23-002466,2023-04-03,2023-04-05T08:30:25,2023-04-05,2.0,0001737706,text,resolved,ok
SC 13D,"D. E. SHAW & CO, L.P.",1009268,2023-06-12,edgar/data/1009268/0000902664-23-003521.txt,pre,0000902664-23-003521,,2023-06-12T06:01:45,,,0001075415,text,unresolved,no_trigger_date
SC 13D,"Charlotte's Web Holdings, Inc.",1750155,2023-06-16,edgar/data/1750155/0000902664-23-003624.txt,pre,0000902664-23-003624,,2023-06-16T16:17:38,,,0001750155,text,unresolved,no_trigger_date
SC 13D,Colombier Acquisition Corp.,1847064,2023-06-26,edgar/data/1847064/0000902664-23-003734.txt,pre,0000902664-23-003734,2023-06-16,2023-06-26T16:30:11,2023-06-26,5.0,0001847064,text,resolved,ok
SC 13D,JANA PARTNERS LLC,1159159,2023-07-06,edgar/data/1159159/0000902664-23-003840.txt,pre,0000902664-23-003840,,2023-07-06T17:20:08,,,0001049521,text,unresolved,no_trigger_date
SC 13D,"ALLURION TECHNOLOGIES, INC.",1964979,2023-08-11,edgar/data/1964979/0000902664-23-004381.txt,pre,0000902664-23-004381,2023-08-01,2023-08-11T16:15:16,2023-08-11,8.0,0001964979,text,resolved,ok
SC 13D,"Anika Therapeutics, Inc.",898437,2023-08-17,edgar/data/898437/0000902664-23-004496.txt,pre,0000902664-23-004496,2023-08-09,2023-08-17T08:00:11,2023-08-17,6.0,0000898437,text,resolved,ok
SC 13D,Cue Health Inc.,1628945,2023-09-11,edgar/data/1628945/0000902664-23-004716.txt,pre,0000902664-23-004716,2023-08-31,2023-09-11T06:00:21,2023-09-11,6.0,0001628945,text,resolved,ok
SC 13D,Blue Water Vaccines Inc.,1782107,2023-04-13,edgar/data/1782107/0000906318-23-000002.txt,pre,0000906318-23-000002,2023-04-10,2023-04-13T11:18:37,2023-04-13,3.0,0001782107,text,resolved,ok
SC 13D,"Blue Water Biotech, Inc.",1782107,2023-06-29,edgar/data/1782107/0000906318-23-000007.txt,pre,0000906318-23-000007,2023-06-14,2023-06-29T10:34:53,2023-06-29,10.0,0001782107,text,resolved,ok
SC 13D,"CHINOOK THERAPEUTICS, INC.",1435049,2023-08-11,edgar/data/1435049/0000908834-23-000097.txt,pre,0000908834-23-000097,2023-08-02,2023-08-11T17:17:17,2023-08-11,7.0,0001435049,text,resolved,ok
SC 13D,"Electriq Power Holdings, Inc.",1827871,2023-08-11,edgar/data/1827871/0000912282-23-000248.txt,pre,0000912282-23-000248,2023-07-31,2023-08-10T21:11:24,2023-08-11,9.0,0001827871,text,resolved,ok
SC 13D,Abra Marinvest Inc.,1771346,2023-05-03,edgar/data/1771346/0000919574-23-002778.txt,pre,0000919574-23-002778,2023-04-15,2023-05-03T16:44:30,2023-05-03,12.0,0001869467,text,resolved,ok
SC 13D,LANTRONIX INC,1114925,2023-06-06,edgar/data/1114925/0000919574-23-003607.txt,pre,0000919574-23-003607,2023-06-06,2023-06-06T07:13:52,2023-06-06,0.0,0001114925,text,resolved,ok
SC 13D,OceanPal Inc.,1869467,2023-07-07,edgar/data/1869467/0000919574-23-004011.txt,pre,0000919574-23-004011,2023-06-28,2023-07-07T16:35:28,2023-07-07,6.0,0001869467,text,resolved,ok
SC 13D,"Groupon, Inc.",1490281,2023-09-07,edgar/data/1490281/0000919574-23-005134.txt,pre,0000919574-23-005134,2023-09-07,2023-09-07T15:14:31,2023-09-07,0.0,0001490281,text,resolved,ok
SC 13D,Riva Ridge Capital Management LP,1676700,2023-09-27,edgar/data/1676700/0000919574-23-005352.txt,pre,0000919574-23-005352,2023-09-22,2023-09-26T21:13:27,2023-09-27,3.0,0001770141,text,resolved,ok
SC 13D,10000 DAYS CAPITAL MANAGEMENT LLC,1760739,2023-09-27,edgar/data/1760739/0000919574-23-005372.txt,pre,0000919574-23-005372,2023-09-27,2023-09-27T17:28:10,2023-09-27,0.0,0001413898,text,resolved,ok
SC 13D,"Cano Health, Inc.",1800682,2023-04-04,edgar/data/1800682/0000921895-23-000836.txt,pre,0000921895-23-000836,2023-04-02,2023-04-04T17:07:41,2023-04-04,1.0,0001800682,text,resolved,ok
SC 13D,EGAIN Corp,1066194,2023-04-24,edgar/data/1066194/0000921895-23-000931.txt,pre,0000921895-23-000931,2023-04-14,2023-04-24T15:49:18,2023-04-24,6.0,0001066194,text,resolved,ok
SC 13D,CONTINENTAL GENERAL INSURANCE CO,24046,2023-04-24,edgar/data/24046/0000921895-23-000932.txt,pre,0000921895-23-000932,2023-04-24,2023-04-24T16:46:24,2023-04-24,0.0,0001635984,text,resolved,ok
SC 13D,Edible Garden AG Inc,1809750,2023-05-02,edgar/data/1809750/0000921895-23-000990.txt,pre,0000921895-23-000990,2023-04-27,2023-05-02T09:25:22,2023-05-02,3.0,0001809750,text,resolved,ok
SC 13D,Lifevantage Corp,849146,2023-05-15,edgar/data/849146/0000921895-23-001213.txt,pre,0000921895-23-001213,2023-05-05,2023-05-15T14:01:44,2023-05-15,6.0,0000849146,text,resolved,ok
SC 13D,"Clear Channel Outdoor Holdings, Inc.",1334978,2023-05-16,edgar/data/1334978/0000921895-23-001235.txt,pre,0000921895-23-001235,2023-05-09,2023-05-16T16:31:07,2023-05-16,5.0,0001334978,text,resolved,ok
SC 13D,BIOTECHNOLOGY VALUE FUND L P,918923,2023-05-22,edgar/data/918923/0000921895-23-001309.txt,pre,0000921895-23-001309,2023-05-11,2023-05-22T16:47:07,2023-05-22,7.0,0001583648,text,resolved,ok
SC 13D,DIVERSIFIED HEALTHCARE TRUST,1075415,2023-05-23,edgar/data/1075415/0000921895-23-001335.txt,pre,0000921895-23-001335,2023-05-17,2023-05-23T17:14:31,2023-05-23,4.0,0001075415,text,resolved,ok
SC 13D,Anson Funds Management LP,1491072,2023-05-30,edgar/data/1491072/0000921895-23-001387.txt,pre,0000921895-23-001387,2023-05-19,2023-05-30T16:57:55,2023-05-30,6.0,0001262104,text,resolved,ok
SC 13D,"CAS Investment Partners, LLC",1697591,2023-06-23,edgar/data/1697591/0000921895-23-001570.txt,pre,0000921895-23-001570,2023-06-16,2023-06-23T16:20:34,2023-06-23,4.0,0001666071,text,resolved,ok
SC 13D,Bandera Partners LLC,1399386,2023-08-11,edgar/data/1399386/0000921895-23-001902.txt,pre,0000921895-23-001902,2023-08-11,2023-08-11T16:50:51,2023-08-11,0.0,0001612630,text,resolved,ok
SC 13D,"Camac Fund, LP",1516478,2023-08-23,edgar/data/1516478/0000921895-23-002063.txt,pre,0000921895-23-002063,2023-08-16,2023-08-23T16:47:53,2023-08-23,5.0,0001419041,text,resolved,ok
SC 13D,EMCORE CORP,808326,2023-08-24,edgar/data/808326/0000921895-23-002068.txt,pre,0000921895-23-002068,2023-08-17,2023-08-24T15:47:33,2023-08-24,5.0,0000808326,text,resolved,ok
SC 13D,Industrial Logistics Properties Trust,1717307,2023-08-31,edgar/data/1717307/0000921895-23-002104.txt,pre,0000921895-23-002104,2023-08-23,2023-08-31T16:10:52,2023-08-31,6.0,0001717307,text,resolved,ok
SC 13D,HARMONIC INC,851310,2023-09-21,edgar/data/851310/0000921895-23-002203.txt,pre,0000921895-23-002203,2023-09-15,2023-09-21T15:00:16,2023-09-21,4.0,0000851310,text,resolved,ok
SC 13D,"Cormorant Global Healthcare Master Fund, LP",1618442,2023-06-08,edgar/data/1618442/0000929638-23-001697.txt,pre,0000929638-23-001697,2023-05-29,2023-06-08T17:12:05,2023-06-08,7.0,0001822691,text,resolved,ok
SC 13D,"DIEBOLD NIXDORF, Inc",28823,2023-08-21,edgar/data/28823/0000929638-23-002318.txt,pre,0000929638-23-002318,2023-08-11,2023-08-21T16:42:31,2023-08-21,6.0,0000028823,text,resolved,ok
SC 13D,"First Light Asset Management, LLC",1600004,2023-08-25,edgar/data/1600004/0000929638-23-002352.txt,pre,0000929638-23-002352,2023-08-23,2023-08-25T16:18:57,2023-08-25,2.0,0001588972,text,resolved,ok
SC 13D,Citi Trends Inc,1318484,2023-09-28,edgar/data/1318484/0000929638-23-002611.txt,pre,0000929638-23-002611,2023-09-28,2023-09-28T17:29:30,2023-09-28,0.0,0001318484,text,resolved,ok
SC 13D,CYANOTECH CORP,768408,2023-08-29,edgar/data/768408/0000935836-23-000598.txt,pre,0000935836-23-000598,,2023-08-29T16:32:25,,,0000768408,text,unresolved,no_trigger_date
SC 13D,MILLS KEVIN J,1192160,2023-06-05,edgar/data/1192160/0000944075-23-000041.txt,pre,0000944075-23-000041,2023-05-26,2023-06-05T16:15:13,2023-06-05,5.0,0000944075,text,resolved,ok
SC 13D,Apollomics Inc.,1944885,2023-04-12,edgar/data/1944885/0000947871-23-000450.txt,pre,0000947871-23-000450,2023-03-29,2023-04-11T19:10:30,2023-04-12,10.0,0001944885,text,resolved,ok
SC 13D,ORBIMED ADVISORS LLC,1055951,2023-05-24,edgar/data/1055951/0000947871-23-000626.txt,pre,0000947871-23-000626,2023-05-21,2023-05-24T16:52:07,2023-05-24,2.0,0001836379,text,resolved,ok
SC 13D,TELUS CORP,868675,2023-05-26,edgar/data/868675/0000947871-23-000637.txt,pre,0000947871-23-000637,2023-05-16,2023-05-26T16:51:43,2023-05-26,8.0,0001825155,text,resolved,ok
SC 13D,ORBIMED ADVISORS LLC,1055951,2023-07-24,edgar/data/1055951/0000947871-23-000776.txt,pre,0000947871-23-000776,2023-07-20,2023-07-24T16:33:58,2023-07-24,2.0,0001764974,text,resolved,ok
SC 13D,"Interactive Strength, Inc.",1785056,2023-05-12,edgar/data/1785056/0000950103-23-007244.txt,pre,0000950103-23-007244,2023-05-02,2023-05-12T17:28:37,2023-05-12,8.0,0001785056,text,resolved,ok
SC 13D,"ATI Physical Therapy, Inc.",1815849,2023-06-26,edgar/data/1815849/0000950103-23-009277.txt,pre,0000950103-23-009277,2023-06-15,2023-06-26T16:31:55,2023-06-26,6.0,0001815849,text,resolved,ok
SC 13D,"ATI Physical Therapy, Inc.",1815849,2023-06-26,edgar/data/1815849/0000950103-23-009282.txt,pre,0000950103-23-009282,2023-06-15,2023-06-26T16:57:11,2023-06-26,6.0,0001815849,text,resolved,ok
SC 13D,CAMPBELL SOUP CO,16732,2023-08-08,edgar/data/16732/0000950103-23-011730.txt,pre,0000950103-23-011730,2023-08-08,2023-08-08T16:55:19,2023-08-08,0.0,0001856608,text,resolved,ok
SC 13D,CK Wheels LLC,1994757,2023-09-26,edgar/data/1994757/0000950103-23-014029.txt,pre,0000950103-23-014029,2023-09-20,2023-09-26T16:35:05,2023-09-26,4.0,0001819516,text,resolved,ok
SC 13D,"GreenLight Biosciences Holdings, PBC",1822691,2023-06-08,edgar/data/1822691/0000950127-23-000019.txt,pre,0000950127-23-000019,2023-05-29,2023-06-08T17:23:17,2023-06-08,7.0,0001822691,text,resolved,ok
SC 13D,LIONS GATE ENTERTAINMENT CORP /CN/,929351,2023-09-05,edgar/data/929351/0000950142-23-002337.txt,pre,0000950142-23-002337,2023-08-24,2023-09-05T16:24:21,2023-09-05,7.0,0000929351,text,resolved,ok
SC 13D,"Bellevue Capital Partners, LLC",1907225,2023-09-22,edgar/data/1907225/0000950142-23-002467.txt,pre,0000950142-23-002467,2023-09-12,2023-09-22T17:11:05,2023-09-22,8.0,0001526113,text,resolved,ok
SC 13D,Pani Corp.,1974347,2023-04-27,edgar/data/1974347/0000950157-23-000399.txt,pre,0000950157-23-000399,2023-04-17,2023-04-27T09:16:29,2023-04-27,8.0,0001941131,text,resolved,ok
SC 13D,"MediaAlpha, Inc.",1818383,2023-06-30,edgar/data/1818383/0000950157-23-000723.txt,pre,0000950157-23-000723,2023-06-30,2023-06-30T08:15:41,2023-06-30,0.0,0001818383,text,resolved,ok
SC 13D,"GreenLight Biosciences Holdings, PBC",1822691,2023-07-25,edgar/data/1822691/0000950157-23-000795.txt,pre,0000950157-23-000795,2023-05-29,2023-07-25T16:12:41,2023-07-25,38.0,0001822691,text,resolved,ok
SC 13D,"GreenLight Biosciences Holdings, PBC",1822691,2023-06-06,edgar/data/1822691/0000950170-23-026620.txt,pre,0000950170-23-026620,2023-05-29,2023-06-06T16:03:22,2023-06-06,5.0,0001822691,text,resolved,ok
SC 13D,DHAMANKAR HIMANSHU HEMANT,1980228,2023-06-08,edgar/data/1980228/0000950170-23-026941.txt,pre,0000950170-23-026941,2023-05-29,2023-06-08T11:58:12,2023-06-08,7.0,0001822691,text,resolved,ok
SC 13D,Aulisa Lorenzo,1980543,2023-06-08,edgar/data/1980543/0000950170-23-026942.txt,pre,0000950170-23-026942,2023-05-29,2023-06-08T11:58:13,2023-06-08,7.0,0001822691,text,resolved,ok
SC 13D,"GreenLight Biosciences Holdings, PBC",1822691,2023-06-08,edgar/data/1822691/0000950170-23-026946.txt,pre,0000950170-23-026946,2023-05-29,2023-06-08T12:02:17,2023-06-08,7.0,0001822691,text,resolved,ok
SC 13D,"GreenLight Biosciences Holdings, PBC",1822691,2023-06-08,edgar/data/1822691/0000950170-23-026957.txt,pre,0000950170-23-026957,2023-05-29,2023-06-08T13:33:06,2023-06-08,7.0,0001822691,text,resolved,ok
SC 13D,"GreenLight Biosciences Holdings, PBC",1822691,2023-06-08,edgar/data/1822691/0000950170-23-026963.txt,pre,0000950170-23-026963,2023-05-29,2023-06-08T14:04:32,2023-06-08,7.0,0001822691,text,resolved,ok
SC 13D,"GreenLight Biosciences Holdings, PBC",1822691,2023-06-08,edgar/data/1822691/0000950170-23-026992.txt,pre,0000950170-23-026992,2023-05-29,2023-06-08T15:46:33,2023-06-08,7.0,0001822691,text,resolved,ok
SC 13D,"GreenLight Biosciences Holdings, PBC",1822691,2023-06-08,edgar/data/1822691/0000950170-23-026996.txt,pre,0000950170-23-026996,2023-05-29,2023-06-08T15:58:46,2023-06-08,7.0,0001822691,text,resolved,ok
SC 13D,"GreenLight Biosciences Holdings, PBC",1822691,2023-06-09,edgar/data/1822691/0000950170-23-027168.txt,pre,0000950170-23-027168,2023-05-29,2023-06-09T11:10:46,2023-06-09,8.0,0001822691,text,resolved,ok
SC 13D,Brewster David B,1399290,2023-06-13,edgar/data/1399290/0000950170-23-027597.txt,pre,0000950170-23-027597,2023-05-29,2023-06-13T09:22:16,2023-06-13,10.0,0001822691,text,resolved,ok
SC 13D,HILZ MARK T,1016157,2023-06-14,edgar/data/1016157/0000950170-23-028010.txt,pre,0000950170-23-028010,2023-06-12,2023-06-14T17:04:28,2023-06-14,2.0,0001468492,text,resolved,ok
SC 13D,"Heart Test Laboratories, Inc.",1468492,2023-06-14,edgar/data/1468492/0000950170-23-028013.txt,pre,0000950170-23-028013,2023-06-12,2023-06-14T17:06:17,2023-06-14,2.0,0001468492,text,resolved,ok
SC 13D,"GreenLight Biosciences Holdings, PBC",1822691,2023-06-22,edgar/data/1822691/0000950170-23-029276.txt,pre,0000950170-23-029276,2023-05-29,2023-06-22T09:37:12,2023-06-22,16.0,0001822691,text,resolved,ok
SC 13D,LANGONE KENNETH G,905874,2023-09-05,edgar/data/905874/0000950170-23-046488.txt,pre,0000950170-23-046488,2023-08-28,2023-09-05T17:09:32,2023-09-05,5.0,0000100726,text,resolved,ok
SC 13D,CYVN Investments RSC Ltd,1985083,2023-07-24,edgar/data/1985083/0001011438-23-000444.txt,pre,0001011438-23-000444,2023-07-12,2023-07-24T16:01:29,2023-07-24,8.0,0001736541,text,resolved,ok
SC 13D,Lynrock Lake LP,1734341,2023-09-26,edgar/data/1734341/0001011438-23-000554.txt,pre,0001011438-23-000554,2023-09-22,2023-09-26T16:43:52,2023-09-26,2.0,0001770141,text,resolved,ok
SC 13D,DIVERSIFIED HEALTHCARE TRUST,1075415,2023-06-30,edgar/data/1075415/0001019056-23-000301.txt,pre,0001019056-23-000301,2023-06-30,2023-06-30T11:03:52,2023-06-30,0.0,0001075415,text,resolved,ok
SC 13D,INGALLS & SNYDER LLC,1041885,2023-07-07,edgar/data/1041885/0001041885-23-000015.txt,pre,0001041885-23-000015,2023-06-29,2023-07-07T15:22:18,2023-07-07,5.0,0001715925,text,resolved,ok
SC 13D,CANNELL CAPITAL LLC,1058854,2023-06-28,edgar/data/1058854/0001058854-23-000024.txt,pre,0001058854-23-000024,2023-06-28,2023-06-28T16:37:22,2023-06-28,0.0,0001132105,text,resolved,ok
SC 13D,MFS HIGH YIELD MUNICIPAL TRUST,809844,2023-04-10,edgar/data/809844/0001062993-23-008960.txt,pre,0001062993-23-008960,2023-04-05,2023-04-10T10:15:25,2023-04-10,3.0,0000809844,text,resolved,ok
SC 13D,NUVEEN NEW JERSEY QUALITY MUNICIPAL INCOME FUND,1087786,2023-04-10,edgar/data/1087786/0001062993-23-008962.txt,pre,0001062993-23-008962,2023-04-05,2023-04-10T10:19:56,2023-04-10,3.0,0001087786,text,resolved,ok
SC 13D,Federated Hermes Premier Municipal Income Fund,1199004,2023-04-18,edgar/data/1199004/0001062993-23-009252.txt,pre,0001062993-23-009252,2023-04-14,2023-04-18T11:30:34,2023-04-18,2.0,0001199004,text,resolved,ok
SC 13D,"Saba Capital Management, L.P.",1510281,2023-05-08,edgar/data/1510281/0001062993-23-010421.txt,pre,0001062993-23-010421,2023-05-04,2023-05-08T15:39:29,2023-05-08,2.0,0001417802,text,resolved,ok
SC 13D,Invesco Pennsylvania Value Municipal Income Trust,895528,2023-05-15,edgar/data/895528/0001062993-23-011036.txt,pre,0001062993-23-011036,2023-05-11,2023-05-15T10:57:57,2023-05-15,2.0,0000895528,text,resolved,ok
SC 13D,BlackRock Health Sciences Term Trust,1785971,2023-05-26,edgar/data/1785971/0001062993-23-012250.txt,pre,0001062993-23-012250,2023-05-24,2023-05-26T09:20:05,2023-05-26,2.0,0001785971,text,resolved,ok
SC 13D,FIRST TRUST MLP & ENERGY INCOME FUND,1556336,2023-06-09,edgar/data/1556336/0001062993-23-013274.txt,pre,0001062993-23-013274,2023-06-07,2023-06-09T16:30:28,2023-06-09,2.0,0001556336,text,resolved,ok
SC 13D,MFS HIGH INCOME MUNICIPAL TRUST,845606,2023-07-19,edgar/data/845606/0001062993-23-015074.txt,pre,0001062993-23-015074,2023-07-17,2023-07-19T12:46:40,2023-07-19,2.0,0000845606,text,resolved,ok
SC 13D,Costerd Bruce Edward,1911171,2023-07-24,edgar/data/1911171/0001062993-23-015175.txt,pre,0001062993-23-015175,2023-07-19,2023-07-21T18:40:28,2023-07-24,3.0,0001424404,text,resolved,ok
SC 13D,Wolverine Resources Corp.,1424404,2023-07-24,edgar/data/1424404/0001062993-23-015177.txt,pre,0001062993-23-015177,2023-07-19,2023-07-21T18:48:08,2023-07-24,3.0,0001424404,text,resolved,ok
SC 13D,FIRST TRUST NEW OPPORTUNITIES MLP & ENERGY FUND,1589420,2023-07-24,edgar/data/1589420/0001062993-23-015200.txt,pre,0001062993-23-015200,2023-07-20,2023-07-24T08:47:50,2023-07-24,2.0,0001589420,text,resolved,ok
SC 13D,MFS INVESTMENT GRADE MUNICIPAL TRUST,847411,2023-07-24,edgar/data/847411/0001062993-23-015234.txt,pre,0001062993-23-015234,2023-07-21,2023-07-24T13:01:27,2023-07-24,1.0,0000847411,text,resolved,ok
SC 13D,Rich Luke,1493706,2023-07-25,edgar/data/1493706/0001062993-23-015258.txt,pre,0001062993-23-015258,2023-07-19,2023-07-24T19:28:23,2023-07-25,4.0,0001424404,text,resolved,ok
SC 13D,EATON VANCE CALIFORNIA MUNICIPAL BOND FUND,1177161,2023-08-02,edgar/data/1177161/0001062993-23-015642.txt,pre,0001062993-23-015642,2023-08-01,2023-08-02T13:01:59,2023-08-02,1.0,0001177161,text,resolved,ok
SC 13D,Rich Resources Inc.,1989389,2023-08-09,edgar/data/1989389/0001062993-23-016095.txt,pre,0001062993-23-016095,2023-07-19,2023-08-09T17:04:09,2023-08-09,15.0,0001424404,text,resolved,ok
SC 13D,"ADAMS NATURAL RESOURCES FUND, INC.",216851,2023-08-11,edgar/data/216851/0001062993-23-016244.txt,pre,0001062993-23-016244,2023-08-09,2023-08-11T11:23:07,2023-08-11,2.0,0000216851,text,resolved,ok
SC 13D,Nuveen Real Asset Income & Growth Fund,1539337,2023-08-14,edgar/data/1539337/0001062993-23-016347.txt,pre,0001062993-23-016347,2023-08-10,2023-08-14T11:19:56,2023-08-14,2.0,0001539337,text,resolved,ok
SC 13D,GEE Group Inc.,40570,2023-08-15,edgar/data/40570/0001062993-23-016502.txt,pre,0001062993-23-016502,2023-08-08,2023-08-15T15:38:43,2023-08-15,5.0,0000040570,text,resolved,ok
SC 13D,Destra Multi-Alternative Fund,1523289,2023-08-22,edgar/data/1523289/0001062993-23-016977.txt,pre,0001062993-23-016977,2023-08-21,2023-08-22T16:00:20,2023-08-22,1.0,0001523289,text,resolved,ok
SC 13D,"ADAMS DIVERSIFIED EQUITY FUND, INC.",2230,2023-09-01,edgar/data/2230/0001062993-23-017384.txt,pre,0001062993-23-017384,2023-08-31,2023-09-01T08:23:55,2023-09-01,1.0,0000002230,text,resolved,ok
SC 13D,ALLIANCEBERNSTEIN NATIONAL MUNICIPAL INCOME FUND,1162027,2023-09-21,edgar/data/1162027/0001062993-23-018366.txt,pre,0001062993-23-018366,2023-09-19,2023-09-21T08:38:23,2023-09-21,2.0,0001162027,text,resolved,ok
SC 13D,BLACKROCK NEW YORK MUNICIPAL INCOME TRUST,1137390,2023-09-29,edgar/data/1137390/0001062993-23-018592.txt,pre,0001062993-23-018592,2023-09-27,2023-09-29T10:18:35,2023-09-29,2.0,0001137390,text,resolved,ok
SC 13D,"Elicio Therapeutics, Inc.",1601485,2023-06-14,edgar/data/1601485/0001068238-23-000119.txt,pre,0001068238-23-000119,2023-06-01,2023-06-14T14:42:51,2023-06-14,9.0,0001601485,text,resolved,ok
SC 13D,Kashani Ali,1983489,2023-08-10,edgar/data/1983489/0001068238-23-000170.txt,pre,0001068238-23-000170,2023-07-31,2023-08-10T16:04:58,2023-08-10,8.0,0001832483,text,resolved,ok
SC 13D,"GKCC, LLC",1977769,2023-08-30,edgar/data/1977769/0001068238-23-000182.txt,pre,0001068238-23-000182,2023-08-21,2023-08-30T16:15:02,2023-08-30,7.0,0001873835,text,resolved,ok
SC 13D,"Gossamer Bio, Inc.",1728117,2023-07-28,edgar/data/1728117/0001072613-23-000402.txt,pre,0001072613-23-000402,2023-07-19,2023-07-28T15:46:51,2023-07-28,7.0,0001728117,text,resolved,ok
SC 13D,ARION AGROPHOTOVOLTAIC PRIVATE LTD,1970358,2023-04-17,edgar/data/1970358/0001079973-23-000482.txt,pre,0001079973-23-000482,2023-04-06,2023-04-17T16:59:56,2023-04-17,7.0,0001350102,text,resolved,ok
SC 13D,ROYAL LONDON ASSET MANAGEMENT LTD,863748,2023-05-03,edgar/data/863748/0001085146-23-002028.txt,pre,0001085146-23-002028,2023-05-02,2023-05-03T16:01:01,2023-05-03,1.0,0000730263,text,resolved,ok
SC 13D,8X8 INC /DE/,1023731,2023-05-26,edgar/data/1023731/0001085146-23-002486.txt,pre,0001085146-23-002486,2023-05-25,2023-05-26T11:13:03,2023-05-26,1.0,0001023731,text,resolved,ok
SC 13D,"RingCentral, Inc.",1384905,2023-05-26,edgar/data/1384905/0001085146-23-002488.txt,pre,0001085146-23-002488,2023-05-25,2023-05-26T11:18:36,2023-05-26,1.0,0001384905,text,resolved,ok
SC 13D,FIRST FOUNDATION ADVISORS,1086763,2023-05-25,edgar/data/1086763/0001086763-23-000013.txt,pre,0001086763-23-000013,2023-04-27,2023-05-24T19:40:22,2023-05-25,20.0,0000909724,text,resolved,ok
SC 13D,FIRST FOUNDATION ADVISORS,1086763,2023-08-04,edgar/data/1086763/0001086763-23-000019.txt,pre,0001086763-23-000019,2023-01-31,2023-08-04T12:21:28,2023-08-04,129.0,0000909724,text,resolved,ok
SC 13D,Bravo Multinational Inc.,1444839,2023-06-05,edgar/data/1444839/0001091818-23-000104.txt,pre,0001091818-23-000104,2023-04-11,2023-06-05T12:45:13,2023-06-05,38.0,0001444839,text,resolved,ok
SC 13D,Bravo Multinational Inc.,1444839,2023-06-05,edgar/data/1444839/0001091818-23-000105.txt,pre,0001091818-23-000105,2023-04-11,2023-06-05T12:46:07,2023-06-05,38.0,0001444839,text,resolved,ok
SC 13D,Bravo Multinational Inc.,1444839,2023-06-05,edgar/data/1444839/0001091818-23-000106.txt,pre,0001091818-23-000106,2023-04-11,2023-06-05T12:48:49,2023-06-05,38.0,0001444839,text,resolved,ok
SC 13D,Bravo Multinational Inc.,1444839,2023-06-05,edgar/data/1444839/0001091818-23-000110.txt,pre,0001091818-23-000110,2023-04-11,2023-06-05T13:54:12,2023-06-05,38.0,0001444839,text,resolved,ok
SC 13D,Bravo Multinational Inc.,1444839,2023-06-14,edgar/data/1444839/0001091818-23-000113.txt,pre,0001091818-23-000113,2023-04-11,2023-06-14T11:54:42,2023-06-14,45.0,0001444839,text,resolved,ok
SC 13D,"Circle Energy, Inc./NV",1911467,2023-08-23,edgar/data/1911467/0001096906-23-001673.txt,pre,0001096906-23-001673,2023-08-23,2023-08-23T16:27:00,2023-08-23,0.0,0001911467,text,resolved,ok
SC 13D,"GreenLight Biosciences Holdings, PBC",1822691,2023-06-07,edgar/data/1822691/0001099910-23-000111.txt,pre,0001099910-23-000111,2023-05-29,2023-06-07T10:02:14,2023-06-07,6.0,0001822691,text,resolved,ok
SC 13D,"GreenLight Biosciences Holdings, PBC",1822691,2023-06-08,edgar/data/1822691/0001099910-23-000126.txt,pre,0001099910-23-000126,2023-05-29,2023-06-08T14:35:21,2023-06-08,7.0,0001822691,text,resolved,ok
SC 13D,BODY & MIND INC.,1715611,2023-04-03,edgar/data/1715611/0001104659-23-041006.txt,pre,0001104659-23-041006,2022-12-19,2023-04-03T17:27:26,2023-04-03,71.0,0001715611,text,resolved,ok
SC 13D,MOMENTIVE GLOBAL INC.,1739936,2023-04-06,edgar/data/1739936/0001104659-23-042465.txt,pre,0001104659-23-042465,,2023-04-06T08:23:37,,,0001739936,text,unresolved,no_trigger_date
SC 13D,Ashford Inc.,1604738,2023-04-07,edgar/data/1604738/0001104659-23-043111.txt,pre,0001104659-23-043111,,2023-04-07T16:00:41,,,0001604738,text,unresolved,no_trigger_date
SC 13D,Ashford Inc.,1604738,2023-04-07,edgar/data/1604738/0001104659-23-043120.txt,pre,0001104659-23-043120,2023-04-07,2023-04-07T16:02:04,2023-04-07,0.0,0001604738,text,resolved,ok
SC 13D,Ashford Inc.,1604738,2023-04-07,edgar/data/1604738/0001104659-23-043123.txt,pre,0001104659-23-043123,2023-04-07,2023-04-07T16:02:52,2023-04-07,0.0,0001604738,text,resolved,ok
SC 13D,Safehold Inc.,1095651,2023-04-10,edgar/data/1095651/0001104659-23-043589.txt,pre,0001104659-23-043589,,2023-04-10T16:15:17,,,0001095651,text,unresolved,no_trigger_date
SC 13D,O'Grady Clive R.G.,1968256,2023-04-10,edgar/data/1968256/0001104659-23-043681.txt,pre,0001104659-23-043681,2023-03-30,2023-04-10T17:29:43,2023-04-10,7.0,0001830188,text,resolved,ok
SC 13D,CUTERA INC,1162461,2023-04-13,edgar/data/1162461/0001104659-23-044843.txt,pre,0001104659-23-044843,2023-04-12,2023-04-13T08:28:57,2023-04-13,1.0,0001162461,text,resolved,ok
SC 13D,FROST PHILLIP MD ET AL,898860,2023-04-14,edgar/data/898860/0001104659-23-045693.txt,pre,0001104659-23-045693,2023-04-11,2023-04-14T17:16:10,2023-04-14,3.0,0001058307,text,resolved,ok
SC 13D,Li Hanqi,1974501,2023-04-24,edgar/data/1974501/0001104659-23-049072.txt,pre,0001104659-23-049072,2022-11-30,2023-04-24T16:56:14,2023-04-24,99.0,0001527762,text,resolved,ok
SC 13D,Cazoo Group Ltd,1859639,2023-04-28,edgar/data/1859639/0001104659-23-051717.txt,pre,0001104659-23-051717,2023-04-25,2023-04-27T18:56:35,2023-04-28,3.0,0001859639,text,resolved,ok
SC 13D,Abcam plc,1492074,2023-05-01,edgar/data/1492074/0001104659-23-053472.txt,pre,0001104659-23-053472,2023-05-01,2023-05-01T07:00:25,2023-05-01,0.0,0001492074,text,resolved,ok
SC 13D,Fortune Bliss Ventures Ltd,1975842,2023-05-03,edgar/data/1975842/0001104659-23-055489.txt,pre,0001104659-23-055489,,2023-05-03T16:05:50,,,0001828016,text,unresolved,no_trigger_date
SC 13D,BAKER BROS. ADVISORS LP,1263508,2023-05-05,edgar/data/1263508/0001104659-23-056574.txt,pre,0001104659-23-056574,2023-05-05,2023-05-05T16:24:46,2023-05-05,0.0,0001358403,text,resolved,ok
SC 13D,Nieri Michael P.,1967990,2023-05-10,edgar/data/1967990/0001104659-23-058443.txt,pre,0001104659-23-058443,2023-03-30,2023-05-10T16:14:45,2023-05-10,29.0,0001830188,text,resolved,ok
SC 13D,"Franchise Group, Inc.",1528930,2023-05-11,edgar/data/1528930/0001104659-23-058700.txt,pre,0001104659-23-058700,2023-05-10,2023-05-11T06:05:46,2023-05-11,1.0,0001528930,text,resolved,ok
SC 13D,Magnetar Financial LLC,1352851,2023-05-12,edgar/data/1352851/0001104659-23-059474.txt,pre,0001104659-23-059474,2023-05-12,2023-05-12T08:55:48,2023-05-12,0.0,0000077159,text,resolved,ok
SC 13D,"Getaround, Inc",1839608,2023-05-15,edgar/data/1839608/0001104659-23-060926.txt,pre,0001104659-23-060926,2023-05-04,2023-05-15T17:08:54,2023-05-15,7.0,0001839608,text,resolved,ok
SC 13D,"Provident Bancorp, Inc. /MD/",1778784,2023-05-15,edgar/data/1778784/0001104659-23-060964.txt,pre,0001104659-23-060964,2023-05-05,2023-05-15T17:28:25,2023-05-15,6.0,0001778784,text,resolved,ok
SC 13D,"ACELYRIN, Inc.",1962918,2023-05-19,edgar/data/1962918/0001104659-23-062635.txt,pre,0001104659-23-062635,2023-05-09,2023-05-19T14:54:33,2023-05-19,8.0,0001962918,text,resolved,ok
SC 13D,"COMSCORE, INC.",1158172,2023-05-23,edgar/data/1158172/0001104659-23-063674.txt,pre,0001104659-23-063674,,2023-05-23T17:11:35,,,0001158172,text,unresolved,no_trigger_date
SC 13D,Mercurity Fintech Holding Inc.,1527762,2023-05-24,edgar/data/1527762/0001104659-23-064145.txt,pre,0001104659-23-064145,2023-05-01,2023-05-24T16:30:48,2023-05-24,17.0,0001527762,text,resolved,ok
SC 13D,Gan Xin Rong,1978164,2023-05-24,edgar/data/1978164/0001104659-23-064147.txt,pre,0001104659-23-064147,,2023-05-24T16:31:13,,,0001527762,text,unresolved,no_trigger_date
SC 13D,EMAGIN CORP,1046995,2023-05-25,edgar/data/1046995/0001104659-23-064512.txt,pre,0001104659-23-064512,,2023-05-25T12:30:21,,,0001046995,text,unresolved,no_trigger_date
SC 13D,"AYTU BIOPHARMA, INC",1385818,2023-05-26,edgar/data/1385818/0001104659-23-065376.txt,pre,0001104659-23-065376,,2023-05-26T13:52:28,,,0001385818,text,unresolved,no_trigger_date
SC 13D,Eagle Point Credit Management LLC,1607203,2023-05-26,edgar/data/1607203/0001104659-23-065437.txt,pre,0001104659-23-065437,2023-05-19,2023-05-26T16:02:27,2023-05-26,5.0,0001495222,text,resolved,ok
SC 13D,ARES MANAGEMENT LLC,1259313,2023-05-26,edgar/data/1259313/0001104659-23-065438.txt,pre,0001104659-23-065438,2023-05-26,2023-05-26T16:02:45,2023-05-26,0.0,0000020520,text,resolved,ok
SC 13D,DEJORIA JOHN PAUL,897610,2023-05-26,edgar/data/897610/0001104659-23-065518.txt,pre,0001104659-23-065518,,2023-05-26T16:42:08,,,0001437283,text,unresolved,no_trigger_date
SC 13D,China Renaissance Capital II GP,1979326,2023-05-30,edgar/data/1979326/0001104659-23-066187.txt,pre,0001104659-23-066187,,2023-05-30T17:27:45,,,0001936804,text,unresolved,no_trigger_date
SC 13D,DENG Shufen,1980084,2023-06-05,edgar/data/1980084/0001104659-23-067830.txt,pre,0001104659-23-067830,,2023-06-05T07:06:06,,,0001140215,text,unresolved,no_trigger_date
SC 13D,"ALEXANDRIA REAL ESTATE EQUITIES, INC.",1035443,2023-06-08,edgar/data/1035443/0001104659-23-069384.txt,pre,0001104659-23-069384,2023-05-29,2023-06-08T16:10:13,2023-06-08,7.0,0001822691,text,resolved,ok
SC 13D,"GreenLight Biosciences Holdings, PBC",1822691,2023-06-08,edgar/data/1822691/0001104659-23-069402.txt,pre,0001104659-23-069402,,2023-06-08T16:22:40,,,0001822691,text,unresolved,no_trigger_date
SC 13D,"GreenLight Biosciences Holdings, PBC",1822691,2023-06-08,edgar/data/1822691/0001104659-23-069449.txt,pre,0001104659-23-069449,2023-05-29,2023-06-08T17:00:19,2023-06-08,7.0,0001822691,text,resolved,ok
SC 13D,"GreenLight Biosciences Holdings, PBC",1822691,2023-06-08,edgar/data/1822691/0001104659-23-069474.txt,pre,0001104659-23-069474,,2023-06-08T17:24:54,,,0001822691,text,unresolved,truncated_source
SC 13D,CPP Investment Board Private Holdings (4) Inc.,1978825,2023-06-09,edgar/data/1978825/0001104659-23-069966.txt,pre,0001104659-23-069966,,2023-06-09T16:53:56,,,0000797721,text,unresolved,no_trigger_date
SC 13D,BAKER BROS. ADVISORS LP,1263508,2023-06-20,edgar/data/1263508/0001104659-23-072412.txt,pre,0001104659-23-072412,2023-06-15,2023-06-16T19:18:20,2023-06-20,2.0,0001157601,text,resolved,ok
SC 13D,ABP Trust,1613450,2023-06-20,edgar/data/1613450/0001104659-23-072905.txt,pre,0001104659-23-072905,,2023-06-20T16:17:35,,,0001075415,text,unresolved,truncated_source
SC 13D,CONSTELLATION ENERGY GENERATION LLC,1168165,2023-06-20,edgar/data/1168165/0001104659-23-072942.txt,pre,0001104659-23-072942,,2023-06-20T16:49:12,,,0001845437,text,unresolved,no_trigger_date
SC 13D,"8 Rivers Capital, LLC",1981100,2023-06-20,edgar/data/1981100/0001104659-23-072978.txt,pre,0001104659-23-072978,2023-06-08,2023-06-20T17:25:13,2023-06-20,7.0,0001845437,text,resolved,ok
SC 13D,"Accelerate Diagnostics, Inc",727207,2023-06-20,edgar/data/727207/0001104659-23-072981.txt,pre,0001104659-23-072981,2023-06-09,2023-06-20T17:26:39,2023-06-20,6.0,0000727207,text,resolved,ok
SC 13D,NextDecade Corp.,1612720,2023-06-23,edgar/data/1612720/0001104659-23-074235.txt,pre,0001104659-23-074235,,2023-06-23T16:05:14,,,0001612720,text,unresolved,truncated_source
SC 13D,"Enfusion, Inc.",1868912,2023-06-23,edgar/data/1868912/0001104659-23-074260.txt,pre,0001104659-23-074260,,2023-06-23T16:18:31,,,0001868912,text,unresolved,no_trigger_date
SC 13D,Azitra Inc,1701478,2023-07-03,edgar/data/1701478/0001104659-23-077572.txt,pre,0001104659-23-077572,,2023-07-03T15:04:58,,,0001701478,text,unresolved,truncated_source
SC 13D,Coliseum Acquisition Corp.,1847440,2023-07-05,edgar/data/1847440/0001104659-23-077914.txt,pre,0001104659-23-077914,2023-06-26,2023-07-05T11:33:44,2023-07-05,6.0,0001847440,text,resolved,ok
SC 13D,MedTech Acquisition Corp,1826667,2023-07-06,edgar/data/1826667/0001104659-23-078736.txt,pre,0001104659-23-078736,2023-06-26,2023-07-06T16:10:07,2023-07-06,7.0,0001826667,text,resolved,ok
SC 13D,Danaos Corp,1369241,2023-07-06,edgar/data/1369241/0001104659-23-078775.txt,pre,0001104659-23-078775,2023-06-26,2023-07-06T16:45:34,2023-07-06,7.0,0001322439,text,resolved,ok
SC 13D,"Ocean Power Technologies, Inc.",1378140,2023-07-07,edgar/data/1378140/0001104659-23-079128.txt,pre,0001104659-23-079128,2023-07-07,2023-07-07T16:15:11,2023-07-07,0.0,0001378140,text,resolved,ok
SC 13D,Gardiner Healthcare Acquisitions Corp.,1858912,2023-07-07,edgar/data/1858912/0001104659-23-079185.txt,pre,0001104659-23-079185,2023-06-29,2023-07-07T17:11:06,2023-07-07,5.0,0001858912,text,resolved,ok
SC 13D,Alpha Wealth Global Ltd,1984516,2023-07-10,edgar/data/1984516/0001104659-23-079278.txt,pre,0001104659-23-079278,,2023-07-10T06:14:57,,,0001729173,text,unresolved,no_trigger_date
SC 13D,"PGIM Private Real Estate Fund, Inc.",1875084,2023-07-14,edgar/data/1875084/0001104659-23-081301.txt,pre,0001104659-23-081301,,2023-07-14T17:17:34,,,0001875084,text,unresolved,no_trigger_date
SC 13D,Ivanhoe Electric Inc.,1879016,2023-07-17,edgar/data/1879016/0001104659-23-081632.txt,pre,0001104659-23-081632,2023-07-06,2023-07-17T16:13:22,2023-07-17,7.0,0001879016,text,resolved,ok
SC 13D,PGIM Private Credit Fund,1923622,2023-07-19,edgar/data/1923622/0001104659-23-082367.txt,pre,0001104659-23-082367,2023-07-14,2023-07-19T16:40:44,2023-07-19,3.0,0001923622,text,resolved,ok
SC 13D,"Atlanta Braves Holdings, Inc.",1958140,2023-07-20,edgar/data/1958140/0001104659-23-082463.txt,pre,0001104659-23-082463,,2023-07-19T19:15:25,,,0001958140,text,unresolved,no_trigger_date
SC 13D,Magnetar Financial LLC,1352851,2023-07-20,edgar/data/1352851/0001104659-23-082498.txt,pre,0001104659-23-082498,,2023-07-20T06:02:43,,,0001115128,text,unresolved,no_trigger_date
SC 13D,Durgun Cankut,1982322,2023-07-20,edgar/data/1982322/0001104659-23-082710.txt,pre,0001104659-23-082710,,2023-07-20T16:05:58,,,0001852767,text,unresolved,no_trigger_date
SC 13D,"Marti Technologies, Inc.",1852767,2023-07-20,edgar/data/1852767/0001104659-23-082711.txt,pre,0001104659-23-082711,,2023-07-20T16:06:31,,,0001852767,text,unresolved,no_trigger_date
SC 13D,"Marti Technologies, Inc.",1852767,2023-07-21,edgar/data/1852767/0001104659-23-082798.txt,pre,0001104659-23-082798,2023-07-10,2023-07-20T17:31:02,2023-07-21,9.0,0001852767,text,resolved,ok
SC 13D,"Apogee Therapeutics, Inc.",1974640,2023-07-21,edgar/data/1974640/0001104659-23-083070.txt,pre,0001104659-23-083070,,2023-07-21T16:31:10,,,0001974640,text,unresolved,no_trigger_date
SC 13D,"AG Mortgage Investment Trust, Inc.",1514281,2023-07-25,edgar/data/1514281/0001104659-23-083895.txt,pre,0001104659-23-083895,,2023-07-25T17:15:12,,,0001514281,text,unresolved,no_trigger_date
SC 13D,"Neoleukin Therapeutics, Inc.",1404644,2023-07-27,edgar/data/1404644/0001104659-23-084840.txt,pre,0001104659-23-084840,2023-07-17,2023-07-27T17:15:14,2023-07-27,8.0,0001404644,text,resolved,ok
SC 13D,"Apogee Therapeutics, Inc.",1974640,2023-07-28,edgar/data/1974640/0001104659-23-085333.txt,pre,0001104659-23-085333,,2023-07-28T16:15:21,,,0001974640,text,unresolved,no_trigger_date
SC 13D,Levine Alan D.,1967976,2023-07-31,edgar/data/1967976/0001104659-23-085788.txt,pre,0001104659-23-085788,2023-03-30,2023-07-31T15:13:35,2023-07-31,84.0,0001830188,text,resolved,ok
SC 13D,MARTIN ALLAN S.,1538825,2023-07-31,edgar/data/1538825/0001104659-23-085821.txt,pre,0001104659-23-085821,2023-07-20,2023-07-31T16:07:08,2023-07-31,7.0,0001584831,text,resolved,ok
SC 13D,Haymaker Acquisition Corp. 4,1970509,2023-08-07,edgar/data/1970509/0001104659-23-088406.txt,pre,0001104659-23-088406,,2023-08-07T17:07:18,,,0001970509,text,unresolved,no_trigger_date
SC 13D,"Franchise Group, Inc.",1528930,2023-08-08,edgar/data/1528930/0001104659-23-088656.txt,pre,0001104659-23-088656,2023-08-07,2023-08-08T09:08:57,2023-08-08,1.0,0001528930,text,resolved,ok
SC 13D,"Goodness Growth Holdings, Inc.",1771706,2023-08-10,edgar/data/1771706/0001104659-23-089455.txt,pre,0001104659-23-089455,2023-07-31,2023-08-10T06:04:50,2023-08-10,8.0,0001771706,text,resolved,ok
SC 13D,"Rscube Investment, LLC",1989270,2023-08-10,edgar/data/1989270/0001104659-23-089712.txt,pre,0001104659-23-089712,2023-07-31,2023-08-10T13:57:45,2023-08-10,8.0,0001499717,text,resolved,ok
SC 13D,VIQ Solutions Inc.,1777765,2023-08-14,edgar/data/1777765/0001104659-23-091411.txt,pre,0001104659-23-091411,2023-08-01,2023-08-14T16:30:54,2023-08-14,9.0,0001777765,text,resolved,ok
SC 13D,Metropolitan Bank Holding Corp.,1476034,2023-08-18,edgar/data/1476034/0001104659-23-093361.txt,pre,0001104659-23-093361,2023-08-15,2023-08-18T12:54:10,2023-08-18,3.0,0001476034,text,resolved,ok
SC 13D,TIAN RUIXIANG HOLDINGS LTD,1782941,2023-08-18,edgar/data/1782941/0001104659-23-093515.txt,pre,0001104659-23-093515,2023-08-08,2023-08-18T16:31:49,2023-08-18,8.0,0001782941,text,resolved,ok
SC 13D,"Decibel Therapeutics, Inc.",1656536,2023-08-18,edgar/data/1656536/0001104659-23-093555.txt,pre,0001104659-23-093555,2023-08-08,2023-08-18T17:16:09,2023-08-18,8.0,0001656536,text,resolved,ok
SC 13D,Arena Investors LP,1699673,2023-08-21,edgar/data/1699673/0001104659-23-093833.txt,pre,0001104659-23-093833,2023-08-21,2023-08-21T13:46:12,2023-08-21,0.0,0001277250,text,resolved,ok
SC 13D,AerSale Corp,1754170,2023-08-22,edgar/data/1754170/0001104659-23-094226.txt,pre,0001104659-23-094226,,2023-08-22T16:01:23,,,0001754170,text,unresolved,no_trigger_date
SC 13D,AerSale Corp,1754170,2023-08-22,edgar/data/1754170/0001104659-23-094229.txt,pre,0001104659-23-094229,,2023-08-22T16:02:33,,,0001754170,text,unresolved,no_trigger_date
SC 13D,Economou George,1308557,2023-08-25,edgar/data/1308557/0001104659-23-095104.txt,pre,0001104659-23-095104,2023-08-18,2023-08-25T07:21:34,2023-08-25,5.0,0001481241,text,resolved,ok
SC 13D,Chardan Gardiner LLC,1901525,2023-08-28,edgar/data/1901525/0001104659-23-095998.txt,pre,0001104659-23-095998,2023-08-16,2023-08-28T16:15:29,2023-08-28,8.0,0001858912,text,resolved,ok
SC 13D,"5AM Partners VII, LLC",1873545,2023-08-28,edgar/data/1873545/0001104659-23-096002.txt,pre,0001104659-23-096002,,2023-08-28T16:16:24,,,0001516551,text,unresolved,no_trigger_date
SC 13D,Barnhart Timothy W,1985365,2023-08-31,edgar/data/1985365/0001104659-23-097279.txt,pre,0001104659-23-097279,2023-07-07,2023-08-31T16:10:10,2023-08-31,39.0,0001426506,text,resolved,ok
SC 13D,Barnhart Bryan S,1985364,2023-08-31,edgar/data/1985364/0001104659-23-097280.txt,pre,0001104659-23-097280,,2023-08-31T16:10:29,,,0001426506,text,unresolved,no_trigger_date
SC 13D,"ARS Pharmaceuticals, Inc.",1671858,2023-08-31,edgar/data/1671858/0001104659-23-097323.txt,pre,0001104659-23-097323,2023-08-29,2023-08-31T17:25:13,2023-08-31,2.0,0001671858,text,resolved,ok
SC 13D,"GREP GP III, LLC",1950552,2023-09-01,edgar/data/1950552/0001104659-23-097616.txt,pre,0001104659-23-097616,,2023-09-01T12:35:01,,,0001928446,text,unresolved,truncated_source
SC 13D,"New Mountain Guardian IV BDC, L.L.C.",1925531,2023-09-01,edgar/data/1925531/0001104659-23-097775.txt,pre,0001104659-23-097775,,2023-09-01T16:16:15,,,0001925531,text,unresolved,truncated_source
SC 13D,Better Home & Finance Holding Co,1835856,2023-09-01,edgar/data/1835856/0001104659-23-097805.txt,pre,0001104659-23-097805,2023-08-22,2023-09-01T16:48:09,2023-09-01,8.0,0001835856,text,resolved,ok
SC 13D,"Runa Capital Fund II, L.P.",1964543,2023-09-11,edgar/data/1964543/0001104659-23-099755.txt,pre,0001104659-23-099755,,2023-09-11T17:22:00,,,0001964543,text,unresolved,truncated_source
SC 13D,MariaDB plc,1929589,2023-09-12,edgar/data/1929589/0001104659-23-099790.txt,pre,0001104659-23-099790,,2023-09-11T19:42:06,,,0001929589,text,unresolved,truncated_source
SC 13D,"Azenta, Inc.",933974,2023-09-14,edgar/data/933974/0001104659-23-100860.txt,pre,0001104659-23-100860,2023-09-08,2023-09-14T17:25:31,2023-09-14,4.0,0000933974,text,resolved,ok
SC 13D,FROST PHILLIP MD ET AL,898860,2023-09-15,edgar/data/898860/0001104659-23-101250.txt,pre,0001104659-23-101250,2023-09-11,2023-09-15T16:59:03,2023-09-15,4.0,0000888981,text,resolved,ok
SC 13D,"IF Bancorp, Inc.",1514743,2023-09-18,edgar/data/1514743/0001104659-23-101338.txt,pre,0001104659-23-101338,,2023-09-18T06:02:49,,,0001514743,text,unresolved,no_trigger_date
SC 13D,Economou George,1308557,2023-09-28,edgar/data/1308557/0001104659-23-104561.txt,pre,0001104659-23-104561,2023-09-18,2023-09-28T08:30:18,2023-09-28,8.0,0001869467,text,resolved,ok
SC 13D,FIRMENT SHIPPING INC.,1729200,2023-09-28,edgar/data/1729200/0001104659-23-104765.txt,pre,0001104659-23-104765,2023-09-18,2023-09-28T16:23:11,2023-09-28,8.0,0001499780,text,resolved,ok
SC 13D,BioXcel LLC,1651990,2023-09-28,edgar/data/1651990/0001104659-23-104803.txt,pre,0001104659-23-104803,,2023-09-28T17:00:21,,,0001720893,text,unresolved,truncated_source
SC 13D,First Eagle Private Credit Fund,1890107,2023-07-20,edgar/data/1890107/0001123292-23-000088.txt,pre,0001123292-23-000088,2023-07-10,2023-07-20T17:24:53,2023-07-20,8.0,0001890107,text,resolved,ok
SC 13D,Astellas US LLC,1989820,2023-08-14,edgar/data/1989820/0001123292-23-000096.txt,pre,0001123292-23-000096,2023-08-04,2023-08-14T16:41:15,2023-08-14,6.0,0001661460,text,resolved,ok
SC 13D,KKR FS Income Trust,1930679,2023-09-05,edgar/data/1930679/0001123292-23-000104.txt,pre,0001123292-23-000104,2023-08-29,2023-09-05T16:39:33,2023-09-05,4.0,0001930679,text,resolved,ok
SC 13D,GILL JAGROOP,1981173,2023-06-12,edgar/data/1981173/0001137547-23-000062.txt,pre,0001137547-23-000062,2023-06-01,2023-06-12T16:58:33,2023-06-12,7.0,0001137547,text,resolved,ok
SC 13D,Kensington Capital Acquisition Corp. V,1865407,2023-04-18,edgar/data/1865407/0001140361-23-018752.txt,pre,0001140361-23-018752,2023-04-06,2023-04-17T20:55:22,2023-04-18,8.0,0001865407,text,resolved,ok
SC 13D,Mango Shipping Corp.,1823731,2023-04-21,edgar/data/1823731/0001140361-23-019622.txt,pre,0001140361-23-019622,2023-02-17,2023-04-21T16:46:04,2023-04-21,44.0,0001481241,text,resolved,ok
SC 13D,Biosynex SA,1964166,2023-05-01,edgar/data/1964166/0001140361-23-021893.txt,pre,0001140361-23-021893,2023-04-27,2023-05-01T09:21:54,2023-05-01,2.0,0001092662,text,resolved,ok
SC 13D,HELIX ENERGY SOLUTIONS GROUP INC,866829,2023-05-12,edgar/data/866829/0001140361-23-024384.txt,pre,0001140361-23-024384,2023-05-02,2023-05-12T16:23:45,2023-05-12,8.0,0000866829,text,resolved,ok
SC 13D,Bitdeer Technologies Group,1899123,2023-05-31,edgar/data/1899123/0001140361-23-027362.txt,pre,0001140361-23-027362,2023-04-13,2023-05-31T06:09:00,2023-05-31,33.0,0001899123,text,resolved,ok
SC 13D,Bitdeer Technologies Group,1899123,2023-05-31,edgar/data/1899123/0001140361-23-027364.txt,pre,0001140361-23-027364,2023-04-13,2023-05-31T06:09:02,2023-05-31,33.0,0001899123,text,resolved,ok
SC 13D,Energy Growth Momentum GP II Ltd.,1979621,2023-06-02,edgar/data/1979621/0001140361-23-028095.txt,pre,0001140361-23-028095,2023-05-23,2023-06-02T17:00:20,2023-06-02,7.0,0001855447,text,resolved,ok
SC 13D,BANK OF AMERICA CORP /DE/,70858,2023-06-07,edgar/data/70858/0001140361-23-028749.txt,pre,0001140361-23-028749,2023-05-30,2023-06-07T14:09:53,2023-06-07,6.0,0001258943,text,resolved,ok
SC 13D,BANK OF AMERICA CORP /DE/,70858,2023-06-07,edgar/data/70858/0001140361-23-028756.txt,pre,0001140361-23-028756,2023-05-30,2023-06-07T14:15:45,2023-06-07,6.0,0001223026,text,resolved,ok
SC 13D,"GreenLight Biosciences Holdings, PBC",1822691,2023-06-08,edgar/data/1822691/0001140361-23-028989.txt,pre,0001140361-23-028989,2023-05-29,2023-06-08T17:10:16,2023-06-08,7.0,0001822691,text,resolved,ok
SC 13D,KKR Alternative Assets LLC,1820655,2023-06-09,edgar/data/1820655/0001140361-23-029145.txt,pre,0001140361-23-029145,2023-05-30,2023-06-09T16:30:51,2023-06-09,8.0,0001930679,text,resolved,ok
SC 13D,NET Power Inc.,1845437,2023-06-20,edgar/data/1845437/0001140361-23-030516.txt,pre,0001140361-23-030516,2023-06-08,2023-06-20T17:00:22,2023-06-20,7.0,0001845437,text,resolved,ok
SC 13D,Glencore plc,1521365,2023-06-22,edgar/data/1521365/0001140361-23-030960.txt,pre,0001140361-23-030960,2023-06-15,2023-06-22T16:36:01,2023-06-22,4.0,0001950246,text,resolved,ok
SC 13D,"BISON CAPITAL PARTNERS VI, L.P.",1900556,2023-06-28,edgar/data/1900556/0001140361-23-031758.txt,pre,0001140361-23-031758,2023-06-23,2023-06-27T21:23:15,2023-06-28,3.0,0000918251,text,resolved,ok
SC 13D,"Ramaco Resources, Inc.",1687187,2023-07-03,edgar/data/1687187/0001140361-23-032776.txt,pre,0001140361-23-032776,2023-06-21,2023-07-03T16:01:07,2023-07-03,8.0,0001687187,text,resolved,ok
SC 13D,Evolve Transition Infrastructure LP,1362705,2023-07-06,edgar/data/1362705/0001140361-23-033480.txt,pre,0001140361-23-033480,2023-06-26,2023-07-06T17:29:19,2023-07-06,7.0,0001362705,text,resolved,ok
SC 13D,Nuvve Holding Corp.,1836875,2023-07-07,edgar/data/1836875/0001140361-23-033518.txt,pre,0001140361-23-033518,2023-06-26,2023-07-06T20:30:27,2023-07-07,8.0,0001836875,text,resolved,ok
SC 13D,"GOLD FLORA CAPITAL, LLC",1983842,2023-07-17,edgar/data/1983842/0001140361-23-034834.txt,pre,0001140361-23-034834,2023-07-07,2023-07-17T17:27:53,2023-07-17,6.0,0001876945,text,resolved,ok
SC 13D,"FEPCF Founders Fund, L.P.",1979612,2023-07-20,edgar/data/1979612/0001140361-23-035439.txt,pre,0001140361-23-035439,,2023-07-20T16:22:21,,,0001890107,text,unresolved,no_trigger_date
SC 13D,BANK OF AMERICA CORP /DE/,70858,2023-07-24,edgar/data/70858/0001140361-23-035766.txt,pre,0001140361-23-035766,2023-07-12,2023-07-24T09:19:11,2023-07-24,8.0,0000818972,text,resolved,ok
SC 13D,BANK OF AMERICA CORP /DE/,70858,2023-07-24,edgar/data/70858/0001140361-23-035768.txt,pre,0001140361-23-035768,2023-07-12,2023-07-24T09:22:21,2023-07-24,8.0,0000839122,text,resolved,ok
SC 13D,BANK OF AMERICA CORP /DE/,70858,2023-07-24,edgar/data/70858/0001140361-23-035773.txt,pre,0001140361-23-035773,2023-07-12,2023-07-24T09:34:31,2023-07-24,8.0,0000855887,text,resolved,ok
SC 13D,CSI Compressco LP,1449488,2023-08-03,edgar/data/1449488/0001140361-23-037907.txt,pre,0001140361-23-037907,2023-07-24,2023-08-03T17:24:06,2023-08-03,8.0,0001449488,text,resolved,ok
SC 13D,"Monograph Capital Holdings Advisors, LLC",1988760,2023-08-04,edgar/data/1988760/0001140361-23-037975.txt,pre,0001140361-23-037975,2023-07-26,2023-08-04T08:56:21,2023-08-04,7.0,0001668243,text,resolved,ok
SC 13D,"LSB INDUSTRIES, INC.",60714,2023-08-07,edgar/data/60714/0001140361-23-038327.txt,pre,0001140361-23-038327,2023-07-28,2023-08-07T16:35:35,2023-08-07,6.0,0000060714,text,resolved,ok
SC 13D,"Franchise Group, Inc.",1528930,2023-08-08,edgar/data/1528930/0001140361-23-038604.txt,pre,0001140361-23-038604,2023-08-06,2023-08-08T17:00:54,2023-08-08,1.0,0001528930,text,resolved,ok
SC 13D,BERDING JOHN B,1196316,2023-08-08,edgar/data/1196316/0001140361-23-038605.txt,pre,0001140361-23-038605,2023-08-06,2023-08-08T17:00:54,2023-08-08,1.0,0001528930,text,resolved,ok
SC 13D,AMERICAN FINANCIAL GROUP INC,1042046,2023-08-08,edgar/data/1042046/0001140361-23-038606.txt,pre,0001140361-23-038606,2023-08-06,2023-08-08T17:00:57,2023-08-08,1.0,0001528930,text,resolved,ok
SC 13D,Beach Point Capital Management LP,1453885,2023-08-18,edgar/data/1453885/0001140361-23-040516.txt,pre,0001140361-23-040516,2023-08-11,2023-08-18T16:30:28,2023-08-18,5.0,0000028823,text,resolved,ok
SC 13D,"Harmony Biosciences Holdings, Inc.",1802665,2023-08-24,edgar/data/1802665/0001140361-23-041175.txt,pre,0001140361-23-041175,2023-08-14,2023-08-24T17:23:46,2023-08-24,8.0,0001621443,text,resolved,ok
SC 13D,AXAR CAPITAL MANAGEMENT L.P.,1650781,2023-08-30,edgar/data/1650781/0001140361-23-041850.txt,pre,0001140361-23-041850,2023-08-02,2023-08-30T17:06:49,2023-08-30,20.0,0001846084,text,resolved,ok
SC 13D,"Revance Therapeutics, Inc.",1479290,2023-09-01,edgar/data/1479290/0001140361-23-042206.txt,pre,0001140361-23-042206,2023-08-22,2023-09-01T09:12:59,2023-09-01,8.0,0001479290,text,resolved,ok
SC 13D,NextPlay Technologies Inc.,1372183,2023-09-01,edgar/data/1372183/0001140361-23-042385.txt,pre,0001140361-23-042385,2021-06-30,2023-09-01T16:30:30,2023-09-01,544.0,0001372183,text,resolved,ok
SC 13D,MITZELA CORP.,1992194,2023-09-01,edgar/data/1992194/0001140361-23-042410.txt,pre,0001140361-23-042410,2023-03-06,2023-09-01T17:04:28,2023-09-01,126.0,0001481241,text,resolved,ok
SC 13D,IMPEL PHARMACEUTICALS INC,1445499,2023-09-15,edgar/data/1445499/0001140361-23-044177.txt,pre,0001140361-23-044177,2023-09-05,2023-09-15T17:04:18,2023-09-15,8.0,0001445499,text,resolved,ok
SC 13D,NanoString Technologies Inc,1401708,2023-09-28,edgar/data/1401708/0001140361-23-045575.txt,pre,0001140361-23-045575,2023-09-27,2023-09-28T06:00:58,2023-09-28,1.0,0001401708,text,resolved,ok
SC 13D,Boscolo Intervest Ltd,1980769,2023-06-09,edgar/data/1980769/0001171843-23-003843.txt,pre,0001171843-23-003843,2023-05-29,2023-06-08T20:40:39,2023-06-09,8.0,0001822691,text,resolved,ok
SC 13D,"Ayala Pharmaceuticals, Inc.",1100397,2023-09-11,edgar/data/1100397/0001178913-23-003115.txt,pre,0001178913-23-003115,2023-09-01,2023-09-11T12:38:47,2023-09-11,5.0,0001100397,text,resolved,ok
SC 13D,Greenbrook TMS Inc.,1735948,2023-04-03,edgar/data/1735948/0001193125-23-089570.txt,pre,0001193125-23-089570,,2023-04-03T16:16:53,,,0001735948,text,unresolved,truncated_source
SC 13D,Eagle Point Credit Co Inc.,1604174,2023-04-04,edgar/data/1604174/0001193125-23-091045.txt,pre,0001193125-23-091045,,2023-04-04T17:29:57,,,0001604174,text,unresolved,no_trigger_date
SC 13D,BARER SOL J,1247015,2023-04-07,edgar/data/1247015/0001193125-23-095255.txt,pre,0001193125-23-095255,,2023-04-07T16:16:57,,,0001538210,text,unresolved,no_trigger_date
SC 13D,"CHEMBIO DIAGNOSTICS, INC.",1092662,2023-04-07,edgar/data/1092662/0001193125-23-095377.txt,pre,0001193125-23-095377,,2023-04-07T17:19:51,,,0001092662,text,unresolved,no_trigger_date
SC 13D,Bloom Retirement Holdings Inc.,1466992,2023-04-10,edgar/data/1466992/0001193125-23-096522.txt,pre,0001193125-23-096522,,2023-04-10T16:07:51,,,0001828937,text,unresolved,no_trigger_date
SC 13D,"Theravance Biopharma, Inc.",1583107,2023-04-12,edgar/data/1583107/0001193125-23-098992.txt,pre,0001193125-23-098992,,2023-04-12T13:51:56,,,0001583107,text,unresolved,no_trigger_date
SC 13D,NUVEEN MUNICIPAL HIGH INCOME OPPORTUNITY FUND,1266585,2023-04-12,edgar/data/1266585/0001193125-23-099257.txt,pre,0001193125-23-099257,,2023-04-12T16:25:00,,,0001266585,text,unresolved,truncated_source
SC 13D,Camerlinck Robert,1942114,2023-04-13,edgar/data/1942114/0001193125-23-099427.txt,pre,0001193125-23-099427,,2023-04-12T18:13:57,,,0001800682,text,unresolved,no_trigger_date
SC 13D,HUBERMAN JONATHAN,1228716,2023-04-17,edgar/data/1228716/0001193125-23-103752.txt,pre,0001193125-23-103752,,2023-04-17T16:49:50,,,0001841800,text,unresolved,no_trigger_date
SC 13D,Loumaye Ernest,1731550,2023-04-17,edgar/data/1731550/0001193125-23-103795.txt,pre,0001193125-23-103795,,2023-04-17T17:00:00,,,0001685316,text,unresolved,no_trigger_date
SC 13D,Atlantic Coastal Acquisition Corp. II,1893219,2023-04-20,edgar/data/1893219/0001193125-23-106986.txt,pre,0001193125-23-106986,,2023-04-20T06:01:50,,,0001893219,text,unresolved,no_trigger_date
SC 13D,GOFF JOHN C,1040463,2023-04-20,edgar/data/1040463/0001193125-23-108497.txt,pre,0001193125-23-108497,,2023-04-20T17:26:59,,,0001714562,text,unresolved,no_trigger_date
SC 13D,"Blue & Silver Ventures, Ltd.",1972219,2023-04-21,edgar/data/1972219/0001193125-23-110737.txt,pre,0001193125-23-110737,,2023-04-21T17:22:56,,,0001714562,text,unresolved,no_trigger_date
SC 13D,"Cerevel Therapeutics Holdings, Inc.",1805387,2023-04-21,edgar/data/1805387/0001193125-23-110738.txt,pre,0001193125-23-110738,,2023-04-21T17:23:51,,,0001805387,text,unresolved,no_trigger_date
SC 13D,Madison Square Garden Entertainment Corp.,1952073,2023-04-24,edgar/data/1952073/0001193125-23-110816.txt,pre,0001193125-23-110816,,2023-04-21T18:52:27,,,0001499832,text,unresolved,no_trigger_date
SC 13D,EBRAHIMI FARHAD FRED,1071351,2023-04-27,edgar/data/1071351/0001193125-23-121503.txt,pre,0001193125-23-121503,,2023-04-27T13:26:00,,,0001597313,text,unresolved,no_trigger_date
SC 13D,DOLAN CHARLES F,935761,2023-04-28,edgar/data/935761/0001193125-23-127417.txt,pre,0001193125-23-127417,,2023-04-28T16:51:54,,,0001952073,text,unresolved,truncated_source
SC 13D,AlpInvest Partners B.V.,1512910,2023-05-10,edgar/data/1512910/0001193125-23-140847.txt,pre,0001193125-23-140847,,2023-05-10T17:02:57,,,0000876883,text,unresolved,no_trigger_date
SC 13D,"NSG III GP, LLC",1973246,2023-05-10,edgar/data/1973246/0001193125-23-140885.txt,pre,0001193125-23-140885,,2023-05-10T17:20:57,,,0001753368,text,unresolved,no_trigger_date
SC 13D,"DG Capital Management, LLC",1512716,2023-05-15,edgar/data/1512716/0001193125-23-145010.txt,pre,0001193125-23-145010,,2023-05-15T16:14:53,,,0000742112,text,unresolved,no_trigger_date
SC 13D,INVACARE HOLDINGS Corp,742112,2023-05-15,edgar/data/742112/0001193125-23-145021.txt,pre,0001193125-23-145021,,2023-05-15T16:15:53,,,0000742112,text,unresolved,no_trigger_date
SC 13D,INVACARE HOLDINGS Corp,742112,2023-05-15,edgar/data/742112/0001193125-23-145039.txt,pre,0001193125-23-145039,,2023-05-15T16:18:27,,,0000742112,text,unresolved,no_trigger_date
SC 13D,Endurant Capital Management LP,1633055,2023-05-15,edgar/data/1633055/0001193125-23-145160.txt,pre,0001193125-23-145160,,2023-05-15T17:05:55,,,0000742112,text,unresolved,no_trigger_date
SC 13D,PERCEPTIVE ADVISORS LLC,1224962,2023-05-18,edgar/data/1224962/0001193125-23-148210.txt,pre,0001193125-23-148210,,2023-05-18T16:32:02,,,0001484565,text,unresolved,no_trigger_date
SC 13D,"LENSAR, Inc.",1320350,2023-05-19,edgar/data/1320350/0001193125-23-148809.txt,pre,0001193125-23-148809,,2023-05-19T08:00:51,,,0001320350,text,unresolved,no_trigger_date
SC 13D,"ACELYRIN, Inc.",1962918,2023-05-19,edgar/data/1962918/0001193125-23-149279.txt,pre,0001193125-23-149279,,2023-05-19T16:00:51,,,0001962918,text,unresolved,no_trigger_date
SC 13D,ALTA EQUIPMENT GROUP INC.,1759824,2023-05-19,edgar/data/1759824/0001193125-23-149422.txt,pre,0001193125-23-149422,,2023-05-19T16:44:58,,,0001759824,text,unresolved,no_trigger_date
SC 13D,Black Robe Capital LLC,1977553,2023-05-23,edgar/data/1977553/0001193125-23-151524.txt,pre,0001193125-23-151524,,2023-05-23T12:49:56,,,0001042418,text,unresolved,no_trigger_date
SC 13D,Global Technology Acquisition Corp. I,1848821,2023-05-23,edgar/data/1848821/0001193125-23-151950.txt,pre,0001193125-23-151950,,2023-05-23T17:23:53,,,0001848821,text,unresolved,no_trigger_date
SC 13D,BAIRD BRENT D,1082769,2023-05-25,edgar/data/1082769/0001193125-23-154272.txt,pre,0001193125-23-154272,,2023-05-25T16:31:02,,,0000819913,text,unresolved,no_trigger_date
SC 13D,Aristocrat Leisure Ltd.,1831875,2023-05-25,edgar/data/1831875/0001193125-23-154362.txt,pre,0001193125-23-154362,,2023-05-25T17:20:33,,,0001821349,text,unresolved,no_trigger_date
SC 13D,"Desktop Metal, Inc.",1754820,2023-05-30,edgar/data/1754820/0001193125-23-156298.txt,pre,0001193125-23-156298,,2023-05-30T12:00:57,,,0001754820,text,unresolved,no_trigger_date
SC 13D,"Franklin Square Holdings, L.P.",1697432,2023-05-31,edgar/data/1697432/0001193125-23-157906.txt,pre,0001193125-23-157906,,2023-05-31T16:31:56,,,0001930679,text,unresolved,no_trigger_date
SC 13D,Gary W. Rollins Foundation,1979718,2023-06-01,edgar/data/1979718/0001193125-23-159071.txt,pre,0001193125-23-159071,,2023-06-01T17:28:26,,,0001725430,text,unresolved,no_trigger_date
SC 13D,Clal Biotechnology Industries Ltd.,1468950,2023-06-02,edgar/data/1468950/0001193125-23-159948.txt,pre,0001193125-23-159948,,2023-06-02T17:12:57,,,0001855447,text,unresolved,no_trigger_date
SC 13D,"GreenLight Biosciences Holdings, PBC",1822691,2023-06-06,edgar/data/1822691/0001193125-23-161140.txt,pre,0001193125-23-161140,,2023-06-06T06:05:58,,,0001822691,text,unresolved,truncated_source
SC 13D,"GreenLight Biosciences Holdings, PBC",1822691,2023-06-07,edgar/data/1822691/0001193125-23-162630.txt,pre,0001193125-23-162630,,2023-06-07T16:58:25,,,0001822691,text,unresolved,no_trigger_date
SC 13D,"GreenLight Biosciences Holdings, PBC",1822691,2023-06-08,edgar/data/1822691/0001193125-23-163154.txt,pre,0001193125-23-163154,,2023-06-08T10:13:51,,,0001822691,text,unresolved,truncated_source
SC 13D,"GreenLight Biosciences Holdings, PBC",1822691,2023-06-08,edgar/data/1822691/0001193125-23-163210.txt,pre,0001193125-23-163210,,2023-06-08T11:34:27,,,0001822691,text,unresolved,truncated_source
SC 13D,Gonzalez May Carlos Alfredo,1980214,2023-06-08,edgar/data/1980214/0001193125-23-163324.txt,pre,0001193125-23-163324,,2023-06-08T14:05:27,,,0001822691,text,unresolved,truncated_source
SC 13D,"GreenLight Biosciences Holdings, PBC",1822691,2023-06-08,edgar/data/1822691/0001193125-23-163353.txt,pre,0001193125-23-163353,,2023-06-08T14:35:59,,,0001822691,text,unresolved,truncated_source
SC 13D,"GreenLight Biosciences Holdings, PBC",1822691,2023-06-08,edgar/data/1822691/0001193125-23-163507.txt,pre,0001193125-23-163507,,2023-06-08T16:10:58,,,0001822691,text,unresolved,truncated_source
SC 13D,Board of Trustees of The Leland Stanford Junior University,1315828,2023-06-08,edgar/data/1315828/0001193125-23-163625.txt,pre,0001193125-23-163625,,2023-06-08T17:23:55,,,0001822691,text,unresolved,no_trigger_date
SC 13D,"Builders Vision, LLC",1785504,2023-06-08,edgar/data/1785504/0001193125-23-163628.txt,pre,0001193125-23-163628,,2023-06-08T17:28:49,,,0001822691,text,unresolved,no_trigger_date
SC 13D,Pretzel Logic BV,1979380,2023-06-09,edgar/data/1979380/0001193125-23-164537.txt,pre,0001193125-23-164537,,2023-06-09T16:57:50,,,0000797721,text,unresolved,no_trigger_date
SC 13D,VIASAT INC,797721,2023-06-09,edgar/data/797721/0001193125-23-164539.txt,pre,0001193125-23-164539,,2023-06-09T16:59:26,,,0000797721,text,unresolved,no_trigger_date
SC 13D,TRITON LUXTOPHOLDING SARL,1980512,2023-06-09,edgar/data/1980512/0001193125-23-164541.txt,pre,0001193125-23-164541,,2023-06-09T16:59:57,,,0000797721,text,unresolved,no_trigger_date
SC 13D,Clal Biotechnology Industries Ltd.,1468950,2023-06-12,edgar/data/1468950/0001193125-23-165265.txt,pre,0001193125-23-165265,,2023-06-12T16:01:50,,,0001601485,text,unresolved,no_trigger_date
SC 13D,"Cibus, Inc.",1705843,2023-06-12,edgar/data/1705843/0001193125-23-165439.txt,pre,0001193125-23-165439,,2023-06-12T17:21:27,,,0001705843,text,unresolved,no_trigger_date
SC 13D,"Cibus, Inc.",1705843,2023-06-12,edgar/data/1705843/0001193125-23-165440.txt,pre,0001193125-23-165440,,2023-06-12T17:22:56,,,0001705843,text,unresolved,no_trigger_date
SC 13D,"Cibus, Inc.",1705843,2023-06-12,edgar/data/1705843/0001193125-23-165448.txt,pre,0001193125-23-165448,,2023-06-12T17:28:58,,,0001705843,text,unresolved,no_trigger_date
SC 13D,BioImpact Capital LLC,1687078,2023-06-12,edgar/data/1687078/0001193125-23-165450.txt,pre,0001193125-23-165450,,2023-06-12T17:30:28,,,0001865482,text,unresolved,no_trigger_date
SC 13D,BIRKS GROUP INC.,1179821,2023-06-13,edgar/data/1179821/0001193125-23-166062.txt,pre,0001193125-23-166062,,2023-06-13T16:35:55,,,0001179821,text,unresolved,no_trigger_date
SC 13D,Furneaux Carol,1981286,2023-06-14,edgar/data/1981286/0001193125-23-166204.txt,pre,0001193125-23-166204,,2023-06-13T19:49:58,,,0001822691,text,unresolved,truncated_source
SC 13D,Beneficient,1775734,2023-06-14,edgar/data/1775734/0001193125-23-166839.txt,pre,0001193125-23-166839,,2023-06-14T16:01:51,,,0001775734,text,unresolved,no_trigger_date
SC 13D,Beneficient,1775734,2023-06-15,edgar/data/1775734/0001193125-23-166999.txt,pre,0001193125-23-166999,,2023-06-14T18:20:25,,,0001775734,text,unresolved,no_trigger_date
SC 13D,Beneficient,1775734,2023-06-15,edgar/data/1775734/0001193125-23-167005.txt,pre,0001193125-23-167005,,2023-06-14T18:27:00,,,0001775734,text,unresolved,no_trigger_date
SC 13D,"Novalis LifeSciences Investments II, L.P.",1890017,2023-06-15,edgar/data/1890017/0001193125-23-167917.txt,pre,0001193125-23-167917,,2023-06-15T16:17:49,,,0001850079,text,unresolved,no_trigger_date
SC 13D,"Bracebridge Capital, LLC",1426486,2023-06-16,edgar/data/1426486/0001193125-23-169098.txt,pre,0001193125-23-169098,,2023-06-16T17:04:56,,,0001567892,text,unresolved,no_trigger_date
SC 13D,Alta Fundamental Advisers LLC,1641604,2023-06-16,edgar/data/1641604/0001193125-23-169117.txt,pre,0001193125-23-169117,,2023-06-16T17:15:26,,,0001567892,text,unresolved,no_trigger_date
SC 13D,NEXTIER OILFIELD SOLUTIONS INC.,1688476,2023-06-23,edgar/data/1688476/0001193125-23-173801.txt,pre,0001193125-23-173801,,2023-06-23T16:05:26,,,0001688476,text,unresolved,no_trigger_date
SC 13D,"Old Town Gelato, LLC",1982622,2023-06-26,edgar/data/1982622/0001193125-23-175247.txt,pre,0001193125-23-175247,,2023-06-26T17:14:27,,,0001753368,text,unresolved,no_trigger_date
SC 13D,"ATI Physical Therapy, Inc.",1815849,2023-06-27,edgar/data/1815849/0001193125-23-175496.txt,pre,0001193125-23-175496,,2023-06-27T06:03:56,,,0001815849,text,unresolved,no_trigger_date
SC 13D,"Orilla Asset Management, S.L.",1981744,2023-06-29,edgar/data/1981744/0001193125-23-178119.txt,pre,0001193125-23-178119,,2023-06-29T09:03:57,,,0001866501,text,unresolved,no_trigger_date
SC 13D,Domino Michael Wayne Jr.,1981953,2023-06-30,edgar/data/1981953/0001193125-23-180262.txt,pre,0001193125-23-180262,,2023-06-30T14:42:49,,,0001884516,text,unresolved,no_trigger_date
SC 13D,Drilling Tools International Corp,1884516,2023-06-30,edgar/data/1884516/0001193125-23-180295.txt,pre,0001193125-23-180295,,2023-06-30T15:03:55,,,0001884516,text,unresolved,no_trigger_date
SC 13D,Drilling Tools International Corp,1884516,2023-06-30,edgar/data/1884516/0001193125-23-180524.txt,pre,0001193125-23-180524,,2023-06-30T16:51:51,,,0001884516,text,unresolved,no_trigger_date
SC 13D,"Aeglea BioTherapeutics, Inc.",1636282,2023-06-30,edgar/data/1636282/0001193125-23-180612.txt,pre,0001193125-23-180612,,2023-06-30T17:24:26,,,0001636282,text,unresolved,no_trigger_date
SC 13D,Nicol Ronald Lee,1952798,2023-07-06,edgar/data/1952798/0001193125-23-182772.txt,pre,0001193125-23-182772,,2023-07-06T16:05:27,,,0001814215,text,unresolved,no_trigger_date
SC 13D,Immunome Inc.,1472012,2023-07-07,edgar/data/1472012/0001193125-23-183372.txt,pre,0001193125-23-183372,,2023-07-07T08:39:29,,,0001472012,text,unresolved,truncated_source
SC 13D,Boehringer AG,1984047,2023-07-07,edgar/data/1984047/0001193125-23-183809.txt,pre,0001193125-23-183809,,2023-07-07T16:18:56,,,0001598646,text,unresolved,no_trigger_date
SC 13D,IRONWOOD PHARMACEUTICALS INC,1446847,2023-07-07,edgar/data/1446847/0001193125-23-183814.txt,pre,0001193125-23-183814,,2023-07-07T16:21:49,,,0001836379,text,unresolved,no_trigger_date
SC 13D,ELI LILLY & Co,59478,2023-07-07,edgar/data/59478/0001193125-23-183831.txt,pre,0001193125-23-183831,,2023-07-07T16:33:26,,,0001821323,text,unresolved,no_trigger_date
SC 13D,Forbion Capital Fund IV Cooperatief U.A.,1823747,2023-07-07,edgar/data/1823747/0001193125-23-183868.txt,pre,0001193125-23-183868,,2023-07-07T17:00:26,,,0001936258,text,unresolved,no_trigger_date
SC 13D,"Abacus Life, Inc.",1814287,2023-07-10,edgar/data/1814287/0001193125-23-184159.txt,pre,0001193125-23-184159,,2023-07-10T06:06:57,,,0001814287,text,unresolved,no_trigger_date
SC 13D,"Abacus Life, Inc.",1814287,2023-07-10,edgar/data/1814287/0001193125-23-184160.txt,pre,0001193125-23-184160,,2023-07-10T06:07:27,,,0001814287,text,unresolved,no_trigger_date
SC 13D,"Abacus Life, Inc.",1814287,2023-07-10,edgar/data/1814287/0001193125-23-184164.txt,pre,0001193125-23-184164,,2023-07-10T06:09:28,,,0001814287,text,unresolved,no_trigger_date
SC 13D,"Abacus Life, Inc.",1814287,2023-07-10,edgar/data/1814287/0001193125-23-184169.txt,pre,0001193125-23-184169,,2023-07-10T06:12:26,,,0001814287,text,unresolved,no_trigger_date
SC 13D,"Abacus Life, Inc.",1814287,2023-07-10,edgar/data/1814287/0001193125-23-184573.txt,pre,0001193125-23-184573,,2023-07-10T16:01:56,,,0001814287,text,unresolved,no_trigger_date
SC 13D,"GEN Restaurant Group, Inc.",1891856,2023-07-10,edgar/data/1891856/0001193125-23-184653.txt,pre,0001193125-23-184653,,2023-07-10T16:32:49,,,0001891856,text,unresolved,no_trigger_date
SC 13D,"GEN Restaurant Group, Inc.",1891856,2023-07-10,edgar/data/1891856/0001193125-23-184683.txt,pre,0001193125-23-184683,,2023-07-10T16:36:56,,,0001891856,text,unresolved,no_trigger_date
SC 13D,"GEN Restaurant Group, Inc.",1891856,2023-07-10,edgar/data/1891856/0001193125-23-184693.txt,pre,0001193125-23-184693,,2023-07-10T16:37:57,,,0001891856,text,unresolved,no_trigger_date
SC 13D,"GEN Restaurant Group, Inc.",1891856,2023-07-10,edgar/data/1891856/0001193125-23-184697.txt,pre,0001193125-23-184697,,2023-07-10T16:38:56,,,0001891856,text,unresolved,no_trigger_date
SC 13D,"GEN Restaurant Group, Inc.",1891856,2023-07-10,edgar/data/1891856/0001193125-23-184701.txt,pre,0001193125-23-184701,,2023-07-10T16:40:56,,,0001891856,text,unresolved,no_trigger_date
SC 13D,Chang Jae,1982034,2023-07-10,edgar/data/1982034/0001193125-23-184724.txt,pre,0001193125-23-184724,,2023-07-10T16:50:55,,,0001891856,text,unresolved,no_trigger_date
SC 13D,"Cano Health, Inc.",1800682,2023-07-17,edgar/data/1800682/0001193125-23-188194.txt,pre,0001193125-23-188194,,2023-07-17T17:05:55,,,0001802450,text,unresolved,no_trigger_date
SC 13D,J.P. Morgan Investment Management Inc.,1363391,2023-07-24,edgar/data/1363391/0001193125-23-192365.txt,pre,0001193125-23-192365,,2023-07-24T17:18:26,,,0001940499,text,unresolved,no_trigger_date
SC 13D,"Clear Channel Outdoor Holdings, Inc.",1334978,2023-07-26,edgar/data/1334978/0001193125-23-194614.txt,pre,0001193125-23-194614,,2023-07-26T16:15:56,,,0001334978,text,unresolved,no_trigger_date
SC 13D,AIM ImmunoTech Inc.,946644,2023-07-27,edgar/data/946644/0001193125-23-196184.txt,pre,0001193125-23-196184,,2023-07-27T17:01:58,,,0000946644,text,unresolved,no_trigger_date
SC 13D,C3is Inc.,1951067,2023-07-28,edgar/data/1951067/0001193125-23-197771.txt,pre,0001193125-23-197771,,2023-07-28T16:45:25,,,0001951067,text,unresolved,no_trigger_date
SC 13D,"MFN Partners, LP",1732960,2023-07-31,edgar/data/1732960/0001193125-23-198475.txt,pre,0001193125-23-198475,,2023-07-31T06:08:49,,,0000716006,text,unresolved,no_trigger_date
SC 13D,Turnstone Biologics Corp.,1764974,2023-08-03,edgar/data/1764974/0001193125-23-202936.txt,pre,0001193125-23-202936,,2023-08-03T16:41:25,,,0001764974,text,unresolved,no_trigger_date
SC 13D,Flawless Management Inc.,1328920,2023-08-04,edgar/data/1328920/0001193125-23-203973.txt,pre,0001193125-23-203973,,2023-08-04T17:00:26,,,0001876581,text,unresolved,no_trigger_date
SC 13D,Lo Dennis Yuk Ming,1988954,2023-08-07,edgar/data/1988954/0001193125-23-204775.txt,pre,0001193125-23-204775,,2023-08-07T12:48:25,,,0001876431,text,unresolved,no_trigger_date
SC 13D,BIOGEN INC.,875045,2023-08-07,edgar/data/875045/0001193125-23-205093.txt,pre,0001193125-23-205093,,2023-08-07T17:21:58,,,0001358762,text,unresolved,no_trigger_date
SC 13D,"Electriq Power Holdings, Inc.",1827871,2023-08-10,edgar/data/1827871/0001193125-23-209204.txt,pre,0001193125-23-209204,,2023-08-10T17:27:55,,,0001827871,text,unresolved,no_trigger_date
SC 13D,"Construction Partners, Inc.",1718227,2023-08-11,edgar/data/1718227/0001193125-23-210733.txt,pre,0001193125-23-210733,,2023-08-11T16:13:55,,,0001718227,text,unresolved,no_trigger_date
SC 13D,"Franchise Group, Inc.",1528930,2023-08-11,edgar/data/1528930/0001193125-23-210864.txt,pre,0001193125-23-210864,,2023-08-11T16:54:55,,,0001528930,text,unresolved,no_trigger_date
SC 13D,"Cano Health, Inc.",1800682,2023-08-11,edgar/data/1800682/0001193125-23-210964.txt,pre,0001193125-23-210964,,2023-08-11T17:23:57,,,0001800682,text,unresolved,no_trigger_date
SC 13D,OCHIAI YOICHI,1989641,2023-08-14,edgar/data/1989641/0001193125-23-212304.txt,pre,0001193125-23-212304,,2023-08-14T16:06:27,,,0001962845,text,unresolved,no_trigger_date
SC 13D,Blantyre Capital Ltd,1887451,2023-08-16,edgar/data/1887451/0001193125-23-214405.txt,pre,0001193125-23-214405,,2023-08-16T17:25:26,,,0001377630,text,unresolved,no_trigger_date
SC 13D,"BCPE Bridge Cayman, L.P.",1846240,2023-08-17,edgar/data/1846240/0001193125-23-214419.txt,pre,0001193125-23-214419,,2023-08-16T17:35:57,,,0001807192,text,unresolved,truncated_source
SC 13D,Chindata Group Holdings Ltd,1807192,2023-08-17,edgar/data/1807192/0001193125-23-214541.txt,pre,0001193125-23-214541,,2023-08-16T20:48:04,,,0001807192,text,unresolved,no_trigger_date
SC 13D,"AVID TECHNOLOGY, INC.",896841,2023-08-18,edgar/data/896841/0001193125-23-215944.txt,pre,0001193125-23-215944,,2023-08-18T16:01:58,,,0000896841,text,unresolved,no_trigger_date
SC 13D,Chindata Group Holdings Ltd,1807192,2023-08-21,edgar/data/1807192/0001193125-23-216632.txt,pre,0001193125-23-216632,,2023-08-21T08:32:01,,,0001807192,text,unresolved,no_trigger_date
SC 13D,"Grove Collaborative Holdings, Inc.",1841761,2023-08-21,edgar/data/1841761/0001193125-23-216960.txt,pre,0001193125-23-216960,,2023-08-21T16:09:56,,,0001841761,text,unresolved,no_trigger_date
SC 13D,Frankenius Equity AB,1988262,2023-08-21,edgar/data/1988262/0001193125-23-216997.txt,pre,0001193125-23-216997,,2023-08-21T16:33:57,,,0001826667,text,unresolved,no_trigger_date
SC 13D,"TriSalus Life Sciences, Inc.",1826667,2023-08-21,edgar/data/1826667/0001193125-23-217001.txt,pre,0001193125-23-217001,,2023-08-21T16:36:30,,,0001826667,text,unresolved,no_trigger_date
SC 13D,APG Asset Management N.V.,1434819,2023-08-21,edgar/data/1434819/0001193125-23-217054.txt,pre,0001193125-23-217054,,2023-08-21T17:07:25,,,0001807192,text,unresolved,no_trigger_date
SC 13D,MATLIN DAVID J,1251956,2023-08-21,edgar/data/1251956/0001193125-23-217070.txt,pre,0001193125-23-217070,,2023-08-21T17:17:48,,,0001826667,text,unresolved,no_trigger_date
SC 13D,Exor N.V.,1589122,2023-08-23,edgar/data/1589122/0001193125-23-218810.txt,pre,0001193125-23-218810,,2023-08-23T12:44:28,,,0000313216,text,unresolved,truncated_source
SC 13D,"Activant Ventures Advisors III, LLC",1992147,2023-09-01,edgar/data/1992147/0001193125-23-227622.txt,pre,0001193125-23-227622,,2023-09-01T16:01:31,,,0001835856,text,unresolved,no_trigger_date
SC 13D,Better Home & Finance Holding Co,1835856,2023-09-01,edgar/data/1835856/0001193125-23-227730.txt,pre,0001193125-23-227730,,2023-09-01T17:01:56,,,0001835856,text,unresolved,no_trigger_date
SC 13D,Athyrium Opportunities IV Acquisition 2 LP,1888848,2023-09-05,edgar/data/1888848/0001193125-23-228094.txt,pre,0001193125-23-228094,,2023-09-05T07:45:25,,,0001739426,text,unresolved,no_trigger_date
SC 13D,"Birch-OR Equity Holdings, LLC",1990826,2023-09-06,edgar/data/1990826/0001193125-23-229666.txt,pre,0001193125-23-229666,,2023-09-06T16:31:31,,,0001734713,text,unresolved,truncated_source
SC 13D,"Nant Capital, LLC",1675758,2023-09-07,edgar/data/1675758/0001193125-23-230776.txt,pre,0001193125-23-230776,,2023-09-07T17:27:56,,,0001566469,text,unresolved,no_trigger_date
SC 13D,Atlas Energy Solutions Inc.,1910950,2023-09-15,edgar/data/1910950/0001193125-23-235719.txt,pre,0001193125-23-235719,,2023-09-15T07:29:27,,,0001910950,text,unresolved,no_trigger_date
SC 13D,BRF S.A.,1122491,2023-09-21,edgar/data/1122491/0001193125-23-239559.txt,pre,0001193125-23-239559,,2023-09-21T16:05:28,,,0001122491,text,unresolved,no_trigger_date
SC 13D,"Dianthus Therapeutics, Inc. /DE/",1690585,2023-09-21,edgar/data/1690585/0001193125-23-239624.txt,pre,0001193125-23-239624,,2023-09-21T16:32:27,,,0001690585,text,unresolved,no_trigger_date
SC 13D,"Dianthus Therapeutics, Inc. /DE/",1690585,2023-09-21,edgar/data/1690585/0001193125-23-239627.txt,pre,0001193125-23-239627,,2023-09-21T16:34:28,,,0001690585,text,unresolved,no_trigger_date
SC 13D,Atlas Energy Solutions Inc.,1910950,2023-09-22,edgar/data/1910950/0001193125-23-240427.txt,pre,0001193125-23-240427,,2023-09-22T15:23:56,,,0001910950,text,unresolved,no_trigger_date
SC 13D,PIMCO CALIFORNIA MUNICIPAL INCOME FUND,1140411,2023-09-22,edgar/data/1140411/0001193125-23-240640.txt,pre,0001193125-23-240640,,2023-09-22T17:18:49,,,0001140411,text,unresolved,truncated_source
SC 13D,PIMCO MUNICIPAL INCOME FUND,1140392,2023-09-22,edgar/data/1140392/0001193125-23-240652.txt,pre,0001193125-23-240652,,2023-09-22T17:23:49,,,0001140392,text,unresolved,truncated_source
SC 13D,Redwood Enhanced Income Corp.,1870267,2023-09-25,edgar/data/1870267/0001193125-23-241091.txt,pre,0001193125-23-241091,,2023-09-25T11:46:48,,,0001870267,text,unresolved,no_trigger_date
SC 13D,ALLIANCEBERNSTEIN NATIONAL MUNICIPAL INCOME FUND,1162027,2023-09-25,edgar/data/1162027/0001193125-23-241338.txt,pre,0001193125-23-241338,,2023-09-25T16:14:50,,,0001162027,text,unresolved,truncated_source
SC 13D,"NantHealth, Inc.",1566469,2023-09-26,edgar/data/1566469/0001193125-23-242622.txt,pre,0001193125-23-242622,,2023-09-26T17:27:57,,,0001566469,text,unresolved,no_trigger_date
SC 13D,AMGEN INC,318154,2023-09-27,edgar/data/318154/0001193125-23-243053.txt,pre,0001193125-23-243053,,2023-09-27T07:30:51,,,0001885522,text,unresolved,no_trigger_date
SC 13D,"Cox Investment Holdings, Inc.",1852349,2023-09-27,edgar/data/1852349/0001193125-23-243668.txt,pre,0001193125-23-243668,,2023-09-27T16:05:49,,,0001819516,text,unresolved,no_trigger_date
SC 13D,SCLX Stock Acquisition JV LLC,1994894,2023-09-29,edgar/data/1994894/0001193125-23-247412.txt,pre,0001193125-23-247412,,2023-09-29T16:15:30,,,0001820190,text,unresolved,no_trigger_date
SC 13D,"Cano Health, Inc.",1800682,2023-04-05,edgar/data/1800682/0001193805-23-000497.txt,pre,0001193805-23-000497,2023-04-02,2023-04-04T21:40:12,2023-04-05,2.0,0001800682,text,resolved,ok
SC 13D,Leveen Calgary Granger,1917192,2023-05-16,edgar/data/1917192/0001193805-23-000737.txt,pre,0001193805-23-000737,2023-04-22,2023-05-16T13:28:50,2023-05-16,16.0,0001527541,text,resolved,ok
SC 13D,"ACM Research, Inc.",1680062,2023-06-13,edgar/data/1680062/0001193805-23-000851.txt,pre,0001193805-23-000851,2023-05-29,2023-06-13T17:02:25,2023-06-13,10.0,0001680062,text,resolved,ok
SC 13D,ALGONQUIN POWER & UTILITIES CORP.,1174169,2023-06-30,edgar/data/1174169/0001193805-23-000930.txt,pre,0001193805-23-000930,2023-06-20,2023-06-30T08:30:39,2023-06-30,8.0,0001174169,text,resolved,ok
SC 13D,TORO 18 HOLDINGS LLC,1970265,2023-07-03,edgar/data/1970265/0001193805-23-000935.txt,pre,0001193805-23-000935,2023-06-21,2023-07-03T09:00:39,2023-07-03,8.0,0000101984,text,resolved,ok
SC 13D,"Bloomin' Brands, Inc.",1546417,2023-08-18,edgar/data/1546417/0001193805-23-001197.txt,pre,0001193805-23-001197,2023-08-08,2023-08-18T08:00:30,2023-08-18,8.0,0001546417,text,resolved,ok
SC 13D,STADIUM CAPITAL MANAGEMENT LLC,1105087,2023-08-25,edgar/data/1105087/0001193805-23-001215.txt,pre,0001193805-23-001215,2023-08-22,2023-08-25T09:00:25,2023-08-25,3.0,0000827187,text,resolved,ok
SC 13D,"American Outdoor Brands, Inc.",1808997,2023-08-30,edgar/data/1808997/0001193805-23-001235.txt,pre,0001193805-23-001235,2023-08-11,2023-08-30T09:18:16,2023-08-30,13.0,0001808997,text,resolved,ok
SC 13D,Emirates Telecommunications Group Co PJSC,1923223,2023-04-24,edgar/data/1923223/0001208646-23-000059.txt,pre,0001208646-23-000059,,2023-04-24T16:42:55,,,0000839923,text,unresolved,no_trigger_date
SC 13D,Mathews Anil,1949690,2023-04-03,edgar/data/1949690/0001213900-23-026269.txt,pre,0001213900-23-026269,2023-03-23,2023-04-03T16:06:25,2023-04-03,7.0,0001826671,text,resolved,ok
SC 13D,"AiAdvertising, Inc.",743758,2023-04-20,edgar/data/743758/0001213900-23-031351.txt,pre,0001213900-23-031351,2023-04-10,2023-04-20T17:01:07,2023-04-20,8.0,0000743758,text,resolved,ok
SC 13D,"Cyclo Therapeutics, Inc.",922247,2023-05-11,edgar/data/922247/0001213900-23-038578.txt,pre,0001213900-23-038578,2023-05-02,2023-05-11T16:48:15,2023-05-11,7.0,0000922247,text,resolved,ok
SC 13D,"Franchise Group, Inc.",1528930,2023-05-11,edgar/data/1528930/0001213900-23-038595.txt,pre,0001213900-23-038595,2023-05-10,2023-05-11T17:04:10,2023-05-11,1.0,0001528930,text,resolved,ok
SC 13D,LEDECKY JONATHAN J,1008382,2023-05-17,edgar/data/1008382/0001213900-23-040863.txt,pre,0001213900-23-040863,2023-03-03,2023-05-17T16:30:32,2023-05-17,53.0,0001835814,text,resolved,ok
SC 13D,LEDECKY JONATHAN J,1008382,2023-05-17,edgar/data/1008382/0001213900-23-040864.txt,pre,0001213900-23-040864,2023-03-03,2023-05-17T16:30:36,2023-05-17,53.0,0001835817,text,resolved,ok
SC 13D,GLORY STAR NEW MEDIA GROUP HOLDINGS Ltd,1738758,2023-05-19,edgar/data/1738758/0001213900-23-041299.txt,pre,0001213900-23-041299,2023-05-09,2023-05-19T06:18:45,2023-05-19,8.0,0001738758,text,resolved,ok
SC 13D,MARINEMAX INC,1057060,2023-05-26,edgar/data/1057060/0001213900-23-043557.txt,pre,0001213900-23-043557,2023-05-16,2023-05-26T16:38:10,2023-05-26,8.0,0001057060,text,resolved,ok
SC 13D,Automobile Services Group Ltd,1978272,2023-05-30,edgar/data/1978272/0001213900-23-043991.txt,pre,0001213900-23-043991,2023-05-17,2023-05-30T16:05:20,2023-05-30,8.0,0001936804,text,resolved,ok
SC 13D,Kakaopay Corp,1971612,2023-05-30,edgar/data/1971612/0001213900-23-044009.txt,pre,0001213900-23-044009,2023-05-18,2023-05-30T16:15:13,2023-05-30,7.0,0000065596,text,resolved,ok
SC 13D,SOLENO THERAPEUTICS INC,1484565,2023-06-01,edgar/data/1484565/0001213900-23-045092.txt,pre,0001213900-23-045092,,2023-06-01T17:00:19,,,0001484565,text,unresolved,no_trigger_date
SC 13D,"HeartBeam, Inc.",1779372,2023-06-02,edgar/data/1779372/0001213900-23-045646.txt,pre,0001213900-23-045646,2023-05-02,2023-06-02T14:36:13,2023-06-02,22.0,0001779372,text,resolved,ok
SC 13D,ALON ZVI,1084951,2023-06-02,edgar/data/1084951/0001213900-23-045829.txt,pre,0001213900-23-045829,2023-05-23,2023-06-02T17:02:30,2023-06-02,7.0,0001855447,text,resolved,ok
SC 13D,Frommer Jeffrey,1979054,2023-06-02,edgar/data/1979054/0001213900-23-045856.txt,pre,0001213900-23-045856,2023-05-24,2023-06-02T17:27:14,2023-06-02,6.0,0001807846,text,resolved,ok
SC 13D,Metalpha Technology Holding Ltd,1682241,2023-06-07,edgar/data/1682241/0001213900-23-046970.txt,pre,0001213900-23-046970,2023-05-29,2023-06-07T07:37:04,2023-06-07,6.0,0001682241,text,resolved,ok
SC 13D,Pasithea Therapeutics Corp.,1841330,2023-06-08,edgar/data/1841330/0001213900-23-047253.txt,pre,0001213900-23-047253,2023-06-02,2023-06-07T18:29:12,2023-06-08,4.0,0001841330,text,resolved,ok
SC 13D,CONTINENTAL GRAIN CO,929607,2023-06-08,edgar/data/929607/0001213900-23-047535.txt,pre,0001213900-23-047535,2023-05-29,2023-06-08T17:18:40,2023-06-08,7.0,0001822691,text,resolved,ok
SC 13D,"CLS Therapeutics, LLC",1951493,2023-06-15,edgar/data/1951493/0001213900-23-049318.txt,pre,0001213900-23-049318,2023-06-14,2023-06-15T17:20:05,2023-06-15,1.0,0001534525,text,resolved,ok
SC 13D,DATASEA INC.,1631282,2023-06-16,edgar/data/1631282/0001213900-23-049683.txt,pre,0001213900-23-049683,2021-12-31,2023-06-16T16:30:13,2023-06-16,365.0,0001631282,text,resolved,ok
SC 13D,DATASEA INC.,1631282,2023-06-16,edgar/data/1631282/0001213900-23-049685.txt,pre,0001213900-23-049685,2021-12-31,2023-06-16T16:30:53,2023-06-16,365.0,0001631282,text,resolved,ok
SC 13D,DATASEA INC.,1631282,2023-06-16,edgar/data/1631282/0001213900-23-049686.txt,pre,0001213900-23-049686,2023-05-08,2023-06-16T16:31:24,2023-06-16,28.0,0001631282,text,resolved,ok
SC 13D,Heyu Biological Technology Corp,1086303,2023-06-20,edgar/data/1086303/0001213900-23-049802.txt,pre,0001213900-23-049802,2023-05-17,2023-06-16T21:53:43,2023-06-20,22.0,0001086303,text,resolved,ok
SC 13D,Planet Green Holdings Corp.,1117057,2023-06-21,edgar/data/1117057/0001213900-23-050481.txt,pre,0001213900-23-050481,2022-07-20,2023-06-21T16:01:03,2023-06-21,230.0,0001117057,text,resolved,ok
SC 13D,"Chicago Atlantic Credit Opportunities, LLC",1862016,2023-07-14,edgar/data/1862016/0001213900-23-056973.txt,pre,0001213900-23-056973,2023-04-28,2023-07-14T10:48:12,2023-07-14,52.0,0001771706,text,resolved,ok
SC 13D,Fresh2 Group Ltd,1786511,2023-07-27,edgar/data/1786511/0001213900-23-060261.txt,pre,0001213900-23-060261,2023-07-17,2023-07-27T16:10:19,2023-07-27,8.0,0001786511,text,resolved,ok
SC 13D,"AEON Biopharma, Inc.",1837607,2023-07-28,edgar/data/1837607/0001213900-23-060427.txt,pre,0001213900-23-060427,,2023-07-28T07:55:51,,,0001837607,text,unresolved,no_trigger_date
SC 13D,Baudis Pavel,1911036,2023-07-28,edgar/data/1911036/0001213900-23-060435.txt,pre,0001213900-23-060435,2022-09-12,2023-07-28T08:21:32,2023-07-28,219.0,0000849399,text,resolved,ok
SC 13D,Healthwell Acquisition Corp. I,1845013,2023-07-31,edgar/data/1845013/0001213900-23-061280.txt,pre,0001213900-23-061280,2023-07-21,2023-07-31T16:05:27,2023-07-31,6.0,0001845013,text,resolved,ok
SC 13D,"PSQ Holdings, Inc.",1847064,2023-07-31,edgar/data/1847064/0001213900-23-061334.txt,pre,0001213900-23-061334,2023-07-19,2023-07-31T16:55:16,2023-07-31,8.0,0001847064,text,resolved,ok
SC 13D,Harris Sebastian,1985186,2023-07-31,edgar/data/1985186/0001213900-23-061336.txt,pre,0001213900-23-061336,2023-07-19,2023-07-31T16:55:52,2023-07-31,8.0,0001847064,text,resolved,ok
SC 13D,"PSQ Holdings, Inc.",1847064,2023-07-31,edgar/data/1847064/0001213900-23-061361.txt,pre,0001213900-23-061361,2023-07-19,2023-07-31T17:19:26,2023-07-31,8.0,0001847064,text,resolved,ok
SC 13D,Beneficient,1775734,2023-08-11,edgar/data/1775734/0001213900-23-065964.txt,pre,0001213900-23-065964,2023-08-01,2023-08-11T10:50:11,2023-08-11,8.0,0001775734,text,resolved,ok
SC 13D,"RumbleOn, Inc.",1596961,2023-08-11,edgar/data/1596961/0001213900-23-066230.txt,pre,0001213900-23-066230,2023-08-03,2023-08-11T16:05:29,2023-08-11,6.0,0001596961,text,resolved,ok
SC 13D,"LogicMark, Inc.",1566826,2023-08-16,edgar/data/1566826/0001213900-23-068201.txt,pre,0001213900-23-068201,2023-08-07,2023-08-16T16:05:35,2023-08-16,7.0,0001566826,text,resolved,ok
SC 13D,Liao Jinqi,1989736,2023-08-25,edgar/data/1989736/0001213900-23-070822.txt,pre,0001213900-23-070822,2023-07-31,2023-08-25T13:22:54,2023-08-25,19.0,0001896511,text,resolved,ok
SC 13D,ZKGC New Energy Ltd,1896511,2023-08-25,edgar/data/1896511/0001213900-23-070824.txt,pre,0001213900-23-070824,2023-07-31,2023-08-25T13:24:54,2023-08-25,19.0,0001896511,text,resolved,ok
SC 13D,Dune Acquisition Corp,1817232,2023-08-25,edgar/data/1817232/0001213900-23-070958.txt,pre,0001213900-23-070958,2023-08-16,2023-08-25T17:00:40,2023-08-25,7.0,0001817232,text,resolved,ok
SC 13D,Able View Global Inc.,1957489,2023-08-28,edgar/data/1957489/0001213900-23-071269.txt,pre,0001213900-23-071269,2023-08-17,2023-08-28T16:42:02,2023-08-28,7.0,0001957489,text,resolved,ok
SC 13D,"Charles & Potomac Capital, LLC",1990211,2023-08-29,edgar/data/1990211/0001213900-23-071415.txt,pre,0001213900-23-071415,2023-08-20,2023-08-29T07:00:36,2023-08-29,6.0,0001646188,text,resolved,ok
SC 13D,"NeuBase Therapeutics, Inc.",1173281,2023-08-31,edgar/data/1173281/0001213900-23-072694.txt,pre,0001213900-23-072694,2023-08-22,2023-08-31T11:50:42,2023-08-31,7.0,0001173281,text,resolved,ok
SC 13D,Able View Global Inc.,1957489,2023-09-05,edgar/data/1957489/0001213900-23-073941.txt,pre,0001213900-23-073941,2023-08-17,2023-09-05T16:55:37,2023-09-05,12.0,0001957489,text,resolved,ok
SC 13D,AKUMIN INC.,1776197,2023-09-05,edgar/data/1776197/0001213900-23-074003.txt,pre,0001213900-23-074003,2021-09-01,2023-09-05T17:23:18,2023-09-05,501.0,0001776197,text,resolved,ok
SC 13D,Heyu Biological Technology Corp,1086303,2023-09-07,edgar/data/1086303/0001213900-23-074985.txt,pre,0001213900-23-074985,2023-09-01,2023-09-07T16:15:05,2023-09-07,3.0,0001086303,text,resolved,ok
SC 13D,Heyu Biological Technology Corp,1086303,2023-09-07,edgar/data/1086303/0001213900-23-074986.txt,pre,0001213900-23-074986,2023-09-01,2023-09-07T16:15:05,2023-09-07,3.0,0001086303,text,resolved,ok
SC 13D,Malik Omeed,1865734,2023-09-08,edgar/data/1865734/0001213900-23-075448.txt,pre,0001213900-23-075448,2023-07-19,2023-09-08T17:00:03,2023-09-08,36.0,0001847064,text,resolved,ok
SC 13D,Aptose Biosciences Inc.,882361,2023-09-12,edgar/data/882361/0001213900-23-075818.txt,pre,0001213900-23-075818,2023-09-06,2023-09-11T18:23:03,2023-09-12,4.0,0000882361,text,resolved,ok
SC 13D,"Invesco Commercial Real Estate Finance Trust, Inc.",1976927,2023-09-18,edgar/data/1976927/0001213900-23-077143.txt,pre,0001213900-23-077143,2023-09-05,2023-09-15T20:55:41,2023-09-18,9.0,0001976927,text,resolved,ok
SC 13D,"Invesco Commercial Real Estate Finance Trust, Inc.",1976927,2023-09-18,edgar/data/1976927/0001213900-23-077144.txt,pre,0001213900-23-077144,2023-09-05,2023-09-15T20:59:30,2023-09-18,9.0,0001976927,text,resolved,ok
SC 13D,"Invesco Commercial Real Estate Finance Trust, Inc.",1976927,2023-09-18,edgar/data/1976927/0001213900-23-077149.txt,pre,0001213900-23-077149,2023-09-05,2023-09-15T21:29:48,2023-09-18,9.0,0001976927,text,resolved,ok
SC 13D,"Invesco Commercial Real Estate Finance Trust, Inc.",1976927,2023-09-18,edgar/data/1976927/0001213900-23-077151.txt,pre,0001213900-23-077151,2023-09-05,2023-09-15T21:33:01,2023-09-18,9.0,0001976927,text,resolved,ok
SC 13D,Nano Labs Ltd,1872302,2023-09-22,edgar/data/1872302/0001213900-23-078499.txt,pre,0001213900-23-078499,2023-09-13,2023-09-22T06:21:27,2023-09-22,7.0,0001872302,text,resolved,ok
SC 13D,Kong Jianping,1802732,2023-09-22,edgar/data/1802732/0001213900-23-078502.txt,pre,0001213900-23-078502,2023-09-13,2023-09-22T06:26:12,2023-09-22,7.0,0001872302,text,resolved,ok
SC 13D,SPANGENBERG ERICH,1331984,2023-09-27,edgar/data/1331984/0001213900-23-079675.txt,pre,0001213900-23-079675,2023-09-11,2023-09-26T20:48:12,2023-09-27,12.0,0001833498,text,resolved,ok
SC 13D,Check-Cap Ltd,1610590,2023-09-29,edgar/data/1610590/0001213900-23-080917.txt,pre,0001213900-23-080917,2023-09-11,2023-09-29T13:46:52,2023-09-29,14.0,0001610590,text,resolved,ok
SC 13D,CUTERA INC,1162461,2023-04-13,edgar/data/1162461/0001214659-23-005311.txt,pre,0001214659-23-005311,2023-04-12,2023-04-12T21:29:45,2023-04-13,1.0,0001162461,text,resolved,ok
SC 13D,Enochian Biosciences Inc,1527728,2023-05-19,edgar/data/1527728/0001214659-23-007572.txt,pre,0001214659-23-007572,2018-02-16,2023-05-19T17:00:48,2023-05-19,1345.0,0001527728,text,resolved,ok
SC 13D,"Atea Pharmaceuticals, Inc.",1593899,2023-05-22,edgar/data/1593899/0001214659-23-007616.txt,pre,0001214659-23-007616,2023-05-22,2023-05-22T09:00:25,2023-05-22,0.0,0001593899,text,resolved,ok
SC 13D,Rain Oncology Inc.,1724979,2023-06-01,edgar/data/1724979/0001214659-23-008178.txt,pre,0001214659-23-008178,2023-05-24,2023-06-01T16:50:45,2023-06-01,5.0,0001724979,text,resolved,ok
SC 13D,GELLER MARSHALL S,925236,2023-06-08,edgar/data/925236/0001214659-23-008365.txt,pre,0001214659-23-008365,2023-05-12,2023-06-08T16:25:22,2023-06-08,18.0,0001104038,text,resolved,ok
SC 13D,325 CAPITAL LLC,1873893,2023-06-09,edgar/data/1873893/0001214659-23-008382.txt,pre,0001214659-23-008382,2023-05-18,2023-06-09T16:00:11,2023-06-09,15.0,0000918251,text,resolved,ok
SC 13D,325 CAPITAL LLC,1873893,2023-06-15,edgar/data/1873893/0001214659-23-008523.txt,pre,0001214659-23-008523,2023-06-05,2023-06-15T16:00:24,2023-06-15,8.0,0001819253,text,resolved,ok
SC 13D,Alianza Minerals Ltd.,1409036,2023-08-09,edgar/data/1409036/0001217160-23-000060.txt,pre,0001217160-23-000060,2023-08-08,2023-08-08T20:57:30,2023-08-09,1.0,0001409036,text,resolved,ok
SC 13D,Alianza Minerals Ltd.,1409036,2023-08-10,edgar/data/1409036/0001217160-23-000062.txt,pre,0001217160-23-000062,2023-08-09,2023-08-10T15:44:11,2023-08-10,1.0,0001409036,text,resolved,ok
SC 13D,Boos Wayne W,1987877,2023-08-01,edgar/data/1987877/0001235126-23-000032.txt,pre,0001235126-23-000032,2023-07-19,2023-08-01T16:46:36,2023-08-01,9.0,0000064463,text,resolved,ok
SC 13D,Boos Wayne W,1987877,2023-08-01,edgar/data/1987877/0001235126-23-000033.txt,pre,0001235126-23-000033,2023-07-20,2023-08-01T16:59:52,2023-08-01,8.0,0001780785,text,resolved,ok
SC 13D,CRUDEN STANLEY C,1291984,2023-08-22,edgar/data/1291984/0001291984-23-000006.txt,pre,0001291984-23-000006,2023-04-17,2023-08-22T10:08:12,2023-08-22,88.0,0001512922,text,resolved,ok
SC 13D,"BioCardia, Inc.",925741,2023-05-25,edgar/data/925741/0001332596-23-000001.txt,pre,0001332596-23-000001,2023-05-22,2023-05-24T18:01:55,2023-05-25,3.0,0000925741,text,resolved,ok
SC 13D,GIC Private Ltd,936828,2023-04-11,edgar/data/936828/0001341004-23-000109.txt,pre,0001341004-23-000109,2023-03-31,2023-04-10T18:08:08,2023-04-11,7.0,0001095651,text,resolved,ok
SC 13D,Better Home & Finance Holding Co,1835856,2023-09-01,edgar/data/1835856/0001341004-23-000216.txt,pre,0001341004-23-000216,2023-08-22,2023-09-01T10:42:10,2023-09-01,8.0,0001835856,text,resolved,ok
SC 13D,Better Home & Finance Holding Co,1835856,2023-09-01,edgar/data/1835856/0001341004-23-000218.txt,pre,0001341004-23-000218,2023-08-22,2023-09-01T09:42:50,2023-09-01,8.0,0001835856,text,resolved,ok
SC 13D,"1/0 Mortgage Investment, LLC",1991075,2023-09-01,edgar/data/1991075/0001341004-23-000222.txt,pre,0001341004-23-000222,2023-08-22,2023-09-01T14:57:42,2023-09-01,8.0,0001835856,text,resolved,ok
SC 13D,"Ameritek Ventures, Inc.",1530185,2023-04-18,edgar/data/1530185/0001376474-23-000205.txt,pre,0001376474-23-000205,2023-04-17,2023-04-18T09:38:07,2023-04-18,1.0,0001530185,text,resolved,ok
SC 13D,"Super League Gaming, Inc.",1621672,2023-06-01,edgar/data/1621672/0001387131-23-007149.txt,pre,0001387131-23-007149,,2023-06-01T16:21:02,,,0001621672,text,unresolved,no_trigger_date
SC 13D,"Hoak Public Equities, LP",1360554,2023-06-23,edgar/data/1360554/0001387131-23-007740.txt,pre,0001387131-23-007740,2023-06-15,2023-06-23T09:02:41,2023-06-23,5.0,0001275158,text,resolved,ok
SC 13D,Enrich Jose Miguel,1878117,2023-06-26,edgar/data/1878117/0001387131-23-007872.txt,pre,0001387131-23-007872,,2023-06-26T17:27:17,,,0001862068,text,unresolved,no_trigger_date
SC 13D,CHASE CORP,830524,2023-08-02,edgar/data/830524/0001389404-23-000004.txt,pre,0001389404-23-000004,2023-07-21,2023-08-02T17:26:06,2023-08-02,8.0,0000830524,text,resolved,ok
SC 13D,Cell MedX Corp.,1493712,2023-09-07,edgar/data/1493712/0001393905-23-000326.txt,pre,0001393905-23-000326,2022-02-11,2023-09-07T17:00:48,2023-09-07,393.0,0001493712,text,resolved,ok
SC 13D,SHAH CAPITAL MANAGEMENT,1383838,2023-04-17,edgar/data/1383838/0001398344-23-007377.txt,pre,0001398344-23-007377,2023-04-17,2023-04-17T06:00:08,2023-04-17,0.0,0001468091,text,resolved,ok
SC 13D,NOVAVAX INC,1000694,2023-04-27,edgar/data/1000694/0001398344-23-007941.txt,pre,0001398344-23-007941,2023-04-26,2023-04-27T14:52:43,2023-04-27,1.0,0001000694,text,resolved,ok
SC 13D,Capital World Investors,1422849,2023-08-21,edgar/data/1422849/0001422849-23-000154.txt,pre,0001422849-23-000154,2023-08-11,2023-08-21T13:06:21,2023-08-21,6.0,0000028823,text,resolved,ok
SC 13D,AKIN THOMAS B,1026505,2023-05-03,edgar/data/1026505/0001437749-23-012341.txt,pre,0001437749-23-012341,2015-03-01,2023-05-03T16:43:23,2023-05-03,2107.0,0001447380,text,resolved,ok
SC 13D,"Blue Apron Holdings, Inc.",1701114,2023-06-20,edgar/data/1701114/0001437749-23-017846.txt,pre,0001437749-23-017846,2023-06-09,2023-06-20T16:15:23,2023-06-20,6.0,0001701114,text,resolved,ok
SC 13D,Ayers Katherine,1976543,2023-06-28,edgar/data/1976543/0001437749-23-018777.txt,pre,0001437749-23-018777,2022-09-07,2023-06-28T16:48:45,2023-06-28,201.0,0001976543,text,resolved,ok
SC 13D,ALAM JOHN J,1197014,2023-08-28,edgar/data/1197014/0001437749-23-024725.txt,pre,0001437749-23-024725,2023-08-16,2023-08-25T18:41:45,2023-08-28,8.0,0001053691,text,resolved,ok
SC 13D,CervoMed Inc.,1053691,2023-08-28,edgar/data/1053691/0001437749-23-024727.txt,pre,0001437749-23-024727,2023-08-16,2023-08-25T19:34:10,2023-08-28,8.0,0001053691,text,resolved,ok
SC 13D,"Guerrilla RF, Inc.",1832487,2023-09-15,edgar/data/1832487/0001437749-23-025999.txt,pre,0001437749-23-025999,2023-09-06,2023-09-15T14:05:08,2023-09-15,7.0,0001832487,text,resolved,ok
SC 13D,"Color Up, LLC",1879127,2023-09-06,edgar/data/1879127/0001472375-23-000131.txt,pre,0001472375-23-000131,2023-08-25,2023-09-05T18:20:21,2023-09-06,7.0,0001847874,text,resolved,ok
SC 13D,Burke Robert David,1973753,2023-04-14,edgar/data/1973753/0001477932-23-002546.txt,pre,0001477932-23-002546,2023-04-14,2023-04-14T13:51:31,2023-04-14,0.0,0001622057,text,resolved,ok
SC 13D,FCCC INC,730669,2023-05-05,edgar/data/730669/0001477932-23-003124.txt,pre,0001477932-23-003124,2023-03-29,2023-05-05T09:30:17,2023-05-05,27.0,0000730669,text,resolved,ok
SC 13D,"GOLDENWELL BIOTECH, INC.",1800373,2023-05-23,edgar/data/1800373/0001477932-23-003912.txt,pre,0001477932-23-003912,2023-04-27,2023-05-23T12:00:35,2023-05-23,18.0,0001800373,text,resolved,ok
SC 13D,"GOLDENWELL BIOTECH, INC.",1800373,2023-05-23,edgar/data/1800373/0001477932-23-003934.txt,pre,0001477932-23-003934,2021-04-30,2023-05-23T16:42:09,2023-05-23,515.0,0001800373,text,resolved,ok
SC 13D,"GOLDENWELL BIOTECH, INC.",1800373,2023-05-23,edgar/data/1800373/0001477932-23-003936.txt,pre,0001477932-23-003936,2021-04-30,2023-05-23T16:43:24,2023-05-23,515.0,0001800373,text,resolved,ok
SC 13D,"Evil Empire Designs, Inc.",1759424,2023-07-07,edgar/data/1759424/0001477932-23-005128.txt,pre,0001477932-23-005128,2023-06-29,2023-07-07T16:16:18,2023-07-07,5.0,0001759424,text,resolved,ok
SC 13D,"AEON Biopharma, Inc.",1837607,2023-07-31,edgar/data/1837607/0001477932-23-005629.txt,pre,0001477932-23-005629,2023-07-21,2023-07-31T16:45:03,2023-07-31,6.0,0001837607,text,resolved,ok
SC 13D,American Resources Corp,1590715,2023-08-28,edgar/data/1590715/0001477932-23-006486.txt,pre,0001477932-23-006486,2023-08-15,2023-08-28T06:08:58,2023-08-28,9.0,0001590715,text,resolved,ok
SC 13D,American Resources Corp,1590715,2023-08-28,edgar/data/1590715/0001477932-23-006487.txt,pre,0001477932-23-006487,2023-08-15,2023-08-28T06:09:48,2023-08-28,9.0,0001590715,text,resolved,ok
SC 13D,Cyber Apps World,1230524,2023-09-11,edgar/data/1230524/0001477932-23-006768.txt,pre,0001477932-23-006768,2023-08-23,2023-09-08T17:55:01,2023-09-11,12.0,0001230524,text,resolved,ok
SC 13D,Sageworth Trust Co,1482688,2023-06-26,edgar/data/1482688/0001482688-23-000006.txt,pre,0001482688-23-000006,,2023-06-26T10:44:37,,,0001482688,text,unresolved,no_trigger_date
SC 13D,Sageworth Trust Co,1482688,2023-07-19,edgar/data/1482688/0001482688-23-000008.txt,pre,0001482688-23-000008,,2023-07-19T10:39:28,,,0001482688,text,unresolved,no_trigger_date
SC 13D,Sageworth Trust Co,1482688,2023-09-11,edgar/data/1482688/0001482688-23-000011.txt,pre,0001482688-23-000011,,2023-09-11T12:55:39,,,0001482688,text,unresolved,no_trigger_date
SC 13D,Partner Colorado Credit Union,1949751,2023-04-10,edgar/data/1949751/0001493152-23-011602.txt,pre,0001493152-23-011602,2023-03-29,2023-04-07T18:36:12,2023-04-10,8.0,0001854963,text,resolved,ok
SC 13D,2TM Holding LP,1920169,2023-04-10,edgar/data/1920169/0001493152-23-011705.txt,pre,0001493152-23-011705,2023-03-30,2023-04-10T16:14:06,2023-04-10,7.0,0001879851,text,resolved,ok
SC 13D,AMERICAN INTERNATIONAL HOLDINGS CORP.,1300524,2023-04-13,edgar/data/1300524/0001493152-23-012178.txt,pre,0001493152-23-012178,2023-02-15,2023-04-13T17:29:43,2023-04-13,40.0,0001300524,text,resolved,ok
SC 13D,Grover Vikram P,1777459,2023-04-14,edgar/data/1777459/0001493152-23-012231.txt,pre,0001493152-23-012231,2023-04-12,2023-04-14T10:50:37,2023-04-14,2.0,0001409624,text,resolved,ok
SC 13D,AGGIA FZ LLC,1974311,2023-04-19,edgar/data/1974311/0001493152-23-012826.txt,pre,0001493152-23-012826,2023-03-27,2023-04-18T19:01:51,2023-04-19,17.0,0001701756,text,resolved,ok
SC 13D,Antelope Enterprise Holdings Ltd,1470683,2023-04-20,edgar/data/1470683/0001493152-23-013108.txt,pre,0001493152-23-013108,2023-04-12,2023-04-20T16:59:29,2023-04-20,6.0,0001470683,text,resolved,ok
SC 13D,Choo Chee Kong,1970632,2023-04-21,edgar/data/1970632/0001493152-23-013202.txt,pre,0001493152-23-013202,2023-04-14,2023-04-21T15:16:23,2023-04-21,5.0,0001873093,text,resolved,ok
SC 13D,Stauss John,1974593,2023-04-27,edgar/data/1974593/0001493152-23-013867.txt,pre,0001493152-23-013867,2023-04-14,2023-04-27T17:17:32,2023-04-27,9.0,0001901297,text,resolved,ok
SC 13D,Stauss Eric,1974676,2023-04-27,edgar/data/1974676/0001493152-23-013870.txt,pre,0001493152-23-013870,2023-04-14,2023-04-27T17:18:43,2023-04-27,9.0,0001901297,text,resolved,ok
SC 13D,Stauss Kurt,1974677,2023-04-27,edgar/data/1974677/0001493152-23-013872.txt,pre,0001493152-23-013872,2023-04-14,2023-04-27T17:19:35,2023-04-27,9.0,0001901297,text,resolved,ok
SC 13D,Wyler Robert,1974693,2023-04-27,edgar/data/1974693/0001493152-23-013875.txt,pre,0001493152-23-013875,2023-04-14,2023-04-27T17:20:44,2023-04-27,9.0,0001901297,text,resolved,ok
SC 13D,GoldMining Inc.,1538847,2023-04-28,edgar/data/1538847/0001493152-23-014037.txt,pre,0001493152-23-014037,2023-04-21,2023-04-27T21:17:22,2023-04-28,5.0,0001947244,text,resolved,ok
SC 13D,Cohen Jacob D.,1432078,2023-05-03,edgar/data/1432078/0001493152-23-015231.txt,pre,0001493152-23-015231,2023-04-10,2023-05-02T20:55:03,2023-05-03,17.0,0001938046,text,resolved,ok
SC 13D,Deng Conglin,1873464,2023-05-04,edgar/data/1873464/0001493152-23-015388.txt,pre,0001493152-23-015388,2023-04-10,2023-05-04T09:28:56,2023-05-04,18.0,0001864055,text,resolved,ok
SC 13D,"GLD SPONSOR MEMBER, LLC",1976495,2023-05-11,edgar/data/1976495/0001493152-23-016333.txt,pre,0001493152-23-016333,2023-04-25,2023-05-11T13:08:27,2023-05-11,12.0,0001855351,text,resolved,ok
SC 13D,Kovalik Edward,1606277,2023-05-15,edgar/data/1606277/0001493152-23-017534.txt,pre,0001493152-23-017534,2023-05-03,2023-05-15T17:19:13,2023-05-15,8.0,0001162896,text,resolved,ok
SC 13D,CytoMed Therapeutics Ltd,1873093,2023-05-19,edgar/data/1873093/0001493152-23-018344.txt,pre,0001493152-23-018344,2023-04-14,2023-05-19T16:20:43,2023-05-19,25.0,0001873093,text,resolved,ok
SC 13D,Chan Wai Ho,1934204,2023-05-22,edgar/data/1934204/0001493152-23-018500.txt,pre,0001493152-23-018500,2023-05-22,2023-05-22T14:14:39,2023-05-22,0.0,0001881472,text,resolved,ok
SC 13D,"Chen Sze Hon, Johnson",1934205,2023-05-22,edgar/data/1934205/0001493152-23-018502.txt,pre,0001493152-23-018502,2023-05-22,2023-05-22T14:16:00,2023-05-22,0.0,0001881472,text,resolved,ok
SC 13D,Chan Heng Fai Ambrose,1261725,2023-05-23,edgar/data/1261725/0001493152-23-018733.txt,pre,0001493152-23-018733,2023-05-04,2023-05-23T16:30:55,2023-05-23,13.0,0001644488,text,resolved,ok
SC 13D,"Strong Global Entertainment, Inc.",1893448,2023-06-01,edgar/data/1893448/0001493152-23-019727.txt,pre,0001493152-23-019727,2023-05-18,2023-06-01T06:10:16,2023-06-01,9.0,0001893448,text,resolved,ok
SC 13D,Ingriselli Frank C,1415554,2023-06-05,edgar/data/1415554/0001493152-23-020107.txt,pre,0001493152-23-020107,2023-06-02,2023-06-05T16:05:26,2023-06-05,1.0,0001898766,text,resolved,ok
SC 13D,Bello John,1693098,2023-06-07,edgar/data/1693098/0001493152-23-020380.txt,pre,0001493152-23-020380,2023-05-25,2023-06-07T14:25:20,2023-06-07,8.0,0001140215,text,resolved,ok
SC 13D,Bright Green Corp,1886799,2023-06-15,edgar/data/1886799/0001493152-23-021443.txt,pre,0001493152-23-021443,2023-05-30,2023-06-15T16:30:21,2023-06-15,12.0,0001886799,text,resolved,ok
SC 13D,"InspireMD, Inc.",1433607,2023-06-16,edgar/data/1433607/0001493152-23-021668.txt,pre,0001493152-23-021668,2023-06-08,2023-06-16T16:15:14,2023-06-16,6.0,0001433607,text,resolved,ok
SC 13D,Buttorff Leslie,1866792,2023-06-23,edgar/data/1866792/0001493152-23-022285.txt,pre,0001493152-23-022285,2023-06-23,2023-06-23T17:10:33,2023-06-23,0.0,0001552189,text,resolved,ok
SC 13D,Miller Glen Martin,1979669,2023-06-28,edgar/data/1979669/0001493152-23-022800.txt,pre,0001493152-23-022800,2023-05-19,2023-06-28T17:04:54,2023-06-28,26.0,0001514056,text,resolved,ok
SC 13D,Exos Asset Management LLC,1834630,2023-06-30,edgar/data/1834630/0001493152-23-023084.txt,pre,0001493152-23-023084,2023-04-10,2023-06-30T15:49:31,2023-06-30,57.0,0001841586,text,resolved,ok
SC 13D,Grover Vikram P,1777459,2023-07-03,edgar/data/1777459/0001493152-23-023211.txt,pre,0001493152-23-023211,2023-06-26,2023-07-03T06:03:12,2023-07-03,5.0,0001409624,text,resolved,ok
SC 13D,"SSVK Associates, LLC",1980644,2023-07-07,edgar/data/1980644/0001493152-23-023915.txt,pre,0001493152-23-023915,2023-06-07,2023-07-07T09:11:49,2023-07-07,20.0,0001860871,text,resolved,ok
SC 13D,"Kernel Group Holdings, Inc.",1832950,2023-07-07,edgar/data/1832950/0001493152-23-023917.txt,pre,0001493152-23-023917,2022-12-28,2023-07-07T09:19:19,2023-07-07,131.0,0001832950,text,resolved,ok
SC 13D,Rizzo Jeffrey John,1979643,2023-07-13,edgar/data/1979643/0001493152-23-024375.txt,pre,0001493152-23-024375,2023-05-19,2023-07-12T21:56:58,2023-07-13,36.0,0001514056,text,resolved,ok
SC 13D,"TRAQIQ, INC.",1514056,2023-07-17,edgar/data/1514056/0001493152-23-024640.txt,pre,0001493152-23-024640,2023-05-19,2023-07-14T20:40:43,2023-07-17,38.0,0001514056,text,resolved,ok
SC 13D,Choong Choon Hau,1986021,2023-07-21,edgar/data/1986021/0001493152-23-025154.txt,pre,0001493152-23-025154,2023-06-21,2023-07-20T21:57:45,2023-07-21,21.0,0000910267,text,resolved,ok
SC 13D,Partner Colorado Credit Union,1949751,2023-07-21,edgar/data/1949751/0001493152-23-025252.txt,pre,0001493152-23-025252,2023-07-21,2023-07-21T16:40:21,2023-07-21,0.0,0001854963,text,resolved,ok
SC 13D,GHAURI NAJEEB,1135216,2023-07-26,edgar/data/1135216/0001493152-23-025513.txt,pre,0001493152-23-025513,2023-07-24,2023-07-25T20:00:34,2023-07-26,2.0,0001039280,text,resolved,ok
SC 13D,DIGIANDOMENICO ANTHONY,1083544,2023-08-01,edgar/data/1083544/0001493152-23-026305.txt,pre,0001493152-23-026305,2021-07-25,2023-08-01T17:19:50,2023-08-01,504.0,0001934642,text,resolved,ok
SC 13D,MARLETT CHRISTOPHER A,897744,2023-08-01,edgar/data/897744/0001493152-23-026311.txt,pre,0001493152-23-026311,2021-07-25,2023-08-01T17:21:39,2023-08-01,504.0,0001934642,text,resolved,ok
SC 13D,ESGL Holdings Ltd,1957538,2023-08-11,edgar/data/1957538/0001493152-23-027749.txt,pre,0001493152-23-027749,2023-08-02,2023-08-11T10:05:46,2023-08-11,7.0,0001957538,text,resolved,ok
SC 13D,ESGL Holdings Ltd,1957538,2023-08-11,edgar/data/1957538/0001493152-23-027751.txt,pre,0001493152-23-027751,2023-08-02,2023-08-11T10:10:18,2023-08-11,7.0,0001957538,text,resolved,ok
SC 13D,"Community US Fund Management, Inc.",1962946,2023-08-21,edgar/data/1962946/0001493152-23-029679.txt,pre,0001493152-23-029679,2023-08-11,2023-08-21T17:00:03,2023-08-21,6.0,0001600847,text,resolved,ok
SC 13D,Miller Richard A,1534743,2023-08-23,edgar/data/1534743/0001493152-23-029898.txt,pre,0001493152-23-029898,2023-08-14,2023-08-23T10:07:38,2023-08-23,7.0,0001956744,text,resolved,ok
SC 13D,"Jupiter Wellness, Inc.",1760903,2023-08-24,edgar/data/1760903/0001493152-23-030101.txt,pre,0001493152-23-030101,2023-08-14,2023-08-24T16:15:07,2023-08-24,8.0,0001956744,text,resolved,ok
SC 13D,"HeartBeam, Inc.",1779372,2023-08-28,edgar/data/1779372/0001493152-23-030364.txt,pre,0001493152-23-030364,2023-08-20,2023-08-28T16:26:34,2023-08-28,5.0,0001779372,text,resolved,ok
SC 13D,PowerUp Acquisition Corp.,1847345,2023-09-05,edgar/data/1847345/0001493152-23-031593.txt,pre,0001493152-23-031593,2023-08-18,2023-09-05T10:41:49,2023-09-05,11.0,0001847345,text,resolved,ok
SC 13D,ESGL Holdings Ltd,1957538,2023-09-25,edgar/data/1957538/0001493152-23-033617.txt,pre,0001493152-23-033617,2023-08-02,2023-09-25T17:20:24,2023-09-25,37.0,0001957538,text,resolved,ok
SC 13D,"Calidi Biotherapeutics, Inc.",1855485,2023-09-26,edgar/data/1855485/0001493152-23-033651.txt,pre,0001493152-23-033651,2023-09-12,2023-09-25T18:46:08,2023-09-26,10.0,0001855485,text,resolved,ok
SC 13D,"Calidi Biotherapeutics, Inc.",1855485,2023-09-26,edgar/data/1855485/0001493152-23-033652.txt,pre,0001493152-23-033652,2023-09-12,2023-09-25T18:46:08,2023-09-26,10.0,0001855485,text,resolved,ok
SC 13D,CONDUIT PHARMACEUTICALS INC.,1896212,2023-09-29,edgar/data/1896212/0001493152-23-034860.txt,pre,0001493152-23-034860,2023-09-22,2023-09-29T16:30:08,2023-09-29,5.0,0001896212,text,resolved,ok
SC 13D,"Bulldog Investors, LLP",1504304,2023-05-08,edgar/data/1504304/0001504304-23-000015.txt,pre,0001504304-23-000015,,2023-05-08T16:00:39,,,0001506488,text,unresolved,no_trigger_date
SC 13D,"Bulldog Investors, LLP",1504304,2023-05-31,edgar/data/1504304/0001504304-23-000016.txt,pre,0001504304-23-000016,,2023-05-31T14:08:34,,,0001547158,text,unresolved,no_trigger_date
SC 13D,"Bulldog Investors, LLP",1504304,2023-07-17,edgar/data/1504304/0001504304-23-000019.txt,pre,0001504304-23-000019,,2023-07-17T16:28:52,,,0000809844,text,unresolved,no_trigger_date
SC 13D,GOLDSTEIN PHILLIP,1067621,2023-09-19,edgar/data/1067621/0001504304-23-000023.txt,pre,0001504304-23-000023,,2023-09-19T14:13:12,,,0001865191,text,unresolved,no_trigger_date
SC 13D,"Cove Street Capital, LLC",1531612,2023-05-16,edgar/data/1531612/0001531612-23-000018.txt,pre,0001531612-23-000018,2023-05-16,2023-05-16T17:31:05,2023-05-17,1.0,0000050292,text,resolved,ok
SC 13D,"Cove Street Capital, LLC",1531612,2023-08-15,edgar/data/1531612/0001531612-23-000026.txt,pre,0001531612-23-000026,2023-08-15,2023-08-15T17:26:03,2023-08-15,0.0,0001386301,text,resolved,ok
SC 13D,Ross Andrew L.,1857013,2023-04-17,edgar/data/1857013/0001558370-23-006032.txt,pre,0001558370-23-006032,2021-06-16,2023-04-17T13:27:18,2023-04-17,457.0,0001558569,text,resolved,ok
SC 13D,ASTROTECH Corp,1001907,2023-06-26,edgar/data/1001907/0001567619-23-006436.txt,pre,0001567619-23-006436,,2023-06-26T16:00:53,,,0001001907,text,unresolved,no_trigger_date
SC 13D,BAUPOST GROUP LLC/MA,1061768,2023-08-11,edgar/data/1061768/0001567619-23-006880.txt,pre,0001567619-23-006880,,2023-08-11T14:28:44,,,0001599489,text,unresolved,no_trigger_date
SC 13D,SKYPR LLC,1977012,2023-05-15,edgar/data/1977012/0001599916-23-000104.txt,pre,0001599916-23-000104,2023-04-21,2023-05-15T09:16:13,2023-05-15,16.0,0001888846,text,resolved,ok
SC 13D,Archer Aviation Inc.,1824502,2023-05-09,edgar/data/1824502/0001605484-23-000052.txt,pre,0001605484-23-000052,2021-09-16,2023-05-09T16:37:28,2023-05-09,410.0,0001824502,text,resolved,ok
SC 13D,"ESS Tech, Inc.",1819438,2023-07-13,edgar/data/1819438/0001628280-23-024858.txt,pre,0001628280-23-024858,,2023-07-13T16:51:17,,,0001819438,text,unresolved,no_trigger_date
SC 13D,"GoodRx Holdings, Inc.",1809519,2023-08-31,edgar/data/1809519/0001628280-23-031024.txt,pre,0001628280-23-031024,2023-08-23,2023-08-30T18:57:47,2023-08-31,6.0,0001809519,text,resolved,ok
SC 13D,Bezdek Trevor,1822104,2023-08-31,edgar/data/1822104/0001628280-23-031025.txt,pre,0001628280-23-031025,2023-08-23,2023-08-30T18:58:17,2023-08-31,6.0,0001809519,text,resolved,ok
SC 13D,Cacioppo James,1455939,2023-09-01,edgar/data/1455939/0001628280-23-031213.txt,pre,0001628280-23-031213,2023-02-14,2023-08-31T20:24:32,2023-09-01,139.0,0001909747,text,resolved,ok
SC 13D,Better Home & Finance Holding Co,1835856,2023-09-01,edgar/data/1835856/0001628280-23-031281.txt,pre,0001628280-23-031281,2023-08-22,2023-09-01T17:00:31,2023-09-01,8.0,0001835856,text,resolved,ok
SC 13D,Better Home & Finance Holding Co,1835856,2023-09-07,edgar/data/1835856/0001628280-23-031748.txt,pre,0001628280-23-031748,2023-08-22,2023-09-07T17:26:56,2023-09-07,11.0,0001835856,text,resolved,ok
SC 13D,"MARKETWISE, INC.",1805651,2023-09-14,edgar/data/1805651/0001628280-23-032277.txt,pre,0001628280-23-032277,2023-08-31,2023-09-14T16:11:08,2023-09-14,9.0,0001805651,text,resolved,ok
SC 13D,"Forager Fund, L.P.",1539281,2023-06-06,edgar/data/1539281/0001654954-23-007663.txt,pre,0001654954-23-007663,2023-06-06,2023-06-06T06:17:41,2023-06-06,0.0,0001370450,text,resolved,ok
SC 13D,Nuveen Enhanced High Yield Municipal Bond Fund,1777482,2023-07-24,edgar/data/1777482/0001654954-23-009608.txt,pre,0001654954-23-009608,2023-07-13,2023-07-24T17:01:55,2023-07-24,7.0,0001777482,text,resolved,ok
SC 13D,Agro Albert,1661357,2023-04-25,edgar/data/1661357/0001661357-23-000005.txt,pre,0001661357-23-000005,2023-04-21,2023-04-25T16:19:10,2023-04-25,2.0,0001824293,text,resolved,ok
SC 13D,Refer Rasmus,1848129,2023-08-23,edgar/data/1848129/0001663577-23-000438.txt,pre,0001663577-23-000438,2023-07-31,2023-08-23T13:30:37,2023-08-23,17.0,0001265521,text,resolved,ok
SC 13D,RIPOSTE CAPITAL LLC,1672355,2023-06-14,edgar/data/1672355/0001672355-23-000006.txt,pre,0001672355-23-000006,2023-06-13,2023-06-14T11:04:12,2023-06-14,1.0,0000351817,text,resolved,ok
SC 13D,Anania Peter V.,1888951,2023-04-17,edgar/data/1888951/0001683168-23-002417.txt,pre,0001683168-23-002417,2021-10-04,2023-04-14T20:31:12,2023-04-17,382.0,0000867840,text,resolved,ok
SC 13D,Cohn Andrew M.,1696663,2023-06-16,edgar/data/1696663/0001696663-23-000002.txt,pre,0001696663-23-000002,2023-06-08,2023-06-16T13:28:51,2023-06-16,6.0,0001434728,text,resolved,ok
SC 13D,"SHIFT TECHNOLOGIES, INC.",1762322,2023-04-26,edgar/data/1762322/0001731122-23-000734.txt,pre,0001731122-23-000734,2023-03-14,2023-04-26T16:57:56,2023-04-26,31.0,0001762322,text,resolved,ok
SC 13D,Liu Kelvin Chak Kwan,1909144,2023-05-19,edgar/data/1909144/0001731122-23-000981.txt,pre,0001731122-23-000981,2023-05-19,2023-05-19T13:09:46,2023-05-19,0.0,0001865191,text,resolved,ok
SC 13D,TG Venture Acquisition Corp.,1865191,2023-05-19,edgar/data/1865191/0001731122-23-000983.txt,pre,0001731122-23-000983,2023-05-19,2023-05-19T13:14:04,2023-05-19,0.0,0001865191,text,resolved,ok
SC 13D,"Galloway Capital Partners, LLC",1991451,2023-08-30,edgar/data/1991451/0001731122-23-001628.txt,pre,0001731122-23-001628,2023-08-30,2023-08-30T15:31:53,2023-08-30,0.0,0000355356,text,resolved,ok
SC 13D,Bolck Joachim Eberhard,1974849,2023-04-25,edgar/data/1974849/0001753926-23-000500.txt,pre,0001753926-23-000500,2023-04-25,2023-04-25T17:28:48,2023-04-25,0.0,0001266806,text,resolved,ok
SC 13D,Arena Investors LP,1699673,2023-09-29,edgar/data/1699673/0001753926-23-001277.txt,pre,0001753926-23-001277,2023-09-29,2023-09-29T17:15:10,2023-09-29,0.0,0001318268,text,resolved,ok
SC 13D,Bent Bruce,1746671,2023-08-30,edgar/data/1746671/0001756125-23-001385.txt,pre,0001756125-23-001385,2023-07-12,2023-08-30T14:54:25,2023-08-30,35.0,0001331421,text,resolved,ok
SC 13D,"TMD Wealth Management, LLC",1842820,2023-07-10,edgar/data/1842820/0001765380-23-000125.txt,pre,0001765380-23-000125,2023-06-16,2023-07-10T16:35:39,2023-07-10,14.0,0001842820,text,resolved,ok
SC 13D,Bleichroeder LP,1781002,2023-05-08,edgar/data/1781002/0001781002-23-000034.txt,pre,0001781002-23-000034,2023-04-28,2023-05-08T17:04:30,2023-05-08,6.0,0001036044,text,resolved,ok
SC 13D,F9 Investments LLC,1785675,2023-05-25,edgar/data/1785675/0001785675-23-000004.txt,pre,0001785675-23-000004,2023-05-16,2023-05-24T18:51:39,2023-05-25,7.0,0001396033,text,resolved,ok
SC 13D,F9 Investments LLC,1785675,2023-05-30,edgar/data/1785675/0001785675-23-000006.txt,pre,0001785675-23-000006,2023-05-26,2023-05-30T16:14:02,2023-05-30,1.0,0001396033,text,resolved,ok
SC 13D,F9 Investments LLC,1785675,2023-06-12,edgar/data/1785675/0001785675-23-000007.txt,pre,0001785675-23-000007,2023-06-09,2023-06-12T06:27:14,2023-06-12,1.0,0001396033,text,resolved,ok
SC 13D,"System1, Inc.",1805833,2023-09-06,edgar/data/1805833/0001805833-23-000156.txt,pre,0001805833-23-000156,2023-09-01,2023-09-05T19:05:00,2023-09-06,2.0,0001805833,text,resolved,ok
SC 13D,G-Star Management Corp,1901476,2023-05-05,edgar/data/1901476/0001829126-23-003120.txt,pre,0001829126-23-003120,,2023-05-05T12:14:39,,,0001895144,text,unresolved,no_trigger_date
SC 13D,Gaenzle Rick,1808283,2023-08-01,edgar/data/1808283/0001829126-23-005064.txt,pre,0001829126-23-005064,2023-07-21,2023-08-01T06:00:41,2023-08-01,7.0,0001853580,text,resolved,ok
SC 13D,Emo Capital Corp.,1410708,2023-09-27,edgar/data/1410708/0001832989-23-000001.txt,pre,0001832989-23-000001,2023-09-27,2023-09-27T14:23:58,2023-09-27,0.0,0001410708,text,resolved,ok
SC 13D,Adamis Pharmaceuticals Corp,887247,2023-06-05,edgar/data/887247/0001839882-23-014903.txt,pre,0001839882-23-014903,2023-05-25,2023-06-05T17:26:50,2023-06-05,6.0,0000887247,text,resolved,ok
SC 13D,ONTARIO TEACHERS PENSION PLAN BOARD,937567,2023-06-09,edgar/data/937567/0001839882-23-015225.txt,pre,0001839882-23-015225,2023-05-30,2023-06-09T16:39:40,2023-06-09,8.0,0000797721,text,resolved,ok
SC 13D,CG Investments Inc. VI,1840641,2023-06-12,edgar/data/1840641/0001840641-23-000006.txt,pre,0001840641-23-000006,2023-05-29,2023-06-12T10:32:13,2023-06-12,9.0,0001822691,text,resolved,ok
SC 13D,Bukit Jalil Global Acquisition 1 Ltd.,1956055,2023-06-30,edgar/data/1956055/0001929980-23-000097.txt,pre,0001929980-23-000097,2023-06-27,2023-06-30T16:27:04,2023-06-30,3.0,0001956055,text,resolved,ok
SC 13D,Hao Chun Yi,1355497,2023-09-08,edgar/data/1355497/0001929980-23-000189.txt,pre,0001929980-23-000189,2023-07-18,2023-09-07T21:47:10,2023-09-08,37.0,0001852736,text,resolved,ok
SC 13D,"GRI BIO, Inc.",1824293,2023-04-25,edgar/data/1824293/0001971132-23-000002.txt,pre,0001971132-23-000002,2023-04-21,2023-04-25T16:18:12,2023-04-25,2.0,0001824293,text,resolved,ok
SC 13D,Chaturvedi Vipin,1971423,2023-04-25,edgar/data/1971423/0001971423-23-000003.txt,pre,0001971423-23-000003,2023-04-21,2023-04-25T16:19:44,2023-04-25,2.0,0001824293,text,resolved,ok
SC 13D,CHARLES & COLVARD LTD,1015155,2023-04-11,edgar/data/1015155/0001973064-23-000001.txt,pre,0001973064-23-000001,2023-04-06,2023-04-10T21:24:12,2023-04-11,3.0,0001015155,text,resolved,ok
SC 13D,"GreenLight Biosciences Holdings, PBC",1822691,2023-06-08,edgar/data/1822691/0001980073-23-000003.txt,pre,0001980073-23-000003,2023-05-29,2023-06-08T12:38:16,2023-06-08,7.0,0001822691,text,resolved,ok
SC 13D,Gillian Jason Michael,1980325,2023-06-08,edgar/data/1980325/0001980325-23-000004.txt,pre,0001980325-23-000004,2023-05-29,2023-06-08T13:08:47,2023-06-08,7.0,0001822691,text,resolved,ok
SC 13D,"Cummings Foundation, Inc.",1981009,2023-06-13,edgar/data/1981009/0001980818-23-000002.txt,pre,0001980818-23-000002,2023-05-29,2023-06-13T17:03:47,2023-06-13,10.0,0001822691,text,resolved,ok
SC 13D,Anderson Eric Senior,1980818,2023-06-13,edgar/data/1980818/0001980818-23-000003.txt,pre,0001980818-23-000003,2023-05-29,2023-06-13T17:08:31,2023-06-13,10.0,0001822691,text,resolved,ok
SC 13D,Clarke Dennis A.,1981011,2023-06-13,edgar/data/1981011/0001980818-23-000004.txt,pre,0001980818-23-000004,2023-05-29,2023-06-13T17:13:24,2023-06-13,10.0,0001822691,text,resolved,ok
SC 13D,"Latch, Inc.",1826000,2023-07-13,edgar/data/1826000/0001981820-23-000005.txt,pre,0001981820-23-000005,2023-07-03,2023-07-13T16:27:31,2023-07-13,7.0,0001826000,text,resolved,ok
SC 13D,Liddell Keith Stuart,1985460,2023-07-18,edgar/data/1985460/0001985460-23-000001.txt,pre,0001985460-23-000001,2023-07-06,2023-07-18T11:52:01,2023-07-18,8.0,0001958217,text,resolved,ok
SC 13D,Boos Wayne W,1987877,2023-09-18,edgar/data/1987877/0001987877-23-000002.txt,pre,0001987877-23-000002,2023-09-01,2023-09-18T10:42:12,2023-09-18,10.0,0001348362,text,resolved,ok
SC 13D,"Hanryu Holdings, Inc.",1911545,2023-09-05,edgar/data/1911545/0001991499-23-000001.txt,pre,0001991499-23-000001,2023-08-03,2023-09-05T12:03:14,2023-09-05,22.0,0001911545,text,resolved,ok
SC 13D,"Hanryu Holdings, Inc.",1911545,2023-09-05,edgar/data/1911545/0001991499-23-000002.txt,pre,0001991499-23-000002,2023-08-03,2023-09-05T12:59:08,2023-09-05,22.0,0001911545,text,resolved,ok
SC 13D,FRANKLIN RESOURCES INC,38777,2024-07-11,edgar/data/38777/0000038777-24-000109.txt,post,0000038777-24-000109,2024-07-03,2024-07-11T13:47:12,2024-07-11,5.0,0002018545,text,resolved,ok
SC 13D,"GAMCO INVESTORS, INC. ET AL",807249,2024-08-16,edgar/data/807249/0000807249-24-000095.txt,post,0000807249-24-000095,2024-08-12,2024-08-16T16:07:45,2024-08-16,4.0,0000093389,text,resolved,ok
SC 13D,"GAMCO INVESTORS, INC. ET AL",807249,2024-10-08,edgar/data/807249/0000807249-24-000134.txt,post,0000807249-24-000134,2024-10-03,2024-10-08T16:05:42,2024-10-08,3.0,0001509470,text,resolved,ok
SC 13D,"CHUY'S HOLDINGS, INC.",1524931,2024-10-08,edgar/data/1524931/0000807249-24-000135.txt,post,0000807249-24-000135,2024-10-03,2024-10-08T16:09:11,2024-10-08,3.0,0001524931,text,resolved,ok
SC 13D,GABELLI DIVIDEND & INCOME TRUST,1260729,2024-10-18,edgar/data/1260729/0000807249-24-000141.txt,post,0000807249-24-000141,2024-10-11,2024-10-18T16:34:38,2024-10-18,4.0,0001260729,text,resolved,ok
SC 13D,DRDGOLD LTD,1023512,2024-11-14,edgar/data/1023512/0000869178-24-000028.txt,post,0000869178-24-000028,2024-09-30,2024-11-14T17:21:04,2024-11-14,31.0,0001023512,text,resolved,ok
SC 13D,BranchOut Food Inc.,1962481,2024-10-17,edgar/data/1962481/0000897069-24-001972.txt,post,0000897069-24-001972,2024-10-14,2024-10-17T16:33:29,2024-10-17,2.0,0001962481,text,resolved,ok
SC 13D,Bianco James A.,1198554,2024-10-25,edgar/data/1198554/0000897069-24-002046.txt,post,0000897069-24-002046,2024-10-18,2024-10-25T16:16:59,2024-10-25,5.0,0001498382,text,resolved,ok
SC 13D,Patel Vijay,1996297,2024-10-25,edgar/data/1996297/0000897069-24-002048.txt,post,0000897069-24-002048,2024-10-18,2024-10-25T16:20:41,2024-10-25,5.0,0001498382,text,resolved,ok
SC 13D,"BLACKROCK INCOME TRUST, INC.",832327,2024-11-26,edgar/data/832327/0000897101-24-000604.txt,post,0000897101-24-000604,2024-11-25,2024-11-26T17:16:13,2024-11-26,1.0,0000832327,text,resolved,ok
SC 13D,CRCM LP,1483234,2024-11-05,edgar/data/1483234/0000898432-24-000868.txt,post,0000898432-24-000868,2024-10-30,2024-11-05T19:29:21,2024-11-06,5.0,0001850906,text,resolved,ok
SCHEDULE 13D,Canada Growth Fund Inc.,2049820,2024-12-23,edgar/data/2049820/0000898432-24-001047.txt,post,0000898432-24-001047,2024-12-16,2024-12-23T17:45:10,2024-12-24,6.0,0001649752,xml,resolved,ok
SC 13D,EUPRAXIA PHARMACEUTICALS INC.,1581178,2024-11-07,edgar/data/1581178/0000899140-24-001143.txt,post,0000899140-24-001143,,2024-11-07T16:10:15,,,0001581178,text,unresolved,no_trigger_date
SC 13D,ALUMIS INC.,1847367,2024-07-03,edgar/data/1847367/0000902664-24-004604.txt,post,0000902664-24-004604,2024-07-01,2024-07-03T16:47:32,2024-07-03,2.0,0001847367,text,resolved,ok
SC 13D,Cevian Capital II GP LTD,1365341,2024-07-09,edgar/data/1365341/0000902664-24-004633.txt,post,0000902664-24-004633,2024-07-02,2024-07-09T12:00:10,2024-07-09,4.0,0000845982,text,resolved,ok
SC 13D,"Match Group, Inc.",891103,2024-07-15,edgar/data/891103/0000902664-24-004719.txt,post,0000902664-24-004719,,2024-07-15T21:57:20,,,0000891103,text,unresolved,truncated_source
SC 13D,"Gates Capital Management, Inc.",1312908,2024-07-17,edgar/data/1312908/0000902664-24-004741.txt,post,0000902664-24-004741,2024-07-17,2024-07-17T08:30:14,2024-07-17,0.0,0001616318,text,resolved,ok
SC 13D,Elliott Investment Management L.P.,1791786,2024-08-05,edgar/data/1791786/0000902664-24-004970.txt,post,0000902664-24-004970,2024-07-29,2024-08-05T17:43:02,2024-08-06,6.0,0000092380,text,resolved,ok
SC 13D,"JANA Partners Management, LP",1998597,2024-09-27,edgar/data/1998597/0000902664-24-005639.txt,post,0000902664-24-005639,,2024-09-27T16:10:30,,,0001560327,text,unresolved,no_trigger_date
SC 13D,HIGHBRIDGE CAPITAL MANAGEMENT LLC,919185,2024-10-01,edgar/data/919185/0000902664-24-005659.txt,post,0000902664-24-005659,,2024-10-01T18:10:32,,,0000890447,text,unresolved,no_trigger_date
SC 13D,TRIMAS CORP,842633,2024-10-15,edgar/data/842633/0000902664-24-005842.txt,post,0000902664-24-005842,2024-10-07,2024-10-15T21:31:01,2024-10-16,6.0,0000842633,text,resolved,ok
SC 13D,"JANA Partners Management, LP",1998597,2024-10-18,edgar/data/1998597/0000902664-24-005888.txt,post,0000902664-24-005888,,2024-10-18T09:20:37,,,0001679273,text,unresolved,no_trigger_date
SC 13D,"HMI Capital Management, L.P.",1469026,2024-10-21,edgar/data/1469026/0000902664-24-005919.txt,post,0000902664-24-005919,2024-10-14,2024-10-21T17:30:15,2024-10-22,5.0,0001902733,text,resolved,ok
SC 13D,"Adage Capital Management, L.P.",1535978,2024-11-04,edgar/data/1535978/0000902664-24-006210.txt,post,0000902664-24-006210,2024-10-29,2024-11-04T16:26:15,2024-11-04,4.0,0001253689,text,resolved,ok
SC 13D,Converium Capital Inc.,2043653,2024-11-05,edgar/data/2043653/0000902664-24-006230.txt,post,0000902664-24-006230,2024-10-29,2024-11-05T16:28:43,2024-11-05,5.0,0001031316,text,resolved,ok
SC 13D,Silexion Therapeutics Corp,2022416,2024-08-22,edgar/data/2022416/0000904454-24-000480.txt,post,0000904454-24-000480,2024-08-15,2024-08-22T18:44:28,2024-08-23,6.0,0002022416,text,resolved,ok
SCHEDULE 13D,Amster Howard,904853,2024-12-18,edgar/data/904853/0000904853-24-000009.txt,post,0000904853-24-000009,2024-12-10,2024-12-18T12:24:15,2024-12-18,6.0,0001000209,xml,resolved,ok
SC 13D,"Farallon Capital Partners, L.P.",1175707,2024-10-16,edgar/data/1175707/0000908834-24-000262.txt,post,0000908834-24-000262,2024-10-09,2024-10-16T16:35:20,2024-10-16,4.0,0001496963,text,resolved,ok
SC 13D,Bragg Gaming Group Inc.,1867834,2024-07-10,edgar/data/1867834/0000912282-24-000533.txt,post,0000912282-24-000533,2024-06-08,2024-07-10T09:14:53,2024-07-10,20.0,0001867834,text,resolved,ok
SC 13D,Flora Growth Corp.,1790169,2024-09-12,edgar/data/1790169/0000912282-24-000646.txt,post,0000912282-24-000646,2024-08-14,2024-09-12T17:24:51,2024-09-12,20.0,0001790169,text,resolved,ok
SC 13D,BLACKBOXSTOCKS INC.,1567900,2024-10-23,edgar/data/1567900/0000912282-24-000712.txt,post,0000912282-24-000712,2024-07-01,2024-10-23T16:09:51,2024-10-23,79.0,0001567900,text,resolved,ok
SC 13D,EARLE DANIEL,1829974,2024-11-14,edgar/data/1829974/0000912282-24-000802.txt,post,0000912282-24-000802,2024-11-13,2024-11-14T15:29:44,2024-11-14,1.0,0002019103,text,resolved,ok
SC 13D,Alpha Cognition Inc.,1655923,2024-11-15,edgar/data/1655923/0000912282-24-000813.txt,post,0000912282-24-000813,2024-11-13,2024-11-15T16:53:28,2024-11-15,2.0,0001655923,text,resolved,ok
SC 13D,Quanex Building Products CORP,1423221,2024-08-02,edgar/data/1423221/0000919574-24-004221.txt,post,0000919574-24-004221,2024-08-01,2024-08-02T12:00:39,2024-08-02,1.0,0001423221,text,resolved,ok
SC 13D,"Constitution Capital Access Fund, LLC",1918767,2024-08-12,edgar/data/1918767/0000919574-24-004378.txt,post,0000919574-24-004378,2024-02-05,2024-08-12T19:07:31,2024-08-13,132.0,0001918767,text,resolved,ok
SC 13D,"Constitution Capital Access Fund, LLC",1918767,2024-08-30,edgar/data/1918767/0000919574-24-005287.txt,post,0000919574-24-005287,2024-07-31,2024-08-30T15:47:59,2024-08-30,22.0,0001918767,text,resolved,ok
SC 13D,"BRIGADE CAPITAL MANAGEMENT, LP",1421306,2024-09-09,edgar/data/1421306/0000919574-24-005455.txt,post,0000919574-24-005455,2024-08-30,2024-09-09T20:08:00,2024-09-10,6.0,0000084129,text,resolved,ok
SC 13D,"Constitution Capital Access Fund, LLC",1918767,2024-09-30,edgar/data/1918767/0000919574-24-005675.txt,post,0000919574-24-005675,2024-08-31,2024-09-30T15:17:59,2024-09-30,19.0,0001918767,text,resolved,ok
SC 13D,"Constitution Capital Access Fund, LLC",1918767,2024-11-06,edgar/data/1918767/0000919574-24-006181.txt,post,0000919574-24-006181,2024-09-30,2024-11-06T16:23:34,2024-11-06,26.0,0001918767,text,resolved,ok
SC 13D,325 CAPITAL LLC,1873893,2024-07-03,edgar/data/1873893/0000921895-24-001536.txt,post,0000921895-24-001536,2024-07-01,2024-07-03T17:01:08,2024-07-03,2.0,0001863990,text,resolved,ok
SC 13D,Engaged Capital LLC,1559771,2024-08-15,edgar/data/1559771/0000921895-24-001846.txt,post,0000921895-24-001846,2024-08-08,2024-08-15T18:39:22,2024-08-16,6.0,0001871509,text,resolved,ok
SC 13D,"International Money Express, Inc.",1683695,2024-09-05,edgar/data/1683695/0000921895-24-002101.txt,post,0000921895-24-002101,2024-08-30,2024-09-05T17:46:48,2024-09-06,4.0,0001683695,text,resolved,ok
SC 13D,COMTECH TELECOMMUNICATIONS CORP /DE/,23197,2024-09-20,edgar/data/23197/0000921895-24-002155.txt,post,0000921895-24-002155,2024-09-13,2024-09-20T16:45:38,2024-09-20,5.0,0000023197,text,resolved,ok
SC 13D,"JCP Investment Management, LLC",1461945,2024-10-09,edgar/data/1461945/0000921895-24-002270.txt,post,0000921895-24-002270,2024-10-02,2024-10-09T19:07:24,2024-10-10,6.0,0001171759,text,resolved,ok
SC 13D,"Philotimo Fund, LP",1688522,2024-11-01,edgar/data/1688522/0000921895-24-002415.txt,post,0000921895-24-002415,2024-10-31,2024-11-01T09:00:48,2024-11-01,1.0,0001573221,text,resolved,ok
SC 13D,"Central Plains Bancshares, Inc.",1979332,2024-11-05,edgar/data/1979332/0000921895-24-002467.txt,post,0000921895-24-002467,2024-10-29,2024-11-05T19:41:42,2024-11-06,6.0,0001979332,text,resolved,ok
SC 13D,FrontFour Capital Group LLC,1430308,2024-11-07,edgar/data/1430308/0000921895-24-002519.txt,post,0000921895-24-002519,2024-10-31,2024-11-07T20:07:08,2024-11-08,6.0,0001334388,text,resolved,ok
SC 13D,"ENGINE CAPITAL, L.P.",1580320,2024-11-21,edgar/data/1580320/0000921895-24-002785.txt,post,0000921895-24-002785,2024-11-14,2024-11-21T16:30:17,2024-11-21,5.0,0000041719,text,resolved,ok
SC 13D,"Steel Partners, Ltd.",1504325,2024-11-26,edgar/data/1504325/0000921895-24-002823.txt,post,0000921895-24-002823,2024-11-20,2024-11-26T16:56:41,2024-11-26,4.0,0001013706,text,resolved,ok
SC 13D,Gupta Prashant,2044859,2024-11-27,edgar/data/2044859/0000921895-24-002833.txt,post,0000921895-24-002833,2024-11-06,2024-11-27T16:15:36,2024-11-27,14.0,0001819395,text,resolved,ok
SC 13D,HARTE HANKS INC,45919,2024-12-06,edgar/data/45919/0000921895-24-002895.txt,post,0000921895-24-002895,2024-12-04,2024-12-06T18:51:56,2024-12-09,3.0,0000045919,text,resolved,ok
SCHEDULE 13D,"Presidio Property Trust, Inc.",1080657,2024-12-13,edgar/data/1080657/0000921895-24-002946.txt,post,0000921895-24-002946,2024-12-10,2024-12-13T18:50:00,2024-12-16,4.0,0001080657,xml,resolved,ok
SC 13D,Hou Xiaodi,1851998,2024-12-16,edgar/data/1851998/0000921895-24-002952.txt,post,0000921895-24-002952,2024-12-16,2024-12-16T14:21:35,2024-12-16,0.0,0001823593,text,resolved,ok
SCHEDULE 13D,"Ault & Company, Inc.",1734770,2024-12-23,edgar/data/1734770/0000921895-24-003013.txt,post,0000921895-24-003013,2024-12-16,2024-12-23T17:33:33,2024-12-24,6.0,0000102109,xml,resolved,ok
SC 13D,"Pershing Square Capital Management, L.P.",1336528,2024-08-07,edgar/data/1336528/0000930413-24-002266.txt,post,0000930413-24-002266,2024-07-31,2024-08-07T21:21:14,2024-08-08,6.0,0002009684,text,resolved,ok
SC 13D,"Kopernik Global Investors, LLC",1599814,2024-11-04,edgar/data/1599814/0000930413-24-003094.txt,post,0000930413-24-003094,2023-03-24,2024-11-04T12:28:18,2024-11-04,405.0,0001164771,text,resolved,ok
SC 13D,"EWSB Bancorp, Inc. /MD/",2013792,2024-09-20,edgar/data/2013792/0000943374-24-000386.txt,post,0000943374-24-000386,2024-09-20,2024-09-20T14:48:53,2024-09-20,0.0,0002013792,text,resolved,ok
SC 13D,"EWSB Bancorp, Inc. /MD/",2013792,2024-09-20,edgar/data/2013792/0000943374-24-000387.txt,post,0000943374-24-000387,2024-09-20,2024-09-20T14:49:16,2024-09-20,0.0,0002013792,text,resolved,ok
SC 13D,"SOCKET MOBILE, INC.",944075,2024-08-27,edgar/data/944075/0000944075-24-000068.txt,post,0000944075-24-000068,2024-08-21,2024-08-27T18:15:57,2024-08-28,5.0,0000944075,text,resolved,ok
SC 13D,"MBX Biosciences, Inc.",1776111,2024-09-23,edgar/data/1776111/0000947871-24-000767.txt,post,0000947871-24-000767,2024-09-16,2024-09-23T16:34:22,2024-09-23,5.0,0001776111,text,resolved,ok
SC 13D,ORBIMED ADVISORS LLC,1055951,2024-09-23,edgar/data/1055951/0000947871-24-000770.txt,post,0000947871-24-000770,2024-09-16,2024-09-23T18:44:56,2024-09-24,6.0,0001130598,text,resolved,ok
SC 13D,ORBIMED ADVISORS LLC,1055951,2024-10-17,edgar/data/1055951/0000947871-24-000805.txt,post,0000947871-24-000805,2024-10-15,2024-10-17T16:16:24,2024-10-17,2.0,0002022626,text,resolved,ok
SC 13D,"Lomond Therapeutics Holdings, Inc.",1900520,2024-11-08,edgar/data/1900520/0000947871-24-000868.txt,post,0000947871-24-000868,2024-11-01,2024-11-08T19:15:49,2024-11-12,6.0,0001900520,text,resolved,ok
SC 13D,Inspirato Inc,1820566,2024-08-16,edgar/data/1820566/0000950103-24-012337.txt,post,0000950103-24-012337,2024-08-12,2024-08-16T16:49:58,2024-08-16,4.0,0001820566,text,resolved,ok
SC 13D,"LHX Intermediate, LLC",2046915,2024-12-06,edgar/data/2046915/0000950103-24-017408.txt,post,0000950103-24-017408,2024-11-01,2024-12-06T17:03:15,2024-12-06,23.0,0001865506,text,resolved,ok
SCHEDULE 13D,BAMCO INC /NY/,1017918,2024-12-31,edgar/data/1017918/0000950103-24-018560.txt,post,0000950103-24-018560,2024-12-31,2024-12-31T14:45:41,2024-12-31,0.0,0001846576,xml,resolved,ok
SC 13D,JPMORGAN CHASE & CO,19617,2024-09-12,edgar/data/19617/0000950142-24-002364.txt,post,0000950142-24-002364,2024-08-30,2024-09-12T14:46:34,2024-09-12,8.0,0000084129,text,resolved,ok
SC 13D,"CompoSecure, Inc.",1823144,2024-09-19,edgar/data/1823144/0000950142-24-002417.txt,post,0000950142-24-002417,2024-09-17,2024-09-19T17:00:36,2024-09-19,2.0,0001823144,text,resolved,ok
SC 13D,"Apollo Global Management, Inc.",1858681,2024-11-08,edgar/data/1858681/0000950142-24-002712.txt,post,0000950142-24-002712,2024-11-01,2024-11-08T18:55:01,2024-11-12,6.0,0001858681,text,resolved,ok
SCHEDULE 13D,INSEEGO CORP.,1022652,2024-11-14,edgar/data/1022652/0000950142-24-002787.txt,post,0000950142-24-002787,2024-11-06,2024-11-14T16:16:01,2024-11-14,5.0,0001022652,xml,resolved,ok
SC 13D,Graham Holdings Co,104889,2024-09-05,edgar/data/104889/0000950157-24-001186.txt,post,0000950157-24-001186,2024-09-03,2024-09-05T16:40:58,2024-09-05,2.0,0000104889,text,resolved,ok
SC 13D,"Amentum Holdings, Inc.",2011286,2024-10-04,edgar/data/2011286/0000950157-24-001378.txt,post,0000950157-24-001378,2024-09-27,2024-10-04T18:13:18,2024-10-07,6.0,0002011286,text,resolved,ok
SCHEDULE 13D,ASP Manager Corp.,1621183,2024-12-23,edgar/data/1621183/0000950157-24-001703.txt,post,0000950157-24-001703,2024-12-17,2024-12-23T18:03:02,2024-12-24,5.0,0002011286,xml,resolved,ok
SC 13D,Captivision Inc.,1967478,2024-08-06,edgar/data/1967478/0000950170-24-092154.txt,post,0000950170-24-092154,2024-05-29,2024-08-06T19:28:22,2024-08-07,48.0,0001967478,text,resolved,ok
SC 13D,Captivision Inc.,1967478,2024-08-06,edgar/data/1967478/0000950170-24-092156.txt,post,0000950170-24-092156,2024-05-29,2024-08-06T19:29:00,2024-08-07,48.0,0001967478,text,resolved,ok
SC 13D,ALLIANCEBERNSTEIN HOLDING L.P.,825313,2024-11-06,edgar/data/825313/0000950170-24-122379.txt,post,0000950170-24-122379,2024-11-04,2024-11-06T16:30:02,2024-11-06,2.0,0000825313,text,resolved,ok
SC 13D,ALLIANCEBERNSTEIN L.P.,1109448,2024-11-06,edgar/data/1109448/0000950170-24-122382.txt,post,0000950170-24-122382,2024-11-04,2024-11-06T16:30:03,2024-11-06,2.0,0001109448,text,resolved,ok
SC 13D,17 Education & Technology Group Inc.,1821468,2024-11-15,edgar/data/1821468/0000950170-24-127386.txt,post,0000950170-24-127386,2024-11-13,2024-11-15T08:02:32,2024-11-15,2.0,0001821468,text,resolved,ok
SC 13D,EBRAHIMI FARHAD FRED,1071351,2024-12-10,edgar/data/1071351/0000950170-24-134827.txt,post,0000950170-24-134827,2024-12-06,2024-12-10T13:11:10,2024-12-10,2.0,0001274494,text,resolved,ok
SCHEDULE 13D,ALLIANCEBERNSTEIN HOLDING L.P.,825313,2024-12-20,edgar/data/825313/0000950170-24-139133.txt,post,0000950170-24-139133,2024-12-19,2024-12-20T17:10:29,2024-12-20,1.0,0000825313,xml,resolved,ok
SCHEDULE 13D,"Penguin Solutions, Inc.",1616533,2024-12-20,edgar/data/1616533/0000950170-24-139216.txt,post,0000950170-24-139216,2024-12-13,2024-12-20T19:08:31,2024-12-23,6.0,0001616533,xml,resolved,ok
SCHEDULE 13D,SHALAM JOHN J,903634,2024-12-23,edgar/data/903634/0000950170-24-139801.txt,post,0000950170-24-139801,2024-12-17,2024-12-23T18:41:12,2024-12-24,5.0,0000807707,xml,resolved,ok
SCHEDULE 13D,"New Main Equity Co., Ltd.",2049455,2024-12-26,edgar/data/2049455/0000950170-24-140566.txt,post,0000950170-24-140566,2024-12-20,2024-12-26T18:19:45,2024-12-27,4.0,0000888721,xml,resolved,ok
SCHEDULE 13D,Landsea Homes Corp,1721386,2024-12-26,edgar/data/1721386/0000950170-24-140615.txt,post,0000950170-24-140615,2024-12-18,2024-12-26T19:52:30,2024-12-27,6.0,0001721386,xml,resolved,ok
SCHEDULE 13D,Pantheon Ventures (US) LP,1534844,2024-12-27,edgar/data/1534844/0000950170-24-140905.txt,post,0000950170-24-140905,2024-12-17,2024-12-27T21:55:09,2024-12-30,8.0,0001674760,xml,resolved,ok
SCHEDULE 13D,Danone S.A.,1825471,2024-12-30,edgar/data/1825471/0000950170-24-141152.txt,post,0000950170-24-141152,2024-12-30,2024-12-30T16:23:13,2024-12-30,0.0,0000814586,xml,resolved,ok
SCHEDULE 13D,CONNS INC,1223389,2024-12-30,edgar/data/1223389/0000950170-24-141272.txt,post,0000950170-24-141272,2024-12-26,2024-12-30T20:58:06,2024-12-31,3.0,0001223389,xml,resolved,ok
SCHEDULE 13D,MARTIN MIDSTREAM PARTNERS L.P.,1176334,2024-12-30,edgar/data/1176334/0000950170-24-141277.txt,post,0000950170-24-141277,2024-12-26,2024-12-30T21:16:02,2024-12-31,3.0,0001176334,xml,resolved,ok
SCHEDULE 13D,MARTIN MIDSTREAM PARTNERS L.P.,1176334,2024-12-30,edgar/data/1176334/0000950170-24-141280.txt,post,0000950170-24-141280,2024-12-26,2024-12-30T21:19:40,2024-12-31,3.0,0001176334,xml,resolved,ok
SCHEDULE 13D,"FREYR Battery, Inc. /DE/",1992243,2024-12-31,edgar/data/1992243/0000950170-24-141714.txt,post,0000950170-24-141714,2024-12-27,2024-12-31T21:12:20,2025-01-02,3.0,0001992243,xml,resolved,ok
SCHEDULE 13D,PUBLIC EMPLOYEES RETIREMENT SYSTEM OF OHIO,1007280,2024-11-14,edgar/data/1007280/0001007280-24-000008.txt,post,0001007280-24-000008,2024-11-14,2024-11-14T15:37:24,2024-11-14,0.0,0000804123,xml,resolved,ok
SC 13D,AGL Private Credit Income Fund,2011498,2024-10-28,edgar/data/2011498/0001011438-24-000504.txt,post,0001011438-24-000504,,2024-10-28T13:50:34,,,0002011498,text,unresolved,no_trigger_date
SC 13D,"Nierenberg Investment Management Company, Inc.",1282683,2024-08-21,edgar/data/1282683/0001013594-24-000674.txt,post,0001013594-24-000674,2024-08-19,2024-08-21T15:09:30,2024-08-21,2.0,0001041368,text,resolved,ok
SC 13D,Kwong Kin Yin Alfred,2029950,2024-07-25,edgar/data/2029950/0001013762-24-000891.txt,post,0001013762-24-000891,2024-07-18,2024-07-25T08:30:51,2024-07-25,5.0,0001997201,text,resolved,ok
SC 13D,Chan Yee Kit,2029954,2024-07-25,edgar/data/2029954/0001013762-24-000893.txt,post,0001013762-24-000893,2024-07-18,2024-07-25T08:33:11,2024-07-25,5.0,0001997201,text,resolved,ok
SC 13D,Axonic Capital LLC,1630783,2024-07-25,edgar/data/1630783/0001013762-24-001094.txt,post,0001013762-24-001094,2024-07-23,2024-07-25T15:20:05,2024-07-25,2.0,0001532619,text,resolved,ok
SC 13D,COMPANHIA DE SANEAMENTO BASICO DO ESTADO DE SAO PAULO-SABESP,1170858,2024-07-29,edgar/data/1170858/0001013762-24-002146.txt,post,0001013762-24-002146,2024-07-22,2024-07-29T17:10:03,2024-07-29,5.0,0001170858,text,resolved,ok
SC 13D,Anterix Inc.,1304492,2024-07-29,edgar/data/1304492/0001013762-24-002223.txt,post,0001013762-24-002223,2024-05-28,2024-07-29T21:12:32,2024-07-30,43.0,0001304492,text,resolved,ok
SC 13D,Bright Scholar Education Holdings Ltd,1696355,2024-07-31,edgar/data/1696355/0001013762-24-002909.txt,post,0001013762-24-002909,2024-07-18,2024-07-31T06:45:39,2024-07-31,9.0,0001696355,text,resolved,ok
SC 13D,Namdar Family Holding LLC,1955495,2024-12-09,edgar/data/1955495/0001014108-24-000063.txt,post,0001014108-24-000063,2024-11-18,2024-12-09T17:24:49,2024-12-09,14.0,0001288784,text,resolved,ok
SCHEDULE 13D,HORIZON KINETICS ASSET MANAGEMENT LLC,1056823,2024-07-11,edgar/data/1056823/0001056823-24-000014.txt,post,0001056823-24-000014,2024-06-30,2024-07-11T18:09:58,2024-07-12,8.0,0001995807,xml,resolved,ok
SC 13D,Gabelli Healthcare & WellnessRx Trust,1391437,2024-07-10,edgar/data/1391437/0001062993-24-013647.txt,post,0001062993-24-013647,2024-07-09,2024-07-10T18:27:24,2024-07-11,2.0,0001391437,text,resolved,ok
SC 13D,"Saba Capital Management, L.P.",1510281,2024-07-25,edgar/data/1510281/0001062993-24-014083.txt,post,0001062993-24-014083,2024-07-19,2024-07-25T16:15:40,2024-07-25,4.0,0001362481,text,resolved,ok
SC 13D,GABELLI DIVIDEND & INCOME TRUST,1260729,2024-08-01,edgar/data/1260729/0001062993-24-014277.txt,post,0001062993-24-014277,2024-07-26,2024-08-01T14:35:58,2024-08-01,4.0,0001260729,text,resolved,ok
SC 13D,"Saba Capital Management, L.P.",1510281,2024-08-02,edgar/data/1510281/0001062993-24-014350.txt,post,0001062993-24-014350,2024-07-29,2024-08-02T12:10:51,2024-08-02,4.0,0001379400,text,resolved,ok
SC 13D,Clough Global Opportunities Fund,1350869,2024-08-08,edgar/data/1350869/0001062993-24-014681.txt,post,0001062993-24-014681,2024-08-06,2024-08-08T17:32:05,2024-08-09,3.0,0001350869,text,resolved,ok
SC 13D,"MORGAN STANLEY INDIA INVESTMENT FUND, INC.",916618,2024-08-14,edgar/data/916618/0001062993-24-015101.txt,post,0001062993-24-015101,2024-08-13,2024-08-14T17:53:05,2024-08-15,2.0,0000916618,text,resolved,ok
SC 13D,Clough Global Dividend & Income Fund,1288795,2024-09-03,edgar/data/1288795/0001062993-24-015985.txt,post,0001062993-24-015985,2024-08-28,2024-09-03T14:04:58,2024-09-03,3.0,0001288795,text,resolved,ok
SC 13D,NEW GERMANY FUND INC,858706,2024-09-09,edgar/data/858706/0001062993-24-016317.txt,post,0001062993-24-016317,2024-09-06,2024-09-09T17:29:46,2024-09-09,1.0,0000858706,text,resolved,ok
SC 13D,GENERAL AMERICAN INVESTORS CO INC,40417,2024-10-28,edgar/data/40417/0001062993-24-018004.txt,post,0001062993-24-018004,2024-10-25,2024-10-28T15:27:29,2024-10-28,1.0,0000040417,text,resolved,ok
SC 13D,"Edenbrook Capital, LLC",1666682,2024-11-14,edgar/data/1666682/0001062993-24-019152.txt,post,0001062993-24-019152,2024-11-13,2024-11-14T16:26:30,2024-11-14,1.0,0000315131,text,resolved,ok
SC 13D,ADURO CLEAN TECHNOLOGIES INC.,1863934,2024-11-15,edgar/data/1863934/0001062993-24-019213.txt,post,0001062993-24-019213,2024-11-07,2024-11-15T16:08:33,2024-11-15,5.0,0001863934,text,resolved,ok
SCHEDULE 13D,"Saba Capital Management, L.P.",1510281,2024-12-20,edgar/data/1510281/0001062993-24-021063.txt,post,0001062993-24-021063,2024-12-18,2024-12-20T15:20:09,2024-12-20,2.0,0001496292,xml,resolved,ok
SCHEDULE 13D,"Saba Capital Management, L.P.",1510281,2024-12-30,edgar/data/1510281/0001062993-24-021281.txt,post,0001062993-24-021281,2024-12-23,2024-12-30T16:42:19,2024-12-30,4.0,0001268533,xml,resolved,ok
SC 13D,"MBX Biosciences, Inc.",1776111,2024-09-23,edgar/data/1776111/0001072613-24-000721.txt,post,0001072613-24-000721,2024-09-16,2024-09-23T18:05:24,2024-09-24,6.0,0001776111,text,resolved,ok
SC 13D,"ARCH Venture Fund IX, L.P.",1666306,2024-10-29,edgar/data/1666306/0001072613-24-000789.txt,post,0001072613-24-000789,2024-04-02,2024-10-29T18:32:08,2024-10-30,146.0,0001782303,text,resolved,ok
SC 13D,NATURAL GAS SERVICES GROUP INC,1084991,2024-11-25,edgar/data/1084991/0001084991-24-000128.txt,post,0001084991-24-000128,2024-11-21,2024-11-25T17:48:48,2024-11-26,3.0,0001084991,text,resolved,ok
SC 13D,Desai Ravi Ramesh,1914162,2024-11-07,edgar/data/1914162/0001085146-24-005388.txt,post,0001085146-24-005388,2024-10-23,2024-11-07T10:04:56,2024-11-07,11.0,0001538822,text,resolved,ok
SC 13D,Daley Marcus,1994009,2024-08-27,edgar/data/1994009/0001091818-24-000107.txt,post,0001091818-24-000107,2024-08-26,2024-08-27T16:04:30,2024-08-27,1.0,0000894501,text,resolved,ok
SCHEDULE 13D,Ferayorni Justin John,1790497,2024-07-17,edgar/data/1790497/0001095449-24-000051.txt,post,0001095449-24-000051,2024-02-07,2024-07-17T20:55:51,2024-07-18,112.0,0001008586,xml,resolved,ok
SCHEDULE 13D,STREAMLINE HEALTH SOLUTIONS INC.,1008586,2024-11-22,edgar/data/1008586/0001095449-24-000098.txt,post,0001095449-24-000098,2024-11-13,2024-11-22T16:09:11,2024-11-22,7.0,0001008586,xml,resolved,ok
SC 13D,Decus Pro OU,2029212,2024-07-02,edgar/data/2029212/0001096906-24-001464.txt,post,0001096906-24-001464,2022-01-27,2024-07-02T13:50:18,2024-07-02,608.0,0001131903,text,resolved,ok
SC 13D,Brehm Sean Michael,2030702,2024-07-24,edgar/data/2030702/0001096906-24-001578.txt,post,0001096906-24-001578,2024-06-07,2024-07-24T13:15:22,2024-07-24,31.0,0001131903,text,resolved,ok
SC 13D,Sands Lawrence M.,1506824,2024-07-01,edgar/data/1506824/0001104659-24-077005.txt,post,0001104659-24-077005,,2024-07-01T21:19:00,,,0001864531,text,unresolved,no_trigger_date
SC 13D,CHEN MILTON,2027198,2024-07-01,edgar/data/2027198/0001104659-24-077012.txt,post,0001104659-24-077012,,2024-07-01T21:36:39,,,0001864531,text,unresolved,no_trigger_date
SC 13D,Aisiku Imoigele,2026054,2024-07-01,edgar/data/2026054/0001104659-24-077013.txt,post,0001104659-24-077013,,2024-07-01T21:41:11,,,0001864531,text,unresolved,no_trigger_date
SC 13D,TECHPRECISION CORP,1328792,2024-07-02,edgar/data/1328792/0001104659-24-077375.txt,post,0001104659-24-077375,2024-07-02,2024-07-02T16:32:07,2024-07-02,0.0,0001328792,text,resolved,ok
SC 13D,ALUMIS INC.,1847367,2024-07-05,edgar/data/1847367/0001104659-24-078138.txt,post,0001104659-24-078138,2024-06-27,2024-07-05T21:30:17,2024-07-08,6.0,0001847367,text,resolved,ok
SC 13D,CANADA PENSION PLAN INVESTMENT BOARD,1283718,2024-07-09,edgar/data/1283718/0001104659-24-078572.txt,post,0001104659-24-078572,,2024-07-09T16:34:52,,,0001609253,text,unresolved,no_trigger_date
SC 13D,California Resources Corp,1609253,2024-07-09,edgar/data/1609253/0001104659-24-078573.txt,post,0001104659-24-078573,,2024-07-09T16:36:03,,,0001609253,text,unresolved,no_trigger_date
SC 13D,"ConnectM Technology Solutions, Inc.",1895249,2024-07-18,edgar/data/1895249/0001104659-24-080854.txt,post,0001104659-24-080854,,2024-07-18T16:42:48,,,0001895249,text,unresolved,no_trigger_date
SC 13D,"ConnectM Technology Solutions, Inc.",1895249,2024-07-19,edgar/data/1895249/0001104659-24-081193.txt,post,0001104659-24-081193,,2024-07-19T17:02:11,,,0001895249,text,unresolved,no_trigger_date
SC 13D,"Cidara Therapeutics, Inc.",1610618,2024-07-25,edgar/data/1610618/0001104659-24-082640.txt,post,0001104659-24-082640,,2024-07-25T16:16:26,,,0001610618,text,unresolved,no_trigger_date
SC 13D,"Artiva Biotherapeutics, Inc.",1817241,2024-07-29,edgar/data/1817241/0001104659-24-083555.txt,post,0001104659-24-083555,,2024-07-29T16:29:09,,,0001817241,text,unresolved,no_trigger_date
SC 13D,Magnetar Financial LLC,1352851,2024-07-30,edgar/data/1352851/0001104659-24-083798.txt,post,0001104659-24-083798,,2024-07-30T10:49:41,,,0000061398,text,unresolved,no_trigger_date
SC 13D,Enstar Group LTD,1363829,2024-08-01,edgar/data/1363829/0001104659-24-084959.txt,post,0001104659-24-084959,2024-07-28,2024-08-01T16:45:15,2024-08-01,3.0,0001363829,text,resolved,ok
SC 13D,Enstar Group LTD,1363829,2024-08-02,edgar/data/1363829/0001104659-24-085373.txt,post,0001104659-24-085373,2024-07-28,2024-08-02T16:15:46,2024-08-02,4.0,0001363829,text,resolved,ok
SC 13D,JHB BMA Guarantee Trust,2031652,2024-08-12,edgar/data/2031652/0001104659-24-088307.txt,post,0001104659-24-088307,2023-09-01,2024-08-12T15:23:30,2024-08-12,235.0,0001347426,text,resolved,ok
SC 13D,Magnetar Financial LLC,1352851,2024-08-12,edgar/data/1352851/0001104659-24-088365.txt,post,0001104659-24-088365,2024-08-05,2024-08-12T16:21:48,2024-08-12,5.0,0001397702,text,resolved,ok
SC 13D,Adecoagro S.A.,1499505,2024-08-16,edgar/data/1499505/0001104659-24-090580.txt,post,0001104659-24-090580,2024-08-09,2024-08-16T18:02:24,2024-08-19,6.0,0001499505,text,resolved,ok
SC 13D,"FIREFLY NEUROSCIENCE, INC.",803578,2024-08-19,edgar/data/803578/0001104659-24-090874.txt,post,0001104659-24-090874,,2024-08-19T16:38:10,,,0000803578,text,unresolved,no_trigger_date
SC 13D,"ACTUATE THERAPEUTICS, INC.",1652935,2024-08-19,edgar/data/1652935/0001104659-24-090990.txt,post,0001104659-24-090990,,2024-08-19T20:59:59,,,0001652935,text,unresolved,truncated_source
SC 13D,Lychagov Igor,2034918,2024-08-22,edgar/data/2034918/0001104659-24-092039.txt,post,0001104659-24-092039,2024-08-15,2024-08-22T17:00:50,2024-08-22,5.0,0001920294,text,resolved,ok
SC 13D,"Atlanta Braves Holdings, Inc.",1958140,2024-08-23,edgar/data/1958140/0001104659-24-092245.txt,post,0001104659-24-092245,,2024-08-23T08:27:45,,,0001958140,text,unresolved,no_trigger_date
SC 13D,"EcoR1 Capital, LLC",1587114,2024-08-23,edgar/data/1587114/0001104659-24-092414.txt,post,0001104659-24-092414,2024-08-19,2024-08-23T16:01:26,2024-08-23,4.0,0001421876,text,resolved,ok
SC 13D,"Castle Creek Capital Partners VIII, LP",1868329,2024-08-26,edgar/data/1868329/0001104659-24-092970.txt,post,0001104659-24-092970,,2024-08-26T19:18:47,,,0001828588,text,unresolved,no_trigger_date
SC 13D,ALUMIS INC.,1847367,2024-08-27,edgar/data/1847367/0001104659-24-093439.txt,post,0001104659-24-093439,,2024-08-27T16:20:38,,,0001847367,text,unresolved,no_trigger_date
SC 13D,"CHUY'S HOLDINGS, INC.",1524931,2024-08-29,edgar/data/1524931/0001104659-24-094588.txt,post,0001104659-24-094588,2024-08-22,2024-08-29T08:30:07,2024-08-29,5.0,0001524931,text,resolved,ok
SC 13D,NORDSTROM ERIK B,1183469,2024-09-04,edgar/data/1183469/0001104659-24-096646.txt,post,0001104659-24-096646,2024-09-03,2024-09-04T08:00:24,2024-09-04,1.0,0000072333,text,resolved,ok
SC 13D,"New Mountain Guardian IV BDC, L.L.C.",1925531,2024-09-05,edgar/data/1925531/0001104659-24-097410.txt,post,0001104659-24-097410,,2024-09-05T16:31:17,,,0001925531,text,unresolved,truncated_source
SC 13D,"Highwire Capital, LLC",2036692,2024-09-09,edgar/data/2036692/0001104659-24-098103.txt,post,0001104659-24-098103,,2024-09-09T14:42:21,,,0001004989,text,unresolved,no_trigger_date
SC 13D,SIRIUS XM HOLDINGS INC.,908937,2024-09-09,edgar/data/908937/0001104659-24-098259.txt,post,0001104659-24-098259,2024-09-09,2024-09-09T18:25:25,2024-09-10,1.0,0000908937,text,resolved,ok
SC 13D,"Decheng Capital China Life Sciences USD Fund III, L.P.",1736814,2024-09-10,edgar/data/1736814/0001104659-24-098630.txt,post,0001104659-24-098630,,2024-09-10T16:51:38,,,0001811063,text,unresolved,no_trigger_date
SC 13D,MALONE JOHN C,937797,2024-09-11,edgar/data/937797/0001104659-24-098956.txt,post,0001104659-24-098956,,2024-09-11T16:46:40,,,0000908937,text,unresolved,no_trigger_date
SC 13D,Evoke Pharma Inc,1403708,2024-09-20,edgar/data/1403708/0001104659-24-101777.txt,post,0001104659-24-101777,2024-09-20,2024-09-20T19:28:39,2024-09-23,1.0,0001403708,text,resolved,ok
SC 13D,"Enavate Sciences GP, LLC",1953107,2024-09-23,edgar/data/1953107/0001104659-24-102046.txt,post,0001104659-24-102046,,2024-09-23T16:16:03,,,0001953926,text,unresolved,no_trigger_date
SC 13D,Bicara Therapeutics Inc.,2023658,2024-09-23,edgar/data/2023658/0001104659-24-102048.txt,post,0001104659-24-102048,2024-09-16,2024-09-23T16:17:42,2024-09-23,5.0,0002023658,text,resolved,ok
SC 13D,"MBX Biosciences, Inc.",1776111,2024-09-23,edgar/data/1776111/0001104659-24-102144.txt,post,0001104659-24-102144,,2024-09-23T18:07:21,,,0001776111,text,unresolved,no_trigger_date
SC 13D,AMERICAS CARMART INC,799850,2024-09-24,edgar/data/799850/0001104659-24-102454.txt,post,0001104659-24-102454,2024-09-19,2024-09-24T16:31:34,2024-09-24,3.0,0000799850,text,resolved,ok
SC 13D,"BioAge Labs, Inc.",1709941,2024-09-30,edgar/data/1709941/0001104659-24-104494.txt,post,0001104659-24-104494,2024-09-27,2024-09-30T20:34:39,2024-10-01,2.0,0001709941,text,resolved,ok
SC 13D,CHEETAH NET SUPPLY CHAIN SERVICE INC.,1951667,2024-10-04,edgar/data/1951667/0001104659-24-106234.txt,post,0001104659-24-106234,2024-09-30,2024-10-04T15:41:31,2024-10-04,4.0,0001951667,text,resolved,ok
SC 13D,"AH Bio Fund I, L.P.",1656629,2024-10-04,edgar/data/1656629/0001104659-24-106374.txt,post,0001104659-24-106374,2024-09-27,2024-10-04T20:21:35,2024-10-07,6.0,0001709941,text,resolved,ok
SC 13D,GSE SYSTEMS INC,944480,2024-10-11,edgar/data/944480/0001104659-24-108166.txt,post,0001104659-24-108166,2024-10-10,2024-10-11T19:40:38,2024-10-15,2.0,0000944480,text,resolved,ok
SC 13D,Sealbond Ltd,2040446,2024-10-15,edgar/data/2040446/0001104659-24-108596.txt,post,0001104659-24-108596,2024-10-07,2024-10-15T16:19:38,2024-10-15,5.0,0001818844,text,resolved,ok
SC 13D,Longx Tech Ltd,2036897,2024-10-15,edgar/data/2036897/0001104659-24-108746.txt,post,0001104659-24-108746,,2024-10-15T19:16:39,,,0001781193,text,unresolved,no_trigger_date
SC 13D,Highland Vision Holding LTD,2036343,2024-10-15,edgar/data/2036343/0001104659-24-108747.txt,post,0001104659-24-108747,2024-08-08,2024-10-15T19:17:52,2024-10-16,47.0,0001781193,text,resolved,ok
SC 13D,Genan Tech Ltd,2036565,2024-10-15,edgar/data/2036565/0001104659-24-108748.txt,post,0001104659-24-108748,,2024-10-15T19:19:18,,,0001781193,text,unresolved,no_trigger_date
SC 13D,Ahanzhai Development Ltd,1843863,2024-10-16,edgar/data/1843863/0001104659-24-109188.txt,post,0001104659-24-109188,2024-09-07,2024-10-16T16:19:46,2024-10-16,26.0,0001779578,text,resolved,ok
SC 13D,CONTINENTAL GRAIN CO,929607,2024-10-18,edgar/data/929607/0001104659-24-109740.txt,post,0001104659-24-109740,2024-10-11,2024-10-18T09:26:43,2024-10-18,4.0,0001679273,text,resolved,ok
SC 13D,EVgo Inc.,1821159,2024-10-18,edgar/data/1821159/0001104659-24-109978.txt,post,0001104659-24-109978,,2024-10-18T21:23:41,,,0001821159,text,unresolved,truncated_source
SC 13D,"LogicMark, Inc.",1566826,2024-10-18,edgar/data/1566826/0001104659-24-109979.txt,post,0001104659-24-109979,2024-10-09,2024-10-18T21:30:06,2024-10-21,7.0,0001566826,text,resolved,ok
SC 13D,"Frontier Communications Parent, Inc.",20520,2024-10-21,edgar/data/20520/0001104659-24-110213.txt,post,0001104659-24-110213,2024-10-14,2024-10-21T16:05:09,2024-10-21,4.0,0000020520,text,resolved,ok
SC 13D,Camp4 Therapeutics Corp,1736730,2024-10-22,edgar/data/1736730/0001104659-24-110566.txt,post,0001104659-24-110566,,2024-10-22T16:16:00,,,0001736730,text,unresolved,no_trigger_date
SC 13D,"5AM Ventures VI, L.P.",1753037,2024-10-22,edgar/data/1753037/0001104659-24-110570.txt,post,0001104659-24-110570,,2024-10-22T16:17:53,,,0001736730,text,unresolved,no_trigger_date
SC 13D,CARVER BANCORP INC,1016178,2024-10-22,edgar/data/1016178/0001104659-24-110637.txt,post,0001104659-24-110637,2024-10-18,2024-10-22T19:23:45,2024-10-23,3.0,0001016178,text,resolved,ok
SC 13D,"Mudrick Capital Management, L.P.",1655183,2024-10-23,edgar/data/1655183/0001104659-24-110937.txt,post,0001104659-24-110937,2024-10-20,2024-10-23T19:06:45,2024-10-24,3.0,0001867102,text,resolved,ok
SC 13D,Palm Management (US) LLC,1726497,2024-10-25,edgar/data/1726497/0001104659-24-111477.txt,post,0001104659-24-111477,2024-10-24,2024-10-25T16:15:14,2024-10-25,1.0,0001855509,text,resolved,ok
SC 13D,"Anchorage Lending CA, LLC",2042702,2024-10-30,edgar/data/2042702/0001104659-24-112490.txt,post,0001104659-24-112490,2024-10-25,2024-10-30T10:59:49,2024-10-30,3.0,0001755953,text,resolved,ok
SC 13D,"Alliance Ventures, B.V.",2039251,2024-11-04,edgar/data/2039251/0001104659-24-113896.txt,post,0001104659-24-113896,2024-10-28,2024-11-04T16:15:05,2024-11-04,5.0,0001867729,text,resolved,ok
SC 13D,"RA CAPITAL MANAGEMENT, L.P.",1346824,2024-11-04,edgar/data/1346824/0001104659-24-113930.txt,post,0001104659-24-113930,,2024-11-04T16:39:38,,,0001984086,text,unresolved,no_trigger_date
SC 13D,"Carrollton Mineral Partners IV, LP",1730313,2024-11-07,edgar/data/1730313/0001104659-24-115320.txt,post,0001104659-24-115320,2024-09-30,2024-11-07T16:15:37,2024-11-07,27.0,0001172358,text,resolved,ok
SC 13D,Magnetar Financial LLC,1352851,2024-11-12,edgar/data/1352851/0001104659-24-116684.txt,post,0001104659-24-116684,,2024-11-12T14:01:04,,,0000931584,text,unresolved,no_trigger_date
SC 13D,Greenfire Resources Ltd.,1966287,2024-11-14,edgar/data/1966287/0001104659-24-118857.txt,post,0001104659-24-118857,,2024-11-14T16:01:16,,,0001966287,text,unresolved,truncated_source
SC 13D,Eagle Point Credit Management LLC,1607203,2024-11-14,edgar/data/1607203/0001104659-24-119436.txt,post,0001104659-24-119436,,2024-11-14T21:05:19,,,0001495222,text,unresolved,no_trigger_date
SC 13D,Eubanks Deric S,1608195,2024-11-15,edgar/data/1608195/0001104659-24-119740.txt,post,0001104659-24-119740,,2024-11-15T16:40:27,,,0002003881,text,unresolved,no_trigger_date
SC 13D,GHGK Innovation Ltd,2042890,2024-11-21,edgar/data/2042890/0001104659-24-121207.txt,post,0001104659-24-121207,,2024-11-21T06:02:13,,,0001954042,text,unresolved,truncated_source
SC 13D,GHGK Innovation Ltd,2042890,2024-11-21,edgar/data/2042890/0001104659-24-121221.txt,post,0001104659-24-121221,,2024-11-21T06:04:38,,,0001954042,text,unresolved,no_trigger_date
SC 13D,"Exela Technologies, Inc.",1620179,2024-11-25,edgar/data/1620179/0001104659-24-122623.txt,post,0001104659-24-122623,,2024-11-25T17:08:27,,,0001620179,text,unresolved,no_trigger_date
SC 13D,Beigam Trust,2046318,2024-11-27,edgar/data/2046318/0001104659-24-123666.txt,post,0001104659-24-123666,,2024-11-27T16:00:55,,,0001620179,text,unresolved,no_trigger_date
SC 13D,Chadha Ajit Singh,2046563,2024-11-27,edgar/data/2046563/0001104659-24-123786.txt,post,0001104659-24-123786,,2024-11-27T17:57:16,,,0001620179,text,unresolved,no_trigger_date
SC 13D,BGM Group Ltd.,1779578,2024-12-03,edgar/data/1779578/0001104659-24-124829.txt,post,0001104659-24-124829,,2024-12-03T06:03:06,,,0001779578,text,unresolved,no_trigger_date
SC 13D,"Concentra Group Holdings Parent, Inc.",2014596,2024-12-03,edgar/data/2014596/0001104659-24-125087.txt,post,0001104659-24-125087,,2024-12-03T16:19:29,,,0002014596,text,unresolved,no_trigger_date
SC 13D,"Concentra Group Holdings Parent, Inc.",2014596,2024-12-03,edgar/data/2014596/0001104659-24-125089.txt,post,0001104659-24-125089,,2024-12-03T16:21:17,,,0002014596,text,unresolved,no_trigger_date
SC 13D,Klein Mark D,1322402,2024-12-04,edgar/data/1322402/0001104659-24-125520.txt,post,0001104659-24-125520,2024-11-29,2024-12-04T16:10:31,2024-12-04,3.0,0001509470,text,resolved,ok
SC 13D,ANT INTERNATIONAL (CAYMAN) HOLDING LTD,2017279,2024-12-05,edgar/data/2017279/0001104659-24-125741.txt,post,0001104659-24-125741,,2024-12-05T06:23:14,,,0001799983,text,unresolved,no_trigger_date
SC 13D,INFORMA PLC,1343894,2024-12-09,edgar/data/1343894/0001104659-24-126752.txt,post,0001104659-24-126752,,2024-12-09T16:12:18,,,0002018064,text,unresolved,no_trigger_date
SC 13D,Gurney-Goldman Steven,1702563,2024-12-09,edgar/data/1702563/0001104659-24-126778.txt,post,0001104659-24-126778,,2024-12-09T16:31:05,,,0000054187,text,unresolved,no_trigger_date
SC 13D,"AIPCF VIII (Cayman), Ltd.",2048379,2024-12-13,edgar/data/2048379/0001104659-24-128584.txt,post,0001104659-24-128584,,2024-12-13T21:48:50,,,0001592057,text,unresolved,truncated_source
SCHEDULE 13D,NEW ERA HELIUM INC.,2028336,2024-12-16,edgar/data/2028336/0001104659-24-129080.txt,post,0001104659-24-129080,2024-12-09,2024-12-16T21:22:43,2024-12-17,6.0,0002028336,xml,resolved,ok
SCHEDULE 13D,CROSS COUNTRY HEALTHCARE INC,1141103,2024-12-20,edgar/data/1141103/0001104659-24-130738.txt,post,0001104659-24-130738,2024-12-13,2024-12-20T14:32:48,2024-12-20,5.0,0001141103,xml,resolved,ok
SCHEDULE 13D,KLINSKY STEVEN B,1018327,2024-12-23,edgar/data/1018327/0001104659-24-131320.txt,post,0001104659-24-131320,2024-12-17,2024-12-23T16:30:11,2024-12-23,4.0,0002037804,xml,resolved,ok
SCHEDULE 13D,NORDSTROM ERIK B,1183469,2024-12-23,edgar/data/1183469/0001104659-24-131447.txt,post,0001104659-24-131447,2024-12-22,2024-12-23T21:42:23,2024-12-24,1.0,0000072333,xml,resolved,ok
SCHEDULE 13D,"MAIDEN HOLDINGS NORTH AMERICA, LTD.",1512303,2024-12-31,edgar/data/1512303/0001104659-24-132897.txt,post,0001104659-24-132897,2024-12-29,2024-12-31T16:56:50,2024-12-31,1.0,0001412100,xml,resolved,ok
SC 13D,REE Automotive Ltd.,1843588,2024-09-26,edgar/data/1843588/0001123292-24-000291.txt,post,0001123292-24-000291,2024-09-26,2024-09-26T15:56:30,2024-09-26,0.0,0001843588,text,resolved,ok
SC 13D,"Anchorage Capital Advisors, L.P.",2007642,2024-07-08,edgar/data/2007642/0001140361-24-032675.txt,post,0001140361-24-032675,2024-06-28,2024-07-08T16:05:42,2024-07-08,5.0,0001800682,text,resolved,ok
SC 13D,"Cano Health, Inc.",1800682,2024-07-08,edgar/data/1800682/0001140361-24-032709.txt,post,0001140361-24-032709,2024-06-28,2024-07-08T20:10:16,2024-07-09,6.0,0001800682,text,resolved,ok
SC 13D,MediWound Ltd.,1593984,2024-07-19,edgar/data/1593984/0001140361-24-033602.txt,post,0001140361-24-033602,2024-07-17,2024-07-19T16:30:11,2024-07-19,2.0,0001593984,text,resolved,ok
SC 13D,MariaDB plc,1929589,2024-07-29,edgar/data/1929589/0001140361-24-034690.txt,post,0001140361-24-034690,2024-07-29,2024-07-29T16:36:47,2024-07-29,0.0,0001929589,text,resolved,ok
SC 13D,"CLEARLAKE CAPITAL GROUP, L.P.",1688282,2024-08-14,edgar/data/1688282/0001140361-24-037374.txt,post,0001140361-24-037374,2024-08-14,2024-08-14T19:35:27,2024-08-15,1.0,0000912728,text,resolved,ok
SC 13D,"GYRE THERAPEUTICS, INC.",1124105,2024-09-06,edgar/data/1124105/0001140361-24-040313.txt,post,0001140361-24-040313,2024-09-06,2024-09-06T08:15:45,2024-09-06,0.0,0001124105,text,resolved,ok
SC 13D,"GYRE THERAPEUTICS, INC.",1124105,2024-09-06,edgar/data/1124105/0001140361-24-040318.txt,post,0001140361-24-040318,2024-09-06,2024-09-06T08:31:07,2024-09-06,0.0,0001124105,text,resolved,ok
SC 13D,"Diamondback Energy, Inc.",1539838,2024-09-13,edgar/data/1539838/0001140361-24-041064.txt,post,0001140361-24-041064,2024-09-10,2024-09-13T16:27:15,2024-09-13,3.0,0001539838,text,resolved,ok
SC 13D,"BrightSpring Health Services, Inc.",1865782,2024-09-18,edgar/data/1865782/0001140361-24-041401.txt,post,0001140361-24-041401,2024-09-11,2024-09-18T18:24:36,2024-09-19,6.0,0001865782,text,resolved,ok
SC 13D,"Five Point Holdings, LLC",1574197,2024-09-27,edgar/data/1574197/0001140361-24-042124.txt,post,0001140361-24-042124,2024-09-24,2024-09-27T09:19:37,2024-09-27,3.0,0001574197,text,resolved,ok
SC 13D,CrowdOut Credit Opportunities Fund LLC,1755295,2024-10-01,edgar/data/1755295/0001140361-24-042504.txt,post,0001140361-24-042504,2024-09-24,2024-10-01T17:28:19,2024-10-01,5.0,0000890447,text,resolved,ok
SC 13D,Vertex Energy Inc.,890447,2024-10-01,edgar/data/890447/0001140361-24-042513.txt,post,0001140361-24-042513,2024-09-24,2024-10-01T18:29:46,2024-10-02,6.0,0000890447,text,resolved,ok
SC 13D,HELU CARLOS SLIM,1080910,2024-10-03,edgar/data/1080910/0001140361-24-042733.txt,post,0001140361-24-042733,2024-09-30,2024-10-03T16:05:13,2024-10-03,3.0,0001534504,text,resolved,ok
SC 13D,INDIVIOR PLC,1625297,2024-10-04,edgar/data/1625297/0001140361-24-042795.txt,post,0001140361-24-042795,2024-10-02,2024-10-04T06:01:38,2024-10-04,2.0,0001625297,text,resolved,ok
SC 13D,"Innventure, Inc.",2001557,2024-10-07,edgar/data/2001557/0001140361-24-042991.txt,post,0001140361-24-042991,2024-10-02,2024-10-07T21:42:53,2024-10-08,4.0,0002001557,text,resolved,ok
SC 13D,Qatar Investment Authority,1441449,2024-10-23,edgar/data/1441449/0001140361-24-044040.txt,post,0001140361-24-044040,2024-10-16,2024-10-23T18:43:10,2024-10-24,6.0,0002020354,text,resolved,ok
SC 13D,Tzuo Tien,1735409,2024-10-23,edgar/data/1735409/0001140361-24-044054.txt,post,0001140361-24-044054,2024-10-17,2024-10-23T20:17:13,2024-10-24,5.0,0001423774,text,resolved,ok
SC 13D,Algoma Steel Group Inc.,1860805,2024-10-25,edgar/data/1860805/0001140361-24-044315.txt,post,0001140361-24-044315,2024-10-25,2024-10-25T19:59:47,2024-10-28,1.0,0001860805,text,resolved,ok
SC 13D,"BEYOND, INC.",1130713,2024-10-28,edgar/data/1130713/0001140361-24-044419.txt,post,0001140361-24-044419,2024-10-21,2024-10-28T16:01:19,2024-10-28,5.0,0001056285,text,resolved,ok
SC 13D,ModivCare Inc,1220754,2024-11-08,edgar/data/1220754/0001140361-24-045923.txt,post,0001140361-24-045923,2024-11-07,2024-11-08T21:59:28,2024-11-12,2.0,0001220754,text,resolved,ok
SCHEDULE 13D,Walmart Inc.,104169,2024-12-19,edgar/data/104169/0001140361-24-049960.txt,post,0001140361-24-049960,2024-12-18,2024-12-19T17:00:51,2024-12-19,1.0,0000104169,xml,resolved,ok
SCHEDULE 13D,ROBOTTI ROBERT,1105838,2024-12-20,edgar/data/1105838/0001140361-24-050146.txt,post,0001140361-24-050146,2024-12-13,2024-12-20T21:57:24,2024-12-23,6.0,0000098222,xml,resolved,ok
SCHEDULE 13D,Anzu SPAC GP I LLC,1846378,2024-12-26,edgar/data/1846378/0001140361-24-050435.txt,post,0001140361-24-050435,2023-09-29,2024-12-26T18:46:25,2024-12-27,310.0,0001840877,xml,resolved,ok
SCHEDULE 13D,"FREYR Battery, Inc. /DE/",1992243,2024-12-27,edgar/data/1992243/0001140361-24-050502.txt,post,0001140361-24-050502,2024-12-23,2024-12-27T19:00:12,2024-12-30,4.0,0001992243,xml,resolved,ok
SC 13D,Valens Semiconductor Ltd.,1863006,2024-07-23,edgar/data/1863006/0001178913-24-002269.txt,post,0001178913-24-002269,2024-07-23,2024-07-23T16:10:05,2024-07-23,0.0,0001863006,text,resolved,ok
SC 13D,Choe Yang Yeat,1948734,2024-08-08,edgar/data/1948734/0001183740-24-000066.txt,post,0001183740-24-000066,2019-05-16,2024-08-08T15:09:22,2024-08-08,1326.0,0001602409,text,resolved,ok
SC 13D,"CLS Holdings USA, Inc.",1522222,2024-10-03,edgar/data/1522222/0001185185-24-000941.txt,post,0001185185-24-000941,2024-09-18,2024-10-03T16:13:27,2024-10-03,11.0,0001522222,text,resolved,ok
SC 13D,AMERICAN SHARED HOSPITAL SERVICES,744825,2024-11-20,edgar/data/744825/0001185185-24-001162.txt,post,0001185185-24-001162,2024-11-20,2024-11-20T16:59:03,2024-11-20,0.0,0000744825,text,resolved,ok
SC 13D,HUTTON KEITH A,1182688,2024-07-02,edgar/data/1182688/0001193125-24-174461.txt,post,0001193125-24-174461,,2024-07-02T18:58:55,,,0001559432,text,unresolved,no_trigger_date
SC 13D,LandBridge Co LLC,1995807,2024-07-03,edgar/data/1995807/0001193125-24-175109.txt,post,0001193125-24-175109,,2024-07-03T17:16:24,,,0001995807,text,unresolved,no_trigger_date
SC 13D,JAFFER REHAN,1364501,2024-07-03,edgar/data/1364501/0001193125-24-175123.txt,post,0001193125-24-175123,,2024-07-03T17:29:26,,,0001999001,text,unresolved,no_trigger_date
SC 13D,"Cano Health, Inc.",1800682,2024-07-08,edgar/data/1800682/0001193125-24-176171.txt,post,0001193125-24-176171,,2024-07-08T13:47:56,,,0001800682,text,unresolved,no_trigger_date
SC 13D,Sheffield Bryan,1606914,2024-07-08,edgar/data/1606914/0001193125-24-176323.txt,post,0001193125-24-176323,,2024-07-08T16:30:56,,,0001997652,text,unresolved,no_trigger_date
SC 13D,"Cano Health, Inc.",1800682,2024-07-08,edgar/data/1800682/0001193125-24-176345.txt,post,0001193125-24-176345,,2024-07-08T16:53:25,,,0001800682,text,unresolved,no_trigger_date
SC 13D,"Cano Health, Inc.",1800682,2024-07-08,edgar/data/1800682/0001193125-24-176400.txt,post,0001193125-24-176400,,2024-07-08T18:15:25,,,0001800682,text,unresolved,no_trigger_date
SC 13D,"KALA BIO, Inc.",1479419,2024-07-08,edgar/data/1479419/0001193125-24-176447.txt,post,0001193125-24-176447,,2024-07-08T20:54:55,,,0001479419,text,unresolved,no_trigger_date
SC 13D,Anson Funds Management LP,1491072,2024-07-09,edgar/data/1491072/0001193125-24-176749.txt,post,0001193125-24-176749,,2024-07-09T16:23:48,,,0001701758,text,unresolved,no_trigger_date
SC 13D,"Mill Road Capital III, L.P.",1767199,2024-07-09,edgar/data/1767199/0001193125-24-176872.txt,post,0001193125-24-176872,,2024-07-09T20:07:56,,,0001436126,text,unresolved,no_trigger_date
SC 13D,"Calumet, Inc. /DE",2013745,2024-07-11,edgar/data/2013745/0001193125-24-177792.txt,post,0001193125-24-177792,,2024-07-11T17:56:25,,,0002013745,text,unresolved,no_trigger_date
SC 13D,Amundi,1330387,2024-07-15,edgar/data/1330387/0001193125-24-179101.txt,post,0001193125-24-179101,,2024-07-15T17:02:57,,,0001570827,text,unresolved,no_trigger_date
SC 13D,"Alpha Teknova, Inc.",1850902,2024-07-19,edgar/data/1850902/0001193125-24-181644.txt,post,0001193125-24-181644,,2024-07-19T16:11:25,,,0001850902,text,unresolved,no_trigger_date
SC 13D,"BCPE Nucleon (DE) SPV, LP",2031973,2024-07-26,edgar/data/2031973/0001193125-24-186422.txt,post,0001193125-24-186422,,2024-07-26T18:30:25,,,0001618732,text,unresolved,no_trigger_date
SC 13D,"Artiva Biotherapeutics, Inc.",1817241,2024-07-29,edgar/data/1817241/0001193125-24-187576.txt,post,0001193125-24-187576,,2024-07-29T16:15:58,,,0001817241,text,unresolved,no_trigger_date
SC 13D,Enstar Group LTD,1363829,2024-07-30,edgar/data/1363829/0001193125-24-189027.txt,post,0001193125-24-189027,,2024-07-30T17:37:56,,,0001363829,text,unresolved,no_trigger_date
SC 13D,Algoma Steel Group Inc.,1860805,2024-07-31,edgar/data/1860805/0001193125-24-190002.txt,post,0001193125-24-190002,,2024-07-31T16:58:55,,,0001860805,text,unresolved,no_trigger_date
SC 13D,BlackRock Inc.,1364742,2024-07-31,edgar/data/1364742/0001193125-24-190088.txt,post,0001193125-24-190088,,2024-07-31T17:42:56,,,0000890447,text,unresolved,no_trigger_date
SC 13D,Motor Trades Association of Australia Superannuation Fund Pt,2032007,2024-08-01,edgar/data/2032007/0001193125-24-190626.txt,post,0001193125-24-190626,,2024-08-01T07:45:49,,,0002015571,text,unresolved,no_trigger_date
SC 13D,"CNS Pharmaceuticals, Inc.",1729427,2024-08-02,edgar/data/1729427/0001193125-24-192870.txt,post,0001193125-24-192870,,2024-08-02T16:11:48,,,0001729427,text,unresolved,no_trigger_date
SC 13D,ALLIANZ SE,1127508,2024-08-07,edgar/data/1127508/0001193125-24-195497.txt,post,0001193125-24-195497,,2024-08-07T09:44:55,,,0001838615,text,unresolved,no_trigger_date
SC 13D,APAX IX GP CO. Ltd,1861008,2024-08-07,edgar/data/1861008/0001193125-24-195898.txt,post,0001193125-24-195898,,2024-08-07T16:15:56,,,0001866550,text,unresolved,no_trigger_date
SC 13D,Allego N.V.,1874474,2024-08-08,edgar/data/1874474/0001193125-24-197116.txt,post,0001193125-24-197116,,2024-08-08T17:33:58,,,0001874474,text,unresolved,no_trigger_date
SC 13D,AnKe Technology Co Ltd,1844293,2024-08-13,edgar/data/1844293/0001193125-24-199630.txt,post,0001193125-24-199630,,2024-08-13T13:11:26,,,0001816007,text,unresolved,truncated_source
SC 13D,"Bolt Projects Holdings, Inc.",1841125,2024-08-20,edgar/data/1841125/0001193125-24-203635.txt,post,0001193125-24-203635,,2024-08-20T16:01:55,,,0001841125,text,unresolved,no_trigger_date
SC 13D,GUND GORDON,1188365,2024-08-20,edgar/data/1188365/0001193125-24-203665.txt,post,0001193125-24-203665,,2024-08-20T16:15:56,,,0000055067,text,unresolved,no_trigger_date
SC 13D,PEABODY ENERGY CORP,1064728,2024-08-20,edgar/data/1064728/0001193125-24-203869.txt,post,0001193125-24-203869,,2024-08-20T20:51:50,,,0001064728,text,unresolved,no_trigger_date
SC 13D,REZOLVE GROUP Ltd,1920294,2024-08-26,edgar/data/1920294/0001193125-24-207107.txt,post,0001193125-24-207107,,2024-08-26T16:31:26,,,0001920294,text,unresolved,no_trigger_date
SC 13D,IMMUCELL CORP /DE/,811641,2024-08-27,edgar/data/811641/0001193125-24-207799.txt,post,0001193125-24-207799,,2024-08-27T16:32:59,,,0000811641,text,unresolved,no_trigger_date
SC 13D,"El Puerto de Liverpool, S.A.B. de C.V.",1946901,2024-09-04,edgar/data/1946901/0001193125-24-212653.txt,post,0001193125-24-212653,2024-08-30,2024-09-04T08:10:56,2024-09-04,2.0,0000072333,text,resolved,ok
SC 13D,Denali Capital Acquisition Corp.,1913577,2024-09-09,edgar/data/1913577/0001193125-24-215901.txt,post,0001193125-24-215901,,2024-09-09T16:11:56,,,0001913577,text,unresolved,truncated_source
SC 13D,"NEW RITE AID, LLC",84129,2024-09-09,edgar/data/84129/0001193125-24-216142.txt,post,0001193125-24-216142,,2024-09-09T20:11:49,,,0000084129,text,unresolved,truncated_source
SC 13D,"Amberjack Capital Partners, L.P.",2026035,2024-09-13,edgar/data/2026035/0001193125-24-218932.txt,post,0001193125-24-218932,,2024-09-13T16:47:55,,,0001042893,text,unresolved,truncated_source
SC 13D,DYNAVAX TECHNOLOGIES CORP,1029142,2024-09-16,edgar/data/1029142/0001193125-24-219592.txt,post,0001193125-24-219592,,2024-09-16T16:05:57,,,0001029142,text,unresolved,no_trigger_date
SC 13D,"Frazier Life Sciences Public Fund, L.P.",1863769,2024-09-23,edgar/data/1863769/0001193125-24-223402.txt,post,0001193125-24-223402,,2024-09-23T10:48:27,,,0001776111,text,unresolved,truncated_source
SC 13D,"Longitude Capital Partners IV, LLC",1829169,2024-09-23,edgar/data/1829169/0001193125-24-223879.txt,post,0001193125-24-223879,,2024-09-23T20:11:55,,,0001953926,text,unresolved,no_trigger_date
SC 13D,"SR ONE CAPITAL MANAGEMENT, LLC",1853723,2024-09-23,edgar/data/1853723/0001193125-24-223899.txt,post,0001193125-24-223899,,2024-09-23T20:56:26,,,0001953926,text,unresolved,no_trigger_date
SC 13D,SMARTSHEET INC,1366561,2024-09-24,edgar/data/1366561/0001193125-24-224871.txt,post,0001193125-24-224871,,2024-09-24T16:58:58,,,0001366561,text,unresolved,no_trigger_date
SC 13D,Altos Venture AG,2006260,2024-09-26,edgar/data/2006260/0001193125-24-226920.txt,post,0001193125-24-226920,,2024-09-26T16:06:27,,,0001782107,text,unresolved,no_trigger_date
SC 13D,Curbline Properties Corp.,2027317,2024-10-08,edgar/data/2027317/0001193125-24-234466.txt,post,0001193125-24-234466,,2024-10-08T17:00:49,,,0002027317,text,unresolved,no_trigger_date
SC 13D,"Duckhorn Portfolio, Inc.",1835256,2024-10-11,edgar/data/1835256/0001193125-24-236789.txt,post,0001193125-24-236789,,2024-10-11T17:01:55,,,0001835256,text,unresolved,no_trigger_date
SC 13D,"Duckhorn Portfolio, Inc.",1835256,2024-10-11,edgar/data/1835256/0001193125-24-236830.txt,post,0001193125-24-236830,,2024-10-11T17:39:25,,,0001835256,text,unresolved,no_trigger_date
SC 13D,CHAIN BRIDGE BANCORP INC,1392272,2024-10-15,edgar/data/1392272/0001193125-24-237645.txt,post,0001193125-24-237645,,2024-10-15T16:57:56,,,0001392272,text,unresolved,truncated_source
SC 13D,"Jerrilyn M Hoffmann Revocable Trust dated May 30, 2001",2041508,2024-10-17,edgar/data/2041508/0001193125-24-238954.txt,post,0001193125-24-238954,,2024-10-17T17:05:55,,,0000058361,text,unresolved,no_trigger_date
SC 13D,APO Corp.,2012136,2024-10-21,edgar/data/2012136/0001193125-24-240455.txt,post,0001193125-24-240455,,2024-10-21T16:39:49,,,0001978024,text,unresolved,no_trigger_date
SC 13D,AI Upstream LLC,2039907,2024-10-22,edgar/data/2039907/0001193125-24-241045.txt,post,0001193125-24-241045,,2024-10-22T16:06:27,,,0002022626,text,unresolved,no_trigger_date
SC 13D,"Ceribell, Inc.",1861107,2024-10-22,edgar/data/1861107/0001193125-24-241076.txt,post,0001193125-24-241076,,2024-10-22T16:20:26,,,0001861107,text,unresolved,no_trigger_date
SC 13D,Camp4 Therapeutics Corp,1736730,2024-10-22,edgar/data/1736730/0001193125-24-241180.txt,post,0001193125-24-241180,,2024-10-22T17:50:56,,,0001736730,text,unresolved,no_trigger_date
SC 13D,"MAIA Biotechnology, Inc.",1878313,2024-10-25,edgar/data/1878313/0001193125-24-244214.txt,post,0001193125-24-244214,,2024-10-25T17:10:55,,,0001878313,text,unresolved,no_trigger_date
SC 13D,Louie Ngar Yee,1913264,2024-10-25,edgar/data/1913264/0001193125-24-244217.txt,post,0001193125-24-244217,,2024-10-25T17:12:55,,,0001878313,text,unresolved,no_trigger_date
SC 13D,"Amprius Technologies, Inc.",1899287,2024-10-25,edgar/data/1899287/0001193125-24-244385.txt,post,0001193125-24-244385,,2024-10-25T19:04:57,,,0001899287,text,unresolved,no_trigger_date
SC 13D,"Amprius Technologies, Inc.",1899287,2024-10-28,edgar/data/1899287/0001193125-24-245674.txt,post,0001193125-24-245674,,2024-10-28T17:12:25,,,0001899287,text,unresolved,no_trigger_date
SC 13D,Foundation Fighting Blindness Retinal Degeneration Fund,2042266,2024-10-29,edgar/data/2042266/0001193125-24-246646.txt,post,0001193125-24-246646,,2024-10-29T17:26:27,,,0001228627,text,unresolved,no_trigger_date
SC 13D,"Nant Capital, LLC",1675758,2024-10-29,edgar/data/1675758/0001193125-24-246727.txt,post,0001193125-24-246727,,2024-10-29T19:40:55,,,0001029125,text,unresolved,no_trigger_date
SC 13D,"Cara Therapeutics, Inc.",1346830,2024-10-30,edgar/data/1346830/0001193125-24-247585.txt,post,0001193125-24-247585,,2024-10-30T16:21:50,,,0001346830,text,unresolved,no_trigger_date
SC 13D,Hudson Susan Doris,2044313,2024-11-08,edgar/data/2044313/0001193125-24-253858.txt,post,0001193125-24-253858,,2024-11-08T10:45:58,,,0000879635,text,unresolved,no_trigger_date
SC 13D,"Arcellx, Inc.",1786205,2024-11-08,edgar/data/1786205/0001193125-24-254203.txt,post,0001193125-24-254203,,2024-11-08T16:40:56,,,0001786205,text,unresolved,no_trigger_date
SC 13D,MALONE JOHN C,937797,2024-11-08,edgar/data/937797/0001193125-24-254218.txt,post,0001193125-24-254218,,2024-11-08T16:54:57,,,0002021938,text,unresolved,no_trigger_date
SC 13D,Evotec SE,1412558,2024-11-08,edgar/data/1412558/0001193125-24-254399.txt,post,0001193125-24-254399,2024-11-04,2024-11-08T21:43:55,2024-11-12,5.0,0001412558,text,resolved,ok
SC 13D,Docler Holding S.a r.l.,2044274,2024-11-13,edgar/data/2044274/0001193125-24-257268.txt,post,0001193125-24-257268,,2024-11-13T16:30:58,,,0001803914,text,unresolved,no_trigger_date
SC 13D,Lamond David,1770790,2024-11-13,edgar/data/1770790/0001193125-24-257646.txt,post,0001193125-24-257646,,2024-11-13T21:17:26,,,0001662774,text,unresolved,no_trigger_date
SC 13D,DallasNews Corp,1413898,2024-11-14,edgar/data/1413898/0001193125-24-259013.txt,post,0001193125-24-259013,,2024-11-14T19:58:56,,,0001413898,text,unresolved,no_trigger_date
SC 13D,"ORCP III DE TopCo GP, LLC",2042733,2024-11-18,edgar/data/2042733/0001193125-24-260509.txt,post,0001193125-24-260509,,2024-11-18T09:21:26,,,0002042694,text,unresolved,no_trigger_date
SC 13D,"Avista Healthcare Partners III, L.P.",2044866,2024-11-19,edgar/data/2044866/0001193125-24-261721.txt,post,0001193125-24-261721,,2024-11-19T16:05:57,,,0001661181,text,unresolved,no_trigger_date
SC 13D,"CalciMedica, Inc.",1534133,2024-11-26,edgar/data/1534133/0001193125-24-265556.txt,post,0001193125-24-265556,,2024-11-26T06:03:55,,,0001534133,text,unresolved,no_trigger_date
SC 13D,"EXICURE, INC.",1698530,2024-11-29,edgar/data/1698530/0001193125-24-268159.txt,post,0001193125-24-268159,,2024-11-29T17:51:28,,,0001698530,text,unresolved,no_trigger_date
SC 13D,Viking Capital Ltd,2035022,2024-12-02,edgar/data/2035022/0001193125-24-268950.txt,post,0001193125-24-268950,,2024-12-02T16:30:28,,,0001745201,text,unresolved,no_trigger_date
SC 13D,Gladstone Alternative Income Fund,2026098,2024-12-13,edgar/data/2026098/0001193125-24-278435.txt,post,0001193125-24-278435,,2024-12-13T15:48:52,,,0002026098,text,unresolved,no_trigger_date
SC 13D,NACCO INDUSTRIES INC,789933,2024-12-17,edgar/data/789933/0001193125-24-280414.txt,post,0001193125-24-280414,,2024-12-17T15:27:00,,,0000789933,text,unresolved,truncated_source
SC 13D,"Madryn Asset Management, LP",1787423,2024-12-17,edgar/data/1787423/0001193125-24-280667.txt,post,0001193125-24-280667,,2024-12-17T21:15:11,,,0001227636,text,unresolved,no_trigger_date
SC 13D,Flynn James E,1352546,2024-09-12,edgar/data/1352546/0001193805-24-001111.txt,post,0001193805-24-001111,2024-09-05,2024-09-12T16:07:14,2024-09-12,5.0,0001850906,text,resolved,ok
SC 13D,Healthcare Realty Trust Inc,1360604,2024-11-26,edgar/data/1360604/0001193805-24-001416.txt,post,0001193805-24-001416,2024-11-20,2024-11-26T08:00:18,2024-11-26,4.0,0001360604,text,resolved,ok
SC 13D,Eureka Acquisition Corp,2000410,2024-07-03,edgar/data/2000410/0001213900-24-059026.txt,post,0001213900-24-059026,2024-07-01,2024-07-03T16:01:29,2024-07-03,2.0,0002000410,text,resolved,ok
SC 13D,MEWAWALLA RAHUL,1869191,2024-07-03,edgar/data/1869191/0001213900-24-059094.txt,post,0001213900-24-059094,2024-07-01,2024-07-03T16:47:02,2024-07-03,2.0,0001218683,text,resolved,ok
SC 13D,LI TIE JAMES,2025763,2024-07-09,edgar/data/2025763/0001213900-24-060125.txt,post,0001213900-24-060125,2024-03-11,2024-07-09T16:10:01,2024-07-09,83.0,0001947861,text,resolved,ok
SC 13D,Doudakian Varto Levon,2015087,2024-07-16,edgar/data/2015087/0001213900-24-061776.txt,post,0001213900-24-061776,2024-03-11,2024-07-16T16:05:12,2024-07-16,88.0,0001947861,text,resolved,ok
SC 13D,Caravelle International Group,1928948,2024-07-18,edgar/data/1928948/0001213900-24-062622.txt,post,0001213900-24-062622,2024-07-11,2024-07-18T17:22:53,2024-07-18,5.0,0001928948,text,resolved,ok
SC 13D,"FORMATION MINERALS, INC.",1885336,2024-08-02,edgar/data/1885336/0001213900-24-064920.txt,post,0001213900-24-064920,2022-12-15,2024-08-02T20:11:40,2024-08-05,409.0,0001885336,text,resolved,ok
SC 13D,Heramba Electric plc,1995194,2024-08-05,edgar/data/1995194/0001213900-24-065205.txt,post,0001213900-24-065205,2024-07-26,2024-08-05T16:38:14,2024-08-05,6.0,0001995194,text,resolved,ok
SC 13D,New Providence Acquisition Corp. II,1837929,2024-08-05,edgar/data/1837929/0001213900-24-065216.txt,post,0001213900-24-065216,2024-07-29,2024-08-05T16:53:22,2024-08-05,5.0,0001837929,text,resolved,ok
SC 13D,"First High-School Education Group Co., Ltd.",1786182,2024-08-08,edgar/data/1786182/0001213900-24-066339.txt,post,0001213900-24-066339,2024-08-02,2024-08-08T08:00:03,2024-08-08,4.0,0001786182,text,resolved,ok
SC 13D,Murphy Christopher Gerard,1882279,2024-08-12,edgar/data/1882279/0001213900-24-067359.txt,post,0001213900-24-067359,2024-08-05,2024-08-12T07:00:24,2024-08-12,5.0,0001866550,text,resolved,ok
SC 13D,Netcapital Inc.,1414767,2024-08-12,edgar/data/1414767/0001213900-24-067775.txt,post,0001213900-24-067775,2024-08-09,2024-08-12T17:21:29,2024-08-12,1.0,0001414767,text,resolved,ok
SC 13D,"FORMATION MINERALS, INC.",1885336,2024-08-16,edgar/data/1885336/0001213900-24-070032.txt,post,0001213900-24-070032,2022-02-09,2024-08-16T10:38:26,2024-08-16,631.0,0001885336,text,resolved,ok
SC 13D,"CITIUS ONCOLOGY, INC.",1851484,2024-08-16,edgar/data/1851484/0001213900-24-070284.txt,post,0001213900-24-070284,2024-08-12,2024-08-16T16:34:29,2024-08-16,4.0,0001851484,text,resolved,ok
SC 13D,GOLDEN HEAVEN GROUP HOLDINGS LTD.,1928340,2024-08-16,edgar/data/1928340/0001213900-24-070301.txt,post,0001213900-24-070301,2024-08-13,2024-08-16T16:50:02,2024-08-16,3.0,0001928340,text,resolved,ok
SC 13D,"Cantor EP Holdings, LLC",2029095,2024-08-21,edgar/data/2029095/0001213900-24-071575.txt,post,0001213900-24-071575,2024-08-14,2024-08-21T20:00:02,2024-08-22,6.0,0001865602,text,resolved,ok
SC 13D,"Bolt Projects Holdings, Inc.",1841125,2024-08-21,edgar/data/1841125/0001213900-24-071584.txt,post,0001213900-24-071584,2024-08-13,2024-08-21T21:08:44,2024-08-22,7.0,0001841125,text,resolved,ok
SC 13D,"Moringa Sponsor, LP",1849192,2024-08-22,edgar/data/1849192/0001213900-24-071928.txt,post,0001213900-24-071928,2024-08-15,2024-08-22T17:23:46,2024-08-22,5.0,0002022416,text,resolved,ok
SC 13D,L.I.A. Pure Capital Ltd,1749628,2024-08-26,edgar/data/1749628/0001213900-24-072399.txt,post,0001213900-24-072399,2024-08-22,2024-08-26T08:14:39,2024-08-26,2.0,0001801834,text,resolved,ok
SC 13D,Fairmount Funds Management LLC,1802528,2024-09-06,edgar/data/1802528/0001213900-24-076599.txt,post,0001213900-24-076599,2024-08-29,2024-09-06T17:08:49,2024-09-06,5.0,0000907654,text,resolved,ok
SC 13D,"Keypath Education International, Inc.",1865852,2024-09-09,edgar/data/1865852/0001213900-24-077072.txt,post,0001213900-24-077072,2024-09-03,2024-09-09T21:03:15,2024-09-10,5.0,0001865852,text,resolved,ok
SC 13D,Aikawa Yoshiyuki,2037003,2024-09-23,edgar/data/2037003/0001213900-24-080818.txt,post,0001213900-24-080818,2024-09-17,2024-09-23T08:56:02,2024-09-23,4.0,0001930313,text,resolved,ok
SC 13D,"FORMATION MINERALS, INC.",1885336,2024-09-23,edgar/data/1885336/0001213900-24-081022.txt,post,0001213900-24-081022,2021-01-01,2024-09-23T16:04:30,2024-09-23,931.0,0001885336,text,resolved,ok
SC 13D,Salmasi Allen,1367633,2024-09-26,edgar/data/1367633/0001213900-24-082049.txt,post,0001213900-24-082049,2024-09-13,2024-09-26T10:59:17,2024-09-26,9.0,0001840317,text,resolved,ok
SC 13D,Foxx Development Holdings Inc.,2013807,2024-09-26,edgar/data/2013807/0001213900-24-082306.txt,post,0001213900-24-082306,2024-09-26,2024-09-26T17:00:03,2024-09-26,0.0,0002013807,text,resolved,ok
SC 13D,Garden Stage Ltd,1954269,2024-09-27,edgar/data/1954269/0001213900-24-082742.txt,post,0001213900-24-082742,2024-09-20,2024-09-27T16:27:17,2024-09-27,5.0,0001954269,text,resolved,ok
SC 13D,BRR Investment Corp,2039305,2024-09-27,edgar/data/2039305/0001213900-24-082825.txt,post,0001213900-24-082825,2024-09-26,2024-09-27T17:39:17,2024-09-30,2.0,0002013807,text,resolved,ok
SC 13D,"Onconetix, Inc.",1782107,2024-10-01,edgar/data/1782107/0001213900-24-084092.txt,post,0001213900-24-084092,2024-09-24,2024-10-01T16:35:03,2024-10-01,5.0,0001782107,text,resolved,ok
SC 13D,Bruhlmann Christian,2006197,2024-10-01,edgar/data/2006197/0001213900-24-084093.txt,post,0001213900-24-084093,2024-09-24,2024-10-01T16:35:03,2024-10-01,5.0,0001782107,text,resolved,ok
SC 13D,BR Technologies Pte. Ltd.,2039881,2024-10-07,edgar/data/2039881/0001213900-24-085696.txt,post,0001213900-24-085696,2024-09-26,2024-10-07T06:08:45,2024-10-07,7.0,0002013807,text,resolved,ok
SC 13D,Foxx Development Holdings Inc.,2013807,2024-10-07,edgar/data/2013807/0001213900-24-085699.txt,post,0001213900-24-085699,2024-09-26,2024-10-07T06:13:52,2024-10-07,7.0,0002013807,text,resolved,ok
SC 13D,Garden Stage Ltd,1954269,2024-10-11,edgar/data/1954269/0001213900-24-087155.txt,post,0001213900-24-087155,2024-10-10,2024-10-11T12:46:00,2024-10-11,1.0,0001954269,text,resolved,ok
SC 13D,"Chicago Atlantic BDC, Inc.",1843162,2024-10-11,edgar/data/1843162/0001213900-24-087323.txt,post,0001213900-24-087323,2024-10-01,2024-10-11T17:06:08,2024-10-11,8.0,0001843162,text,resolved,ok
SC 13D,Fortune Light Assets Ltd.,2040958,2024-10-15,edgar/data/2040958/0001213900-24-087819.txt,post,0001213900-24-087819,2024-06-17,2024-10-15T16:30:51,2024-10-15,82.0,0001939780,text,resolved,ok
SC 13D,"EnLink Midstream, LLC",1592000,2024-10-15,edgar/data/1592000/0001213900-24-087890.txt,post,0001213900-24-087890,2024-10-15,2024-10-15T18:15:45,2024-10-16,1.0,0001592000,text,resolved,ok
SC 13D,Cohen Circle Acquisition Corp. I,1894176,2024-10-17,edgar/data/1894176/0001213900-24-088556.txt,post,0001213900-24-088556,2024-10-10,2024-10-17T16:50:04,2024-10-17,4.0,0001894176,text,resolved,ok
SC 13D,Capital Vista Ltd,2040005,2024-10-21,edgar/data/2040005/0001213900-24-089297.txt,post,0001213900-24-089297,2024-09-18,2024-10-21T16:15:32,2024-10-21,22.0,0001789299,text,resolved,ok
SC 13D,Nelson Daniel D,1972305,2024-10-21,edgar/data/1972305/0001213900-24-089298.txt,post,0001213900-24-089298,2024-10-16,2024-10-21T16:15:36,2024-10-21,3.0,0001898474,text,resolved,ok
SC 13D,Garden Stage Ltd,1954269,2024-10-25,edgar/data/1954269/0001213900-24-090626.txt,post,0001213900-24-090626,2024-10-24,2024-10-25T11:29:57,2024-10-25,1.0,0001954269,text,resolved,ok
SC 13D,Charlton Aria Acquisition Corp,2024459,2024-10-25,edgar/data/2024459/0001213900-24-090755.txt,post,0001213900-24-090755,2024-10-23,2024-10-25T15:46:13,2024-10-25,2.0,0002024459,text,resolved,ok
SC 13D,Bold Eagle Acquisition Corp.,1852207,2024-10-30,edgar/data/1852207/0001213900-24-092440.txt,post,0001213900-24-092440,2024-10-25,2024-10-30T20:45:16,2024-10-31,4.0,0001852207,text,resolved,ok
SC 13D,ATWOOD BRIAN G,1266567,2024-10-30,edgar/data/1266567/0001213900-24-092444.txt,post,0001213900-24-092444,2024-09-25,2024-10-30T20:58:26,2024-10-31,25.0,0001870404,text,resolved,ok
SC 13D,Ross Jack,1626921,2024-10-31,edgar/data/1626921/0001213900-24-093169.txt,post,0001213900-24-093169,2024-10-24,2024-10-31T21:55:58,2024-11-01,6.0,0001562733,text,resolved,ok
SC 13D,Garden Stage Ltd,1954269,2024-11-01,edgar/data/1954269/0001213900-24-093272.txt,post,0001213900-24-093272,2024-10-31,2024-11-01T11:04:43,2024-11-01,1.0,0001954269,text,resolved,ok
SC 13D,"Infinite Reality, Inc.",1786340,2024-11-01,edgar/data/1786340/0001213900-24-093566.txt,post,0001213900-24-093566,2024-10-29,2024-11-01T17:00:13,2024-11-01,3.0,0001621672,text,resolved,ok
SC 13D,ARB IOT Group Ltd,1930179,2024-11-05,edgar/data/1930179/0001213900-24-094618.txt,post,0001213900-24-094618,2024-11-05,2024-11-05T17:00:12,2024-11-05,0.0,0001930179,text,resolved,ok
SC 13D,Newbury Street II Acquisition Corp,2028027,2024-11-07,edgar/data/2028027/0001213900-24-095313.txt,post,0001213900-24-095313,2024-11-04,2024-11-07T13:53:27,2024-11-07,3.0,0002028027,text,resolved,ok
SC 13D,Baijiayun Group Ltd,1381074,2024-11-07,edgar/data/1381074/0001213900-24-095454.txt,post,0001213900-24-095454,2022-12-23,2024-11-07T16:57:16,2024-11-07,469.0,0001381074,text,resolved,ok
SC 13D,Garden Stage Ltd,1954269,2024-11-08,edgar/data/1954269/0001213900-24-095622.txt,post,0001213900-24-095622,2024-11-01,2024-11-08T09:26:21,2024-11-08,5.0,0001954269,text,resolved,ok
SC 13D,Allied Gaming & Entertainment Inc.,1708341,2024-11-08,edgar/data/1708341/0001213900-24-095937.txt,post,0001213900-24-095937,2024-10-18,2024-11-08T16:30:40,2024-11-08,15.0,0001708341,text,resolved,ok
SC 13D,"Eilean Therapeutics, LLC",2042386,2024-11-08,edgar/data/2042386/0001213900-24-096045.txt,post,0001213900-24-096045,2024-11-01,2024-11-08T19:54:34,2024-11-12,6.0,0001900520,text,resolved,ok
SC 13D,"Lomond Therapeutics Holdings, Inc.",1900520,2024-11-08,edgar/data/1900520/0001213900-24-096046.txt,post,0001213900-24-096046,2024-11-01,2024-11-08T19:55:14,2024-11-12,6.0,0001900520,text,resolved,ok
SC 13D,Bleichroeder Acquisition Corp. I,2028707,2024-11-12,edgar/data/2028707/0001213900-24-096093.txt,post,0001213900-24-096093,2024-11-04,2024-11-12T06:03:06,2024-11-12,5.0,0002028707,text,resolved,ok
SC 13D,Agrify Corp,1800637,2024-11-13,edgar/data/1800637/0001213900-24-097577.txt,post,0001213900-24-097577,2024-11-05,2024-11-13T17:06:38,2024-11-13,5.0,0001800637,text,resolved,ok
SC 13D,Brainsway Ltd.,1505065,2024-11-13,edgar/data/1505065/0001213900-24-097648.txt,post,0001213900-24-097648,2024-11-05,2024-11-13T18:09:51,2024-11-14,6.0,0001505065,text,resolved,ok
SC 13D,Baijiayun Group Ltd,1381074,2024-11-13,edgar/data/1381074/0001213900-24-097742.txt,post,0001213900-24-097742,2022-12-23,2024-11-13T21:48:20,2024-11-14,473.0,0001381074,text,resolved,ok
SC 13D,Fourcore Capital Inc.,2044703,2024-11-15,edgar/data/2044703/0001213900-24-099121.txt,post,0001213900-24-099121,2024-11-13,2024-11-15T16:16:04,2024-11-15,2.0,0001894951,text,resolved,ok
SC 13D,Guangzhou Sino-Israel Bio-Industry Investment Fund LLP,2039018,2024-11-20,edgar/data/2039018/0001213900-24-100344.txt,post,0001213900-24-100344,2024-08-15,2024-11-20T06:15:12,2024-11-20,66.0,0002022416,text,resolved,ok
SC 13D,Damon Inc.,2000640,2024-11-20,edgar/data/2000640/0001213900-24-100681.txt,post,0001213900-24-100681,2024-11-13,2024-11-20T20:28:25,2024-11-21,6.0,0002000640,text,resolved,ok
SC 13D,Dubner Derek,1636349,2024-11-25,edgar/data/1636349/0001213900-24-102372.txt,post,0001213900-24-102372,2024-11-22,2024-11-25T21:46:50,2024-11-26,2.0,0001720116,text,resolved,ok
SC 13D,"Connect Midstream, LLC",2045908,2024-12-03,edgar/data/2045908/0001213900-24-105108.txt,post,0001213900-24-105108,2024-12-02,2024-12-03T17:05:04,2024-12-03,1.0,0002024218,text,resolved,ok
SC 13D,Andretti Acquisition Corp. II,2025341,2024-12-04,edgar/data/2025341/0001213900-24-105618.txt,post,0001213900-24-105618,2024-09-09,2024-12-04T16:05:04,2024-12-04,59.0,0002025341,text,resolved,ok
SC 13D,Fusion Fuel Green PLC,1819794,2024-12-06,edgar/data/1819794/0001213900-24-106581.txt,post,0001213900-24-106581,2024-11-26,2024-12-06T18:06:39,2024-12-09,8.0,0001393781,text,resolved,ok
SC 13D,Aitefund Sponsor LLC,2046944,2024-12-06,edgar/data/2046944/0001213900-24-106602.txt,post,0001213900-24-106602,2024-12-02,2024-12-06T20:23:13,2024-12-09,5.0,0002030829,text,resolved,ok
SC 13D,BrilliA Inc,2000230,2024-12-13,edgar/data/2000230/0001213900-24-108589.txt,post,0001213900-24-108589,2024-11-29,2024-12-13T06:00:39,2024-12-13,10.0,0002000230,text,resolved,ok
SC 13D,CHEN Jian,2048447,2024-12-13,edgar/data/2048447/0001213900-24-108903.txt,post,0001213900-24-108903,2024-11-28,2024-12-13T16:30:28,2024-12-13,10.0,0001888525,text,resolved,ok
SC 13D,Prestige Financial Holdings Group Ltd.,2048042,2024-12-13,edgar/data/2048042/0001213900-24-108928.txt,post,0001213900-24-108928,2024-12-02,2024-12-13T17:00:03,2024-12-13,9.0,0001765850,text,resolved,ok
SC 13D,BrilliA Inc,2000230,2024-12-17,edgar/data/2000230/0001213900-24-109494.txt,post,0001213900-24-109494,2024-11-29,2024-12-17T06:22:25,2024-12-17,12.0,0002000230,text,resolved,ok
SCHEDULE 13D,"AleAnna, Inc.",1845123,2024-12-20,edgar/data/1845123/0001213900-24-111305.txt,post,0001213900-24-111305,2024-12-13,2024-12-20T17:50:37,2024-12-23,6.0,0001845123,xml,resolved,ok
SCHEDULE 13D,Altman Samuel H.,1571705,2024-12-23,edgar/data/1571705/0001213900-24-111891.txt,post,0001213900-24-111891,2024-11-14,2024-12-23T16:05:26,2024-12-23,26.0,0001849056,xml,resolved,ok
SCHEDULE 13D,Americas Gold & Silver Corp,1286973,2024-12-23,edgar/data/1286973/0001213900-24-112044.txt,post,0001213900-24-112044,2024-12-19,2024-12-23T17:56:47,2024-12-24,3.0,0001286973,xml,resolved,ok
SCHEDULE 13D,Bevco Lux S.a.r.l.,1688079,2024-12-31,edgar/data/1688079/0001213900-24-113683.txt,post,0001213900-24-113683,2024-12-19,2024-12-31T08:26:19,2024-12-31,7.0,0001869198,xml,resolved,ok
SC 13D,CSP INC /MA/,356037,2024-08-19,edgar/data/356037/0001214659-24-014893.txt,post,0001214659-24-014893,2024-08-19,2024-08-19T06:03:13,2024-08-19,0.0,0000356037,text,resolved,ok
SC 13D,"American Heritage Railways, Inc.",2035146,2024-08-28,edgar/data/2035146/0001214659-24-015452.txt,post,0001214659-24-015452,2024-08-05,2024-08-28T16:15:14,2024-08-28,17.0,0001616262,text,resolved,ok
SC 13D,"HG Vora Capital Management, LLC",1525362,2024-09-09,edgar/data/1525362/0001214659-24-016267.txt,post,0001214659-24-016267,2024-08-30,2024-09-09T18:51:33,2024-09-10,6.0,0000084129,text,resolved,ok
SC 13D,Aurinia Pharmaceuticals Inc.,1600620,2024-09-12,edgar/data/1600620/0001214659-24-016381.txt,post,0001214659-24-016381,2024-09-06,2024-09-12T16:10:26,2024-09-12,4.0,0001600620,text,resolved,ok
SC 13D,"Singular Genomics Systems, Inc.",1850906,2024-09-18,edgar/data/1850906/0001214659-24-016525.txt,post,0001214659-24-016525,2024-09-16,2024-09-18T16:26:27,2024-09-18,2.0,0001850906,text,resolved,ok
SC 13D,"Kezar Life Sciences, Inc.",1645666,2024-10-08,edgar/data/1645666/0001214659-24-017295.txt,post,0001214659-24-017295,2024-10-01,2024-10-08T16:20:17,2024-10-08,5.0,0001645666,text,resolved,ok
SC 13D,Global Crossing Airlines Group Inc.,1846084,2024-10-21,edgar/data/1846084/0001214659-24-017754.txt,post,0001214659-24-017754,2024-10-18,2024-10-21T20:31:52,2024-10-22,2.0,0001846084,text,resolved,ok
SC 13D,ALLIENT INC,46129,2024-11-06,edgar/data/46129/0001214659-24-018485.txt,post,0001214659-24-018485,2024-10-30,2024-11-06T16:00:25,2024-11-06,5.0,0000046129,text,resolved,ok
SC 13D,ESSA Pharma Inc.,1633932,2024-11-08,edgar/data/1633932/0001214659-24-018630.txt,post,0001214659-24-018630,2024-11-01,2024-11-08T16:56:15,2024-11-08,5.0,0001633932,text,resolved,ok
SCHEDULE 13D,"VEP Group, LLC",1216495,2024-10-01,edgar/data/1216495/0001216495-24-000006.txt,post,0001216495-24-000006,2024-09-27,2024-10-01T18:45:25,2024-10-02,3.0,0001919369,xml,resolved,ok
SCHEDULE 13D,Huang Fang,2002221,2024-11-06,edgar/data/2002221/0001290929-24-000002.txt,post,0001290929-24-000002,2024-08-19,2024-11-06T10:44:07,2024-11-06,55.0,0002003750,xml,resolved,ok
SC 13D,COMPANHIA DE SANEAMENTO BASICO DO ESTADO DE SAO PAULO-SABESP,1170858,2024-08-05,edgar/data/1170858/0001292814-24-002966.txt,post,0001292814-24-002966,2024-07-18,2024-08-05T17:12:57,2024-08-05,12.0,0001170858,text,resolved,ok
SC 13D,"Acquiror 10VB8, LLC",2033686,2024-08-19,edgar/data/2033686/0001341004-24-000139.txt,post,0001341004-24-000139,2024-08-13,2024-08-19T17:17:35,2024-08-19,4.0,0000055067,text,resolved,ok
SC 13D,"J. Turbines, Inc.",2036326,2024-09-13,edgar/data/2036326/0001341004-24-000155.txt,post,0001341004-24-000155,2024-09-11,2024-09-13T16:16:05,2024-09-13,2.0,0001697500,text,resolved,ok
SC 13D,"KTR Management Company, LLC",2036327,2024-09-13,edgar/data/2036327/0001341004-24-000156.txt,post,0001341004-24-000156,2024-09-11,2024-09-13T16:17:44,2024-09-13,2.0,0001697500,text,resolved,ok
SCHEDULE 13D,"Atea Pharmaceuticals, Inc.",1593899,2024-12-16,edgar/data/1593899/0001373604-24-000114.txt,post,0001373604-24-000114,2024-12-13,2024-12-16T09:50:36,2024-12-16,1.0,0001593899,xml,resolved,ok
SCHEDULE 13D,"Aadi Bioscience, Inc.",1422142,2024-12-31,edgar/data/1422142/0001373604-24-000118.txt,post,0001373604-24-000118,2024-12-31,2024-12-31T11:13:25,2024-12-31,0.0,0001422142,xml,resolved,ok
SC 13D,Galkin Vladimir,2020621,2024-09-05,edgar/data/2020621/0001376474-24-000494.txt,post,0001376474-24-000494,2024-09-03,2024-09-05T17:12:16,2024-09-05,2.0,0001158463,text,resolved,ok
SC 13D,Galkin Vladimir,2020621,2024-09-23,edgar/data/2020621/0001376474-24-000516.txt,post,0001376474-24-000516,2024-09-16,2024-09-23T15:03:46,2024-09-23,5.0,0001808377,text,resolved,ok
SCHEDULE 13D,Crypto Co,1688126,2024-11-14,edgar/data/1688126/0001384911-24-000007.txt,post,0001384911-24-000007,2024-11-14,2024-11-14T10:21:36,2024-11-14,0.0,0001688126,xml,resolved,ok
SC 13D,AUNA S.A.,1799207,2024-09-04,edgar/data/1799207/0001398344-24-017274.txt,post,0001398344-24-017274,,2024-09-04T17:29:25,,,0001799207,text,unresolved,no_trigger_date
SCHEDULE 13D,"GATE CITY CAPITAL MANAGEMENT, LLC",1705447,2024-12-19,edgar/data/1705447/0001398344-24-023420.txt,post,0001398344-24-023420,2024-12-18,2024-12-19T16:02:57,2024-12-19,1.0,0001421461,xml,resolved,ok
SC 13D,NB Alternatives Advisers LLC,1469000,2024-11-20,edgar/data/1469000/0001415889-24-027328.txt,post,0001415889-24-027328,2024-11-14,2024-11-20T16:02:35,2024-11-20,4.0,0001538716,text,resolved,ok
SCHEDULE 13D,ENVIRI Corp,45876,2024-12-30,edgar/data/45876/0001415889-24-030253.txt,post,0001415889-24-030253,2024-12-27,2024-12-30T21:19:09,2024-12-31,2.0,0000045876,xml,resolved,ok
SCHEDULE 13D,"AtlasClear Holdings, Inc.",1963088,2024-10-11,edgar/data/1963088/0001419502-24-000002.txt,post,0001419502-24-000002,2024-10-11,2024-10-11T12:53:58,2024-10-11,0.0,0001963088,xml,resolved,ok
SC 13D,He Xin,1489128,2024-07-17,edgar/data/1489128/0001437749-24-022892.txt,post,0001437749-24-022892,2024-07-17,2024-07-17T12:27:13,2024-07-17,0.0,0001546296,text,resolved,ok
SC 13D,Pearl Diver Credit Co Inc.,1998043,2024-07-26,edgar/data/1998043/0001437749-24-023649.txt,post,0001437749-24-023649,2024-07-19,2024-07-26T21:00:48,2024-07-29,6.0,0001998043,text,resolved,ok
SC 13D,GENERAC HOLDINGS INC.,1474735,2024-08-07,edgar/data/1474735/0001437749-24-025235.txt,post,0001437749-24-025235,2024-08-05,2024-08-07T18:25:02,2024-08-08,3.0,0001866501,text,resolved,ok
SC 13D,"Guerrilla RF, Inc.",1832487,2024-08-12,edgar/data/1832487/0001437749-24-026101.txt,post,0001437749-24-026101,2024-08-05,2024-08-12T17:08:30,2024-08-12,5.0,0001832487,text,resolved,ok
SC 13D,CORETEC GROUP INC.,1375195,2024-09-10,edgar/data/1375195/0001437749-24-028910.txt,post,0001437749-24-028910,2024-08-21,2024-09-10T20:42:46,2024-09-11,14.0,0001375195,text,resolved,ok
SCHEDULE 13D,Kaupinen Wes,1918142,2024-12-20,edgar/data/1918142/0001437749-24-038167.txt,post,0001437749-24-038167,2024-12-13,2024-12-20T17:32:09,2024-12-23,6.0,0001583648,xml,resolved,ok
SC 13D,Katz Avi S,1451693,2024-07-03,edgar/data/1451693/0001451693-24-000004.txt,post,0001451693-24-000004,2024-06-27,2024-07-03T16:40:33,2024-07-03,4.0,0001844505,text,resolved,ok
SC 13D,GLOBAL ACQUISITIONS Corp,930245,2024-07-05,edgar/data/930245/0001472375-24-000054.txt,post,0001472375-24-000054,2024-07-03,2024-07-05T19:38:53,2024-07-08,2.0,0000930245,text,resolved,ok
SC 13D,Hummingbird STAR Trust,2035272,2024-08-30,edgar/data/2035272/0001477932-24-005394.txt,post,0001477932-24-005394,2024-07-09,2024-08-30T13:51:39,2024-08-30,38.0,0001729637,text,resolved,ok
SC 13D,DP Cap Acquisition Corp I,1857803,2024-11-21,edgar/data/1857803/0001477932-24-007555.txt,post,0001477932-24-007555,2024-11-15,2024-11-21T20:39:05,2024-11-22,5.0,0001857803,text,resolved,ok
SCHEDULE 13D,"United Health Products, Inc.",1096938,2024-12-19,edgar/data/1096938/0001477932-24-008199.txt,post,0001477932-24-008199,2024-12-17,2024-12-19T08:34:05,2024-12-19,2.0,0001096938,xml,resolved,ok
SC 13D,"Personalis, Inc.",1527753,2024-07-03,edgar/data/1527753/0001493152-24-026166.txt,post,0001493152-24-026166,2024-07-03,2024-07-03T13:05:04,2024-07-03,0.0,0001527753,text,resolved,ok
SC 13D,"PROVECTUS BIOPHARMACEUTICALS, INC.",315545,2024-07-03,edgar/data/315545/0001493152-24-026262.txt,post,0001493152-24-026262,2024-06-26,2024-07-03T19:29:36,2024-07-05,6.0,0000315545,text,resolved,ok
SC 13D,Lam Chi Ming,2028403,2024-07-08,edgar/data/2028403/0001493152-24-026441.txt,post,0001493152-24-026441,2024-06-27,2024-07-08T12:16:01,2024-07-08,6.0,0001956166,text,resolved,ok
SC 13D,Crypto Co,1688126,2024-07-08,edgar/data/1688126/0001493152-24-026524.txt,post,0001493152-24-026524,2024-06-28,2024-07-08T18:16:00,2024-07-09,6.0,0001688126,text,resolved,ok
SC 13D,Huang Shanchun,1513689,2024-07-12,edgar/data/1513689/0001493152-24-027141.txt,post,0001493152-24-027141,2024-07-08,2024-07-12T17:28:03,2024-07-12,4.0,0001300734,text,resolved,ok
SC 13D,CORTEGOSO PABLO,2028166,2024-07-15,edgar/data/2028166/0001493152-24-027836.txt,post,0001493152-24-027836,2024-07-08,2024-07-15T16:15:27,2024-07-15,5.0,0001831979,text,resolved,ok
SC 13D,PUJARI ROSHEN,2028136,2024-07-15,edgar/data/2028136/0001493152-24-027837.txt,post,0001493152-24-027837,2024-07-08,2024-07-15T16:15:27,2024-07-15,5.0,0001831979,text,resolved,ok
SC 13D,Brand Engagement Network Inc.,1838163,2024-07-26,edgar/data/1838163/0001493152-24-029319.txt,post,0001493152-24-029319,2024-07-26,2024-07-26T19:58:52,2024-07-29,1.0,0001838163,text,resolved,ok
SC 13D,Bally's Corp,1747079,2024-07-30,edgar/data/1747079/0001493152-24-029644.txt,post,0001493152-24-029644,2024-07-25,2024-07-30T18:41:48,2024-07-31,4.0,0001747079,text,resolved,ok
SC 13D,PMB Partners LP,2031116,2024-08-05,edgar/data/2031116/0001493152-24-030209.txt,post,0001493152-24-030209,2024-07-16,2024-08-05T13:06:24,2024-08-05,14.0,0001940674,text,resolved,ok
SC 13D,FOXO TECHNOLOGIES INC.,1812360,2024-08-05,edgar/data/1812360/0001493152-24-030252.txt,post,0001493152-24-030252,2024-07-17,2024-08-05T16:15:29,2024-08-05,13.0,0001812360,text,resolved,ok
SC 13D,MWE Investments Ltd,1978874,2024-08-07,edgar/data/1978874/0001493152-24-030617.txt,post,0001493152-24-030617,2024-08-01,2024-08-07T17:41:00,2024-08-08,5.0,0001941500,text,resolved,ok
SC 13D,Goh Kian Hwa,1979434,2024-08-08,edgar/data/1979434/0001493152-24-030753.txt,post,0001493152-24-030753,2024-07-24,2024-08-08T16:05:32,2024-08-08,11.0,0001979407,text,resolved,ok
SC 13D,"Lightbank Asset Management, LLC",2021114,2024-08-08,edgar/data/2021114/0001493152-24-030818.txt,post,0001493152-24-030818,2024-08-01,2024-08-08T17:00:06,2024-08-08,5.0,0001801602,text,resolved,ok
SC 13D,Huang Ming-Chao,2033095,2024-08-12,edgar/data/2033095/0001493152-24-031296.txt,post,0001493152-24-031296,2024-07-31,2024-08-12T16:38:46,2024-08-12,8.0,0001991332,text,resolved,ok
SC 13D,Huang Ming-Chia,2033096,2024-08-12,edgar/data/2033096/0001493152-24-031298.txt,post,0001493152-24-031298,2024-07-31,2024-08-12T16:40:26,2024-08-12,8.0,0001991332,text,resolved,ok
SC 13D,Cetus Sponsor LLC,1936734,2024-08-13,edgar/data/1936734/0001493152-24-031616.txt,post,0001493152-24-031616,2024-07-31,2024-08-13T16:10:16,2024-08-13,9.0,0001991332,text,resolved,ok
SC 13D,JOCOM HOLDINGS CORP.,1907425,2024-08-19,edgar/data/1907425/0001493152-24-032933.txt,post,0001493152-24-032933,2024-08-07,2024-08-19T06:10:04,2024-08-19,8.0,0001907425,text,resolved,ok
SC 13D,AMERICAN REBEL HOLDINGS INC,1648087,2024-08-19,edgar/data/1648087/0001493152-24-033201.txt,post,0001493152-24-033201,,2024-08-19T19:48:04,,,0001648087,text,unresolved,no_trigger_date
SC 13D,"Ainos, Inc.",1014763,2024-08-21,edgar/data/1014763/0001493152-24-033474.txt,post,0001493152-24-033474,2024-08-15,2024-08-21T20:22:28,2024-08-22,5.0,0001014763,text,resolved,ok
SC 13D,JOCOM HOLDINGS CORP.,1907425,2024-09-06,edgar/data/1907425/0001493152-24-035210.txt,post,0001493152-24-035210,2024-08-27,2024-09-06T06:10:23,2024-09-06,7.0,0001907425,text,resolved,ok
SC 13D,COSCIENS Biopharma Inc.,1113423,2024-09-06,edgar/data/1113423/0001493152-24-035256.txt,post,0001493152-24-035256,,2024-09-06T14:04:41,,,0001113423,text,unresolved,no_trigger_date
SC 13D,Safe Pro Group Inc.,2011208,2024-09-11,edgar/data/2011208/0001493152-24-035869.txt,post,0001493152-24-035869,2024-08-29,2024-09-11T18:36:16,2024-09-12,9.0,0002011208,text,resolved,ok
SC 13D,ERDBERG DANIYEL,1257950,2024-09-11,edgar/data/1257950/0001493152-24-035871.txt,post,0001493152-24-035871,2024-08-29,2024-09-11T18:40:29,2024-09-12,9.0,0002011208,text,resolved,ok
SC 13D,Borkar Pravin,2030332,2024-09-11,edgar/data/2030332/0001493152-24-035873.txt,post,0001493152-24-035873,2024-08-29,2024-09-11T18:45:31,2024-09-12,9.0,0002011208,text,resolved,ok
SC 13D,INNO HOLDINGS INC.,1961847,2024-09-11,edgar/data/1961847/0001493152-24-035922.txt,post,0001493152-24-035922,2023-12-18,2024-09-11T21:20:32,2024-09-12,185.0,0001961847,text,resolved,ok
SC 13D,INNO HOLDINGS INC.,1961847,2024-09-11,edgar/data/1961847/0001493152-24-035924.txt,post,0001493152-24-035924,2024-05-31,2024-09-11T21:24:52,2024-09-12,71.0,0001961847,text,resolved,ok
SC 13D,INNO HOLDINGS INC.,1961847,2024-09-11,edgar/data/1961847/0001493152-24-035926.txt,post,0001493152-24-035926,2024-05-31,2024-09-11T21:28:35,2024-09-12,71.0,0001961847,text,resolved,ok
SC 13D,HEALTHY CHOICE WELLNESS CORP.,1948864,2024-09-24,edgar/data/1948864/0001493152-24-038023.txt,post,0001493152-24-038023,2024-09-17,2024-09-24T19:31:05,2024-09-25,6.0,0001948864,text,resolved,ok
SC 13D,HEALTHY CHOICE WELLNESS CORP.,1948864,2024-09-25,edgar/data/1948864/0001493152-24-038047.txt,post,0001493152-24-038047,2024-09-17,2024-09-25T06:15:32,2024-09-25,6.0,0001948864,text,resolved,ok
SC 13D,"Harvard Apparatus Regenerative Technology, Inc.",1563665,2024-09-26,edgar/data/1563665/0001493152-24-038196.txt,post,0001493152-24-038196,2024-08-26,2024-09-26T06:04:55,2024-09-26,22.0,0001563665,text,resolved,ok
SC 13D,Cayson Acquisition Corp,2024203,2024-09-26,edgar/data/2024203/0001493152-24-038296.txt,post,0001493152-24-038296,2024-09-19,2024-09-26T16:05:18,2024-09-26,5.0,0002024203,text,resolved,ok
SC 13D,Cao Yawei,2037783,2024-09-26,edgar/data/2037783/0001493152-24-038297.txt,post,0001493152-24-038297,2024-09-19,2024-09-26T16:05:19,2024-09-26,5.0,0002024203,text,resolved,ok
SC 13D,Straumins Jennifer,1390947,2024-10-01,edgar/data/1390947/0001493152-24-039047.txt,post,0001493152-24-039047,2024-09-24,2024-10-01T17:00:21,2024-10-01,5.0,0000890447,text,resolved,ok
SC 13D,Legacy Education Inc.,1836754,2024-10-03,edgar/data/1836754/0001493152-24-039374.txt,post,0001493152-24-039374,2024-09-27,2024-10-03T16:15:30,2024-10-03,4.0,0001836754,text,resolved,ok
SC 13D,Amazing Grace Ltd,2039456,2024-10-04,edgar/data/2039456/0001493152-24-039486.txt,post,0001493152-24-039486,2023-10-04,2024-10-04T12:50:02,2024-10-04,251.0,0001951294,text,resolved,ok
SC 13D,Ramasamy Mohanraj,2040656,2024-10-09,edgar/data/2040656/0001493152-24-040572.txt,post,0001493152-24-040572,2024-09-26,2024-10-09T14:44:27,2024-10-09,9.0,0001973368,text,resolved,ok
SC 13D,"Indaptus Therapeutics, Inc.",1857044,2024-10-10,edgar/data/1857044/0001493152-24-040734.txt,post,0001493152-24-040734,2023-08-04,2024-10-10T16:10:11,2024-10-10,297.0,0001857044,text,resolved,ok
SC 13D,LOBO EV TECHNOLOGIES LTD,1932072,2024-10-11,edgar/data/1932072/0001493152-24-040897.txt,post,0001493152-24-040897,2024-10-09,2024-10-11T16:05:30,2024-10-11,2.0,0001932072,text,resolved,ok
SC 13D,Hero Global Enterprises Ltd,2041092,2024-10-15,edgar/data/2041092/0001493152-24-041035.txt,post,0001493152-24-041035,2024-09-23,2024-10-15T07:07:43,2024-10-15,15.0,0001998056,text,resolved,ok
SC 13D,Conroy Jeffrey J.,2040809,2024-10-16,edgar/data/2040809/0001493152-24-041340.txt,post,0001493152-24-041340,2024-10-09,2024-10-16T17:37:15,2024-10-17,5.0,0000022701,text,resolved,ok
SC 13D,Liu Hao Peter,1925315,2024-10-18,edgar/data/1925315/0001493152-24-041507.txt,post,0001493152-24-041507,2023-07-14,2024-10-18T09:00:03,2024-10-18,317.0,0001178697,text,resolved,ok
SC 13D,Conroy Jeffrey J.,2040809,2024-10-21,edgar/data/2040809/0001493152-24-041830.txt,post,0001493152-24-041830,2024-09-18,2024-10-21T18:10:03,2024-10-22,23.0,0001885408,text,resolved,ok
SC 13D,COSTANERA MANAGEMENT LLC,2043465,2024-11-05,edgar/data/2043465/0001493152-24-043723.txt,post,0001493152-24-043723,2024-10-29,2024-11-05T21:25:50,2024-11-06,6.0,0001826286,text,resolved,ok
SC 13D,Compass Group Cayman LTD,2043553,2024-11-05,edgar/data/2043553/0001493152-24-043725.txt,post,0001493152-24-043725,2024-10-29,2024-11-05T21:30:27,2024-11-06,6.0,0001826286,text,resolved,ok
SC 13D,"MGT CAPITAL INVESTMENTS, INC.",1001601,2024-11-08,edgar/data/1001601/0001493152-24-044359.txt,post,0001493152-24-044359,2024-11-01,2024-11-08T19:02:36,2024-11-12,6.0,0001001601,text,resolved,ok
SC 13D,"JUPITER NEUROSCIENCES, INC.",1679628,2024-11-15,edgar/data/1679628/0001493152-24-046384.txt,post,0001493152-24-046384,2024-11-08,2024-11-15T21:44:47,2024-11-18,5.0,0001679628,text,resolved,ok
SC 13D,"JUPITER NEUROSCIENCES, INC.",1679628,2024-11-15,edgar/data/1679628/0001493152-24-046385.txt,post,0001493152-24-046385,2024-11-08,2024-11-15T21:45:09,2024-11-18,5.0,0001679628,text,resolved,ok
SC 13D,Brothers Shaun Paul,2044753,2024-11-15,edgar/data/2044753/0001493152-24-046386.txt,post,0001493152-24-046386,2024-11-08,2024-11-15T21:45:22,2024-11-18,5.0,0001679628,text,resolved,ok
SC 13D,"JUPITER NEUROSCIENCES, INC.",1679628,2024-11-15,edgar/data/1679628/0001493152-24-046387.txt,post,0001493152-24-046387,2024-11-08,2024-11-15T21:46:51,2024-11-18,5.0,0001679628,text,resolved,ok
SC 13D,Hayward Marshall A.,1891872,2024-11-15,edgar/data/1891872/0001493152-24-046388.txt,post,0001493152-24-046388,2024-11-08,2024-11-15T21:47:28,2024-11-18,5.0,0001679628,text,resolved,ok
SC 13D,Invizyne Technologies Inc,2010788,2024-11-18,edgar/data/2010788/0001493152-24-046636.txt,post,0001493152-24-046636,2024-11-14,2024-11-18T19:58:02,2024-11-19,3.0,0002010788,text,resolved,ok
SC 13D,Bowie James Ulrich,2030843,2024-11-18,edgar/data/2030843/0001493152-24-046637.txt,post,0001493152-24-046637,2024-11-14,2024-11-18T19:58:02,2024-11-19,3.0,0002010788,text,resolved,ok
SC 13D,Invizyne Technologies Inc,2010788,2024-11-18,edgar/data/2010788/0001493152-24-046638.txt,post,0001493152-24-046638,2024-11-14,2024-11-18T19:58:02,2024-11-19,3.0,0002010788,text,resolved,ok
SC 13D,Invizyne Technologies Inc,2010788,2024-11-18,edgar/data/2010788/0001493152-24-046639.txt,post,0001493152-24-046639,2024-11-14,2024-11-18T19:58:02,2024-11-19,3.0,0002010788,text,resolved,ok
SC 13D,Lam Chi Ming,2028403,2024-11-21,edgar/data/2028403/0001493152-24-047227.txt,post,0001493152-24-047227,2024-11-21,2024-11-21T19:12:20,2024-11-22,1.0,0001956166,text,resolved,ok
SC 13D,Metita Sdn. Bhd.,2047138,2024-12-03,edgar/data/2047138/0001493152-24-048581.txt,post,0001493152-24-048581,2024-11-20,2024-12-03T21:55:33,2024-12-04,9.0,0001763660,text,resolved,ok
SC 13D,ABCHill Holding ApS,2046957,2024-12-10,edgar/data/2046957/0001493152-24-049434.txt,post,0001493152-24-049434,2024-11-12,2024-12-10T14:04:34,2024-12-10,19.0,0001011060,text,resolved,ok
SC 13D,AC Nordic ApS,2046935,2024-12-10,edgar/data/2046935/0001493152-24-049435.txt,post,0001493152-24-049435,2024-11-12,2024-12-10T14:04:34,2024-12-10,19.0,0001011060,text,resolved,ok
SC 13D,"Corebridge Financial, Inc.",1889539,2024-12-13,edgar/data/1889539/0001493152-24-049899.txt,post,0001493152-24-049899,2024-12-09,2024-12-13T08:00:10,2024-12-13,4.0,0001889539,text,resolved,ok
SCHEDULE 13D,"Amentum Holdings, Inc.",2011286,2024-12-23,edgar/data/2011286/0001493152-24-051925.txt,post,0001493152-24-051925,2024-12-17,2024-12-23T19:03:35,2024-12-24,5.0,0002011286,xml,resolved,ok
SCHEDULE 13D,Lo Sin Ying Stella,2050198,2024-12-30,edgar/data/2050198/0001493152-24-052399.txt,post,0001493152-24-052399,2024-10-28,2024-12-30T08:25:23,2024-12-30,42.0,0001971542,xml,resolved,ok
SCHEDULE 13D,Fenbo Holdings Ltd,1957001,2024-12-31,edgar/data/1957001/0001493152-24-052630.txt,post,0001493152-24-052630,2024-11-29,2024-12-31T12:29:55,2024-12-31,21.0,0001957001,xml,resolved,ok
SC 13D,"Axil Brands, Inc.",1718500,2024-10-15,edgar/data/1718500/0001520138-24-000357.txt,post,0001520138-24-000357,2024-10-14,2024-10-15T16:15:54,2024-10-15,0.0,0001718500,text,resolved,ok
SC 13D,"Five Point Holdings, LLC",1574197,2024-10-23,edgar/data/1574197/0001539497-24-002214.txt,post,0001539497-24-002214,2024-10-22,2024-10-23T07:15:58,2024-10-23,1.0,0001574197,text,resolved,ok
SC 13D,"Alta Fox Opportunities Fund, LP",1734916,2024-12-02,edgar/data/1734916/0001539497-24-002570.txt,post,0001539497-24-002570,2024-11-25,2024-12-02T17:00:08,2024-12-02,4.0,0000915779,text,resolved,ok
SC 13D,"Neuraxis, INC",1933567,2024-12-02,edgar/data/1933567/0001622627-24-000064.txt,post,0001622627-24-000064,2024-11-12,2024-12-02T11:53:07,2024-12-02,13.0,0001933567,text,resolved,ok
SC 13D,Azuna Health LLC,2041953,2024-10-22,edgar/data/2041953/0001640334-24-001554.txt,post,0001640334-24-001554,2024-04-18,2024-10-22T12:18:58,2024-10-22,128.0,0001575142,text,resolved,ok
SC 13D,"BIOADAPTIVES, INC.",1575142,2024-10-22,edgar/data/1575142/0001640334-24-001555.txt,post,0001640334-24-001555,2024-04-18,2024-10-22T12:19:53,2024-10-22,128.0,0001575142,text,resolved,ok
SC 13D,"Catheter Precision, Inc.",1716621,2024-09-09,edgar/data/1716621/0001654954-24-011641.txt,post,0001654954-24-011641,2024-08-30,2024-09-09T16:18:16,2024-09-09,5.0,0001716621,text,resolved,ok
SC 13D,"Forager Fund, L.P.",1539281,2024-12-11,edgar/data/1539281/0001654954-24-015412.txt,post,0001654954-24-015412,2024-12-11,2024-12-11T16:07:36,2024-12-11,0.0,0001540013,text,resolved,ok
SCHEDULE 13D,Ocho Investments LLC,1665159,2024-08-14,edgar/data/1665159/0001665159-24-000001.txt,post,0001665159-24-000001,2024-08-09,2024-08-14T14:52:22,2024-08-14,3.0,0001169445,xml,resolved,ok
SC 13D,"Blade Air Mobility, Inc.",1779128,2024-07-12,edgar/data/1779128/0001679688-24-000077.txt,post,0001679688-24-000077,,2024-07-12T19:31:42,,,0001779128,text,unresolved,no_trigger_date
SC 13D,GOLDMAN NEAL I,1182567,2024-10-15,edgar/data/1182567/0001683168-24-007151.txt,post,0001683168-24-007151,2021-08-11,2024-10-15T15:27:13,2024-10-15,794.0,0001110607,text,resolved,ok
SC 13D,DAVIS COMMODITIES Ltd,1949478,2024-12-10,edgar/data/1949478/0001683168-24-008579.txt,post,0001683168-24-008579,2024-12-05,2024-12-10T08:00:12,2024-12-10,3.0,0001949478,text,resolved,ok
SC 13D,"Abacus Life, Inc.",1814287,2024-12-10,edgar/data/1814287/0001683168-24-008597.txt,post,0001683168-24-008597,2024-12-02,2024-12-10T13:01:22,2024-12-10,6.0,0001814287,text,resolved,ok
SC 13D,"Galloway Capital Partners, LLC",1991451,2024-07-29,edgar/data/1991451/0001731122-24-001152.txt,post,0001731122-24-001152,2024-07-29,2024-07-29T11:15:14,2024-07-29,0.0,0001840292,text,resolved,ok
SC 13D,EDENS WESLEY R,1124460,2024-10-03,edgar/data/1124460/0001749723-24-000095.txt,post,0001749723-24-000095,2024-10-01,2024-10-03T18:12:42,2024-10-04,3.0,0001749723,text,resolved,ok
SC 13D,Cascadia Holdings Ltd,2009695,2024-11-05,edgar/data/2009695/0001753926-24-001801.txt,post,0001753926-24-001801,2024-10-23,2024-11-05T16:34:35,2024-11-05,9.0,0001947210,text,resolved,ok
SC 13D,"High Roller Technologies, Inc.",1947210,2024-11-05,edgar/data/1947210/0001753926-24-001803.txt,post,0001753926-24-001803,2024-10-23,2024-11-05T19:57:52,2024-11-06,10.0,0001947210,text,resolved,ok
SC 13D,"High Roller Technologies, Inc.",1947210,2024-11-07,edgar/data/1947210/0001753926-24-001826.txt,post,0001753926-24-001826,2024-10-23,2024-11-07T21:46:13,2024-11-08,12.0,0001947210,text,resolved,ok
SC 13D,Bleichroeder LP,1781002,2024-11-19,edgar/data/1781002/0001781002-24-000055.txt,post,0001781002-24-000055,2024-11-12,2024-11-19T14:36:38,2024-11-19,5.0,0001307579,text,resolved,ok
SCHEDULE 13D,Clearway Capital Management LLC,1828337,2024-11-04,edgar/data/1828337/0001828337-24-000006.txt,post,0001828337-24-000006,2024-11-04,2024-11-04T12:31:52,2024-11-04,0.0,0001421461,xml,resolved,ok
SCHEDULE 13D,Clearway Capital Management LLC,1828337,2024-11-04,edgar/data/1828337/0001828337-24-000007.txt,post,0001828337-24-000007,2024-11-04,2024-11-04T13:17:26,2024-11-04,0.0,0001421461,xml,resolved,ok
SC 13D,Future Vision II Acquisition Corp.,2010653,2024-09-25,edgar/data/2010653/0001829126-24-006444.txt,post,0001829126-24-006444,,2024-09-25T08:14:54,,,0002010653,text,unresolved,no_trigger_date
SC 13D,LQR House Inc.,1843165,2024-10-21,edgar/data/1843165/0001829126-24-006896.txt,post,0001829126-24-006896,2024-10-15,2024-10-21T21:02:12,2024-10-22,5.0,0001843165,text,resolved,ok
SCHEDULE 13D,"Sunrise Realty Trust, Inc.",2012706,2024-12-26,edgar/data/2012706/0001829126-24-008574.txt,post,0001829126-24-008574,2024-07-09,2024-12-26T21:49:59,2024-12-27,118.0,0002012706,xml,resolved,ok
SCHEDULE 13D,Chang Sheng-Yih,1841429,2024-12-05,edgar/data/1841429/0001841429-24-000005.txt,post,0001841429-24-000005,2024-11-26,2024-12-05T12:11:41,2024-12-05,6.0,0001482554,xml,resolved,ok
SC 13D,ANDRUS JEREMY,1523496,2024-11-04,edgar/data/1523496/0001857853-24-000112.txt,post,0001857853-24-000112,2023-04-13,2024-11-04T19:51:40,2024-11-05,392.0,0001857853,text,resolved,ok
SC 13D,First Foundation Inc.,1413837,2024-10-08,edgar/data/1413837/0001904067-24-000003.txt,post,0001904067-24-000003,2024-10-02,2024-10-08T11:43:24,2024-10-08,4.0,0001413837,text,resolved,ok
SC 13D,Enservco Corp,319458,2024-08-16,edgar/data/319458/0001915673-24-000012.txt,post,0001915673-24-000012,,2024-08-16T16:08:20,,,0000319458,text,unresolved,no_trigger_date
SC 13D,Corner Growth Acquisition Corp.,1829953,2024-08-22,edgar/data/1829953/0001929980-24-000374.txt,post,0001929980-24-000374,2024-08-15,2024-08-22T16:45:31,2024-08-22,5.0,0001829953,text,resolved,ok
SC 13D,CORNER GROWTH ACQUISITION CORP. 2,1847513,2024-08-22,edgar/data/1847513/0001929980-24-000376.txt,post,0001929980-24-000376,2024-08-15,2024-08-22T16:46:12,2024-08-22,5.0,0001847513,text,resolved,ok
SC 13D,Horizon Space Acquisition II Corp.,2032950,2024-11-19,edgar/data/2032950/0001929980-24-000563.txt,post,0001929980-24-000563,2024-11-12,2024-11-19T14:13:03,2024-11-19,5.0,0002032950,text,resolved,ok
SCHEDULE 13D,Crimson Asset Management Ltd.,1966480,2024-11-29,edgar/data/1966480/0001966480-24-000005.txt,post,0001966480-24-000005,2024-11-27,2024-11-29T13:15:32,2024-11-29,1.0,0001606745,xml,resolved,ok
SC 13D,Askew James M.,1487588,2024-07-05,edgar/data/1487588/0001999371-24-008312.txt,post,0001999371-24-008312,2024-07-03,2024-07-05T16:26:13,2024-07-05,1.0,0000930245,text,resolved,ok
SC 13D,AUNA S.A.,1799207,2024-08-22,edgar/data/1799207/0001999371-24-010550.txt,post,0001999371-24-010550,,2024-08-22T21:39:02,,,0001799207,text,unresolved,no_trigger_date
SC 13D,Bicara Therapeutics Inc.,2023658,2024-09-18,edgar/data/2023658/0001999371-24-012103.txt,post,0001999371-24-012103,,2024-09-18T17:10:00,,,0002023658,text,unresolved,no_trigger_date
SC 13D,Abu Dhabi Investment Authority,1362558,2024-09-24,edgar/data/1362558/0001999371-24-012347.txt,post,0001999371-24-012347,,2024-09-24T17:23:51,,,0001366561,text,unresolved,no_trigger_date
SCHEDULE 13D,"Hartford Creative Group, Inc.",1482554,2024-11-06,edgar/data/1482554/0002013085-24-000007.txt,post,0002013085-24-000007,2024-10-31,2024-11-06T11:57:39,2024-11-06,4.0,0001482554,xml,resolved,ok
SCHEDULE 13D,CHARLES & COLVARD LTD,1015155,2024-08-19,edgar/data/1015155/0002015561-24-000002.txt,post,0002015561-24-000002,2024-08-19,2024-08-19T13:58:48,2024-08-19,0.0,0001015155,xml,resolved,ok
SCHEDULE 13D,Mindlin Marcos Marcelo,2022936,2024-10-15,edgar/data/2022936/0002022936-24-000016.txt,post,0002022936-24-000016,2024-10-15,2024-10-15T11:51:18,2024-10-15,0.0,0001469395,xml,resolved,ok
SCHEDULE 13D,A. Gile & Co. LLC,2030533,2024-07-19,edgar/data/2030533/0002030533-24-000001.txt,post,0002030533-24-000001,2024-07-12,2024-07-19T16:18:14,2024-07-19,5.0,0000313364,xml,resolved,ok
SCHEDULE 13D,"Quintairos, Prieto, Wood & Boyer P.A.",2032492,2024-08-07,edgar/data/2032492/0002032492-24-000001.txt,post,0002032492-24-000001,2024-03-22,2024-08-07T16:43:58,2024-08-07,95.0,0001553846,xml,resolved,ok
SCHEDULE 13D,Horizon Common Inc,2033370,2024-08-09,edgar/data/2033370/0002033370-24-000001.txt,post,0002033370-24-000001,2024-08-01,2024-08-09T17:58:47,2024-08-12,7.0,0000088000,xml,resolved,ok
SC 13D,Hudson Bay Capital Management LP,1393825,2024-09-09,edgar/data/1393825/0002033916-24-000006.txt,post,0002033916-24-000006,2024-08-30,2024-09-09T14:51:41,2024-09-09,5.0,0000084129,text,resolved,ok
SCHEDULE 13D,OPGEN INC,1293818,2024-10-24,edgar/data/1293818/0002034863-24-000003.txt,post,0002034863-24-000003,2024-08-08,2024-10-24T11:28:31,2024-10-24,53.0,0001293818,xml,resolved,ok
SCHEDULE 13D,Brown Ross Peter,2035169,2024-08-26,edgar/data/2035169/0002035169-24-000001.txt,post,0002035169-24-000001,2024-08-19,2024-08-26T12:20:19,2024-08-26,5.0,0001668010,xml,resolved,ok
SCHEDULE 13D,Blackhurst Don,2039317,2024-09-30,edgar/data/2039317/0002039317-24-000001.txt,post,0002039317-24-000001,2024-09-26,2024-09-30T15:22:36,2024-09-30,2.0,0001098146,xml,resolved,ok
SCHEDULE 13D,"Hartford Creative Group, Inc.",1482554,2024-12-05,edgar/data/1482554/0002046942-24-000002.txt,post,0002046942-24-000002,2024-11-26,2024-12-05T12:22:24,2024-12-05,6.0,0001482554,xml,resolved,ok
