accession,subject_cik,filer_cik,filer_name,permno,td,fd,fdstar,fdstar_how,post_td,gap_days,runup,jump,pre42,runup5,runup_trading_days,runup_fdeq,jump_fdeq,illiq,logcap,wlen_busdays,pct_of_class,logilliq,yq,liq,filer_type,sic2
0001214659-24-015452,0001616262,0002035146,"American Heritage Railways, Inc.",10044,2024-08-05,2024-08-28,2024-08-28,same-day,1,23,0.24357801622647862,0.0202821231729186,-0.01883257969685353,0.15086325240815482,17,0.24357801622647862,0.0202821231729186,0.8479291427468931,9.448396968983188,17.0,13.2,-0.1649582047628989,2024Q3,-0.6610552569421997,other,20
0001062993-23-017384,0000002230,0001510281,"Saba Capital Management, L.P.",10065,2023-08-31,2023-09-01,2023-09-01,same-day,0,1,0.004405728263840945,0.0065034798820124,0.012470129566174763,-0.008447328298483651,1,0.004405728263840945,0.0065034798820124,0.0028956006238713364,14.53900055373561,1.0,5.02,-5.844562720090367,2023Q3,1.1771167308139914,activist_hf,
0000921895-22-000341,0000794172,0001786767,Impactive Capital LP,10530,2022-01-25,2022-02-04,2022-02-04,same-day,0,10,0.010869316242217132,0.19345191970070302,0.15477353514053693,-0.017671715139006637,8,0.010869316242217132,0.19345191970070302,0.002739941651151704,13.722021540836057,8.0,9.9,-5.899818654009012,2022Q1,0.579060170332588,activist_hf,28
0001193125-25-328908,0000798081,0001569866,GLOBAL VALUE INVESTMENT CORP.,10645,2025-12-17,2025-12-22,2025-12-22,same-day,1,5,-0.04566545847576628,0.05693351882641502,-0.4120593733311298,0.060155468772459586,3,-0.04566545847576628,0.05693351882641502,0.012478999661488702,11.403410107677237,3.0,8.38,-4.383708074582897,2025Q4,0.3107157972766798,activist_hf,38
0000902664-25-004014,0001116463,0001478982,"Altai Capital Management, L.P.",10860,2025-09-02,2025-09-09,2025-09-09,same-day,1,7,-0.016513116440801758,0.0019007616466589529,0.058174392701246816,-0.016513116440801758,5,-0.016513116440801758,0.0019007616466589529,0.013473113793887794,12.406060480623516,5.0,5.13,-4.307059150175083,2025Q3,0.2090176766305552,other,38
0001104659-24-102454,0000799850,0001472322,"Nantahala Capital Management, LLC",11174,2024-09-19,2024-09-24,2024-09-24,same-day,1,5,-0.16342134237248648,0.025909584990036903,-0.23700519072860893,-0.147998112312927,3,-0.16342134237248648,0.025909584990036903,0.006128363760017429,12.673404991323084,3.0,6.7,-5.09482748798944,2024Q3,0.6297357147330903,activist_hf,55
0001744329-24-000003,0000811641,0001744329,"SRK FUND I, LP",11292,2024-05-22,2024-05-22,2024-05-22,same-day,1,0,0.0,-0.03759388176326353,-0.08335476292059389,-0.08400532826946175,0,0.0,-0.03759388176326353,0.609219482809125,10.532032209910415,0.0,5.0,-0.49557667749889783,2024Q2,-0.9438486784906285,activist_hf,28
0001193805-22-000591,0001337619,0001786767,Impactive Capital LP,11370,2022-03-31,2022-04-06,2022-04-06,same-day,0,6,-0.005322810113048991,0.11996436012824531,0.07195016056585385,0.1130933658205582,4,-0.005322810113048991,0.11996436012824531,0.0006384526913211574,15.223412582987809,4.0,5.0,-7.356462978703992,2022Q1,1.204365054605817,activist_hf,73
0000921895-24-001466,0000813298,0001959730,"Fund 1 Investments, LLC",11379,2024-06-26,2024-06-26,2024-06-26,same-day,1,0,0.0,-0.015904559628254367,0.07043983194795297,-0.0048127603671795725,0,0.0,-0.015904559628254367,0.02000679994088462,12.227857865014526,0.0,9.8,-3.9116830661698123,2024Q2,0.31580128579063227,activist_hf,56
0001193125-25-239221,0000814676,0001569866,GLOBAL VALUE INVESTMENT CORP.,11511,2025-10-07,2025-10-14,2025-10-14,same-day,1,7,0.20621325075060656,-0.029307622470804123,-0.10915858918532481,0.20621325075060656,5,0.20621325075060656,-0.029307622470804123,0.12884919756149543,10.856467526862886,4.0,7.51,-2.0491125695981847,2025Q4,-0.5518878758285685,activist_hf,32
0001193805-25-001231,0000701347,0001724246,"HoldCo Asset Management, LP",11628,2025-08-15,2025-08-22,2025-08-22,same-day,1,7,0.04097619846654965,0.07585070039421055,-0.08218800019667362,0.04097619846654965,5,0.04097619846654965,0.07585070039421055,0.0028964075340412996,13.494829147409375,5.0,5.7,-5.844284091278672,2025Q3,0.7494793215169067,activist_hf,60
0000921895-23-000284,0000818033,0001687509,Rubric Capital Management LP,11636,2023-01-25,2023-02-06,2023-02-06,same-day,0,12,-0.04271738017139963,0.07773082137970552,0.2319221106920675,-0.06549873417897357,8,-0.04271738017139963,0.07773082137970552,0.006034671445235654,12.769985615909192,8.0,9.9,-5.11023386746631,2023Q1,1.0472868499807275,activist_hf,28
0000921895-25-000712,0001386278,0001452857,STEEL PARTNERS HOLDINGS L.P.,11664,2025-02-28,2025-03-07,2025-03-07,same-day,1,7,-0.06067245679843556,0.06430249120019887,-0.05730676253021423,-0.06067245679843556,5,-0.06067245679843556,0.06430249120019887,0.004196027497248257,13.032853244759808,5.0,5.7,-5.47361703526454,2025Q1,0.6004827254262816,corporate,61
0000807249-22-000100,0000768411,0000807249,"GAMCO INVESTORS, INC. ET AL",11825,2022-08-12,2022-08-22,2022-08-22,same-day,0,10,0.005358603532820824,0.0385796258033037,0.06557022592844466,-0.014064563207649492,6,0.005358603532820824,0.0385796258033037,0.011340239469401908,12.628211963122732,6.0,3.68,-4.479397863674288,2022Q3,0.670449881995886,activist_hf,38
0001062993-23-007306,0001490286,0001510281,"Saba Capital Management, L.P.",12015,2023-03-17,2023-03-21,2023-03-22,next-day,0,4,0.0014081735911050403,-0.0340938266553893,-0.04476627174910551,-0.03958519834522575,3,-0.005491371689836454,-0.004671821528200903,0.02010577645163281,12.1526971849383,3.0,10.12,-3.90674811955108,2023Q1,0.5950674262443985,activist_hf,
0000897101-24-000234,0001410428,0002026867,"CPC Pain & Wellness SPV, LLC",12017,2024-06-10,2024-06-17,2024-06-17,same-day,1,7,0.5101520761090643,-0.20283816728331014,-0.07881553913261716,0.5101520761090643,5,0.5101520761090643,-0.20283816728331014,2.063995346048755,8.827363986260869,5.0,9.42,0.7246435927954344,2024Q2,-1.3937908773018128,activist_hf,72
0002064726-25-000001,0000707179,0002064726,Otto Bremer Trust,12068,2025-05-01,2025-05-07,2025-05-07,same-day,1,6,0.010249924855770687,0.009980533115455928,-0.02299751427624682,0.010688444699242742,4,0.010249924855770687,0.009980533115455928,0.00026423585618634104,15.710560137038438,4.0,11.7,-8.238668459012192,2025Q2,1.7798034718635454,other,60
0000897101-22-000685,0001488917,0001266296,SKARVAN KATHLEEN,12078,2022-07-01,2022-07-11,2022-07-11,same-day,0,10,-0.0012556422920581012,-0.06805802743009118,-0.14838083393135115,-0.0012556422920581012,5,-0.0012556422920581012,-0.06805802743009118,0.1998541058778224,11.405475545806132,5.0,5.4,-1.6101676492381356,2022Q3,-0.4497378926469083,other,38
0000950170-24-141152,0000814586,0001825471,Danone S.A.,12209,2024-12-30,2024-12-30,2024-12-30,same-day,1,0,0.0,0.11756828790331693,-0.08244863785265955,-0.02605263112041016,0,0.0,0.11756828790331693,0.007828948446387913,12.736345068587186,0.0,23.3,-4.849927076032963,2024Q4,0.48735125304981497,other,20
0001104659-25-099810,0001499961,0002041834,Winvest Investment Fund Management Corp.,12350,2025-10-10,2025-10-15,2025-10-15,same-day,1,5,-0.8002920664547373,,-0.8489777787529043,-0.8002920664547373,3,-0.8002920664547373,,0.02216777035246985,8.872038462524035,2.0,0.0,-3.8091158308909505,2025Q4,0.09841119080922904,activist_hf,37
0001213900-22-045465,0001213660,0001858293,Oudom Fnu,12358,2022-07-20,2022-08-08,2022-08-08,same-day,0,19,0.25227827609225534,-0.009668831480404594,0.6942637544960072,-0.015524062216178261,13,0.25227827609225534,-0.009668831480404594,0.4336748776595972,9.557773037333565,13.0,44.09,-0.8354601554362844,2022Q3,-0.7521945791528154,other,51
0001858293-24-000006,0001213660,0001858293,Oudom Fnu,12358,2024-05-21,2024-06-17,2024-06-17,same-day,1,27,0.47289452725966574,-0.17762417780998546,-0.13144978189501416,-0.22243956723613756,18,0.47289452725966574,-0.17762417780998546,0.9503733744254238,9.642408461878881,18.0,84.1,-0.05090034589095203,2024Q2,-1.1078179644251336,other,51
0000921895-24-001467,0001495320,0001959730,"Fund 1 Investments, LLC",12363,2024-06-26,2024-06-26,2024-06-26,same-day,1,0,0.0,0.027262701956359058,-0.25930480905994646,-0.04126076569038711,0,0.0,0.027262701956359058,0.008449022607348915,12.070075128805518,0.0,9.8,-4.773704512072446,2024Q2,0.6336617854349063,activist_hf,31
0001062993-22-021001,0001500096,0001510281,"Saba Capital Management, L.P.",12376,2022-10-20,2022-10-20,2022-10-20,same-day,0,0,0.0,0.003261373209306183,-0.10045240990429731,-0.006303470733463275,0,0.0,0.003261373209306183,0.023624603179145807,12.705134527005916,0.0,7.29,-3.745466602393309,2022Q4,0.32228731409017336,activist_hf,
0001104659-22-082403,0001497645,0001905507,"NewcrestImage Holdings, LLC",12566,2022-07-13,2022-07-25,2022-07-25,same-day,0,12,-0.03243735259387406,0.001960416575313267,-0.09383135139760836,0.018360976228031185,8,-0.03243735259387406,0.001960416575313267,0.002924233323771978,13.56204763474873,8.0,13.95,-5.834722944186496,2022Q3,1.1995878292466224,activist_hf,67
0001104659-24-005645,0001427925,0001472322,"Nantahala Capital Management, LLC",12573,2024-01-17,2024-01-23,2024-01-24,next-day,0,6,0.35842405515687736,0.1393826843200706,0.012000600445812692,0.35842405515687736,5,0.15612646438837174,0.23174775378412368,0.541936579732339,9.626709811180085,5.0,,-0.6126062959528281,2024Q1,-0.8634700202264193,activist_hf,28
0001213900-25-087369,0001427925,0001410098,CorMedix Inc.,12573,2025-09-07,2025-09-12,2025-09-12,same-day,1,5,0.6899042418383138,0.1520841463991359,0.28207349326604203,0.6359877144304957,4,0.6899042418383138,0.1520841463991359,0.9052879130137365,9.314965217094784,4.0,19.95,-0.09950224994993394,2025Q3,-1.2702864007649484,other,28
0000950142-22-001358,0001162194,0001534261,"Casdin Capital, LLC",12577,2022-04-04,2022-04-08,2022-04-08,same-day,0,4,0.0763389319927863,0.04442028578027059,0.09960445758913482,0.049956006787655556,4,0.0763389319927863,0.04442028578027059,0.014242801874942503,12.630385807827485,4.0,32.74,-4.251503631472397,2022Q2,0.10233487353102522,activist_hf,28
0001140361-23-048351,0001162194,0001103804,VIKING GLOBAL INVESTORS LP,12577,2023-10-04,2023-10-16,2023-10-16,same-day,0,12,-0.5468217082227819,0.1776296895723865,0.09567683524054121,-0.45570366106190363,8,-0.5468217082227819,0.1776296895723865,0.053915731976987305,12.338016497428496,7.0,9.5,-2.9203329702404504,2023Q4,0.29418031986941773,activist_hf,28
0001962221-25-000003,0001396814,0001962221,Doma Perpetual Capital Management LLC,12583,2025-08-01,2025-08-08,2025-08-08,same-day,1,7,0.11103110691710148,0.11313955296215357,-0.13685081959770898,0.11103110691710148,5,0.11103110691710148,0.11313955296215357,0.0011196678845087668,13.8278835952571,5.0,5.7,-6.794723169337949,2025Q3,1.0836372275962938,activist_hf,28
0000950142-22-000248,0001858681,0001106636,HARRIS JOSHUA,12591,2022-01-01,2022-01-11,2022-01-11,same-day,0,10,-0.030672472563803475,0.006319185692340208,-0.022586888843657865,-0.02331282718438826,6,-0.030672472563803475,0.006319185692340208,8.614626554791467e-05,16.723144809616574,6.0,6.7,-9.359463944183936,2022Q1,2.0642086455804853,other,62
0000950142-24-002712,0001858681,0002043615,LB 2018 GST Trust,12591,2024-11-01,2024-11-08,2024-11-08,same-day,1,7,0.04093175976921241,-0.004167019964958822,0.1373618192124198,0.04093175976921241,5,0.04093175976921241,-0.004167019964958822,4.39377235971045e-05,18.216047564498492,5.0,0.0,-10.032737299425298,2024Q4,2.0533617717749886,other,62
0001104659-25-036047,0001453593,0001472322,"Nantahala Capital Management, LLC",12592,2025-04-10,2025-04-17,2025-04-17,same-day,1,7,0.04191583047011503,0.30685551883871875,0.18718540725830174,0.04191583047011503,5,0.04191583047011503,0.30685551883871875,2.797284779139661,11.087695716844358,5.0,49.1,1.0286492249610166,2025Q2,-1.4941837835444018,activist_hf,38
0000921895-25-003167,0001325702,0002096092,Byreforge LLC,12629,2025-11-13,2025-11-20,2025-11-20,same-day,1,7,0.026375995853985822,0.012762981045935595,-0.2398459382689538,0.026375995853985822,5,0.026375995853985822,0.012762981045935595,0.026154470588294457,11.308940706284151,5.0,8.5,-3.6437351436836924,2025Q4,0.03730510714674673,activist_hf,36
0000807249-24-000134,0001509470,0000807249,"GAMCO INVESTORS, INC. ET AL",12690,2024-10-03,2024-10-08,2024-10-08,same-day,1,5,0.01961783788333773,-0.03993585927528643,-0.020789100374890675,-0.009790011069866463,3,0.01961783788333773,-0.03993585927528643,0.09199752576815934,11.433266267080747,3.0,4.25,-2.3859935961190972,2024Q4,-0.25713785241055803,activist_hf,
0000899140-22-000462,0001514281,0001877511,"Hill Country Asset Management, LP.",12828,2022-04-12,2022-04-12,2022-04-12,same-day,0,0,0.0,-0.004295750733601257,-0.053061326232129134,-0.0851930378589634,0,0.0,-0.004295750733601257,0.007164607375919267,12.194895665149998,0.0,8.6,-4.938602016702495,2022Q2,0.3682327173193565,activist_hf,67
0001999371-25-010988,0001514281,0001903793,"TPG GP A, LLC",12828,2025-08-01,2025-08-08,2025-08-08,same-day,1,7,-0.032303915765161825,0.017225851959074185,-0.0010087788002786594,-0.032303915765161825,5,-0.032303915765161825,0.017225851959074185,0.011447426094773788,12.350934777192073,5.0,7.3,-4.469990369468383,2025Q3,0.26630146928056136,other,67
0001062993-22-019918,0001517518,0001510281,"Saba Capital Management, L.P.",12839,2022-09-23,2022-09-26,2022-09-26,same-day,0,3,-0.07360307037070676,-0.09482539394037318,-0.01513842445728237,-0.038919129025473134,1,-0.07360307037070676,-0.09482539394037318,0.014951096329630766,12.801250511418381,1.0,10.005,-4.202970648748511,2022Q3,0.5625288148119258,activist_hf,
0001493152-23-044080,0000894871,0001845071,"Simplify Inventions, LLC",12928,2023-12-01,2023-12-07,2023-12-07,same-day,0,6,0.29989357455913246,-0.08642746814767757,-0.26063304795256964,0.370887077121505,4,0.29989357455913246,-0.08642746814767757,0.6772751115377752,11.103104232715118,4.0,,-0.38967772002175305,2023Q4,-0.573548291462722,activist_hf,48
0001062993-23-007310,0001526329,0001510281,"Saba Capital Management, L.P.",13034,2023-03-17,2023-03-21,2023-03-22,next-day,0,4,-0.01753149060510769,-0.018265035446605356,-0.027992245959959743,-0.04655319137969453,3,-0.028288155933089178,0.007261145655473296,0.06846441380557394,10.965416492883064,3.0,8.5,-2.681441175192179,2023Q1,0.1346485129020744,activist_hf,
0001539497-25-002580,0001520697,0001586094,"Khrom Investments Fund, LP",13105,2025-09-24,2025-10-01,2025-10-01,same-day,1,7,0.14249553704933912,0.09006144177674523,0.16474612382149362,0.14249553704933912,5,0.14249553704933912,0.09006144177674523,0.0005735052771635743,14.527527720257387,5.0,5.5,-7.463743419757019,2025Q3,1.318853151652397,activist_hf,80
0000902664-22-003123,0001490281,0001832568,RPD Fund Management LLC,13108,2022-05-23,2022-05-27,2022-05-27,same-day,0,4,0.2192937257040002,0.047696613107136604,-0.19820449589883588,0.18833936154854178,4,0.2192937257040002,0.047696613107136604,0.001761734017658058,12.968577031199516,4.0,9.9,-6.341456717654084,2022Q2,0.911118638971515,activist_hf,73
0001062993-23-003537,0001126234,0001776353,Farb Daniel Stuart,13111,2023-02-13,2023-02-15,2023-02-16,next-day,0,2,-0.059666940545919527,0.019729559552710094,-0.01126708435075439,-0.037893307084782085,3,-0.05762286663749218,0.024765287670266676,0.42396873101163496,10.243923352423774,3.0,9.07,-0.8580955740837368,2023Q1,-0.550488222978498,other,28
0000902664-25-004824,0001509589,0001706220,"Kimmeridge Energy Management Company, LLC",13116,2025-11-03,2025-11-10,2025-11-10,same-day,1,7,-0.00010745807197275192,0.05878070807751215,-0.038666712564922115,-0.00010745807197275192,5,-0.00010745807197275192,0.05878070807751215,0.0003722077741633275,14.777077401236037,5.0,5.9,-7.896058326915342,2025Q4,1.6084850349990634,activist_hf,13
0001193805-25-000968,0001526520,0001517137,Starboard Value LP,13168,2025-06-26,2025-07-03,2025-07-03,same-day,1,7,0.14956631581523672,0.22094818540371966,-0.2012484797552487,0.14956631581523672,5,0.14956631581523672,0.22094818540371966,0.0006466584226784198,14.241858259015338,5.0,9.0,-7.343692343091705,2025Q2,1.4636234835066628,activist_hf,73
0001140361-25-034463,0001518715,0001267958,WEBB CARL B,13278,2025-09-02,2025-09-09,2025-09-09,same-day,1,7,-0.08170857155452058,0.01571012285707115,0.004581461173410678,-0.08170857155452058,5,-0.08170857155452058,0.01571012285707115,0.01923352568137685,12.484939868600632,5.0,78.1,-3.9511003934213726,2025Q3,0.08386874751631782,other,60
0001140361-25-022709,0001506492,0001213867,ERB JOHN L,13279,2025-06-09,2025-06-16,2025-06-16,same-day,1,7,-0.11118927219187388,-0.1425103063171077,-0.41075488420883666,-0.11118927219187388,5,-0.11118927219187388,-0.1425103063171077,0.6177155834612198,8.123365109702103,5.0,7.3,-0.48172714839514236,2025Q2,-0.9605932489510877,other,38
0001193805-23-000380,0001493761,0001970265,TORO 18 HOLDINGS LLC,13328,2023-03-14,2023-03-23,2023-03-23,same-day,0,9,0.15785764935356106,0.15920699596352583,-0.10105164210972427,0.1321016127381491,7,0.15785764935356106,0.15920699596352583,0.01489778149150954,11.763826196579354,7.0,7.0,-4.206542970303694,2023Q1,0.7077177462679766,other,36
0001062993-22-019929,0001547341,0001510281,"Saba Capital Management, L.P.",13431,2022-09-26,2022-09-26,2022-09-26,same-day,0,0,0.0,-0.08493770104960659,0.0023675459334481057,0.04624584131675026,0,0.0,-0.08493770104960659,0.027166997375587122,12.25853349306221,0.0,10.05,-3.605752374143029,2022Q3,0.329366412352773,activist_hf,
0001193805-24-001416,0001360604,0001517137,Starboard Value LP,13439,2024-11-20,2024-11-26,2024-11-26,same-day,1,6,-0.02033152206803393,0.059516416665532645,-0.031957664264674106,0.03125624314261518,4,-0.02033152206803393,0.059516416665532645,0.00020863346773573814,15.634042965460843,4.0,5.9,-8.474931588498047,2024Q4,1.582663439346861,activist_hf,67
0001140361-23-021893,0001092662,0001964166,Biosynex SA,13453,2023-04-27,2023-05-01,2023-05-01,same-day,0,4,-0.0296602690667159,-0.01701684369307739,0.17040607207823702,-0.0296602690667159,2,-0.0296602690667159,-0.01701684369307739,0.1581582248967908,9.712732533861354,2.0,100.0,-1.844159323647663,2023Q2,-0.15774943227221055,corporate,28
0001062993-22-000894,0001547158,0001510281,"Saba Capital Management, L.P.",13519,2022-01-10,2022-01-10,2022-01-10,same-day,0,0,0.0,0.028083871708593968,0.002556344709539027,0.05729323293620249,0,0.0,0.028083871708593968,0.06657592612875785,10.69674473891972,0.0,9.5,-2.709412236319825,2022Q1,-0.7905100685899785,activist_hf,
0001104659-24-094588,0001524931,0001352851,Magnetar Financial LLC,13520,2024-08-22,2024-08-29,2024-08-29,same-day,1,7,0.0015239429403530664,-0.0018496867045126274,0.5360094166894037,0.0015239429403530664,5,0.0015239429403530664,-0.0018496867045126274,0.00291350528682998,13.368024299135365,5.0,,-5.838398356785236,2024Q3,0.8244253726329424,activist_hf,58
0001104659-23-024264,0001538263,0001966607,Neelagaru Narasimhulu,13534,2023-02-12,2023-02-22,2023-02-22,same-day,0,10,0.08559392412080599,0.035387679358289736,0.11644934648737988,0.02843461820787542,6,0.08559392412080599,0.035387679358289736,0.010416886070842407,13.003779551200765,6.0,6.68,-4.564327128888783,2023Q1,0.8421580138802962,other,60
0001104659-23-058700,0001528930,0001511698,Laurence Andrew M,13537,2023-05-10,2023-05-11,2023-05-11,same-day,0,1,0.010581309248347943,0.006310250039910878,0.0979430078426439,0.024467021938021926,1,0.010581309248347943,0.006310250039910878,0.0016490588116581178,13.8169045958418,1.0,1.6,-6.407550570996317,2023Q2,1.31659375721758,other,67
0001193805-23-001197,0001546417,0001517137,Starboard Value LP,13548,2023-08-08,2023-08-18,2023-08-18,same-day,0,10,0.05646016370580985,0.03988110077035384,-0.06912474623627302,0.01651986455077811,8,0.05646016370580985,0.03988110077035384,0.00038649548827055056,14.610707298512672,8.0,9.9,-7.858390363302342,2023Q3,1.8526716932813827,activist_hf,58
0000921895-25-002706,0001552800,0001959730,"Fund 1 Investments, LLC",13563,2025-10-07,2025-10-07,2025-10-07,same-day,1,0,0.0,0.06363699841091856,-0.07587894698080325,0.07146962962097705,0,0.0,0.06363699841091856,0.10858995039757899,12.49145551433782,0.0,28.8,-2.220176413539702,2025Q4,-0.4886819372390388,activist_hf,57
0001851734-22-000538,0000849146,0001554334,"Sudbury Capital Fund, LP",13599,2022-08-26,2022-09-06,2022-09-06,same-day,0,11,0.05098336123861945,0.0005036735717715707,0.0642908746886209,0.06244387949755124,6,0.05098336123861945,0.0005036735717715707,0.23483248778501076,10.909972490820184,6.0,5.1,-1.448882836949602,2022Q3,-0.5127057486426243,activist_hf,28
0001140361-24-041064,0001539838,0002021141,Greth Lyndal,13641,2024-09-10,2024-09-13,2024-09-13,same-day,1,3,-0.06230499696645721,0.023665591367035617,-0.09093505577354614,-0.04693548776702637,3,-0.06230499696645721,0.023665591367035617,4.867787141250114e-05,17.30820620634319,3.0,38.9,-9.930286016920496,2024Q3,1.8958070554663793,other,13
0001193805-23-000737,0001527541,0001917192,Leveen Calgary Granger,13700,2023-04-22,2023-05-16,2023-05-16,same-day,0,24,-0.19550271698331606,-0.11098885254115366,-0.14443152137688514,-0.07088205861948595,16,-0.19550271698331606,-0.11098885254115366,6.977169775766639,9.452501929126154,16.0,9.4,1.9426433582953597,2023Q2,-1.3811919208618397,other,67
0001641172-25-026247,0001527541,0002076786,Diveroli Investment Group LLC,13700,2025-08-28,2025-09-02,2025-09-02,same-day,1,5,0.24106412563901125,0.06115578675190408,-0.3203640320741437,0.3033220254261697,2,0.24106412563901125,0.06115578675190408,0.13664069166941517,8.042342634772835,2.0,9.48,-1.9904004869712644,2025Q3,-0.6054793551808606,other,67
0001140361-24-042733,0001534504,0001080910,HELU CARLOS SLIM,13730,2024-09-30,2024-10-03,2024-10-03,same-day,1,3,0.005133151328460572,0.0539151481721753,-0.1346938781310328,0.062135954679062036,3,0.005133151328460572,0.0539151481721753,0.0002309028768394268,15.111307974555654,3.0,20.0,-8.373513382437496,2024Q3,1.4881962353623137,other,29
0000904853-25-000005,0001527590,0000904853,Amster Howard,13787,2025-07-29,2025-08-05,2025-08-05,same-day,1,7,-0.022025401304050084,0.003094298451079166,0.062134580797893885,-0.022025401304050084,5,-0.022025401304050084,0.003094298451079166,0.0020463188134421328,13.541680396613394,5.0,5.3,-6.191712800795072,2025Q3,0.8716292338720709,other,67
0001213900-24-025263,0001176309,0001351779,KIDRON NADAV,13798,2024-03-06,2024-03-22,2024-03-22,same-day,1,16,-0.15956265560652955,-0.06064006560152088,0.3715001077149872,-0.13918779452121166,12,-0.15956265560652955,-0.06064006560152088,0.06956476193933919,11.795961586687197,12.0,5.7,-2.665497133826846,2024Q1,-0.16464133020783048,other,28
0001437749-25-002344,0001546296,0002051345,AUROUS VERTEX LTD,13828,2025-01-24,2025-01-31,2025-01-31,same-day,1,7,0.009762774352253843,-0.017554104620853456,-0.21984681966301556,0.009762774352253843,5,0.009762774352253843,-0.017554104620853456,2.735702699059391,8.940148451187055,5.0,13.7,1.0063883312316018,2025Q1,-1.7796948281440133,corporate,73
0001062993-24-012443,0001565381,0001510281,"Saba Capital Management, L.P.",13836,2024-06-07,2024-06-12,2024-06-12,same-day,1,5,0.0023867263343770955,0.007160317407664191,-0.003290474589951605,0.007035413263275841,3,0.0023867263343770955,0.007160317407664191,0.006172480759291502,12.134945641258122,3.0,5.55,-5.087654453916019,2024Q2,0.7494272177823522,activist_hf,
0001104659-22-087294,0000025743,0001687509,Rubric Capital Management LP,13863,2022-08-04,2022-08-08,2022-08-08,same-day,0,4,0.02895654591392549,-0.021990188637578716,-0.6449298630909786,-0.03384307616984884,2,0.02895654591392549,-0.021990188637578716,0.019466422871330796,10.980497345115573,2.0,18.27,-3.939064201627495,2022Q3,0.459496031235697,activist_hf,28
0001104659-22-117058,0001117480,0001687509,Rubric Capital Management LP,13870,2022-11-10,2022-11-10,2022-11-10,same-day,0,0,0.0,0.03386216867263531,-0.033526199172160875,0.1192483055544209,0,0.0,0.03386216867263531,0.010973222910165422,11.978930171672612,0.0,8.51,-4.512297254756642,2022Q4,0.589981177771389,activist_hf,28
0000921895-22-001398,0001376339,0001765316,Prescience Investment Group LLC,13878,2022-04-20,2022-04-28,2022-04-28,same-day,0,8,0.0002684523823265547,0.013990563595266493,-0.09670393626821001,0.02044170534985302,6,0.0002684523823265547,0.013990563595266493,0.011758723538483742,13.110734179642455,6.0,6.7,-4.443159885048776,2022Q2,0.17650326872735936,activist_hf,38
0001712543-22-000192,0001648365,0001648365,"TINGO, INC.",13879,2022-12-01,2022-12-19,2022-12-19,same-day,0,18,0.17585059700248257,-0.22178689655984507,0.5851886457087775,0.1483776795645309,12,0.17585059700248257,-0.22178689655984507,0.26600305582527684,12.034309947270142,12.0,16.6,-1.3242474822014747,2022Q4,-0.5229390720818381,other,73
0001387131-23-007740,0001275158,0001360554,"Hoak Public Equities, LP",13959,2023-06-15,2023-06-23,2023-06-23,same-day,0,8,-0.011075830141827388,0.0633290735489427,-0.2963352453586069,-0.011075830141827388,5,-0.011075830141827388,0.0633290735489427,0.018363504304180933,11.973789706959137,5.0,5.2,-3.9973900457616445,2023Q2,0.5379176447932036,activist_hf,58
0001731122-25-001613,0001275158,0001991451,"Galloway Capital Partners, LLC",13959,2025-12-01,2025-12-01,2025-12-01,same-day,1,0,0.0,0.10520600703413369,0.2747734580994011,0.35976062894775784,0,0.0,0.10520600703413369,0.2700352339974605,10.409345357096594,0.0,6.01,-1.3092028322107714,2025Q4,-0.8252752167507819,activist_hf,58
0001140361-23-045575,0001401708,0000905448,WYGOD MARTIN J,13962,2023-09-27,2023-09-28,2023-09-28,same-day,0,1,0.025771136157705106,0.09933303928776371,-0.3398887815630213,0.0013774694995359327,1,0.025771136157705106,0.09933303928776371,0.01120022622740734,11.134096056046127,1.0,5.15,-4.491821302009427,2023Q3,0.723328552366804,other,28
0000950157-25-000787,0001564708,0002080603,MFT SH Family Trust,13964,2025-09-06,2025-09-12,2025-09-12,same-day,1,6,-0.04784025446950068,0.029471058256824993,-0.009815927225139801,-0.04642027848132782,4,-0.04784025446950068,0.029471058256824993,0.0003605138304419145,15.669536787020624,4.0,0.0,-7.927980237365147,2025Q3,1.4820707702015525,other,27
0001213900-23-072694,0001173281,0001991925,Symetryx Corp,13965,2023-08-22,2023-08-31,2023-08-31,same-day,0,9,0.022877208716125523,0.2618618753122789,-0.6866060412970917,0.02373563314251391,7,0.022877208716125523,0.2618618753122789,0.5587888189594732,7.380131092372928,7.0,13.8,-0.5819836608197833,2023Q3,-0.5882584793489178,corporate,28
0000950170-25-011215,0001567683,0002052113,BlackRock Portfolio Management LLC,14030,2025-01-28,2025-01-30,2025-01-30,same-day,1,2,-0.004842203146243643,0.01264746299869651,-0.08001419833937273,0.005002340935589667,2,-0.004842203146243643,0.01264746299869651,0.0030721007110494692,13.598748650575462,2.0,55.5,-5.785393680689331,2025Q1,0.7150017313833384,other,49
0000929638-24-001418,0001130598,0002017797,"Viriom, Inc.",14056,2024-04-01,2024-04-08,2024-04-08,same-day,1,7,-0.2024828812793695,-0.08540235370174323,0.30666694251145193,-0.2024828812793695,5,-0.2024828812793695,-0.08540235370174323,0.5360571302669204,9.848867678581486,5.0,11.6,-0.6235145372723718,2024Q2,-0.8966730632848685,other,28
0000921895-25-000362,0001565228,0001458726,"Hale Capital Partners, LP",14060,2025-02-05,2025-02-12,2025-02-12,same-day,1,7,-0.005762101326903012,,-0.0473239507913429,-0.005762101326903012,5,-0.005762101326903012,,0.45599995062243315,9.082106920444959,5.0,12.0,-0.7852625777518947,2025Q1,-1.1216016575048355,activist_hf,36
0001654954-25-000824,0001141197,0001946705,SGK 2018 REVOCABLE TRUST,14135,2025-01-23,2025-01-27,2025-01-27,same-day,1,4,-0.06627350254227013,-0.10450713409724832,0.1639502098515129,-0.13157535818667915,2,-0.06627350254227013,-0.10450713409724832,0.2631024145408519,11.293238682141586,2.0,65.4,-1.3352119137037632,2025Q1,-0.9195991913029725,other,13
0001085146-23-002488,0001384905,0001627436,Sylebra Capital Ltd,14136,2023-05-25,2023-05-26,2023-05-26,same-day,0,1,-0.04550734551648458,0.10466031128068629,0.14013226849614685,0.12461375762706373,1,-0.04550734551648458,0.10466031128068629,0.0004749159807752653,14.791488437068733,1.0,8.68,-7.6523726521535895,2023Q2,1.7187716240719824,activist_hf,73
0001104659-22-099294,0001384195,0001944796,"STRONGHOLD ENERGY II OPERATING, LLC",14137,2022-08-31,2022-09-12,2022-09-12,same-day,0,12,-0.07239901720304479,0.011361882707527578,0.09587704116094903,-0.08850991818127535,7,-0.07239901720304479,0.011361882707527578,0.004768912836828002,12.752168651695461,7.0,16.3,-5.345636916866416,2022Q3,1.0086417748672845,activist_hf,13
0001193805-22-001638,0001571329,0001402258,Frischer Charles L,14151,2022-11-29,2022-12-02,2022-12-02,same-day,0,3,0.018312779885826275,-0.0020502648991602484,0.1091183839927419,0.005727462064055906,3,0.018312779885826275,-0.0020502648991602484,0.40990838016377673,10.938582487386686,3.0,5.4,-0.891821607270542,2022Q4,-0.6738951571825471,other,
0001104659-24-101777,0001403708,0001472322,"Nantahala Capital Management, LLC",14158,2024-09-20,2024-09-20,2024-09-20,same-day,1,0,0.0,0.23490448417748727,-0.1429274110797604,0.16887318316218378,0,0.0,0.23490448417748727,4.187075598408498,8.060808403328494,0.0,10.0,1.4320025423811722,2024Q3,-1.0791885574633584,activist_hf,28
0001651175-25-000007,0001403708,0001651175,Klein Roger M.,14158,2025-11-04,2025-11-12,2025-11-12,same-day,1,8,1.297027868075016,-0.001736267497814678,-0.13321941676370141,1.3015919050267943,6,1.297027868075016,-0.001736267497814678,0.2889547178181369,9.084396124039092,5.0,10.5,-1.2414852888965908,2025Q4,-0.850295997212217,other,28
0001013594-22-000528,0001195734,0001282683,"Nierenberg Investment Management Company, Inc.",14258,2022-07-19,2022-07-21,2022-07-21,same-day,0,2,0.008443879340895386,0.060299513126397,-0.08629160470346185,0.05195956370913471,2,0.008443879340895386,0.060299513126397,0.1973290787670893,11.871948928975545,2.0,9.4,-1.62288249330058,2022Q3,-0.4447738389423369,activist_hf,58
0001398344-24-009941,0001574085,0001765296,Al Shams Investments LTD,14268,2024-05-21,2024-05-21,2024-05-21,same-day,1,0,0.0,-0.04616597502497709,0.3012980754358231,-0.003289255965942839,0,0.0,-0.04616597502497709,0.04889148716516681,12.141348187107337,0.0,9.8,-3.018151984258048,2024Q2,-0.013678029943517439,activist_hf,67
0001193805-25-000803,0001574085,0002045643,Ghassemieh Babak,14268,2025-06-02,2025-06-05,2025-06-05,same-day,1,3,0.0019535001492242635,0.044638622051510465,0.2163151673271842,0.05308460585851639,3,0.0019535001492242635,0.044638622051510465,0.04004384984554131,12.00104040233199,3.0,3.8,-3.217780179168687,2025Q2,0.00600820557381686,other,67
0001104659-22-042863,0001418091,0001494730,Musk Elon,14295,2022-04-04,2022-04-05,2022-04-05,same-day,0,1,0.2617598915183997,0.32552409622477696,0.18189174164475877,0.24353608863903647,1,0.2617598915183997,0.32552409622477696,3.2329103716958004e-05,17.299150297834245,1.0,9.1,-10.33954268956334,2022Q2,2.4583241950652566,other,73
0001019056-25-000047,0001579157,0002053682,"P180, Inc.",14296,2025-01-22,2025-01-29,2025-01-29,same-day,1,7,0.325572610265425,-0.004871706256179567,0.9631643576093161,0.325572610265425,5,0.325572610265425,-0.004871706256179567,1.3445665285095947,10.742437091025444,5.0,65.3,0.29607167747328145,2025Q1,-1.5187876745876114,other,56
0001781002-24-000055,0001307579,0001781002,Bleichroeder LP,14339,2024-11-12,2024-11-19,2024-11-19,same-day,1,7,0.004013689582710256,0.06590899160159314,-0.30967600069395373,0.004013689582710256,5,0.004013689582710256,0.06590899160159314,4.3560289664187355,9.250524082836757,5.0,33.7,1.471560854823337,2024Q4,-1.4227160978700129,other,35
0001213900-23-094777,0001063537,0001937147,"Funicular Funds, LP",14355,2023-12-01,2023-12-11,2023-12-11,same-day,0,10,,,-0.11683822967634097,,6,,,3.8490810250051366,,6.0,49.98,1.3478344250036935,2023Q4,-1.1693184978728464,activist_hf,20
0001493152-24-018725,0001066764,0002022872,Johnson Cole Wayne,14358,2024-04-24,2024-05-10,2024-05-10,same-day,1,16,-0.19266196071637157,-0.010505861335178307,0.640027298421825,0.2572050286317556,12,-0.19266196071637157,-0.010505861335178307,0.0776962861185806,9.772290575898278,12.0,31.3,-2.554947820452547,2024Q2,-0.18447924103212754,other,49
0001683168-24-003883,0001321834,0001157075,"PharmaCyte Biotech, Inc.",14419,2024-05-23,2024-05-30,2024-05-30,same-day,1,7,0.050952245011697705,-0.04112963375725667,0.11493014955139319,0.05821168894537593,4,0.050952245011697705,-0.04112963375725667,0.43003325696748423,8.598551955784059,4.0,83.4,-0.8438927315004036,2024Q2,-0.8154111373072899,other,28
0001178913-23-003782,0001305253,0001321178,Arkin Moshe,14423,2023-11-14,2023-11-24,2023-11-24,same-day,0,10,0.19526615246359058,0.013881998289621555,0.547398830907723,0.2965650856100909,7,0.19526615246359058,0.013881998289621555,0.5857619643388754,9.72779577013987,7.0,10.09,-0.5348417761282701,2023Q4,-0.5237734338207088,other,28
0000902664-24-006210,0001253689,0001535978,"Adage Capital Management, L.P.",14431,2024-10-29,2024-11-04,2024-11-04,same-day,1,6,1.7400718744583434,-0.013964402966261197,0.4119962682361022,1.8256847843477866,4,1.7400718744583434,-0.013964402966261197,0.22794475545007825,9.345387739929222,4.0,7.9,-1.4786519800447948,2024Q4,-0.5312953950572616,activist_hf,28
0000921895-22-003092,0001485003,0001380585,Radoff Bradley Louis,14452,2022-11-09,2022-11-18,2022-11-18,same-day,0,9,-0.020533266118957047,-0.022229621369428652,0.2884273157986232,-0.06510114967526916,7,-0.020533266118957047,-0.022229621369428652,0.04662568557817919,11.631156489153653,6.0,3.0,-3.0656036970366274,2022Q4,0.08495312909435054,activist_hf,28
0001104659-24-024047,0000827871,0001339978,Graves Michael,14456,2024-02-12,2024-02-14,2024-02-14,same-day,1,2,0.015502698257383568,0.07659392491019859,0.17299128843643213,0.1713837829872519,2,0.015502698257383568,0.07659392491019859,0.0237917332195296,11.060939341226671,2.0,1.8,-3.738417102359753,2024Q1,0.20059350949807417,other,28
0001140361-23-042206,0001479290,0001992112,Teoxane SA,14467,2023-08-22,2023-09-01,2023-09-01,same-day,0,10,-0.02573014930334358,-0.017752201319976915,-0.2776000248968735,0.028090920268316888,8,-0.02573014930334358,-0.017752201319976915,0.0006472158561866964,14.316040985597901,8.0,5.0,-7.342830692849684,2023Q3,1.6797229829007667,corporate,28
0000902664-22-005070,0001273636,0001758892,Tetragon Financial Management LP,14528,2022-11-28,2022-12-08,2022-12-08,same-day,0,10,-0.208048596001645,,0.6005143349651466,-0.208048596001645,8,-0.208048596001645,,0.10725567429037555,10.121076505593008,8.0,0.0,-2.232539815437175,2022Q4,-0.20586217474272847,activist_hf,28
0001104659-23-084840,0001404644,0001425738,"Redmile Group, LLC",14535,2023-07-17,2023-07-27,2023-07-27,same-day,0,10,-0.24657735702103278,-0.020713576453992036,-0.05951800568301876,-0.2236642881439299,8,-0.24657735702103278,-0.020713576453992036,0.24915321139818328,10.527547482155521,8.0,6.6,-1.3896872649210412,2023Q3,-0.3173076957539948,activist_hf,28
0000921895-22-002105,0001588972,0001802169,"Railroad Ranch Capital Management, LP",14550,2022-06-17,2022-06-27,2022-06-27,same-day,0,10,0.019854451365076946,0.19243477182502905,-0.4550992402391971,0.019854451365076946,5,0.019854451365076946,0.19243477182502905,0.2528314258126839,10.572123266597758,5.0,5.9,-1.3750323134675075,2022Q2,-1.0108208806050352,activist_hf,28
0001140361-22-005618,0001422183,0001520692,KKR Credit Advisors (US) LLC,14565,2021-11-26,2022-02-16,2022-02-17,next-day,0,82,0.09475897291534005,0.02406613814567522,-0.12035637668972489,0.005044546793218194,57,0.07463806139883544,0.011518089712417905,0.0002791329819480883,15.610415792413834,56.0,6.5,-8.183822251891858,2021Q4,1.6449724561166608,activist_hf,
0001104659-23-107787,0001591670,0001389549,Pittman Paul A,14566,2023-09-27,2023-10-10,2023-10-10,same-day,0,13,0.02797070302127958,0.03150045900601778,0.008194774069921555,0.003263118147224367,9,0.02797070302127958,0.03150045900601778,0.002789625087932941,13.131295784408167,8.0,,-5.881848069263239,2023Q3,1.1896244063074557,other,67
0001361570-25-000007,0001288847,0001361570,PICTET ASSET MANAGEMENT SA,14596,2025-04-15,2025-04-15,2025-04-15,same-day,1,0,0.0,0.0010462562529198177,-0.13756496070578572,-0.00903152339555031,0,0.0,0.0010462562529198177,0.000469562456882716,14.470903003899135,0.0,7.3,-7.663709239659276,2025Q2,1.5766800632642948,activist_hf,73
0000921895-22-000769,0001593538,0001406888,Sherborne Investors LP,14601,2022-02-23,2022-03-04,2022-03-04,same-day,0,9,-0.05517740700394449,-0.02092837223820874,-0.08289134954180916,-0.06170247381473866,7,-0.05517740700394449,-0.02092837223820874,0.00047567238344941123,14.833382409769106,7.0,6.8,-7.650781210763695,2022Q1,1.3307093000180465,activist_hf,62
0000807249-22-000118,0001132105,0000807249,"GAMCO INVESTORS, INC. ET AL",14609,2022-09-16,2022-09-23,2022-09-23,same-day,0,7,-0.007128855931798731,0.10722668033065971,-0.012303628469373246,-0.007128855931798731,5,-0.007128855931798731,0.10722668033065971,0.004622303146668229,12.792550120483664,5.0,3.06,-5.3768621815117505,2022Q3,1.02083255675007,activist_hf,59
0001213900-24-024120,0001529113,0001389264,BRODY DAVID E,14610,2024-03-12,2024-03-19,2024-03-19,same-day,1,7,-0.8759533250528493,-0.10140180978220104,0.1456074528752032,-0.8759533250528493,5,-0.8759533250528493,-0.10140180978220104,0.08533631915599206,9.274906392735636,5.0,25.52,-2.4611551336735418,2024Q1,-0.23420180056912648,other,73
0000921895-22-001517,0001600422,0001915673,"Star Equity Fund, LP",14636,2022-04-27,2022-05-09,2022-05-09,same-day,0,12,0.05172299788739507,-0.07122548689167277,0.02491478928330324,0.031192414695512878,8,0.05172299788739507,-0.07122548689167277,0.2530696592203548,10.28753833526022,8.0,6.73,-1.3740904952649822,2022Q2,-1.0111853515959082,corporate,35
0001104659-25-046122,0001442236,0000899083,WYNNEFIELD PARTNERS SMALL CAP VALUE LP,14663,2025-05-07,2025-05-08,2025-05-08,same-day,1,1,0.023672126378636554,0.07120164791602898,0.012427734820188243,-0.0207903888753282,1,0.023672126378636554,0.07120164791602898,0.1491888378710979,10.78925618835019,1.0,13.3,-1.902542407207518,2025Q2,-0.4586431477167777,activist_hf,49
0001193125-25-307237,0001327318,0000350698,"AUTONATION, INC.",14677,2025-11-25,2025-12-03,2025-12-03,same-day,1,8,-0.023316893921600898,0.0039006920745854948,0.56514316583624,-0.023316893921600898,5,-0.023316893921600898,0.0039006920745854948,0.05007928548580457,12.179618807893098,5.0,6.0,-2.994147819748054,2025Q4,-0.20270923813623182,other,73
0001193125-22-071330,0001597672,0001511989,"Chatham Asset Management, LLC",14682,2022-03-10,2022-03-10,2022-03-10,same-day,0,0,0.0,0.055171163866243135,0.04886805498480697,-0.011091849502722455,0,0.0,0.055171163866243135,0.011486281303535883,12.895101984405525,0.0,,-4.466601885847777,2022Q1,-0.03618778701703832,activist_hf,26
0000921895-22-000790,0001428522,0001848809,Velan Capital Investment Management LP,14707,2022-02-23,2022-03-07,2022-03-07,same-day,0,12,0.24801852541714886,0.1361250811637268,0.24002192147449353,0.24662213512168946,8,0.24801852541714886,0.1361250811637268,0.0032080878896150306,12.705817402628139,8.0,2.9,-5.742080192340993,2022Q1,0.5113465707622801,activist_hf,28
0000807249-22-000071,0000007039,0000807249,"GAMCO INVESTORS, INC. ET AL",14761,2022-05-27,2022-06-06,2022-06-06,same-day,0,10,-0.0034346831587640306,-0.002297562399567318,0.18522220019035152,-0.0034346831587640306,5,-0.0034346831587640306,-0.002297562399567318,0.08492991686605122,12.336889174996426,5.0,3.11,-2.4659288700432684,2022Q2,-0.5886585696101239,activist_hf,29
0001373604-25-000079,0001501756,0001373604,"BML Investment Partners, L.P.",14790,2025-05-19,2025-05-20,2025-05-20,same-day,1,1,0.04878671859661119,0.12401798903683207,-0.5872548474312183,0.11408668655298396,1,0.04878671859661119,0.12401798903683207,0.05943722070302382,10.742326234749196,1.0,15.6,-2.822834637690322,2025Q2,-0.13351940246497268,activist_hf,28
0001193125-22-237943,0001606366,0001406857,"FS Capital Partners V, LLC",14812,2022-08-31,2022-09-02,2022-09-02,same-day,0,2,-0.0008313125196851429,-0.0661011377935005,-0.02713059897179471,-0.016691270351994206,2,-0.0008313125196851429,-0.0661011377935005,0.013541437485595869,12.772149118223822,2.0,15.0,-4.3020008512841725,2022Q3,0.6011915967813567,activist_hf,58
0000921895-25-000155,0001606366,0001334429,BIGLARI CAPITAL CORP.,14812,2025-01-23,2025-01-27,2025-01-27,same-day,1,4,0.027041283111279266,0.03210339834788114,-0.06579221890133566,0.048877798310884395,2,0.027041283111279266,0.03210339834788114,0.0061412253057153655,12.741594784317947,2.0,14.99,-5.092730995541344,2025Q1,0.4605790755150105,activist_hf,58
0001623632-25-001475,0001598646,0001056288,"FEDERATED HERMES, INC.",14822,2025-10-21,2025-10-28,2025-10-28,same-day,1,7,1.072847936894607,-0.10735170026545272,0.1667017348333289,1.072847936894607,5,1.072847936894607,-0.10735170026545272,1.9691594358226245,9.77294768084756,5.0,19.32,0.6776067693715517,2025Q4,-1.5593763732151045,other,28
0000950170-25-004311,0001597553,0000875045,BIOGEN INC.,14828,2025-01-10,2025-01-10,2025-01-10,same-day,1,0,0.0,0.3293831012812711,0.3241061532685182,0.24862694288354303,0,0.0,0.3293831012812711,0.006007921362049127,12.839272987027051,0.0,10.2,-5.1146764534792775,2025Q1,0.4686398846397619,other,28
0001085146-24-000221,0001606745,0001615717,Triad Investment Management,14872,2023-11-10,2024-01-11,2024-01-11,same-day,0,62,,,-0.38450864357499825,,41,,,0.2929991754339885,,40.0,,-1.227585484187499,2023Q4,-0.2862406700231256,activist_hf,73
0000921895-22-003273,0001493566,0001959908,Elk Capital Markets UK LTD,14874,2022-12-13,2022-12-27,2022-12-27,same-day,0,14,-0.323699095658579,-0.03365440302823966,1.0202062069584668,0.04854698762491541,9,-0.323699095658579,-0.03365440302823966,0.24784418374988965,8.85384255520665,9.0,8.3,-1.394955021605955,2022Q4,-0.49825568943895326,activist_hf,28
0001446114-23-000002,0000836147,0001446114,"Ancora Advisors, LLC",14932,2022-12-01,2023-01-05,2023-01-05,same-day,0,35,-0.042051138983235224,0.0008254722829067231,-0.04407179297264858,0.017775144439727865,23,-0.042051138983235224,0.0008254722829067231,0.08908912710430543,12.032535591761286,23.0,4.35,-2.41811798220638,2022Q4,-0.1410784622969363,activist_hf,60
0001213900-23-068201,0001566826,0001868194,Simmons Chia-Lin,14934,2023-08-07,2023-08-16,2023-08-16,same-day,0,9,-0.1595807931792983,-0.09125212371597734,-0.018322123949693805,-0.12372463908782938,7,-0.1595807931792983,-0.09125212371597734,0.20534472250373076,8.186116373311933,7.0,6.5,-1.583065138916001,2023Q3,-0.25243750547280097,other,38
0001104659-24-109979,0001566826,0002041834,Winvest Investment Fund Management Corp.,14934,2024-10-09,2024-10-18,2024-10-18,same-day,1,9,-0.19903760360740874,0.23881743619437676,0.10899311110138929,-0.12800780152584662,7,-0.19903760360740874,0.23881743619437676,1.2515734093593613,7.381744704378432,6.0,67.2,0.2244014872684018,2024Q4,-1.0458810211576512,activist_hf,38
0001104659-24-064358,0001604464,0002023734,Adiumentum Capital Fund I LP,14991,2024-05-15,2024-05-22,2024-05-22,same-day,1,7,0.1001689156205413,-0.05016735423130993,-0.31948942342178555,0.1001689156205413,5,0.1001689156205413,-0.05016735423130993,0.036942358443510445,11.093204980082252,5.0,6.7,-3.298396460999729,2024Q2,0.08965889957612279,activist_hf,28
0000950170-25-075903,0001604464,0002010692,Panacea Innovation Ltd,14991,2025-05-16,2025-05-21,2025-05-21,same-day,1,5,-0.08679599270022734,0.08467792228350393,0.11445091019696534,-0.046332661557957636,3,-0.08679599270022734,0.08467792228350393,0.10029180949299732,10.676749822765355,3.0,19.99,-2.2996712474383716,2025Q2,-0.31834421700036397,other,28
0001140361-22-041635,0001551693,0000923666,PESSIN NORMAN H,15016,2022-11-09,2022-11-15,2022-11-15,same-day,0,6,0.4537425555021325,0.18758815756248332,-0.5369708704160006,0.5771396761171004,4,0.4537425555021325,0.18758815756248332,0.11511674211173398,9.415848529845462,3.0,5.6,-2.1618085167362935,2022Q4,-0.23055385154786728,other,38
0001104659-23-043120,0001604738,0001608195,Eubanks Deric S,15028,2023-04-07,2023-04-07,2023-04-07,same-day,0,0,0.0,0.028803139340996334,-0.038857170118508755,-0.022060480950323307,0,0.0,0.028803139340996334,0.6059902067811765,10.616396918398015,0.0,6.7,-0.5008914534705051,2023Q2,-0.5917332238672859,other,87
0001193805-23-001570,0001444380,0001559771,Engaged Capital LLC,15046,2023-12-04,2023-12-11,2023-12-11,same-day,0,7,0.08257375278429711,0.05510782921502795,0.07882196127137239,0.08257375278429711,5,0.08257375278429711,0.05510782921502795,0.002335422400736658,13.308212704293624,5.0,6.0,-6.059562504548563,2023Q4,1.3705810995578451,activist_hf,38
0000807249-25-000053,0001444380,0000807249,"GAMCO INVESTORS, INC. ET AL",15046,2025-03-20,2025-03-27,2025-03-27,same-day,1,7,0.007390314893782661,0.09317694861329501,0.3679107936250118,0.007390314893782661,5,0.007390314893782661,0.09317694861329501,0.01148424945828835,12.299402684330486,5.0,3.5,-4.466778794711913,2025Q1,0.23065991746534031,activist_hf,38
0001140361-25-019908,0001605607,0002068600,Saray Capital (DIFC) Ltd,15048,2025-05-13,2025-05-20,2025-05-20,same-day,1,7,0.16700139627485625,0.21125754484378623,0.1133625926881703,0.16700139627485625,5,0.16700139627485625,0.21125754484378623,0.002746125521793046,13.858101546890884,5.0,5.14,-5.8975642619042805,2025Q2,0.9527307884517443,activist_hf,67
0000902664-22-001112,0001368514,0001727492,Caligan Partners LP,15056,2022-02-03,2022-02-04,2022-02-04,same-day,0,1,0.015263249131135241,0.09957608743729551,0.23711309478865356,0.06049789697828922,1,0.015263249131135241,0.09957608743729551,0.01315325413357981,12.507004007223724,1.0,5.6,-4.331086088342547,2022Q1,-0.09436169305545765,activist_hf,28
0001753926-22-001198,0001266806,0001940008,Mendelsohn Adam,15062,2022-08-30,2022-09-01,2022-09-02,next-day,0,2,-0.07716399310653023,-0.25727461835601695,-0.42064806530751286,-0.28988794381346317,3,-0.032613325457446204,-0.14137556618015215,0.08726259634327807,10.982734878119103,3.0,7.51,-2.4388333576234498,2022Q3,-0.12621516131342508,other,38
0001904067-24-000003,0001413837,0001904067,STRATEGIC VALUE BANK PARTNERS LLC,15064,2024-10-02,2024-10-08,2024-10-08,same-day,1,6,0.161447125831491,-0.0033070574326476334,0.0745910046001481,0.11966242870445307,4,0.161447125831491,-0.0033070574326476334,0.008076915217658352,12.94478297953291,4.0,8.2,-4.8187452593384466,2024Q4,0.4779295202770854,other,60
0001999371-25-016764,0001413837,0001074034,CANYON CAPITAL ADVISORS LLC,15064,2025-10-27,2025-11-03,2025-11-03,same-day,1,7,-0.02459437105894139,-0.0052789976440945335,-0.11115760587199723,-0.02459437105894139,5,-0.02459437105894139,-0.0052789976440945335,0.0047615559682157495,13.012949859417658,5.0,9.9,-5.34718078007483,2025Q4,0.6667068428001892,activist_hf,60
0000921895-23-001902,0001612630,0001399386,Bandera Partners LLC,15072,2023-08-11,2023-08-11,2023-08-11,same-day,0,0,0.0,-0.1481480076463449,-0.02719585031390081,-0.1358939631795554,0,0.0,-0.1481480076463449,0.020237823416321236,12.186084200971036,0.0,23.6,-3.900201979064881,2023Q3,0.5248650091465283,activist_hf,67
0001213900-22-051125,0001505155,0001943841,"ULYSSES AGGREGATOR, LP",15087,2022-08-23,2022-08-25,2022-08-25,same-day,0,2,-0.015428458214223416,0.03571697472648034,-0.29531785231046004,0.014465892094271387,2,-0.015428458214223416,0.03571697472648034,0.008435234942813041,12.764386586430355,2.0,17.86,-4.775337710045126,2022Q3,0.7859889545549088,activist_hf,73
0001628280-22-030420,0001358403,0001358403,"BELLICUM PHARMACEUTICALS, INC",15125,2022-09-30,2022-11-18,2022-11-18,same-day,0,49,-0.19512106834769594,-0.005699435339223298,-0.10133068402427511,0.025696869840058766,35,-0.19512106834769594,-0.005699435339223298,1.7113076070225444,9.200789911164332,33.0,7.4,0.5372577607632144,2022Q3,-1.2881229337418152,corporate,28
0000950170-25-111487,0002074176,0001539838,"Diamondback Energy, Inc.",15139,2025-08-19,2025-08-26,2025-08-26,same-day,1,7,0.06882862262778791,0.012062256462649284,0.07697826015555263,0.06882862262778791,5,0.06882862262778791,0.012062256462649284,0.0003357600701216002,15.43890865992264,5.0,47.8,-7.999113730094547,2025Q3,1.507080073302921,other,13
0000902664-24-004741,0001616318,0001312908,"Gates Capital Management, Inc.",15168,2024-07-17,2024-07-17,2024-07-17,same-day,1,0,0.0,0.01033263181374939,0.06336891692272612,0.02343980084895955,0,0.0,0.01033263181374939,0.0007059652554334988,14.607341421662067,0.0,9.6,-7.255944534949044,2024Q3,1.195582436560021,activist_hf,34
0002015487-24-000002,0001506928,0002015487,"Zylox-Tonbridge Medical Technology Co., Ltd.",15172,2024-03-05,2024-03-14,2024-03-14,same-day,1,9,-0.19128063216621616,-0.03482425608993257,0.6013344775428795,-0.061787200686895055,7,-0.19128063216621616,-0.03482425608993257,0.8801404671660941,8.691956254632313,7.0,19.9,-0.12767376246843332,2024Q1,-1.028546877149433,other,38
0000950170-23-063032,0001622194,0001633633,Ibe Michael P.,15194,2023-11-01,2023-11-13,2023-11-13,same-day,0,12,0.017637637422459815,0.06230459517393346,-0.0790950985049054,0.05563127350535067,8,0.017637637422459815,0.06230459517393346,0.0012413898519658035,13.798096123065115,7.0,6.4,-6.691523678687215,2023Q4,1.5872723268610394,activist_hf,67
0001140361-24-030569,0001614806,0001556593,Rithm Capital Corp.,15196,2024-06-11,2024-06-18,2024-06-18,same-day,1,7,0.07690643814227129,0.026849284523932468,0.023272798839214313,0.07690643814227129,5,0.07690643814227129,0.026849284523932468,0.0583003102657199,11.727173972420037,5.0,6.3,-2.8421478637578637,2024Q2,-0.0785775262931229,activist_hf,67
0001013762-24-002223,0001304492,0001796409,Heard Capital LLC,15226,2024-05-28,2024-07-29,2024-07-29,same-day,1,62,0.24511121640491007,0.010295194651248986,-0.004018819565657826,0.04444364003860801,42,0.24511121640491007,0.010295194651248986,0.0045332000680683975,13.325230863608361,42.0,9.4,-5.3963271720899515,2024Q2,0.8632467345608297,activist_hf,48
0000902664-25-003448,0002020795,0001791786,Elliott Investment Management L.P.,15279,2025-08-01,2025-08-08,2025-08-08,same-day,1,7,-0.21378803531822307,-0.0666937664200239,0.34376543368886486,-0.21378803531822307,5,-0.21378803531822307,-0.0666937664200239,0.0022855112988263036,14.171724915849532,5.0,27.9,-6.081165516504716,2025Q3,0.8327627248090627,activist_hf,48
0000908834-23-000097,0001435049,0001175707,"Farallon Capital Partners, L.P.",15282,2023-08-02,2023-08-11,2023-08-11,same-day,0,9,0.0017714596094651602,-0.02735941314121751,-0.13551646041300275,0.0010866808540380803,7,0.0017714596094651602,-0.02735941314121751,0.0011355303143375931,14.774944135977869,7.0,9.9,-6.780655499868286,2023Q3,1.4911367140237977,activist_hf,28
0001214659-22-009648,0001169987,0000896493,"BitNile Holdings, Inc.",15374,2022-07-26,2022-08-05,2022-08-05,same-day,0,10,0.3205565999550849,0.17020666395407846,1.1877280197386628,0.14515349424782495,8,0.3205565999550849,0.17020666395407846,0.2243391259044074,9.492326251883084,8.0,9.96,-1.4945964170710928,2022Q3,-0.49485852490658444,corporate,38
0002034863-24-000003,0001293818,0002033707,Tan Honjian,15381,2024-08-08,2024-10-24,2024-10-24,same-day,1,77,0.023715633423893545,,0.09951564887776855,-0.05964900118804137,54,0.023715633423893545,,0.7974521663103723,8.215076776607734,53.0,73.0,-0.22633342567010495,2024Q3,-0.644985341802432,other,80
0001104659-25-102037,0001454789,0001352851,Magnetar Financial LLC,15416,2025-10-17,2025-10-24,2025-10-24,same-day,1,7,0.005600146442533368,-0.009035584903367816,0.17464139500472553,0.005600146442533368,5,0.005600146442533368,-0.009035584903367816,0.01637671531208351,13.058304421257084,5.0,5.87,-4.1118947510639545,2025Q4,0.21028419327257625,activist_hf,28
0000921895-23-001309,0001583648,0000918923,BIOTECHNOLOGY VALUE FUND L P,15433,2023-05-11,2023-05-22,2023-05-22,same-day,0,11,-0.024237587538454182,0.10242789942477384,-0.12740521677921163,-0.044541405412989954,7,-0.024237587538454182,0.10242789942477384,0.17890184609495444,11.067288619628707,7.0,22.0,-1.7209179693761867,2023Q2,-0.19756632315116335,activist_hf,28
0001437749-24-038167,0001583648,0001918142,Kaupinen Wes,15433,2024-12-13,2024-12-20,2024-12-20,same-day,1,7,-0.3461418774024494,0.025513521285685715,-0.05386226065812642,-0.3461418774024494,5,-0.3461418774024494,0.025513521285685715,0.14881263909785672,9.97839092256279,5.0,14.6,-1.9050672200165897,2024Q4,-0.40245202199169916,other,28
0001213900-25-109497,0001460702,0001805521,FARADAY FUTURE INTELLIGENT ELECTRIC INC.,15436,2025-11-06,2025-11-12,2025-11-12,same-day,1,6,-0.02164542537239387,-0.06240576408458094,-0.39141502158102354,-0.014924080036915427,4,-0.02164542537239387,-0.06240576408458094,0.29959820525599723,9.072508316171394,3.0,8.0,-1.2053130178243145,2025Q4,-0.8636611963762189,other,61
0000950142-23-002467,0001526113,0001907225,"Bellevue Capital Partners, LLC",15455,2023-09-12,2023-09-22,2023-09-22,same-day,0,10,-0.04292498463354099,-0.06547519216414102,0.09620018771813489,-0.034991930538145935,8,-0.04292498463354099,-0.06547519216414102,0.0014504161300228455,13.946877815536903,8.0,15.1,-6.53590477749967,2023Q3,1.40903308136143,activist_hf,67
0001104659-24-062918,0001634117,0001741129,"Greenhaven Road Investment Management, L.P.",15489,2024-03-29,2024-05-17,2024-05-17,same-day,1,49,6.429360265599268,1.1512583386657216,-0.36877953180820683,0.016076169823140554,34,6.429360265599268,1.1512583386657216,0.08441057962793422,10.348142924616054,35.0,9.9,-2.4720625341941362,2024Q1,-0.23048879046810772,activist_hf,59
0001839882-24-000053,0001635282,0001991003,"127 Capital, LLC/TX",15525,2024-01-02,2024-01-02,2024-01-02,same-day,0,0,0.0,0.04135644486991456,-0.023426909312508112,0.04778057200049868,0,0.0,0.04135644486991456,0.027797546027081264,12.597701100474634,0.0,7.7,-3.5828075345889325,2024Q1,0.14762214424406114,activist_hf,73
0001815572-25-000007,0000008146,0001815572,ASKELADDEN CAPITAL MANAGEMENT LLC,15537,2025-03-17,2025-03-17,2025-03-17,same-day,1,0,0.0,-0.024286804015586992,0.008363911559813999,-0.09025207149113168,0,0.0,-0.024286804015586992,0.25890750418291425,11.250497798492873,0.0,9.2,-1.351284407774423,2025Q1,-0.9136955866833423,activist_hf,35
0001104659-23-060964,0001778784,0001113303,STILWELL JOSEPH,15539,2023-05-05,2023-05-15,2023-05-15,same-day,0,10,0.34384946160581253,-0.05495766099904567,0.0159452949297008,0.3441099974381011,6,0.34384946160581253,-0.05495766099904567,0.02479217472506306,11.70230555162603,6.0,,-3.6972272108826467,2023Q2,0.44094085552515255,activist_hf,60
0001213900-22-005076,0001464790,0001628353,"DJ Fund Investments, LLC - Series E",15540,2022-01-26,2022-02-02,2022-02-02,same-day,0,7,0.008241411513726359,-0.013164056132488555,-0.12616511495716698,0.008241411513726359,5,0.008241411513726359,-0.013164056132488555,0.0014582545972215068,14.384127994930479,5.0,9.14,-6.530515039774889,2022Q1,0.8498040463954406,other,62
0001213900-23-009764,0001464790,0001628353,"DJ Fund Investments, LLC - Series E",15540,2023-02-09,2023-02-09,2023-02-09,same-day,0,0,0.0,-0.04415784437944281,0.21948311175385318,0.12700269614043336,0,0.0,-0.04415784437944281,0.00235700286361441,14.04790440902843,0.0,8.65,-6.050364440088529,2023Q1,1.4005484540542232,other,62
0001104659-22-070134,0001641489,0001931913,G42 Investments AI Holdings RSC Ltd.,15542,2022-05-31,2022-06-10,2022-06-10,same-day,0,10,0.5037489754822924,0.190469591699247,-0.16089822766533085,0.3268680952453142,8,0.5037489754822924,0.190469591699247,0.3999967613608867,10.418449609454516,8.0,13.4,-0.916298828504716,2022Q2,-1.188344576115199,activist_hf,28
0001104659-24-031033,0001641489,0001263508,BAKER BROS. ADVISORS LP,15542,2024-02-27,2024-03-05,2024-03-05,same-day,1,7,0.8668246942561029,-0.08320765069958293,0.1465442061727497,0.8668246942561029,5,0.8668246942561029,-0.08320765069958293,0.5014334222694972,9.801238856807245,5.0,4.99,-0.6902844375825998,2024Q1,-0.8370274481438099,other,28
0000899140-24-000506,0001808898,0001569064,"SUVRETTA CAPITAL MANAGEMENT, LLC",15631,2024-04-22,2024-04-29,2024-04-29,same-day,1,7,-0.04517375238724644,0.19470006143233756,-0.11837347253491494,-0.04517375238724644,5,-0.04517375238724644,0.19470006143233756,2.492505430872766,9.474664253600709,5.0,19.99,0.9132884017372462,2024Q2,-1.4633514822154818,activist_hf,28
0001140361-23-041175,0001621443,0001802665,"Harmony Biosciences Holdings, Inc.",15646,2023-08-14,2023-08-24,2023-08-24,same-day,0,10,2.983503610301219,0.02107554757276863,0.1346804468558248,3.0088002860568874,8,2.983503610301219,0.02107554757276863,0.6117804448663626,9.835159460034655,8.0,13.13,-0.491381811054427,2023Q3,-0.618651611265654,other,28
0000707388-22-000047,0001589061,0000707388,"STAR EQUITY HOLDINGS, INC.",15653,2022-07-26,2022-08-01,2022-08-01,same-day,0,6,-0.10971053344398446,0.025374496278794838,-0.034258567178984956,-0.044456004715081765,4,-0.10971053344398446,0.025374496278794838,95.07354423509646,9.807756634233773,4.0,5.04,4.554650741944234,2022Q3,-2.856569578703384,other,65
0001104659-23-089712,0001499717,0001989270,"Rscube Investment, LLC",15662,2023-07-31,2023-08-10,2023-08-10,same-day,0,10,0.35628371068772124,0.07093653137612788,0.1871719101557066,0.2612029899106271,8,0.35628371068772124,0.07093653137612788,1.3441632528699115,8.168049813892852,8.0,7.5,0.29577170263348895,2023Q3,-0.8827086988659465,activist_hf,73
0001104659-25-122662,0001641614,0002101417,Tricor Pacific Capital Inc.,15793,2025-12-04,2025-12-18,2025-12-18,same-day,1,14,0.22247744448494575,-0.041205072017534684,-0.036629156542784494,0.27535437822034814,10,0.22247744448494575,-0.041205072017534684,0.0394741110102486,11.943745600370036,10.0,19.1,-3.2321102394170422,2025Q4,-0.11478511730707522,activist_hf,27
0000892712-25-000050,0001649744,0001649740,PUGLIESE STEPHANIE L.,15837,2025-03-31,2025-04-07,2025-04-07,same-day,1,7,0.09988603901332802,0.003001410348420698,-0.29372461598993393,0.09988603901332802,5,0.09988603901332802,0.003001410348420698,0.20989307602615118,11.01872881031966,5.0,5.9,-1.5611570397117762,2025Q1,-0.8366070505798427,other,56
0001140361-25-025432,0001227500,0002076595,Fergeson Capital LLC,15838,2025-07-02,2025-07-10,2025-07-10,same-day,1,8,0.030186961719449255,-0.013897850914262308,-0.006347786259939238,0.030186961719449255,5,0.030186961719449255,-0.013897850914262308,0.005515356454701615,13.480230040963072,5.0,9.88,-5.20021899469324,2025Q3,0.5230371970061307,activist_hf,60
0001437749-23-003350,0001408534,0001409022,Smith Edgar R. III,15840,2022-12-31,2023-02-14,2023-02-14,same-day,0,45,-0.12450089282667201,-0.0376792574369883,0.01067223113056371,-0.0037399291475357158,29,-0.12450089282667201,-0.0376792574369883,0.09821576834846991,12.453046506050715,29.0,9.9,-2.3205885026989725,2022Q4,-0.17512514928276837,other,60
0000897069-22-000530,0001640384,0001653727,Rodgers Bruce M.,15902,2022-08-28,2022-09-08,2022-09-08,same-day,0,11,0.03104082730307836,0.0164743250844709,0.39486261371940684,0.06274915871950293,7,0.03104082730307836,0.0164743250844709,0.48794388917038894,9.610784898027475,7.0,5.07,-0.7175548609480551,2022Q3,-0.7982264621250668,other,61
0000921895-23-002320,0001640384,0001891755,MINT CAPITAL ADVISORS LTD,15902,2023-10-02,2023-10-06,2023-10-06,same-day,0,4,-0.026460413181866996,-0.14649874838876392,-0.11348774372747153,-0.07557870716813256,4,-0.026460413181866996,-0.14649874838876392,1.1596355207377271,8.89056339074826,4.0,13.3,0.14810574948456362,2023Q4,-0.7579472146869616,activist_hf,61
0000921895-25-003173,0001640384,0000896493,"Hyperscale Data, Inc.",15902,2025-11-14,2025-11-21,2025-11-21,same-day,1,7,-0.20332716953120358,0.03695691148178193,0.0544360597171297,-0.20332716953120358,5,-0.20332716953120358,0.03695691148178193,0.0808766339602794,9.609843744200026,5.0,7.3,-2.5148303228377493,2025Q4,-0.3798110240925746,corporate,61
0002097390-25-000004,0001425287,0002097390,"Motive GM Holdings II, LLC",15914,2025-12-15,2025-12-16,2025-12-16,same-day,1,1,-0.0838342972108347,-0.1679047202779782,-0.379818698854119,-0.18641156673386713,1,-0.0838342972108347,-0.1679047202779782,0.02917109841632451,9.648195222885999,1.0,62.8,-3.5345768401267024,2025Q4,-0.0030275129568861398,activist_hf,37
0001696663-23-000002,0001434728,0001696663,Cohn Andrew M.,16008,2023-06-08,2023-06-16,2023-06-16,same-day,0,8,0.029501239822299657,0.00605479995207461,0.11606327245044487,0.016195339904778668,6,0.029501239822299657,0.00605479995207461,0.053560236817770904,12.576101335001603,6.0,8.93,-2.9269483366272877,2023Q2,0.19207869343767625,other,49
0001696663-25-000001,0001434728,0001696663,Cohn Andrew M.,16008,2025-03-27,2025-04-01,2025-04-01,same-day,1,5,0.04427565868861298,-0.019215906397491846,0.09459790350701269,0.024651219991929443,3,0.04427565868861298,-0.019215906397491846,0.03570189546710181,12.504825880864201,3.0,8.7,-3.3325514972894195,2025Q1,-0.18595429830829183,other,49
0001104659-22-099239,0001658566,0001944739,"Luxe Energy, LLC",16021,2022-09-01,2022-09-12,2022-09-12,same-day,0,11,-0.07229806541949062,0.015297477763332876,0.16528843539761678,-0.07375827559360065,6,-0.07229806541949062,0.015297477763332876,0.0005921941421279447,14.686299369863464,6.0,,-7.431676034058059,2022Q3,1.8230607450662069,activist_hf,13
0000902664-22-002457,0001653477,0001817187,"INCLUSIVE CAPITAL PARTNERS, L.P.",16044,2022-03-28,2022-04-07,2022-04-07,same-day,0,10,-0.03114471431836096,0.029866514385310808,0.009519530796473144,-9.327494595883813e-05,8,-0.03114471431836096,0.029866514385310808,0.0011431378723830191,14.736430558222091,8.0,5.4,-6.773978278186629,2022Q1,0.9543173785376006,activist_hf,28
0000947871-22-000750,0001649989,0001804598,GMS Ventures & Investments,16104,2022-07-05,2022-07-07,2022-07-07,same-day,0,2,0.08773015401713152,0.10444198382076628,-0.19955150100181285,0.099380616037146,2,0.08773015401713152,0.10444198382076628,0.03586172087404569,12.36725874720743,2.0,25.1,-3.328084823277103,2022Q3,0.2209611005970063,activist_hf,28
0000897069-24-002046,0001498382,0001198554,Bianco James A.,16164,2024-10-18,2024-10-25,2024-10-25,same-day,1,7,-0.5013083009283683,0.017437112365937604,-0.14186799496089336,-0.5013083009283683,5,-0.5013083009283683,0.017437112365937604,0.12824470066020935,9.199939469630923,5.0,6.4,-2.0538151161732,2024Q4,-0.35750714460295624,other,28
0001013594-22-000547,0001653247,0001316580,"Luxor Capital Group, LP",16173,2022-07-22,2022-08-02,2022-08-03,next-day,0,11,0.1440818942334096,0.3361051832088184,1.056845429222426,0.18455609947823937,8,0.1336941232394541,-0.0021665587325495755,0.08528819083453905,10.610735843473186,8.0,16.3,-2.4617192768055234,2022Q3,-0.11728017702731411,activist_hf,73
0001085146-24-002696,0001114995,0002003074,SYLEBRA CAPITAL LLC,16182,2024-06-06,2024-06-10,2024-06-10,same-day,1,4,-0.1016331033995203,-0.11763772398224345,0.12068814428510607,-0.1287360590286969,2,-0.1016331033995203,-0.11763772398224345,0.0004991235129946635,15.327509101679237,2.0,11.54,-7.602656971809642,2024Q2,1.676805487480957,activist_hf,36
0001140361-23-059202,0001455684,0001403528,"Oaktree Capital Group, LLC",16188,2023-12-14,2023-12-22,2023-12-22,same-day,0,8,0.6753164016898057,0.24802024714899878,0.047478249807737245,0.6604455448928617,6,0.6753164016898057,0.24802024714899878,0.014613773271236818,11.469858765483789,6.0,9.9,-4.225790820223895,2023Q4,0.7418047551696749,activist_hf,35
0000921895-22-001859,0001651561,0001524362,"Indaba Capital Management, L.P.",16308,2022-06-01,2022-06-01,2022-06-01,same-day,0,0,0.0,-0.1855410202646861,0.20627235686427137,0.08839354921963014,0,0.0,-0.1855410202646861,0.02185521224917095,11.341754389847383,0.0,19.99,-3.823315839015507,2022Q2,-0.06336804936646426,activist_hf,73
0001493152-22-024133,0001300734,0001513689,Huang Shanchun,16310,2022-07-26,2022-08-26,2022-08-26,same-day,0,31,0.036811236830648464,-0.040021859619645744,0.39425793398341896,-0.1812694442908425,23,0.036811236830648464,-0.040021859619645744,3.0551253333043284,9.352985111617238,23.0,15.18,1.1168206174135618,2022Q3,-1.5143924130573168,other,01
0001140361-25-018202,0001649749,0001703295,Ayers J. Jonathan,16319,2025-04-29,2025-05-09,2025-05-09,same-day,1,10,0.029504830612363704,0.00014764661786157568,-0.05253960895524659,0.016584164863571813,8,0.029504830612363704,0.00014764661786157568,0.0017643792922656218,14.486791280593954,8.0,23.83,-6.339956326219489,2025Q2,1.1090204539033157,other,60
0001437749-25-019912,0001604191,0002072056,Ali Arif Nasir,16377,2025-06-02,2025-06-09,2025-06-09,same-day,1,7,0.15214535118328626,0.16187494928546492,-0.13391034576919625,0.15214535118328626,5,0.15214535118328626,0.16187494928546492,1.7247025716963977,7.539888386899518,5.0,5.3,0.545054613411919,2025Q2,-1.3233379520980695,other,49
0000897069-23-000114,0001427570,0000897069,FOLEY & LARDNER/ FA,16393,2023-02-06,2023-02-15,2023-02-15,same-day,0,9,-1.0714573462041095,0.024633878939063977,0.8805150199141543,-0.8723392062275217,7,-1.0714573462041095,0.024633878939063977,0.8976897955428454,8.231525089563513,7.0,27.7,-0.10793070961968781,2023Q1,-0.8323686883706553,other,28
0001753926-25-000051,0001427570,0001532798,Dominion Capital LLC,16393,2024-12-27,2025-01-07,2025-01-07,same-day,1,11,0.04055268070359447,0.013107261452122555,-0.08667852177778206,0.004789643032683668,6,0.04055268070359447,0.013107261452122555,0.22003454298853567,8.04653014480265,6.0,9.9,-1.5139707313708652,2024Q4,-0.5206236680016909,activist_hf,28
0001104659-24-109740,0001679273,0000929607,CONTINENTAL GRAIN CO,16431,2024-10-11,2024-10-18,2024-10-18,same-day,1,7,0.00243081886179302,0.11913646685564501,0.17028433137487672,0.00243081886179302,5,0.00243081886179302,0.11913646685564501,7.530745881248799e-05,16.107211467550556,4.0,1.0,-9.493931373449296,2024Q4,1.8905590236015093,corporate,20
0000897101-25-000218,0001533924,0002014854,Stoney Lonesome HF LP,16442,2025-04-15,2025-04-16,2025-04-16,same-day,1,1,0.05651825090596473,0.1354880097485201,-0.29148140400363,0.09870973743939754,1,0.05651825090596473,0.1354880097485201,0.012450489516923763,11.662715565561662,1.0,7.0,-4.385995338215963,2025Q2,0.4187189459112911,activist_hf,13
0001213900-23-049318,0001534525,0001951493,"CLS Therapeutics, LLC",16473,2023-06-14,2023-06-15,2023-06-15,same-day,0,1,-0.08082264086122692,-0.017250469170466395,-0.1241934445332669,-0.05151987169515436,1,-0.08082264086122692,-0.017250469170466395,3.1244804627761056,8.498519926150616,1.0,9.7,1.1392680174553376,2023Q2,-1.1216369324396447,activist_hf,28
0001104659-23-059474,0000077159,0001352851,Magnetar Financial LLC,16529,2023-05-12,2023-05-12,2023-05-12,same-day,0,0,0.0,0.0013517741108455958,-0.06547459416828143,-0.004295768052202626,0,0.0,0.0013517741108455958,0.0015581809730903706,13.532001871476558,0.0,,-6.464236180968426,2023Q2,1.3349077781889376,activist_hf,13
0002085726-25-000004,0001509745,0002085726,"Winklevoss Capital Fund, LLC",16542,2025-10-08,2025-10-16,2025-10-16,same-day,1,8,0.04803580031847711,-0.10375857389934459,1.0469030996745785,0.046943297117229346,6,0.04803580031847711,-0.10375857389934459,0.23183991723379402,10.317291132093665,5.0,19.9,-1.4617081574069213,2025Q4,-0.7689264173971352,activist_hf,28
0000943374-22-000234,0001594555,0001741443,Marino Robert Joseph,16569,2022-06-15,2022-06-21,2022-06-21,same-day,0,6,-0.044196890849267104,-0.05732082336337781,-0.046991866571442505,-0.08684561915131832,3,-0.044196890849267104,-0.05732082336337781,22.826769479921314,10.714906982401276,3.0,5.29,3.1279339472405714,2022Q2,-2.7534083253025172,other,60
0001214659-23-003818,0001640455,0001191935,TANG CAPITAL PARTNERS LP,16570,2023-03-14,2023-03-14,2023-03-14,same-day,0,0,0.0,0.5872094720659679,0.0648840179968658,0.5942380752994096,0,0.0,0.5872094720659679,0.08892798593862461,10.92466248664888,0.0,10.2,-2.419928383542956,2023Q1,0.036382983672375406,activist_hf,28
0001140361-23-032776,0001687187,0001503466,"Yorktown Energy Partners IX, L.P.",16592,2023-06-21,2023-07-03,2023-07-03,same-day,0,12,0.13034172694544552,0.027887733549787665,-0.12037271013393991,0.1147956282368231,8,0.13034172694544552,0.027887733549787665,0.007093311551400486,12.880596890683757,8.0,11.99,-4.9486029739427275,2023Q2,0.8452360898713521,activist_hf,12
0001398344-25-000246,0001582554,0002024448,111 Equity Group,16613,2025-01-02,2025-01-06,2025-01-06,same-day,1,4,0.2356353848454515,0.5713032653699568,0.36423774842580714,0.44689860084696176,2,0.2356353848454515,0.5713032653699568,0.6054879336329692,7.876665026087503,2.0,5.17,-0.5017206441264985,2025Q1,-1.2257497419185381,other,28
0000921895-24-002101,0001683695,0001730145,"Voss Capital, LP",16630,2024-08-30,2024-09-05,2024-09-05,same-day,1,6,0.03443234870446606,0.02173998992826201,-0.10146166213474644,0.061456406470620714,3,0.03443234870446606,0.02173998992826201,0.003042027391197754,13.265877575602234,3.0,5.6,-5.795231080847063,2024Q3,0.8131228559024497,activist_hf,73
0001193805-22-000143,0001682745,0001279150,SCOPIA CAPITAL MANAGEMENT LP,16631,2022-01-27,2022-02-03,2022-02-03,same-day,0,7,-0.013603280327343316,0.01261356404189123,0.1157465375153148,-0.013603280327343316,5,-0.013603280327343316,0.01261356404189123,0.0013720515805395528,14.657463328777748,5.0,5.0,-6.591448155239677,2022Q1,0.875961272334652,activist_hf,47
0001104659-22-049068,0001403752,0001925178,All Blue Falcons FZE,16668,2022-04-12,2022-04-22,2022-04-22,same-day,0,10,-0.11686964821228252,0.0362978449336719,0.2899035135523364,-0.0737355527791002,7,-0.11686964821228252,0.0362978449336719,0.005019542177994683,13.004856503611748,8.0,5.92,-5.294416549040089,2022Q2,0.5059281608990066,other,28
0000935836-24-000244,0001937653,0001587114,"EcoR1 Capital, LLC",16668,2024-02-22,2024-02-22,2024-02-22,same-day,1,0,0.0,-0.03748338012631986,0.011352125315523182,0.0016212441193982213,0,0.0,-0.03748338012631986,0.005724199015542051,13.644478221449498,0.0,19.99,-5.16305264927913,2024Q1,0.6855565550921628,activist_hf,28
0000935836-25-000439,0001937653,0001587114,"EcoR1 Capital, LLC",16668,2025-06-26,2025-06-27,2025-06-27,same-day,1,1,-0.03481652029237073,-0.028214837014325672,0.10791916667657366,-0.005009557881185414,1,-0.03481652029237073,-0.028214837014325672,0.004105585410444967,13.675839027501835,1.0,30.7,-5.495406937123665,2025Q2,0.8106553788348168,activist_hf,28
0000905148-22-000294,0001692787,0001904934,ISQ Global Fund II GP LLC,16673,2022-02-22,2022-03-04,2022-03-04,same-day,0,10,0.12071817839585403,-0.021203467958744913,0.08402813150025679,0.02877333780256219,8,0.12071817839585403,-0.021203467958744913,0.00514197544679453,14.01569364365501,8.0,44.6,-5.270317945180075,2022Q1,0.30882957168139025,activist_hf,49
0001214659-22-010464,0001236275,0000896493,"BitNile Holdings, Inc.",16680,2022-08-10,2022-08-22,2022-08-22,same-day,0,12,-0.1058391217843956,0.13557618222723783,0.03504254128341639,-0.18149405867471705,8,-0.1058391217843956,0.13557618222723783,0.7294058531697087,9.615613461649987,8.0,9.6,-0.3155249760034661,2022Q3,-0.9551845757996359,corporate,50
0001140361-23-057505,0001236275,0002003870,"Jacobs Private Equity II, LLC",16680,2023-12-03,2023-12-13,2023-12-13,same-day,0,10,2.2023034504951147,-0.24181931602969542,0.08892353206769116,2.1060049025053047,7,2.2023034504951147,-0.24181931602969542,1.0999874813825599,9.88353379382017,7.0,38.2,0.09529879917825657,2023Q4,-0.7398404015783736,activist_hf,50
0001140361-25-017533,0001236275,0002059583,Affinity Partners GP LP,16680,2025-04-29,2025-05-06,2025-05-06,same-day,1,7,0.01041253050456933,-0.06302363124536851,-0.022877935182286945,0.01041253050456933,5,0.01041253050456933,-0.06302363124536851,0.0008530670550098179,15.445044740851692,5.0,6.3,-7.066672402765289,2025Q2,1.3657570042242009,activist_hf,50
0000921895-22-002146,0001419041,0001752618,"Funicular Fund, LP",16681,2022-06-24,2022-07-05,2022-07-05,same-day,0,11,0.0769833957709588,-0.00698836493310071,0.19164879691315007,0.07833462687702016,6,0.0769833957709588,-0.00698836493310071,0.1913284005070269,9.74816385165527,6.0,7.5,-1.6537639529851833,2022Q2,-0.9029554809235664,activist_hf,28
0000921895-23-002063,0001419041,0001516478,"Camac Fund, LP",16681,2023-08-16,2023-08-23,2023-08-23,same-day,0,7,0.01571550546923688,-0.004824092031575246,-0.160860633362546,0.01571550546923688,5,0.01571550546923688,-0.004824092031575246,0.5449486646411781,10.366573560113865,5.0,4.3,-0.6070636820743015,2023Q3,-0.57984518098429,activist_hf,28
0001104659-24-066724,0001701051,0002007877,LB Partners LLC,16697,2024-05-30,2024-05-30,2024-05-30,same-day,1,0,0.0,0.06631053448706206,0.2964114698203729,0.09545127589205969,0,0.0,0.06631053448706206,0.01481664812450987,12.881732052451639,0.0,7.9,-4.21200385713027,2024Q2,0.42654112541062816,activist_hf,48
0000807249-25-000127,0001701051,0000807249,"GAMCO INVESTORS, INC. ET AL",16697,2025-09-15,2025-09-22,2025-09-22,same-day,1,7,-0.014874127920738181,-0.013737788029828571,0.46066411637923904,-0.014874127920738181,5,-0.014874127920738181,-0.013737788029828571,0.010376667746407425,12.994506914718754,5.0,2.3,-4.5681954791420525,2025Q3,0.3008286836727323,activist_hf,48
0000950170-24-139216,0001616533,0001015650,SK TELECOM CO LTD,16710,2024-12-13,2024-12-20,2024-12-20,same-day,1,7,0.03227257887548969,0.0007333608809178202,0.19666383560953574,0.03227257887548969,5,0.03227257887548969,0.0007333608809178202,0.0014454477126668306,13.875488438924213,5.0,10.3,-6.539336169651335,2024Q4,0.9978141673767592,corporate,36
0000950170-25-006748,0001690334,0001292966,Gellert John M,16737,2025-01-10,2025-01-17,2025-01-17,same-day,1,7,0.058047547190723886,-0.08323106448595219,0.21445897959928695,0.058047547190723886,5,0.058047547190723886,-0.08323106448595219,0.018182715632153488,12.167379633118362,5.0,5.1,-4.007283826682182,2025Q1,0.06188233982048761,other,44
0001140361-24-042124,0001574197,0001105838,ROBOTTI ROBERT,16746,2024-09-24,2024-09-27,2024-09-27,same-day,1,3,0.07083123933578285,0.16595591187074774,0.07331893185728647,0.2267740116408938,3,0.07083123933578285,0.16595591187074774,0.06263947149231956,12.358992167793884,3.0,9.7,-2.7703596645586894,2024Q3,0.021118749848699332,other,65
0001437749-23-017846,0001701114,0001863754,"FreshRealm, Inc.",16755,2023-06-09,2023-06-20,2023-06-20,same-day,0,11,0.3318198444769906,-0.06286708871155808,0.3122236678370612,0.3893015302703008,6,0.3318198444769906,-0.06286708871155808,0.0366039943101551,10.558980632164799,6.0,16.6,-3.307597910372272,2023Q2,0.3150591867186706,other,59
0000950170-25-109856,0001515816,0001677508,TSSP Sub-Fund HoldCo LLC,16768,2025-08-13,2025-08-18,2025-08-18,same-day,1,5,0.016665443600450046,0.46213384075277736,-0.10764798212201139,0.4715959603430193,3,0.016665443600450046,0.46213384075277736,0.002451939255189347,13.397216408488937,3.0,9.99,-6.0108760347919805,2025Q3,0.8080501613520832,activist_hf,67
0001213900-25-002719,0001690080,0001672837,Goodman Anthony Brian,16788,2024-12-27,2025-01-10,2025-01-10,same-day,1,14,-0.6611354257071775,-0.12342579450312115,-0.6878374518655361,-0.504079605453413,8,-0.6611354257071775,-0.12342579450312115,0.5071110024073031,8.209912310895726,9.0,57.6,-0.6790253596953685,2024Q4,-0.7729063444352687,other,61
0000898432-25-000936,0001681682,0001083544,DIGIANDOMENICO ANTHONY,16793,2025-10-15,2025-11-26,2025-11-26,same-day,1,42,-0.33052155385273,0.18137648540741835,0.23863149662188493,-0.1637590998396566,30,-0.33052155385273,0.18137648540741835,0.2316676411352792,8.586620368578824,29.0,9.99,-1.4624515157549665,2025Q4,-0.7686517558379536,other,38
0001104659-24-076281,0001479419,0001263508,BAKER BROS. ADVISORS LP,16824,2024-06-26,2024-06-28,2024-06-28,same-day,1,2,0.3851221441238352,0.47399925889154904,-0.22765140000128772,0.42991705357181553,2,0.3851221441238352,0.47399925889154904,0.46114772802419,9.776494736751188,2.0,19.99,-0.7740368360734912,2024Q2,-0.8411696957852011,other,28
0000892712-22-000090,0001487198,0001144819,CALM WATERS PARTNERSHIP,16856,2022-03-14,2022-03-21,2022-03-21,same-day,0,7,0.23491382678453954,0.12483114435937415,-0.17058541492766904,0.23491382678453954,5,0.23491382678453954,0.12483114435937415,0.10377376627310435,10.277966854049508,5.0,9.9,-2.2655420735925818,2022Q1,-0.9810536186049197,other,82
0001641172-25-000091,0001534708,0001264473,Liuzza Nicholas Reyland JR,16887,2025-03-07,2025-03-20,2025-03-20,same-day,1,13,-1.0781072615867286,-0.36157059106471534,-0.11276205004871506,-0.3755573921820027,9,-1.0781072615867286,-0.36157059106471534,1.1450474967626583,8.188700235493585,9.0,38.2,0.13544611803463774,2025Q1,-1.459788132228859,other,61
0000902664-22-003283,0001703785,0001706220,"Kimmeridge Energy Management Company, LLC",16905,2022-06-07,2022-06-14,2022-06-14,same-day,0,7,-0.02246840530735857,-0.06531325078668229,0.0851002710046652,-0.02246840530735857,5,-0.02246840530735857,-0.06531325078668229,0.004042906601293434,12.801630701462567,5.0,75.1,-5.5107913899276095,2022Q2,0.5896623172858942,activist_hf,13
0001104659-25-031452,0001705110,0000927067,Diller Barry,16921,2025-03-31,2025-04-03,2025-04-03,same-day,1,3,-0.14300538777354665,-0.04638828080857309,-0.0062108127043665196,-0.13265891034869337,3,-0.14300538777354665,-0.04638828080857309,0.012833809735925131,11.793744842909968,3.0,6.8,-4.355672204765643,2025Q1,0.18984923962066352,other,73
0001072613-22-000433,0001603454,0001917895,"Growth Equity Opportunities 18 VGE, LLC",16923,2022-05-15,2022-05-24,2022-05-24,same-day,0,9,0.28301633261136505,0.05873182356871692,0.012434267851437295,0.12947542329282363,6,0.28301633261136505,0.05873182356871692,0.11737155037267265,11.44090601802092,6.0,8.4,-2.142410731681785,2022Q2,-0.7138557426291317,other,80
0001104659-25-073189,0001603454,0001263508,BAKER BROS. ADVISORS LP,16923,2025-08-01,2025-08-01,2025-08-01,same-day,1,0,0.0,0.07396914213934701,0.08097629556932992,0.11941474369415754,0,0.0,0.07396914213934701,0.011486692189490463,13.191601674771885,0.0,18.9,-4.466566114600773,2025Q3,0.2650975606210192,other,80
0001213900-24-095937,0001708341,0002043930,Blue Planet New Energy Technology Ltd,16975,2024-10-18,2024-11-08,2024-11-08,same-day,1,21,-0.06553361376713157,0.056083113833786724,-0.1008222080895298,0.06071768449428987,15,-0.06553361376713157,0.056083113833786724,1.518500980483551,10.763238408647975,15.0,23.9,0.41772365119562194,2024Q4,-1.1042942234868274,corporate,79
0001213900-23-066230,0001596961,0001589943,"Stone House Capital Management, LLC",16999,2023-08-03,2023-08-11,2023-08-11,same-day,0,8,-0.347992035955507,-0.1681680843998738,-0.23648651934989895,-0.3140748695346469,6,-0.347992035955507,-0.1681680843998738,0.02808051476305311,12.062605773370773,6.0,13.5,-3.5726793679749953,2023Q3,0.4149948690737912,activist_hf,73
0000769317-24-000035,0001627854,0000769317,SIT INVESTMENT ASSOCIATES INC,17004,2023-12-31,2024-02-12,2024-02-12,same-day,0,43,0.014769954793637356,-0.006858819890180751,-0.014346630136572131,0.011447346145745958,28,0.014769954793637356,-0.006858819890180751,0.03207968611532144,11.707866394813891,28.0,8.31,-3.4395322804668083,2023Q4,0.4722069777590645,other,
0000921895-25-001728,0001704720,0001866872,"CARRONADE CAPITAL MANAGEMENT, LP",17036,2025-06-02,2025-06-09,2025-06-09,same-day,1,7,0.0207567458770156,0.021033630808710832,-0.05194632820901127,0.0207567458770156,5,0.0207567458770156,0.021033630808710832,0.0018801553961097087,13.950134698322458,5.0,5.2,-6.2764008480510585,2025Q2,1.0865673738826913,activist_hf,58
0001140361-22-021048,0001704711,0001930482,"TCG 3.0 Fuji, LP",17043,2022-05-19,2022-05-27,2022-05-27,same-day,0,8,-0.057489464587915255,0.018557457062465393,0.36948828296659814,-0.057388040709837745,6,-0.057489464587915255,0.018557457062465393,0.003467816050270463,13.67327773748247,6.0,26.9,-5.664230263491824,2022Q2,0.6490410998751911,activist_hf,39
0001193805-23-000851,0001680062,0001981092,"Shanghai Science & Technology Venture Capital (Group) Co., Ltd.",17045,2023-05-29,2023-06-13,2023-06-13,same-day,0,15,-0.0779950818049864,0.0334735207621748,-0.022929894066291857,-0.12790979036565625,10,-0.0779950818049864,0.0334735207621748,0.004108470113169318,13.17833326745183,10.0,6.3,-5.494704555009336,2023Q2,1.0216709172123017,activist_hf,35
0000899140-22-000470,0000010254,0001923166,"Cypress Investments, LLC",17073,2022-04-14,2022-04-22,2022-04-22,same-day,0,8,0.1257355916568606,-0.1252519848712353,-0.06942560002032895,0.1257355916568606,5,0.1257355916568606,-0.1252519848712353,0.004081508763044357,13.84495192612624,6.0,11.9,-5.501288564059522,2022Q2,0.5859848513471929,activist_hf,13
0001437749-25-015481,0001644903,0002065626,Porter Jeffrey H,17091,2025-05-06,2025-05-08,2025-05-08,same-day,1,2,-0.4027181021636906,-0.08628539841910227,0.004757457112492883,-0.3941701301458783,2,-0.4027181021636906,-0.08628539841910227,0.4646688345297582,7.216856318807218,2.0,6.4,-0.766430310925112,2025Q2,-0.8600124166667421,other,28
0001104659-23-093361,0001476034,0001703298,"PATRIOT FINANCIAL PARTNERS III, L.P.",17093,2023-08-15,2023-08-18,2023-08-18,same-day,0,3,0.027991360135522756,-0.02742159355047805,0.29894079972700477,-0.0034498727443229814,3,0.027991360135522756,-0.02742159355047805,0.003843152832474336,13.166465828538243,3.0,,-5.561462199136247,2023Q3,1.0821483443920912,activist_hf,60
0001072613-22-000489,0001501697,0001917895,"Growth Equity Opportunities 18 VGE, LLC",17105,2022-07-06,2022-07-19,2022-07-19,same-day,0,13,0.014694463939193603,0.03635382117638846,-0.04177522456335499,0.015618708170938893,9,0.014694463939193603,0.03635382117638846,0.20768419737302218,10.305825108280484,9.0,9.9,-1.5717366348991608,2022Q3,-0.4647419004163237,other,28
0000950170-25-108341,0001501697,0001687968,"Bain Capital Life Sciences Fund, L.P.",17105,2025-08-11,2025-08-13,2025-08-13,same-day,1,2,0.7794615066827102,1.0379741990252687,0.17818282023126394,0.9239367212933878,2,0.7794615066827102,1.0379741990252687,0.06508734828010124,9.818304321650448,2.0,9.99,-2.732025091510221,2025Q3,-0.34473699865263385,activist_hf,28
0002073826-25-000001,0001624512,0002073826,"HIC 2, LLC",17107,2025-06-11,2025-06-18,2025-06-18,same-day,1,7,-0.038032045849166474,-0.05159268250049431,-0.1420777894293151,-0.038032045849166474,5,-0.038032045849166474,-0.05159268250049431,1.2260350142322152,8.338365523876538,5.0,9.6,0.20378539683883706,2025Q2,-1.2027732856190527,activist_hf,82
0000921895-22-001894,0001719406,0001303782,Javitt Jonathan C,17134,2022-06-01,2022-06-03,2022-06-03,same-day,0,2,0.49546801125908213,0.24348365680954254,-0.6548298569758366,0.27901668730211293,2,0.49546801125908213,0.24348365680954254,0.03987032365633871,10.557162348276135,2.0,22.3,-3.222122999830533,2022Q2,-0.2960216009924608,other,28
0001104659-25-004230,0001503274,0001711933,"Akoya Biosciences, Inc.",17155,2025-01-09,2025-01-16,2025-01-16,same-day,1,7,-0.28109915853913103,-0.006144286393234942,0.12012869660007101,-0.2531592878833728,4,-0.28109915853913103,-0.006144286393234942,0.006920137969403644,13.05710797003188,5.0,6.2,-4.97331957177622,2025Q1,0.41671794046794164,other,38
0000921895-23-000149,0001711291,0001869719,OCO Capital GP LLC,17178,2023-01-19,2023-01-20,2023-01-20,same-day,0,1,-0.0619563155652645,-0.06555358636373489,0.33347539639267254,-0.10368170370666589,1,-0.0619563155652645,-0.06555358636373489,0.07507016129780741,12.119408753615158,1.0,9.8,-2.589332118767492,2023Q1,0.10003779608268182,activist_hf,61
0001140361-22-038074,0001703056,0000315032,STATE FARM MUTUAL AUTOMOBILE INSURANCE CO,17223,2022-10-13,2022-10-21,2022-10-21,same-day,0,8,0.00386467719000475,-0.04180451812802745,0.19532557875654788,0.002464770395939878,6,0.00386467719000475,-0.04180451812802745,0.0011928149391170764,15.776300341288657,6.0,13.46,-6.731439270181481,2022Q4,1.3646642167651502,corporate,73
0001829126-25-003724,0001682639,0001792691,"Avenue Venture Opportunities Fund, L.P.",17263,2025-02-21,2025-05-15,2025-05-15,same-day,1,83,0.34192933381789226,0.009558691005196886,-1.189930036991944,0.09072218682488131,58,0.34192933381789226,0.009558691005196886,0.07534936726094356,8.29867890848569,59.0,67.9,-2.585619751278088,2025Q1,-0.4603105797239267,activist_hf,28
0000921895-23-001570,0001666071,0001697591,"CAS Investment Partners, LLC",17315,2023-06-16,2023-06-23,2023-06-23,same-day,0,7,0.006286322634789926,-0.06109895132712378,-0.5636531163071177,-0.0005956438888541429,4,0.006286322634789926,-0.06109895132712378,0.01347369534618338,12.134334509249735,4.0,16.0,-4.307015987194809,2023Q2,0.6379517802196972,activist_hf,73
0001213900-24-014922,0001755953,0001732700,Chang Robby Sai Kit,17326,2024-02-09,2024-02-16,2024-02-16,same-day,1,7,-1.068339140068766,0.04462924735789925,-0.37772580579408715,-1.068339140068766,5,-1.068339140068766,0.04462924735789925,0.7160171722654857,9.254988636978279,5.0,8.5,-0.3340511286980801,2024Q1,-0.9582935437373612,other,61
0000950170-25-114068,0001755953,0001964789,Hut 8 Corp.,17326,2025-09-03,2025-09-10,2025-09-10,same-day,1,7,0.2179397144869227,-0.11090992388204854,-0.07626723387819451,0.2179397144869227,5,0.2179397144869227,-0.11090992388204854,0.039661294950652334,11.866531785496367,5.0,64.5,-3.2273795051211507,2025Q3,-0.1705789727038236,other,61
0001213900-24-102372,0001720116,0001636349,Dubner Derek,17343,2024-11-22,2024-11-25,2024-11-25,same-day,1,3,0.03280034166401339,-0.013223394814067792,0.15155365019828038,-0.026351689809305946,1,0.03280034166401339,-0.013223394814067792,0.017183446860305145,13.025924368712344,1.0,3.9,-4.06380875040182,2024Q4,0.24982189854159356,other,73
0000902664-24-002747,0001661998,0001766853,"ACORN BIOVENTURES, L.P.",17358,2024-03-25,2024-04-04,2024-04-04,same-day,1,10,0.2653156722241658,-0.0845527936865734,0.23333930250773707,0.07354322729302364,7,0.2653156722241658,-0.0845527936865734,0.17254288749240182,10.865367712637543,8.0,6.7,-1.7571094502679765,2024Q1,-0.47386740458978555,activist_hf,28
0001213900-22-011610,0001721741,0001464790,"B. Riley Financial, Inc.",17365,2022-03-09,2022-03-10,2022-03-10,same-day,0,1,0.011306173253620828,0.20881525678259238,0.13851548083553963,0.15145986399065642,1,0.011306173253620828,0.20881525678259238,0.006396234364497307,12.400762276396089,1.0,8.6,-5.052045842327568,2022Q1,0.21513023156084213,other,55
0001140361-22-010994,0001718405,0001411579,"AMC ENTERTAINMENT HOLDINGS, INC.",17366,2022-03-15,2022-03-24,2022-03-24,same-day,0,9,-0.09483803659848107,0.0056365490655391134,1.8191589998777578,-0.1498865065631103,7,-0.09483803659848107,0.0056365490655391134,0.26708990796446247,10.547255132743262,7.0,35.8,-1.320169943314742,2022Q1,-1.3868807656281343,other,10
0001104659-25-034605,0001806201,0001532943,"Palogic Value Management, L.P.",17367,2025-04-09,2025-04-14,2025-04-14,same-day,1,5,-0.19412467842573503,0.007603412340490841,-0.9296017109904664,-0.1421457463553866,3,-0.19412467842573503,0.007603412340490841,0.013575301888214309,11.87575860821628,3.0,5.8,-4.29950317486692,2025Q2,0.38816272132139185,activist_hf,61
0000921895-23-000588,0001423774,0001320769,"Praesidium Investment Management Company, LLC",17382,2023-02-10,2023-02-21,2023-02-21,same-day,0,11,0.03568252032172552,0.005088565955048982,0.2156225645440033,0.04750345157947372,6,0.03568252032172552,0.005088565955048982,0.0035636581497380895,13.894146122229577,6.0,5.8,-5.636967691555865,2023Q1,1.245211309663643,activist_hf,73
0001080368-24-000006,0000931148,0001944761,Undavia Nilesh,17672,2024-02-02,2024-02-12,2024-02-12,same-day,0,10,-0.02509575633802793,0.04419826161433031,-0.1603386209795613,-0.005036783830993943,6,-0.02509575633802793,0.04419826161433031,0.003939524502666506,12.881351738365028,6.0,5.7,-5.5366952475576765,2024Q1,0.8127489818266243,other,36
0001104659-25-093466,0001610853,0002079712,Morehead Daniel Wayne,17690,2025-09-18,2025-09-25,2025-09-25,same-day,1,7,-0.22632218645745383,-0.09178914634822766,0.8282273202810141,-0.22632218645745383,5,-0.22632218645745383,-0.09178914634822766,0.19071992761111672,9.00480586734783,5.0,9.67,-1.65694927466103,2025Q3,-0.7227150217874388,other,61
0000080255-25-000627,0001725057,0000080255,PRICE T ROWE ASSOCIATES INC /MD/,17700,2025-10-08,2025-10-08,2025-10-08,same-day,1,0,0.0,-6.472774155377725e-05,-0.044384165538267864,0.003624818858053551,0,0.0,-6.472774155377725e-05,0.0001388513206248032,16.203051591067464,0.0,15.5,-8.882106833094989,2025Q4,1.9728175549042948,other,73
0001539497-22-001725,0001219601,0000921669,ICAHN CARL C,17726,2022-10-25,2022-11-03,2022-11-03,same-day,0,9,-0.21772255888321562,0.11294764350951889,-0.04490686729673407,-0.22078208955824366,7,-0.21772255888321562,0.11294764350951889,0.00015870752686790657,16.124720784217104,7.0,8.5,-8.748447503277411,2022Q4,2.0687841229402646,activist_hf,34
0001193125-25-316177,0000011544,0001142206,MITSUI SUMITOMO INSURANCE CO LTD,17743,2025-12-04,2025-12-11,2025-12-11,same-day,1,7,-0.06275485600835501,0.03290066881034157,0.008103681912420783,-0.06275485600835501,5,-0.06275485600835501,0.03290066881034157,5.604389548846013e-05,17.20070834229584,5.0,12.8,-9.789375326269315,2025Q4,2.3080418509478027,corporate,63
0001104659-25-020048,0001495932,0001570838,Sanford Glenn Darrel,17812,2025-02-24,2025-03-04,2025-03-04,same-day,1,8,-0.013039851169968048,0.021191800442652762,-0.037130218586184136,-0.00020025688705700012,6,-0.013039851169968048,0.021191800442652762,0.0019568918927146354,14.368973950094961,6.0,27.19,-6.236397833425362,2025Q1,0.8806605387756131,other,65
0001140361-22-001514,0001707919,0001275837,WANG PETER,17854,2022-01-04,2022-01-13,2022-01-14,next-day,0,9,-0.6427612454531788,-0.018427797606110213,-0.5399894631320141,-0.3668968277410587,8,-0.5119875311264972,-0.029180093270862323,0.0011844796700116098,12.813691240131396,8.0,27.4,-6.738451697862992,2022Q1,0.9390666108510226,other,37
0001373604-24-000118,0001422142,0001373604,"BML Investment Partners, L.P.",17869,2024-12-31,2024-12-31,2024-12-31,same-day,1,0,0.0,-0.001464013466973402,0.3917306676115856,0.23119238022938293,0,0.0,-0.001464013466973402,0.0969797307257198,11.211022756878476,0.0,9.9,-2.333253283904787,2024Q4,-0.2730735861396623,activist_hf,28
0001213900-24-055917,0001681087,0001055624,SPRINGER TIMOTHY A,17871,2024-06-20,2024-06-26,2024-06-26,same-day,1,6,-0.062022757096543334,0.024858371214639678,0.14295307350401057,-0.06433858255274612,4,-0.062022757096543334,0.024858371214639678,0.09100523705164502,11.069733878783307,4.0,28.8,-2.3968382241031487,2024Q2,-0.2427803372902951,other,28
0000908834-23-000186,0001560258,0002003243,Theofilos Charles Steve,17877,2023-12-08,2023-12-18,2023-12-18,same-day,0,10,-0.051501514610795676,0.012200702701005432,-0.0017791770971021179,0.007076106832039117,6,-0.051501514610795676,0.012200702701005432,0.4527249844330917,10.471404787910847,6.0,9.9,-0.7924704362396413,2023Q4,-0.43543593330242186,other,38
0000950170-25-070961,0001560258,0001496771,MAZ Partners LP,17877,2025-05-13,2025-05-14,2025-05-14,same-day,1,1,-0.031049659819002942,0.010264271081698959,-0.021145548033464703,0.07010460213495893,1,-0.031049659819002942,0.010264271081698959,0.036114312349657625,10.830461218131555,1.0,1.8,-3.3210660282349433,2025Q2,0.04249735648441061,activist_hf,38
0001493152-23-001666,0001713832,0001962599,Holmes William F Jr,17886,2023-01-06,2023-01-17,2023-01-18,next-day,0,11,0.06011955930451747,0.0039182625989537985,-0.17306779681971524,0.09401805316807427,7,0.07222606775078656,0.0038983501283480007,0.22429283805851707,9.464636794135036,7.0,6.7,-1.4948027681551561,2023Q1,-0.311240387355576,other,75
0001214659-24-017295,0001645666,0001232621,TANG CAPITAL MANAGEMENT LLC,17889,2024-10-01,2024-10-08,2024-10-08,same-day,1,7,0.025229410700946222,0.09838061415765735,-0.04995653425669353,0.025229410700946222,5,0.025229410700946222,0.09838061415765735,0.13263615577014362,10.598037249110524,5.0,9.9,-2.020145570447723,2024Q4,-0.3676805564189659,activist_hf,28
0000950170-24-140615,0001721386,0001767199,"Mill Road Capital III, L.P.",17890,2024-12-18,2024-12-26,2024-12-26,same-day,1,8,-0.0690316146791245,-0.006296860750120311,-0.15002010433707447,-0.0690316146791245,5,-0.0690316146791245,-0.006296860750120311,0.010832328796389542,12.80866529772833,5.0,5.0,-4.5252202091010405,2024Q4,0.38923954391899934,activist_hf,15
0000919574-24-000598,0001690585,0001791827,Avidity Partners Management LP,17892,2024-01-22,2024-01-31,2024-01-31,same-day,0,9,0.5363988610984942,0.08006651195887862,0.34389397488673973,0.45302640169515085,7,0.5363988610984942,0.08006651195887862,0.19601144050840558,12.109123873967338,7.0,9.9,-1.6295822515142337,2024Q1,-0.5172791942488553,activist_hf,28
0000950170-25-014245,0001448431,0001607278,"Whetstone Capital Advisors, LLC",17895,2025-02-03,2025-02-05,2025-02-05,same-day,1,2,0.05379797631909139,-0.05688527051828022,0.20194140425024104,0.02587354737458369,2,0.05379797631909139,-0.05688527051828022,0.035961456505642087,11.524087338836402,2.0,8.2,-3.3253075667050216,2025Q1,-0.1886150740332243,activist_hf,73
0001058854-22-000031,0001227636,0001058854,CANNELL CAPITAL LLC,17898,2022-06-21,2022-06-21,2022-06-21,same-day,0,0,0.0,0.09315467693897006,0.6395444859424173,-0.03956446358782711,0,0.0,0.09315467693897006,0.09507033717790886,11.462059447707857,0.0,12.94,-2.353138269989646,2022Q2,-0.6323070164680025,activist_hf,38
0000902664-25-005145,0001660334,0001727492,Caligan Partners LP,17906,2025-11-23,2025-11-24,2025-11-24,same-day,1,1,0.0,0.27053877882471616,-0.07634323790311748,0.7176374916604557,0,0.0,0.27053877882471616,0.1313496211668802,10.474402125259697,0.0,9.99,-2.029892647004879,2025Q4,-0.5589893954667179,activist_hf,28
0001072613-22-000578,0001564824,0001694560,"New Enterprise Associates 16, L.P.",17948,2022-09-21,2022-10-11,2022-10-11,same-day,0,20,0.297949081200451,0.018903493534763907,0.5324096100994367,0.04146059158988738,14,0.297949081200451,0.018903493534763907,0.01800385821726357,12.566659348553378,13.0,7.3,-4.017169198651135,2022Q3,0.48998931907443066,activist_hf,28
0001214659-25-001762,0001564824,0001232621,TANG CAPITAL MANAGEMENT LLC,17948,2025-01-27,2025-02-03,2025-02-03,same-day,1,7,-0.7810147100072968,0.03870724604184006,0.12420962899195054,-0.7810147100072968,5,-0.7810147100072968,0.03870724604184006,0.13497160490498103,11.508017339805628,5.0,9.7,-2.002690856704191,2025Q1,-0.6744268021218361,activist_hf,28
0001104659-25-021795,0001737953,0001263508,BAKER BROS. ADVISORS LP,17974,2025-03-07,2025-03-07,2025-03-07,same-day,1,0,0.0,-0.0676458206533715,-0.13736648183361067,0.03056056125599183,0,0.0,-0.0676458206533715,0.003190023582126153,13.791781436067637,0.0,14.3,-5.747726969696673,2025Q1,0.7011663323441523,other,28
0001104659-25-003030,0001682149,0001755804,BRADLEY NATHANIEL T,17979,2024-12-31,2025-01-13,2025-01-13,same-day,1,13,-0.29565998328488813,-0.15415915180980683,0.03966066278853515,-0.19445262946005443,7,-0.29565998328488813,-0.15415915180980683,0.07449691346623867,9.748281816332577,8.0,19.6,-2.5969975844382422,2024Q4,-0.19338200356443463,other,73
0001193805-22-001434,0001674101,0001517137,Starboard Value LP,17987,2022-10-10,2022-10-20,2022-10-20,same-day,0,10,0.027903652784767766,0.1353486817101108,0.1885700301486169,-0.02503208697654638,8,0.027903652784767766,0.1353486817101108,0.0008950619358675837,15.321669005629051,7.0,7.4,-7.018617639997087,2022Q4,1.464915670126704,activist_hf,36
0000897069-23-001029,0001058623,0001925808,Renew Group Private Ltd,18046,2023-07-21,2023-07-28,2023-07-28,same-day,0,7,0.019336123297062927,0.27174285753240557,0.3432374554675547,0.019336123297062927,5,0.019336123297062927,0.27174285753240557,0.05842980828700771,11.220317681095889,5.0,5.15,-2.8399291034924095,2023Q3,0.1691877966120298,corporate,48
0001140361-23-002444,0000810332,0000100517,"United Airlines Holdings, Inc.",18051,2023-01-13,2023-01-23,2023-01-23,same-day,0,10,0.032434311262721296,0.04470949528901809,0.8408025849928826,0.032434311262721296,5,0.032434311262721296,0.04470949528901809,0.07518653505745396,11.281071840864753,5.0,9.9999998,-2.587783119145667,2023Q1,0.09945574704922801,other,45
0001193125-25-326955,0000810332,0000006201,American Airlines Group Inc.,18051,2025-11-25,2025-12-19,2025-12-19,same-day,1,24,-0.04439309294936333,0.02570948718801421,0.07696377965569323,-0.18374556389558117,17,-0.04439309294936333,0.02570948718801421,0.1565162413898154,11.093328825460087,17.0,20.8,-1.8545954955379207,2025Q4,-0.623759487937737,other,45
0000921895-22-000091,0000006176,0001446114,"Ancora Advisors, LLC",18075,2021-12-28,2022-01-07,2022-01-07,same-day,0,10,0.2024313546966892,0.03923439376842264,-0.014839670300843084,0.09171809025952636,8,0.2024313546966892,0.03923439376842264,0.08389288720521818,11.391843794796143,7.0,5.6,-2.478214446156173,2021Q4,-1.4340351761179617,activist_hf,35
0001731122-25-001701,0000006176,0001991451,"Galloway Capital Partners, LLC",18075,2025-12-17,2025-12-19,2025-12-19,same-day,1,2,0.014622343829322898,0.09665796629026936,0.5353100383335768,0.15188534804388154,2,0.014622343829322898,0.09665796629026936,0.22795160395315983,11.160924722767344,2.0,5.19,-1.4786219359220865,2025Q4,-0.7626769889877517,activist_hf,35
0001654954-23-003732,0001716621,0001279803,JENKINS DAVID A,18089,2023-03-21,2023-03-29,2023-03-30,next-day,0,8,-0.02359232474542993,-0.03737239123515532,-0.2707350194235118,-0.015683044625726388,7,0.01764224185524472,-0.021045397878617055,0.11957277033480919,8.237942144442309,7.0,,-2.1238301361728653,2023Q1,-0.07487830797731274,other,38
0001654954-24-011641,0001716621,0002036516,Jenkins Casey A.,18089,2024-08-30,2024-09-09,2024-09-09,same-day,1,10,-0.8406731156337601,-0.08649010510988867,-0.16584999941758732,-0.8406731156337601,5,-0.8406731156337601,-0.08649010510988867,1.2104439011015484,7.363482483309064,5.0,,0.19098715274632433,2024Q3,-0.754252667966034,other,38
0000935836-25-000426,0001655759,0001792126,Logos Global Management LP,18100,2025-06-09,2025-06-16,2025-06-16,same-day,1,7,0.02084188811503918,0.019551930318143805,-0.12566256091548234,0.02084188811503918,5,0.02084188811503918,0.019551930318143805,0.0018042529040530613,13.144001573914059,5.0,6.4,-6.317608676450731,2025Q2,1.1011254056243769,activist_hf,28
0001493152-25-021515,0001530766,0002072014,Lekstrom Morgan Lee,18103,2025-11-04,2025-11-10,2025-11-10,same-day,1,6,-0.0639502986813685,-0.23184756977235146,-0.6763954355007671,-0.16452300153077903,4,-0.0639502986813685,-0.23184756977235146,0.011515407530223832,12.03225411532392,4.0,13.99,-4.4640693550874735,2025Q4,0.3404082795892177,other,38
0000902664-22-002198,0001540755,0001535472,Corvex Management LP,18141,2022-03-07,2022-03-17,2022-03-17,same-day,0,10,-0.0865620830314429,0.09384228439697202,0.06810005038573128,-0.01174040796568353,8,-0.0865620830314429,0.09384228439697202,0.00022405575024742,15.719953826033318,8.0,2.7,-8.40361565204285,2022Q1,1.6538843161837382,activist_hf,73
0001493152-24-013076,0001708599,0001301120,Moreadith Randall,18217,2024-03-26,2024-04-03,2024-04-03,same-day,1,8,-0.050381887750925614,-0.12834824052255084,1.0445872265857585,-0.050381887750925614,5,-0.050381887750925614,-0.12834824052255084,2.2858905343514087,9.549508257782549,6.0,6.8,0.8267556789904802,2024Q1,-1.3534461187382532,other,28
0000921895-22-003146,0001704715,0000024046,CONTINENTAL GENERAL INSURANCE CO,18224,2022-11-21,2022-12-01,2022-12-01,same-day,0,10,0.02095244412477145,-0.05404648259093092,-0.04934092991013244,0.045898793069118635,7,0.02095244412477145,-0.05404648259093092,0.0005244347568143869,14.883871603775829,7.0,4.9,-7.553189529067462,2022Q4,1.6515300340147192,corporate,12
0001437749-25-035255,0001356093,0002052913,"North Run Strategic Opportunities Fund I, LP",18255,2025-11-06,2025-11-14,2025-11-14,same-day,1,8,-0.1152357976069615,0.036630732242367264,0.1347660104014434,-0.1265601892217207,6,-0.1152357976069615,0.036630732242367264,0.2150093085325789,10.33594084776825,5.0,19.9,-1.5370739562913303,2025Q4,-0.7410797027069909,activist_hf,73
0001104659-25-001689,0001654595,0002050571,Kramer Kory J.,18259,2024-12-13,2025-01-07,2025-01-07,same-day,1,25,0.05419451309003605,0.04666986225242177,-0.0002343179942936441,0.14018731651943447,15,0.05419451309003605,0.04666986225242177,0.9166480954710355,9.531883870298616,15.0,7.43,-0.08703163668099897,2024Q4,-0.9517800359849816,other,67
0001213900-23-049686,0001631282,0001658786,Liu Zhixin,18306,2023-05-08,2023-06-16,2023-06-16,same-day,0,39,-0.03669664242097845,-0.10201279287157264,-0.07615923226983987,0.017965299008945765,28,-0.03669664242097845,-0.10201279287157264,1.7212792056546746,10.218045340678549,28.0,37.05,0.5430677386173876,2023Q2,-0.9290161876837901,other,73
0001749723-24-000095,0001749723,0001124460,EDENS WESLEY R,18368,2024-10-01,2024-10-03,2024-10-03,same-day,1,2,0.00828251897776805,0.06743859939433289,-0.10606603565873537,0.08921058415292284,2,0.00828251897776805,0.06743859939433289,0.0006732496479969806,14.487633188484425,2.0,21.2,-7.303394349114172,2024Q4,1.2286779448225098,other,49
0001072613-23-000402,0001728117,0001917895,"Growth Equity Opportunities 18 VGE, LLC",18377,2023-07-19,2023-07-28,2023-07-28,same-day,0,9,-0.12455298077665314,0.08170475153682791,0.3311518297063958,-0.12729695332697538,7,-0.12455298077665314,0.08170475153682791,0.022226095697127576,11.901413202981864,7.0,8.2,-3.8064881985891694,2023Q3,0.49342795460745575,other,28
0000807249-24-000027,0001708493,0000807249,"GAMCO INVESTORS, INC. ET AL",18401,2024-02-22,2024-02-27,2024-02-27,same-day,1,5,-0.07526656824391811,-0.02199796204578073,-0.4044546158034594,-0.09527048733225892,3,-0.07526656824391811,-0.02199796204578073,0.03317145386137172,13.080959421910965,3.0,4.03,-3.406065596372563,2024Q1,0.08745706635662612,activist_hf,28
0001213900-24-093566,0001621672,0001786340,"Infinite Reality, Inc.",18413,2024-10-29,2024-11-01,2024-11-01,same-day,1,3,0.060860575400403724,-0.019716815375631955,0.44690111408824734,0.009352088749612242,3,0.060860575400403724,-0.019716815375631955,0.7261589506770719,9.240593108147156,3.0,9.2,-0.3199863477947312,2024Q4,-0.8813916728641132,other,73
0001193805-24-000439,0001739174,0001352546,Flynn James E,18419,2024-03-15,2024-03-22,2024-03-22,same-day,1,7,0.0019773149886747714,-0.08363999777930636,1.6962374069412047,0.0019773149886747714,5,0.0019773149886747714,-0.08363999777930636,1.5203388329611687,9.88475621120817,5.0,11.06,0.4189332264378327,2024Q1,-1.2146184592156066,other,28
0000950157-25-000788,0001754301,0002080603,MFT SH Family Trust,18421,2025-09-06,2025-09-12,2025-09-12,same-day,1,6,-0.07708018525528924,0.011048952430950859,0.025693973802214422,-0.07649852129265004,4,-0.07708018525528924,0.011048952430950859,0.00022984469899837908,16.368927794625364,4.0,0.0,-8.378106698852129,2025Q3,1.6403274321104313,other,48
0000921895-22-002849,0001755237,0001559706,Slate Path Capital LP,18427,2022-10-21,2022-10-21,2022-10-21,same-day,0,0,0.0,0.21079839986263138,-0.5300717427864599,0.3230265897569112,0,0.0,0.21079839986263138,0.539202620950276,9.80402903024474,0.0,16.5,-0.617663858583027,2022Q4,-0.7696012257625123,activist_hf,28
0001437749-22-007518,0000719402,0001415023,Smith Gerald F JR,18554,2022-03-22,2022-03-29,2022-03-29,same-day,0,7,0.0070637061072026195,0.008085540050551312,-0.056245107465164104,0.0070637061072026195,5,0.0070637061072026195,0.008085540050551312,1.2732131755525167,11.769356779630597,5.0,6.29,0.24154376474840858,2022Q1,-2.0572895901658828,other,60
0001104659-24-071864,0001760542,0001263508,BAKER BROS. ADVISORS LP,18559,2024-06-14,2024-06-14,2024-06-14,same-day,1,0,0.0,-0.10876536758171651,-0.21077754930031212,-0.2111222536921126,0,0.0,-0.10876536758171651,0.07389526424134157,11.278155462647945,0.0,9.99,-2.605106536419138,2024Q2,-0.1659837910703679,other,28
0001104659-24-088365,0001397702,0001352851,Magnetar Financial LLC,18566,2024-08-05,2024-08-12,2024-08-12,same-day,1,7,-0.024256004275480643,-0.06681188750706658,-0.15484378145270944,-0.024256004275480643,5,-0.024256004275480643,-0.06681188750706658,0.0016684179370632134,13.909136119595876,5.0,,-6.395879444642447,2024Q3,0.9703910187270804,activist_hf,38
0001641172-25-018895,0001566610,0001434693,Geiskopf James P,18568,2025-07-07,2025-07-14,2025-07-14,same-day,1,7,0.07323695117287486,0.006016203231598977,0.10260867147963934,0.07323695117287486,5,0.07323695117287486,0.006016203231598977,0.33683952438510134,9.18707379211764,5.0,12.7,-1.0881486508118978,2025Q3,-0.9226954622278527,activist_hf,61
0000895345-25-000335,0001655210,0001009268,"D. E. SHAW & CO, L.P.",18572,2025-10-15,2025-10-22,2025-10-22,same-day,1,7,2.613764067848197,1.2511012577648155,-0.06239509723149296,2.613764067848197,5,2.613764067848197,1.2511012577648155,0.004856933666571622,11.926368266491743,5.0,2.3,-5.327347972995788,2025Q4,0.6593788700538006,activist_hf,20
0000921895-22-000839,0001760717,0001580320,"ENGINE CAPITAL, L.P.",18573,2021-12-30,2022-03-11,2022-03-11,same-day,0,71,0.13481708536038312,0.03150417699306722,-0.2083192557626202,-0.09466769173455528,49,0.13481708536038312,0.03150417699306722,0.002831469769239894,12.70988613162275,48.0,8.1,-5.866959349055827,2021Q4,0.39468698197275687,activist_hf,73
0000807249-23-000112,0001760717,0000807249,"GAMCO INVESTORS, INC. ET AL",18573,2023-08-16,2023-08-25,2023-08-25,same-day,0,9,0.0014505650003156963,-0.005393100564959531,0.11907853741162162,0.001474035584014691,7,0.0014505650003156963,-0.005393100564959531,0.0015465268781491013,13.083253541303959,7.0,3.42,-6.471743586003694,2023Q3,1.38750968463032,activist_hf,73
0001062993-24-018004,0000040417,0001510281,"Saba Capital Management, L.P.",18622,2024-10-25,2024-10-28,2024-10-28,same-day,1,3,-0.0011181120504028523,0.006048802576657628,-0.0148253401020773,-0.0009910957802285788,1,-0.0011181120504028523,0.006048802576657628,0.005505536030027881,14.061799081964967,1.0,5.13,-5.202001142062252,2024Q4,0.5937320902804956,activist_hf,
0001213900-22-010936,0001753706,0000929607,CONTINENTAL GRAIN CO,18642,2022-02-23,2022-03-07,2022-03-07,same-day,0,12,0.016692278914949926,0.022635608622564966,0.04982823941470558,0.012611557490034286,8,0.016692278914949926,0.022635608622564966,0.0072902967200594105,12.798043876244948,8.0,,-4.921211031449777,2022Q1,0.15896576856334366,corporate,20
0001731122-23-000734,0001762322,0001973468,Venkata Maruthi JD,18659,2023-03-14,2023-04-26,2023-04-26,same-day,0,43,0.3886522511125597,0.03442367051079688,-0.01926421489962102,0.16426732017896,30,0.3886522511125597,0.03442367051079688,0.13547682845721104,10.178629829362835,31.0,11.5,-1.9989546609817241,2023Q1,-0.12180126948937192,other,55
0001493152-22-019850,0001178697,0001932469,"AJP Holding Company, LLC",18670,2022-07-13,2022-07-19,2022-07-19,same-day,0,6,0.20208526175496927,-0.03214271057233588,0.14506452738368314,0.13383610824956707,4,0.20208526175496927,-0.03214271057233588,0.16246891700080948,9.307863555825188,4.0,40.7,-1.8172685755037148,2022Q3,-0.3688827822578346,activist_hf,36
0000908834-22-000119,0001756497,0001175707,"Farallon Capital Partners, L.P.",18771,2022-09-29,2022-10-07,2022-10-07,same-day,0,8,-0.06441854313058726,,0.0954520870052735,-0.06441854313058726,6,-0.06441854313058726,,0.00013526910222244135,16.009329551767173,6.0,5.5,-8.908244413815474,2022Q3,2.3995337792292806,activist_hf,73
0000921895-25-002596,0001621221,0001776353,Farb Daniel Stuart,18773,2025-09-12,2025-09-19,2025-09-19,same-day,1,7,0.10078413550421023,0.16095657266504462,-0.9180628463042243,0.10078413550421023,5,0.10078413550421023,0.16095657266504462,0.44838549711411274,8.693198173926218,5.0,9.8,-0.8021019319420946,2025Q3,-1.0232645305931698,other,28
0001493152-24-026166,0001527753,0001717115,"Tempus AI, Inc.",18783,2024-07-03,2024-07-03,2024-07-03,same-day,1,0,0.0,0.2418470621591719,-0.20089314458078783,0.23941300391693632,0,0.0,0.2418470621591719,0.1011393313953251,11.048445591655836,0.0,15.3,-2.2912561940370915,2024Q3,-0.10432523227709588,other,80
0000921895-24-002415,0001573221,0001688522,"Philotimo Fund, LP",18784,2024-10-31,2024-11-01,2024-11-01,same-day,1,1,0.001975693365884837,0.04058189706706937,-0.2620340307452591,0.14350973441749176,1,0.001975693365884837,0.04058189706706937,0.005917349184006359,12.680415907434355,1.0,6.8,-5.129866703338375,2024Q4,0.571936329885088,other,59
0000929638-25-004499,0001636422,0001600004,"First Light Asset Management, LLC",18789,2025-12-01,2025-12-03,2025-12-03,same-day,1,2,-0.06670380989823718,-0.0779911233823949,0.016234849253833103,-0.12578405223485878,2,-0.06670380989823718,-0.0779911233823949,0.01845946986723274,12.185486548401641,2.0,19.68,-3.9921777682378514,2025Q4,0.1660502739926063,activist_hf,73
0001011438-23-000554,0001770141,0001734341,Lynrock Lake LP,18802,2023-09-22,2023-09-26,2023-09-26,same-day,0,4,,,-0.133144341572416,,2,,,0.7390212929807488,9.932716203196257,2.0,4.99,-0.30242854521391516,2023Q3,-0.6820375305339902,other,80
0001213900-25-008087,0001769624,0002053925,KCP Holdings Ltd,18830,2025-01-24,2025-01-30,2025-01-30,same-day,1,6,-0.0418897672872178,0.030366934143292012,-0.0845328680578238,-0.036717702836142,4,-0.0418897672872178,0.030366934143292012,0.03434411409130231,12.84010337890636,4.0,7.25,-3.3713246260498377,2025Q1,-0.1717124998007792,corporate,62
0001085146-25-002089,0001943802,0002064346,DAB Financial LLC,18837,2025-04-07,2025-04-14,2025-04-14,same-day,1,7,0.006927263429773394,-0.013989311802472298,0.046271055798266195,0.006927263429773394,5,0.006927263429773394,-0.013989311802472298,0.5675742475757275,10.90857731259895,5.0,5.76,-0.5663837054518753,2025Q2,-0.9306855131485495,activist_hf,60
0001068238-22-000140,0001698530,0001930189,"CBI USA, Inc.",18855,2022-05-19,2022-06-01,2022-06-02,next-day,0,13,0.09727077715847005,-0.04049243855533093,0.05208326511396193,0.028695160350322567,9,0.11296560677282003,0.018116942761620305,0.045295897649910107,9.620348478356236,9.0,,-3.0945388101985505,2022Q2,-0.3453949682625134,other,28
0001332596-23-000001,0000925741,0001332596,Daly Joseph Patrick,18894,2023-05-22,2023-05-25,2023-05-26,next-day,0,3,-0.09425845802435456,0.09895667550340162,-0.12043038519005411,0.12819586291115662,4,-0.02003425843693906,0.12372449837156832,0.6364495750047321,10.50216470026942,4.0,3.75,-0.4518500864249987,2023Q2,-0.6075775382352069,other,28
0001437749-25-018224,0000925741,0001789894,Blank Andrew Scott,18894,2025-04-23,2025-05-22,2025-05-22,same-day,1,29,0.03629592300209432,0.020484538621701007,-0.2797080295703637,0.5525612273265688,21,0.03629592300209432,0.020484538621701007,0.4714920821315291,9.103805834090545,21.0,5.5,-0.7518529699838185,2025Q2,-0.8651623457063031,other,28
0000921895-25-003028,0001772720,0001452857,STEEL PARTNERS HOLDINGS L.P.,18936,2025-11-06,2025-11-13,2025-11-13,same-day,1,7,0.6733292000339535,0.6572611934645394,0.4890522600485445,0.6733292000339535,5,0.6733292000339535,0.6572611934645394,0.1973916391280219,10.818481443875983,4.0,14.0,-1.6225655078543129,2025Q4,-0.7094916497700953,corporate,49
0001193805-23-001534,0001538716,0001776724,Findell Capital Partners LP,18958,2023-11-15,2023-11-27,2023-11-27,same-day,0,12,-0.21627990085884483,0.10842122392101315,-0.8433545150446147,-0.1684964984265868,7,-0.21627990085884483,0.10842122392101315,0.02798841787384116,11.400207952858834,7.0,5.4,-3.575964501745419,2023Q4,0.5189878033578169,activist_hf,61
0001415889-24-027328,0001538716,0001469000,NB Alternatives Advisers LLC,18958,2024-11-14,2024-11-20,2024-11-20,same-day,1,6,0.06888084538762075,-0.06087151171808168,0.08975378374058167,0.06054997861599254,4,0.06888084538762075,-0.06087151171808168,0.11611073901466754,11.615397934233945,4.0,9.9,-2.1532108965829457,2024Q4,-0.3274742414231293,activist_hf,61
0001062993-23-016244,0000216851,0001510281,"Saba Capital Management, L.P.",18964,2023-08-09,2023-08-11,2023-08-11,same-day,0,2,0.023309953857580508,0.010182880486778643,0.11328710162933314,0.02544360154869748,2,0.023309953857580508,0.010182880486778643,0.009173019448512086,13.24966385815315,2.0,5.42,-4.691488772265862,2023Q3,0.7903086391829262,activist_hf,
0001072613-23-000581,0001703647,0001768564,"New Enterprise Associates 17, L.P.",19008,2023-11-03,2023-11-17,2023-11-17,same-day,0,14,1.3888993116898471,-0.13586393656630397,-0.361134310826505,1.3699029553290112,10,1.3888993116898471,-0.13586393656630397,0.8195203975943093,9.055653048181306,9.0,13.4,-0.19903599081599221,2023Q4,-0.6389168488477617,activist_hf,28
0000902664-25-004297,0001785173,0001535978,"Adage Capital Management, L.P.",19070,2025-09-26,2025-10-03,2025-10-03,same-day,1,7,-0.030367512657775264,-0.006034657420596605,0.611164812678785,-0.030367512657775264,5,-0.030367512657775264,-0.006034657420596605,0.001659376100591611,14.6063922318498,5.0,6.13,-6.401313590277476,2025Q3,0.9453212384864459,activist_hf,28
0001493152-22-006680,0001780312,0001680225,Avellan Abel Antonio,19076,2022-02-05,2022-03-11,2022-03-11,same-day,0,34,0.6846392173759636,-0.061848119956040545,-0.36559922449499616,0.024119276158757242,23,0.6846392173759636,-0.061848119956040545,0.003635124118029178,12.515842856506458,23.0,60.2,-5.617112023317093,2022Q1,0.4577005261208123,other,48
0000950170-25-017296,0001780312,0000732717,AT&T INC.,19076,2025-02-03,2025-02-10,2025-02-10,same-day,1,7,0.22459921795371204,0.03864475081083682,-0.450696138477542,0.22459921795371204,5,0.22459921795371204,0.03864475081083682,0.00019787418377966532,15.367995510274895,5.0,2.7,-8.52787916470065,2025Q1,1.722346944982398,other,48
0001493152-22-016439,0001561921,0001595855,Opaleye Management Inc.,19082,2022-06-07,2022-06-10,2022-06-10,same-day,0,3,0.12060261013180743,0.030162714038998055,-0.20522571194320144,0.10705426091461732,3,0.12060261013180743,0.030162714038998055,0.1802574469534333,11.508683681312663,3.0,10.69,-1.7133691890883482,2022Q2,-0.8798890553591715,other,38
0000921895-25-002532,0001786352,0001517137,Starboard Value LP,19084,2025-08-28,2025-09-04,2025-09-04,same-day,1,7,0.1459369170369413,0.09608894117544906,-0.011906223079754665,0.14829203941016297,4,0.1459369170369413,0.09608894117544906,0.00020088170530453784,15.287297020266882,4.0,8.5,-8.512794353980638,2025Q3,1.6876812771400211,activist_hf,73
0000950170-25-011213,0001789832,0002052113,BlackRock Portfolio Management LLC,19098,2025-01-28,2025-01-30,2025-01-30,same-day,1,2,0.033867258554096454,-0.007667580607658264,0.11335526225826863,0.029826860654329566,2,0.033867258554096454,-0.007667580607658264,0.00037034587910079016,15.260284477189687,2.0,23.3,-7.901073180606736,2025Q1,1.4921141829082247,other,13
0000950142-24-001181,0001784254,0001709654,Kapnick Scott,19129,2024-04-17,2024-04-24,2024-04-24,same-day,1,7,-0.1817696939764907,0.026968009248097904,3.1810310249515057,-0.1817696939764907,5,-0.1817696939764907,0.026968009248097904,18.945590909703398,11.229489564755823,5.0,18.4,2.941571234784004,2024Q2,-2.2112574627413615,other,48
0000950170-25-093943,0001784254,0002052113,BlackRock Portfolio Management LLC,19129,2025-07-01,2025-07-03,2025-07-03,same-day,1,2,0.04643563033987201,0.2323687387783159,0.17051395033760805,0.19927559808518175,2,0.04643563033987201,0.2323687387783159,2.509707545650615,10.861402261256726,2.0,46.1,0.9201662306781679,2025Q3,-1.628784164848451,other,48
0001104659-25-097231,0001785424,0001858703,Blue Owl Capital Holdings LP,19135,2025-09-29,2025-10-06,2025-10-06,same-day,1,7,-0.25926595395791596,0.11323666463240105,0.15865721581646008,-0.25926595395791596,5,-0.25926595395791596,0.11323666463240105,0.16885031550679686,11.324284784503083,5.0,36.32,-1.7787426635896952,2025Q3,-0.6798945772600339,activist_hf,73
0000921895-23-000611,0001788028,0001848809,Velan Capital Investment Management LP,19180,2023-02-16,2023-02-27,2023-02-27,same-day,0,11,-0.08985484869657145,0.055009363988894576,-0.5999407355408243,-0.08531342515390722,6,-0.08985484869657145,0.055009363988894576,1.0477079088961168,12.17086071844614,6.0,10.2,0.04660483416581101,2023Q1,-0.8904366585801213,activist_hf,28
0001085146-22-004149,0001789029,0001627436,Sylebra Capital Ltd,19224,2022-11-11,2022-11-17,2022-11-17,same-day,0,6,0.08515191541992218,-0.24100257561038813,-0.11390287499353599,0.0419539270663138,4,0.08515191541992218,-0.24100257561038813,0.01183535308365057,12.879119154383115,3.0,12.42,-4.436664202608184,2022Q4,0.5635783417746473,activist_hf,37
0000950103-24-000454,0001783180,0002004244,Viessmann Group GmbH & Co. KG,19285,2024-01-02,2024-01-09,2024-01-09,same-day,0,7,-0.017991590487729955,-0.000626344115097805,-0.02779402769780092,-0.017991590487729955,5,-0.017991590487729955,-0.000626344115097805,6.213138234733308e-05,17.696664697988744,5.0,6.53,-9.686259344863158,2024Q1,2.2253104238520747,other,35
0000947871-23-000250,0001672619,0001055951,ORBIMED ADVISORS LLC,19313,2023-02-23,2023-02-28,2023-02-28,same-day,0,5,-0.04873100126744284,-0.11842313209783709,-0.1597570147772411,-0.03721514175874285,3,-0.04873100126744284,-0.11842313209783709,0.10244244804629894,11.83494258512471,3.0,21.8,-2.278454120569121,2023Q1,-0.016777105498914077,activist_hf,28
0001531612-23-000026,0001386301,0001531612,"Cove Street Capital, LLC",19315,2023-08-15,2023-08-15,2023-08-15,same-day,0,0,0.0,-0.04326137467658265,-8.513317558718914e-05,0.01778846174080289,0,0.0,-0.04326137467658265,1.4842594200895693,11.019287287186883,0.0,8.25,0.3949159408485711,2023Q3,-0.915967444892206,activist_hf,73
0001104659-25-034310,0001664710,0001940272,"ADAR1 Capital Management, LLC",19349,2025-04-04,2025-04-11,2025-04-11,same-day,1,7,0.24266139175738155,0.24882593421955243,0.23201431210434623,0.24266139175738155,5,0.24266139175738155,0.24882593421955243,0.0018679249645823504,12.98920672598412,5.0,13.29,-6.282927108835407,2025Q2,1.0888729919009856,activist_hf,28
0001140361-23-033518,0001836875,0001984146,Stonepeak GP Investors Holdings Manager LLC,19352,2023-06-26,2023-07-07,2023-07-10,next-day,0,11,0.1885110452803802,0.16060150777846274,-0.08356290829696024,0.1413360251411953,9,0.14225898631636516,0.09705731599941186,0.32377435325217074,9.559216080795498,9.0,26.7,-1.1277084463969251,2023Q2,-0.38922081270498016,activist_hf,36
0000950170-25-082520,0001796280,0001853723,"SR ONE CAPITAL MANAGEMENT, LLC",19353,2025-05-29,2025-06-05,2025-06-05,same-day,1,7,0.4676770760220606,0.10964393537417164,0.2912945644466036,0.4676770760220606,5,0.4676770760220606,0.10964393537417164,0.009704116102066397,13.02012863808029,5.0,5.4,-4.635205143060518,2025Q2,0.5067605727128413,other,28
0000902664-22-003160,0001725160,0001410830,"Matrix Capital Management Company, LP",19356,2022-05-18,2022-06-03,2022-06-03,same-day,0,16,-0.053168310198210535,0.1042000015172485,-0.41529311801046953,-0.1459453235270358,11,-0.053168310198210535,0.1042000015172485,0.0024643949985109744,13.691275477560298,11.0,16.45,-6.005808938321546,2022Q2,0.7812274578607113,activist_hf,28
0000905148-25-003073,0001794515,0001799787,HighSage Ventures LLC,19405,2025-08-14,2025-08-21,2025-08-21,same-day,1,7,0.025598800266787434,0.023559810811231704,-0.04247929468307618,0.025598800266787434,5,0.025598800266787434,0.023559810811231704,0.00048297542927026193,14.956210094781575,5.0,5.3,-7.635544776681741,2025Q3,1.3792555309493282,activist_hf,73
0001011438-24-000386,0001805077,0002027951,"Cerberus Capital Management II, L.P.",19416,2024-06-21,2024-06-28,2024-06-28,same-day,1,7,0.48059739940580015,0.1670450563216086,0.33261249738348975,0.48059739940580015,5,0.48059739940580015,0.1670450563216086,0.008946538302222586,12.040604901962377,5.0,16.7,-4.7164886033893465,2024Q2,0.6125640767780552,activist_hf,36
0000902664-23-005125,0001800347,0001791786,Elliott Investment Management L.P.,19454,2023-10-13,2023-10-16,2023-10-16,same-day,0,3,-0.005000403575330638,0.2396036512790621,0.020569947928707717,0.26356748633499094,1,-0.005000403575330638,0.2396036512790621,0.00333346575006358,14.07377165440104,1.0,9.0,-5.703742750426144,2023Q4,1.2485751561949525,activist_hf,73
0001104659-25-059683,0001800347,0001352851,Magnetar Financial LLC,19454,2025-06-09,2025-06-16,2025-06-16,same-day,1,7,0.019738445704801127,0.015470961936653939,0.42276663870094355,0.019738445704801127,5,0.019738445704801127,0.015470961936653939,0.011075296327691105,13.82063143386947,5.0,5.36,-4.503038206958221,2025Q2,0.46006822017446164,activist_hf,73
0001641172-25-002647,0001527613,0002022237,Liu Yumei,19483,2025-03-18,2025-04-03,2025-04-03,same-day,1,16,-0.3491790223504512,-0.3351473581093647,-1.503891991469345,-0.21059248509423797,12,-0.3491790223504512,-0.3351473581093647,0.5004566872310303,8.537080128883705,12.0,20.8,-0.6922342229705174,2025Q1,-1.1557719998692177,other,59
0001214659-25-004133,0001746473,0001232621,TANG CAPITAL MANAGEMENT LLC,19485,2025-03-03,2025-03-10,2025-03-10,same-day,1,7,-0.3646440675920958,0.058383165064419096,-0.7487237244779998,-0.3646440675920958,5,-0.3646440675920958,0.058383165064419096,0.005303769921990138,12.17622211874116,5.0,9.6,-5.239337405246425,2025Q1,0.5144292293117575,activist_hf,28
0001085146-22-001260,0001830033,0001627436,Sylebra Capital Ltd,19489,2022-03-17,2022-03-24,2022-03-24,same-day,0,7,-0.2763754861814788,-0.11116147034696086,0.8347330669464985,-0.2763754861814788,5,-0.2763754861814788,-0.11116147034696086,0.006040407457611127,13.975139856998423,5.0,18.7,-5.109283809441337,2022Q1,0.23970121281915613,activist_hf,28
0001104659-25-004787,0001481646,0001352851,Magnetar Financial LLC,19496,2025-01-14,2025-01-21,2025-01-21,same-day,1,7,-0.03401282639611591,-0.03138870178416216,1.1273859794493635,-0.05322586470402222,4,-0.03401282639611591,-0.03138870178416216,0.006126861406810832,13.23512039934296,4.0,6.29,-5.095072665567767,2025Q1,0.46143919678336287,activist_hf,73
0001011438-25-000411,0001808220,0002050998,Blue Torch Capital LP,19500,2025-08-06,2025-08-12,2025-08-12,same-day,1,6,-0.012114129203749227,0.06988440951406907,0.13035930161323345,-0.01015360188933962,4,-0.012114129203749227,0.06988440951406907,0.11380146678600357,11.138113026631737,4.0,9.0,-2.173299868216525,2025Q3,-0.5411751028926145,activist_hf,64
0001941040-23-000029,0001810140,0001050463,MORGAN DEMPSEY CAPITAL MANAGEMENT LLC,19515,2023-01-20,2023-01-26,2023-01-27,next-day,0,6,0.042393143084316985,0.5323811479658882,-0.2532394360636945,0.042393143084316985,5,-0.0009555222739326599,0.5873023083011184,0.15018844917463287,10.967609150502994,5.0,7.9,-1.895864445574448,2023Q1,-0.16053824488362992,activist_hf,57
0000921895-23-000836,0001800682,0001865521,Cooperstone Elliot,19539,2023-04-02,2023-04-04,2023-04-04,same-day,0,2,0.4807285663514521,0.464029724844465,-0.22491140003499982,0.553808729594393,1,0.4807285663514521,0.464029724844465,0.005561431155101372,12.511633215916174,1.0,1.0,-5.1918998018452065,2023Q2,0.9238405753953355,other,80
0001415889-25-008979,0001754068,0001699737,"Samsara BioCapital, L.P.",19540,2025-03-18,2025-03-25,2025-03-25,same-day,1,7,0.09443911662133608,-0.1618375766133477,0.1099570490849196,0.09443911662133608,5,0.09443911662133608,-0.1618375766133477,0.25157206845785635,10.794388063547833,5.0,61.2,-1.3800257759868446,2025Q1,-0.9031385646426191,activist_hf,28
0000895345-22-000552,0001528115,0001315797,Satter Muneer A,19544,2022-07-07,2022-07-18,2022-07-18,same-day,0,11,0.3101474476829118,0.10179404195330494,0.5179386975107512,0.25829678984290166,7,0.3101474476829118,0.10179404195330494,0.030678010706101197,12.129375277629203,7.0,10.4,-3.4842091446732573,2022Q3,0.28191422846818437,other,28
0001104659-25-027417,0001753162,0002060638,Prometheus Foundation,19555,2025-03-17,2025-03-24,2025-03-24,same-day,1,7,0.1102560530567382,0.050844638608176874,-0.3363671970160956,0.1102560530567382,5,0.1102560530567382,0.050844638608176874,0.37673871306283857,9.98521545485582,5.0,7.86,-0.9762034006161712,2025Q1,-1.0514669840072524,other,65
0000919574-23-000087,0001803901,0001638266,"HARBOR SPRING MASTER FUND, LP",19556,2023-01-04,2023-01-06,2023-01-06,same-day,0,2,-0.023037713255248757,0.06103672631904564,0.19383748770474057,0.16854710243697096,2,-0.023037713255248757,0.06103672631904564,0.13179193746681028,11.46844208826331,2.0,5.0,-2.0265308312673143,2023Q1,-0.1114393022978146,activist_hf,80
0000935836-25-000388,0001808865,0001587114,"EcoR1 Capital, LLC",19560,2025-05-15,2025-05-16,2025-05-16,same-day,1,1,0.04916252655484618,0.10727474893675668,0.2770558686236811,0.11307290887065524,1,0.04916252655484618,0.10727474893675668,0.012254964483308236,12.449396047100683,1.0,27.9,-4.401824160145123,2025Q2,0.42431100210612893,activist_hf,28
0000902664-24-005919,0001902733,0001469026,"HMI Capital Management, L.P.",19565,2024-10-14,2024-10-21,2024-10-21,same-day,1,7,0.05249166095220733,0.024833610976907998,0.044202211833648516,0.05249166095220733,5,0.05249166095220733,0.024833610976907998,0.0004147033060402049,15.094431378650834,4.0,6.8,-7.787947218618794,2024Q4,1.3750878764649679,activist_hf,73
0001123292-23-000096,0001661460,0001989820,Astellas US LLC,19568,2023-08-04,2023-08-14,2023-08-14,same-day,0,10,0.6658258131956589,-0.019295642047085358,-0.28553485725458183,0.6177441663693953,6,0.6658258131956589,-0.019295642047085358,0.030134795415708487,11.914584405470327,6.0,8.7,-3.50207478099639,2023Q3,0.3913099826004473,activist_hf,28
0000921895-23-002462,0001811764,0000918923,BIOTECHNOLOGY VALUE FUND L P,19573,2023-11-02,2023-11-06,2023-11-06,same-day,0,4,0.010932931509893893,0.006502917190646536,0.6238920072664468,0.0167276262369574,2,0.010932931509893893,0.006502917190646536,0.003709275613931461,14.109010334709284,2.0,16.5,-5.596918673736586,2023Q4,1.2119465764171824,activist_hf,28
0001418812-25-000016,0001805284,0001418812,"VA Partners I, LLC",19577,2025-05-09,2025-05-15,2025-05-15,same-day,1,6,0.07738646220265448,0.05122182677934603,0.035344298534902396,0.09136288713866672,4,0.07738646220265448,0.05122182677934603,0.00041195092382437617,14.454672930524543,4.0,9.9,-7.794606332640859,2025Q2,1.622923801615122,other,61
0001193805-23-001235,0001808997,0001580320,"ENGINE CAPITAL, L.P.",19579,2023-08-11,2023-08-30,2023-08-30,same-day,0,19,0.033710867370339036,-0.0011875194742738474,0.08251012281377859,0.03961179400335883,13,0.033710867370339036,-0.0011875194742738474,0.08135217411904935,11.703556650966554,13.0,5.0,-2.5089677201788274,2023Q3,0.058164092256697095,activist_hf,39
0001104659-24-041578,0001815442,0001263508,BAKER BROS. ADVISORS LP,19585,2024-03-28,2024-04-01,2024-04-01,same-day,1,4,-0.005471613563928135,-0.058934278119763504,-0.08050342708018256,-0.08822583483293578,1,-0.005471613563928135,-0.058934278119763504,0.0014157101110482105,14.727182897463463,2.0,9.8,-6.560124028505403,2024Q1,1.1611364270439681,other,28
0001104659-22-006343,0001805087,0001902646,HPSO SPV Ltd,19586,2022-01-13,2022-01-21,2022-01-21,same-day,0,8,-0.32329389915005635,0.22325691519674543,-0.02332215246602858,-0.32329389915005635,5,-0.32329389915005635,0.22325691519674543,0.05967543027816334,12.500784947903155,5.0,16.9,-2.818834896424405,2022Q1,-0.7435373638235689,corporate,28
0001213900-22-006966,0001807846,0001883232,Choubey Diwakar,19592,2021-12-31,2022-02-11,2022-02-11,same-day,0,42,-0.17079370252743079,-0.05133638438140537,-0.14591589167628607,-0.07429024361213189,29,-0.17079370252743079,-0.05133638438140537,0.006645953696925929,13.658801588502907,28.0,9.0,-5.013747076132998,2021Q4,-0.06574548897358921,other,61
0001213900-23-045856,0001807846,0001979054,Frommer Jeffrey,19592,2023-05-24,2023-06-02,2023-06-02,same-day,0,9,-0.04853789363643016,-0.012426410998716622,0.01058302152817774,-0.001283465614201661,6,-0.04853789363643016,-0.012426410998716622,0.12055329703403778,11.442183743708016,6.0,2.51,-2.115663324799156,2023Q2,-0.07003175624574626,other,61
0000950142-22-000628,0001595527,0001907225,"Bellevue Capital Partners, LLC",19602,2022-02-04,2022-02-11,2022-02-11,same-day,0,7,0.03357295293275084,0.010270880966369175,0.6888495338669992,0.03357295293275084,5,0.03357295293275084,0.010270880966369175,0.058407003012135764,11.870628300447402,5.0,5.6,-2.8403194817457695,2022Q1,-0.7343145110582947,activist_hf,67
0001567619-22-002663,0001805833,0001814538,BGPT Trebia LP,19616,2022-01-27,2022-02-07,2022-02-07,same-day,0,11,0.1240183479415663,0.040376010300068946,-0.11299150298839969,-0.0021341028401591217,7,0.1240183479415663,0.040376010300068946,0.0037515999454480805,13.024375616075915,7.0,6.2,-5.585572877870465,2022Q1,0.4441614751944925,activist_hf,73
0001805833-23-000156,0001805833,0001805833,"System1, Inc.",19616,2023-09-01,2023-09-06,2023-09-07,next-day,0,5,-0.0034471137081046113,-0.3882640100294028,-0.5940463593639675,-0.3400840816145456,3,0.04817992841485718,-0.28342550479500955,0.17896595384003106,12.045654214322807,3.0,19.95,-1.7205596932430782,2023Q3,-0.2063138320785123,corporate,73
0001628280-25-022351,0001805833,0002066592,Blend Family Foundation,19616,2025-05-02,2025-05-05,2025-05-05,same-day,1,3,-0.09391248563796348,-0.254969275887173,0.11680083353131249,-0.16275017203819825,1,-0.09391248563796348,-0.254969275887173,0.8488795901262565,10.319746530008231,1.0,7.0,-0.16383792825753643,2025Q2,-1.0728981564608386,other,73
0001213900-23-008635,0001811109,0001963128,STERN BRIAN ANDREW,19621,2023-01-26,2023-02-07,2023-02-08,next-day,0,12,0.24193819560826377,-0.18634653878585997,0.06839545724333168,0.2589564118736394,9,0.2656000043134668,-0.10477511309602557,0.7261389062132787,9.576938517687221,9.0,12.09,-0.3200139515864732,2023Q1,-0.7526767089413255,other,36
0000941560-22-000006,0001651431,0000941560,GARDNER LEWIS ASSET MANAGEMENT L P,19622,2022-05-25,2022-06-03,2022-06-03,same-day,0,9,-0.23795636305451892,,3.0829639626749885,-0.23795636305451892,6,-0.23795636305451892,,1.179407858554295,12.349037539930167,6.0,5.01,0.16501249774190085,2022Q2,-1.6067975317520993,other,28
0000902664-22-004509,0001816736,0001165408,"ADAGE CAPITAL PARTNERS GP, L.L.C.",19628,2022-09-28,2022-10-11,2022-10-11,same-day,0,13,0.1834826136520543,0.02256100636671369,-0.13015340151397226,0.11450525950617962,9,0.1834826136520543,0.02256100636671369,0.38785534123389437,10.989424514252695,8.0,5.78,-0.9471228407493518,2022Q3,-0.7085998984812736,activist_hf,28
0000950142-22-003306,0001803914,0001771067,Builders Union LLP,19644,2022-12-07,2022-12-07,2022-12-07,same-day,0,0,0.0,-0.0312536475501145,0.16016953867436418,-0.06873307335499633,0,0.0,-0.0312536475501145,0.009842582522933595,12.042852882270484,0.0,7.9,-4.621037150834708,2022Q4,0.6279413229843104,other,59
0001213900-25-071705,0001314196,0001807237,Smith Patrick G,19648,2025-06-02,2025-08-04,2025-08-04,same-day,1,63,-0.060342591881253044,0.03541831993100049,0.3795384704426192,0.20086616068853905,43,-0.060342591881253044,0.03541831993100049,2.8494321516858814,8.342353971988352,43.0,9.48,1.047119729406135,2025Q2,-1.5007091016802907,other,73
0001193125-25-207482,0001796022,0001821978,Keck Thomas,19655,2025-09-18,2025-09-18,2025-09-18,same-day,1,0,0.0,0.048817637148956594,0.00484148039802745,0.08002447228631165,0,0.0,0.048817637148956594,0.00046320847817903874,15.397695009733765,0.0,5.2,-7.677333328377662,2025Q3,1.3939476614131898,other,62
0000950103-22-011443,0001527508,0001799605,Packaging Finance Ltd,19659,2022-06-09,2022-06-28,2022-06-28,same-day,0,19,0.005823780728858571,0.0002662036573596212,0.11681014816969894,-0.013428539423917415,12,0.005823780728858571,0.0002662036573596212,0.011808772230006644,14.44284946225536,12.0,77.66,-4.438912614379758,2022Q2,0.1748596320413276,corporate,26
0001628280-23-031024,0001809519,0001822522,Hirsch Douglas Joseph,19679,2023-08-23,2023-08-31,2023-09-01,next-day,0,8,-0.04190288919955288,-0.03149505397525597,0.31636627121897515,-0.07276073476130625,7,-0.036041008067088424,0.025787659471109434,0.0033683955675072284,13.26709240683085,7.0,9.8,-5.693318740713819,2023Q3,1.1263807002725794,other,73
0001140361-22-032948,0001805651,0001871335,Stansberry Frank Porter,19797,2022-07-27,2022-09-09,2022-09-09,same-day,0,44,0.0009349421549108318,0.058162216726529783,-0.09094309065550008,0.06082168663760707,31,0.0009349421549108318,0.058162216726529783,0.09725657411152042,11.099902367077624,31.0,71.5,-2.3304026986499045,2022Q3,-0.1685480135075446,other,73
0001628280-23-032277,0001805651,0001875753,"Monument & Cathedral Holdings, LLC",19797,2023-08-31,2023-09-14,2023-09-14,same-day,0,14,0.3233230103935501,-0.025557938648019453,-0.17147719771951622,0.0516417725330953,9,0.3233230103935501,-0.025557938648019453,0.24288387477400758,10.86806165351412,9.0,76.23,-1.4151718314518322,2023Q3,-0.308758689365967,activist_hf,73
0001104659-22-012844,0001813658,0001909358,ACE SO5 Holdings Ltd,19809,2022-01-27,2022-02-07,2022-02-07,same-day,0,11,0.0011752642061219442,6.539270592230569e-05,0.0042056250773355,0.0033331556143845996,7,0.0011752642061219442,6.539270592230569e-05,0.0010328144933174856,12.345084306514629,7.0,,-6.875467685496332,2022Q1,0.9978845150148196,corporate,36
0000902664-22-003732,0001814287,0001165408,"ADAGE CAPITAL PARTNERS GP, L.L.C.",19826,2022-07-25,2022-07-27,2022-07-27,same-day,0,2,0.0019440417091328502,0.0039925341393806995,3.00907989779671e-08,0.0036719606485235406,2,0.0019440417091328502,0.0039925341393806995,0.06904973378568632,12.751299696013497,2.0,24.16,-2.67292825451897,2022Q3,-0.034821225654567724,activist_hf,62
0001683168-24-008597,0001814287,0002048094,"Pillo Portsmouth Holding Company, LLC",19826,2024-12-02,2024-12-10,2024-12-10,same-day,1,8,-0.0366918076040026,0.00489528922308978,-0.1471443979503125,-0.02734513479234186,6,-0.0366918076040026,0.00489528922308978,0.045786589235708636,13.277638761657238,6.0,6.32,-3.08376404218705,2024Q4,-0.04630322580855436,activist_hf,62
0001140361-23-053664,0001814329,0002001032,JMCM Holdings LLC,19835,2023-11-06,2023-11-16,2023-11-16,same-day,0,10,0.7896938340778074,-0.0663325504843721,-0.21551611046139135,0.7217692128306967,8,0.7896938340778074,-0.0663325504843721,0.10937116182769988,9.381043023286923,7.0,9.99,-2.213008026781122,2023Q4,0.05164784102011338,activist_hf,47
0001628280-23-001760,0001805385,0001869206,Ellenbogen Michael,19838,2023-01-30,2023-01-30,2023-01-30,same-day,0,0,0.0,0.049672938834857204,-0.09672236956860071,0.03031581847078061,0,0.0,0.049672938834857204,0.027894463830144472,12.929705868214775,0.0,5.2,-3.5793270388715412,2023Q1,0.47203632871747003,other,35
0000950170-25-011256,0001805385,0002043279,Stoic Point Capital Management LLC,19838,2025-01-23,2025-01-30,2025-01-30,same-day,1,7,0.21166786106238938,0.011721275384300477,-0.22331736735102664,0.21166786106238938,5,0.21166786106238938,0.011721275384300477,0.006117245082340842,13.140459412044404,5.0,5.2,-5.096643433750111,2025Q1,0.46201615728848944,activist_hf,35
0001140361-23-054714,0001741830,0001190273,BISCHOFBERGER NORBERT W,19850,2023-11-15,2023-11-27,2023-11-27,same-day,0,12,0.5698019599795889,0.003247530378045628,-0.3413136558421392,0.48738696941322635,7,0.5698019599795889,0.003247530378045628,0.17838971157237157,10.756736029973839,7.0,17.4,-1.723784731057694,2023Q4,-0.11610043326289574,other,28
0000921895-23-002806,0001080657,0001538439,Zuma Capital Management,19858,2023-12-19,2023-12-28,2023-12-28,same-day,0,9,-0.1346485968104539,-0.0723039085569215,0.8977634401401768,-0.11530249472699448,6,-0.1346485968104539,-0.0723039085569215,2.1679088267948097,9.745019231764333,6.0,3.7,0.7737630286316682,2023Q4,-0.9724769187852362,activist_hf,67
0000950157-23-000723,0001818383,0000776867,WHITE MOUNTAINS INSURANCE GROUP LTD,19859,2023-06-30,2023-06-30,2023-06-30,same-day,0,0,0.0,-0.0056781394233880594,0.3156798033340886,-0.018911044710893665,0,0.0,-0.0056781394233880594,0.01370116329097704,12.936399997214403,0.0,49.9,-4.290274538002707,2023Q2,0.6325429427432031,corporate,73
0000950103-23-009277,0001815849,0000937226,ONEX CORP,19892,2023-06-15,2023-06-26,2023-06-26,same-day,0,11,0.18874578160141908,-0.1993697554761431,-0.20643539612626685,0.2515795198064115,6,0.18874578160141908,-0.1993697554761431,0.4456817411416134,10.528422271295964,6.0,15.4,-0.8081501665692262,2023Q2,-0.4924638939951881,corporate,80
0000950157-25-000917,0001484769,0001744489,Walt Disney Co,19893,2025-10-29,2025-11-05,2025-11-05,same-day,1,7,0.04662720121223947,0.12483752397500306,-0.1823264553426013,0.04662720121223947,5,0.04662720121223947,0.12483752397500306,0.0005261656454804711,14.02198934015201,5.0,70.0,-7.549894479439887,2025Q4,1.480581847619917,corporate,78
0000902664-25-002534,0001821160,0001767366,"Bayview Asset Management, LLC",19898,2025-05-20,2025-05-23,2025-05-23,same-day,1,3,-0.029112004686437272,0.10773649472883519,-0.07052429935528454,0.08565938100616582,3,-0.029112004686437272,0.10773649472883519,0.2575037726723432,12.471707708944269,3.0,7.3,-1.3567209078309426,2025Q2,-0.6514726905927065,activist_hf,61
0001373604-24-000114,0001593899,0001373604,"BML Investment Partners, L.P.",19939,2024-12-13,2024-12-16,2024-12-16,same-day,1,3,-0.004418111414244098,0.07875533486691555,-0.13890214515610688,0.12183412641914941,1,-0.004418111414244098,0.07875533486691555,0.03452264534104369,12.422478428980385,1.0,8.5,-3.366139783575432,2024Q4,0.039017934370370363,activist_hf,28
0000899140-25-000768,0001802974,0002069986,Globalharvest Holdings Venture Ltd,19946,2025-06-06,2025-06-13,2025-06-13,same-day,1,7,0.1451858862023796,0.08602259590102743,0.05150825185684062,0.1451858862023796,5,0.1451858862023796,0.08602259590102743,0.005639613145169363,13.579166816219226,5.0,6.27,-5.177939807106687,2025Q2,0.6984995886557425,corporate,07
0001140361-22-014899,0001439725,0001377832,Strobeck Matthew,19948,2022-04-07,2022-04-18,2022-04-18,same-day,0,11,0.04812581422879232,-0.13400236467193055,-0.20686943570565555,0.05208382114724719,6,0.04812581422879232,-0.13400236467193055,0.14417574109342485,11.022341587759716,7.0,6.1,-1.9367222992585684,2022Q2,-0.7934544025142363,other,80
0001072613-22-000568,0001659352,0001605598,"ARCH Venture Fund VIII, L.P.",19954,2022-09-13,2022-09-20,2022-09-20,same-day,0,7,-0.3331700394374672,-0.17168970080808893,-0.10981911468234838,-0.3331700394374672,5,-0.3331700394374672,-0.17168970080808893,0.16424404175147572,10.582329905166949,5.0,24.7,-1.8064018977610767,2022Q3,-0.3731252858732785,activist_hf,28
0001013762-23-006983,0001811856,0001811785,"CF Finance Holdings II, LLC",19955,2023-10-16,2023-10-26,2023-10-26,same-day,0,10,0.01416843040349601,0.04399868829722755,-0.7222367196939629,0.08406976503573398,8,0.01416843040349601,0.04399868829722755,0.1921768219911002,9.786788554099026,8.0,6.0,-1.6493393828963459,2023Q4,-0.14162677019662137,activist_hf,32
0001193125-25-285070,0001800315,0001802528,Fairmount Funds Management LLC,19965,2025-11-10,2025-11-17,2025-11-17,same-day,1,7,2.8856672383921866,-0.32615415419963717,2.203130607081352,2.8856672383921866,5,2.8856672383921866,-0.32615415419963717,0.4979583043530196,8.975746515409465,4.0,19.99,-0.6972389316614739,2025Q4,-1.0513881803432032,other,28
0000895345-23-000577,0001472012,0001996276,"Immunome Aggregator, LP",19969,2023-10-02,2023-10-12,2023-10-12,same-day,0,10,-0.09255792539140356,0.14023920234170092,-0.030641144855080335,-0.09618826200180014,8,-0.09255792539140356,0.14023920234170092,0.2096679544393697,11.406854808333085,7.0,8.1,-1.5622301689684948,2023Q4,-0.17149538119344376,activist_hf,28
0001493152-25-014571,0001760903,0002085856,Lucky Dog Holdings,19973,2025-08-19,2025-09-23,2025-09-23,same-day,1,35,-0.7686484269952006,-0.11477956340646793,0.7892247579008961,-0.26982608279120435,24,-0.7686484269952006,-0.11477956340646793,0.05136592743619822,11.066414118451027,24.0,19.99,-2.9687802166763064,2025Q3,-0.2614980002724261,other,28
0002081456-25-000001,0001533743,0002081456,HX Entertainment Ltd,19985,2025-08-05,2025-08-13,2025-08-13,same-day,1,8,-0.007733174204685736,0.0033941933482245987,-0.02438434951258435,0.0003357814487640748,6,-0.007733174204685736,0.0033941933482245987,0.09982740232456848,9.066592395913561,6.0,10.9,-2.3043125609623534,2025Q3,-0.4951133109394035,corporate,28
0001193805-23-000359,0001689548,0001848809,Velan Capital Investment Management LP,19986,2023-03-08,2023-03-20,2023-03-20,same-day,0,12,0.01980350290326642,-0.10214430011784602,-0.4319966007177888,0.11220533877519517,8,0.01980350290326642,-0.10214430011784602,0.03155806522455253,11.87892488058679,8.0,9.9,-3.455926089555645,2023Q1,0.42566743213118385,activist_hf,28
0000947871-25-000841,0001680367,0001055951,ORBIMED ADVISORS LLC,19994,2025-08-25,2025-09-02,2025-09-02,same-day,1,8,0.01972617243164248,0.2916392193810123,0.2809083729437173,0.01972617243164248,5,0.01972617243164248,0.2916392193810123,0.4518752924650843,10.806492214159512,5.0,9.99,-0.7943490388436814,2025Q3,-1.0259903134272608,activist_hf,28
0000807249-22-000142,0001807765,0001820063,"PMV Consumer Acquisition Holding Company, LLC",20098,2022-10-17,2022-11-03,2022-11-03,same-day,0,17,-0.07775661582156614,,-0.025881465932737355,-0.0017867969195801282,13,-0.07775661582156614,,0.04586912117372982,12.272416177280506,13.0,67.1,-3.0819631296206915,2022Q4,0.09066406370887549,activist_hf,67
0001104659-22-067106,0001820872,0001566491,Apollo Principal Holdings III GP Ltd,20114,2022-05-27,2022-06-01,2022-06-01,same-day,0,5,0.1111203472519811,0.17988804332691086,-0.031156549247940025,0.08087643411481116,2,0.1111203472519811,0.17988804332691086,0.0006968908789453494,13.58270258117206,2.0,50.0,-7.26888171764484,2022Q2,1.2700196538390622,corporate,47
0001441449-25-000008,0001820872,0001441449,Qatar Investment Authority,20114,2025-09-09,2025-10-02,2025-10-02,same-day,1,23,-0.037484130000877254,-0.011702369444528384,0.2309987206284794,-0.01577354690470694,17,-0.037484130000877254,-0.011702369444528384,0.0025973118812890037,15.171353340436337,17.0,16.6,-5.953278260601435,2025Q3,0.7877997822771334,other,47
0000950103-23-014029,0001819516,0001994757,CK Wheels LLC,20115,2023-09-20,2023-09-26,2023-09-26,same-day,0,6,-0.02699382965369828,0.013223977595834192,1.0189940932998793,-0.0969244167696971,4,-0.02699382965369828,0.013223977595834192,0.06296659901716072,11.3078300615765,4.0,36.3,-2.7651508675134915,2023Q3,0.14410282542773153,activist_hf,45
0001214659-25-004427,0001804591,0001946012,Zentree Investments Ltd,20134,2025-03-12,2025-03-17,2025-03-17,same-day,1,5,0.21841362234038436,0.045601918776605674,-0.4891303012904544,0.22952151736015575,3,0.21841362234038436,0.045601918776605674,0.04652663191027948,10.288266162849641,3.0,13.0,-3.067730401082308,2025Q1,-0.2832260123354166,activist_hf,28
0000950142-24-002417,0001823144,0002037164,Resolute Compo Holdings LLC,20138,2024-09-17,2024-09-19,2024-09-19,same-day,1,2,0.08808076435338685,0.059451560739674815,0.2671283412442495,0.05742582887480727,2,0.08808076435338685,0.059451560739674815,0.007796470918803938,12.787203655059287,2.0,61.5,-4.854084093978493,2024Q3,0.5667017108626232,activist_hf,61
0000950103-22-013743,0001823466,0001829205,Duddell Street Holdings Ltd,20143,2022-07-29,2022-08-08,2022-08-08,same-day,0,10,-0.06846988978693225,0.07943178665188835,0.008568269263613879,-0.03001785866979327,6,-0.06846988978693225,0.07943178665188835,1.2796960289070072,12.074539255568324,6.0,31.9,0.2466225723128985,2022Q3,-1.1746548741399727,corporate,73
0001493152-22-004590,0001750106,0001261725,Chan Heng Fai Ambrose,20147,2022-02-14,2022-02-14,2022-02-14,same-day,0,0,0.0,0.07432356099926093,-0.08138668683344048,0.0661803282952777,0,0.0,0.07432356099926093,0.031931480242027285,10.261922546677395,0.0,35.3,-3.444162914356383,2022Q1,-0.47509800820555115,other,65
0001213900-22-007741,0001810560,0001287235,TIDMARSH GEORGE F,20163,2022-02-04,2022-02-15,2022-02-16,next-day,0,11,-0.05103018009903274,-0.2801297091684517,-1.188796956013046,0.007679978704317622,8,-0.017239097228431893,0.05148799492058673,1.5231921505280661,10.376646199475164,8.0,14.1,0.4208082317644181,2022Q1,-2.134243823194059,other,28
0001193125-25-272844,0001820302,0002062543,Naheta Akshay Sudhir,20179,2025-10-31,2025-11-07,2025-11-07,same-day,1,7,-0.02613137622087751,-0.15636317066200722,1.0501915777390711,-0.02613137622087751,5,-0.02613137622087751,-0.15636317066200722,0.003417901107897841,13.03797378235706,5.0,6.3,-5.678728627446373,2025Q4,0.7892096019900315,other,61
0001019056-25-000220,0001695295,0002059900,Yetter Richard Christopher,20194,2025-10-01,2025-10-14,2025-10-14,same-day,1,13,-0.026558950022398976,-0.06893913328778692,-0.3172193990160287,-0.031249975375614737,9,-0.026558950022398976,-0.06893913328778692,1.1170041124309986,9.545168400484906,8.0,6.55,0.11065020175530746,2025Q4,-1.3498930530113682,other,51
0001193125-22-307453,0001827090,0001541125,ARSENAL CAPITAL PARTNERS III LP,20195,2022-12-08,2022-12-16,2022-12-16,same-day,0,8,-0.04390662810346541,0.048512728794370186,0.31024105171037786,-0.08147025150137888,6,-0.04390662810346541,0.048512728794370186,0.002669185978579422,14.841368377055007,6.0,22.8,-5.925981729990946,2022Q4,1.0834860448959707,activist_hf,73
0001104659-22-111608,0001823766,0001952120,BP Products North America Inc.,20246,2022-10-16,2022-10-26,2022-10-26,same-day,0,10,0.43649054048861075,-0.016213056467548975,-0.021040985252849795,0.4721899749061244,7,0.43649054048861075,-0.016213056467548975,0.001658451026072112,14.170585164045203,7.0,29.9,-6.401871229062231,2022Q4,1.2496149004641366,other,49
0001213900-22-069745,0001759186,0001759065,Bull Horn Holdings Sponsor LLC,20281,2022-10-28,2022-11-07,2022-11-07,same-day,0,10,-0.6609240948340412,-0.3950394065544961,-0.11582248389310243,-0.5408433628354372,6,-0.6609240948340412,-0.3950394065544961,8.39838705669096,10.745100426825779,6.0,21.7,2.128039670351032,2022Q4,-1.7281022767028338,activist_hf,61
0001104659-24-058807,0001823000,0000904548,ERGEN CHARLES W,20286,2024-05-01,2024-05-08,2024-05-08,same-day,1,7,-0.8278496470511525,,-0.0066759908902092584,-0.8278496470511525,5,-0.8278496470511525,,3.8795521009538763,10.016244645944173,5.0,,1.3557197090732296,2024Q2,-1.626492941255202,other,65
0001513162-22-000005,0001750149,0001846823,FiveT Investment Management Ltd,20297,2022-01-10,2022-01-11,2022-01-11,same-day,0,1,0.03698413773520249,0.16639938086407438,-0.06950799424691126,0.1971644309773518,1,0.03698413773520249,0.16639938086407438,0.08509337638471338,10.627508204761526,1.0,6.03,-2.464006079749095,2022Q1,-0.895857452115831,other,28
0001513162-23-000013,0001750149,0001846823,FiveT Investment Management Ltd,20297,2023-01-25,2023-01-31,2023-01-31,same-day,0,6,-0.23956204024755262,0.09751805697216717,0.27691572159405214,-0.2417616211254395,4,-0.23956204024755262,0.09751805697216717,1.6641434759137763,9.709185920350563,4.0,4.12,0.5093105621878592,2023Q1,-1.0643020475538574,other,28
0001213900-22-049693,0001819493,0001878366,Aljomaih Automotive Co.,20310,2022-08-09,2022-08-19,2022-08-19,same-day,0,10,-0.13788378604099247,-0.04525923967131247,-0.1382924124735429,-0.04442265378438658,8,-0.13788378604099247,-0.04525923967131247,0.03978784814700562,12.610077487969209,8.0,15.9,-3.224193736251841,2022Q3,0.18040056105071578,other,37
0001213900-23-071415,0001646188,0001990211,"Charles & Potomac Capital, LLC",20312,2023-08-20,2023-08-29,2023-08-29,same-day,0,9,-0.1332579362644408,0.0506223262525941,0.20756134703698154,-0.12936466065722624,6,-0.1332579362644408,0.0506223262525941,0.15724259901547716,10.972843689825966,6.0,15.21,-1.8499654495935889,2023Q3,-0.16290361215770469,activist_hf,36
0001104659-22-008244,0001671858,0001734819,"U.S. Venture Partners XII, L.P.",20318,2021-12-13,2022-01-27,2022-01-27,same-day,0,45,-0.0041047110379273805,0.011878718547935652,0.07168844909702668,0.07510232098681208,31,-0.0041047110379273805,0.011878718547935652,0.00838747456055634,12.414035632936965,30.0,0.3,-4.781015809707554,2021Q4,-0.19133795343692153,activist_hf,28
0001104659-23-097323,0001671858,0001346824,"RA CAPITAL MANAGEMENT, L.P.",20318,2023-08-29,2023-08-31,2023-08-31,same-day,0,2,0.005281011434897978,-0.0014609129371549912,0.035305273789269405,0.005107684997778797,2,0.005281011434897978,-0.0014609129371549912,0.00802233551025227,13.412073871217807,2.0,7.07,-4.8255256887426885,2023Q3,0.8352724196658105,activist_hf,28
0001104659-22-059185,0001822966,0001551322,Japan Bank for International Cooperation,20325,2022-05-02,2022-05-12,2022-05-12,same-day,0,10,0.0795828998503881,-0.07227735656427682,-0.017835647751602922,0.11018001973745278,8,0.0795828998503881,-0.07227735656427682,0.0013967232558389367,12.336793843253183,8.0,8.7,-6.573626317229889,2022Q2,1.0009651547652225,other,34
0001981820-23-000005,0001826000,0001981820,Siminoff James W,20330,2023-07-03,2023-07-13,2023-07-13,same-day,0,10,0.20049377007582145,0.29461532173355603,0.1653936480495313,-0.042566864149551055,7,0.20049377007582145,0.29461532173355603,0.15159333788110918,12.125903046472933,7.0,10.9,-1.8865537521147613,2023Q3,-0.15062976666762445,other,50
0001104659-24-108596,0001818844,0002040446,Sealbond Ltd,20331,2024-10-07,2024-10-15,2024-10-15,same-day,1,8,0.1797905344457135,0.11748595965977426,-0.22127378865330666,0.09422561639039606,6,0.1797905344457135,0.11748595965977426,0.3808857114238481,8.371808973629092,5.0,15.9,-0.9652559188715875,2024Q4,-0.6864204329065309,corporate,28
0002049575-25-000002,0001716166,0002049575,V-CO Investors LLC,20332,2025-06-09,2025-06-16,2025-06-16,same-day,1,7,-0.03565803586087487,0.02483274098891556,-0.17624440965297228,-0.03565803586087487,5,-0.03565803586087487,0.02483274098891556,0.15067685981763265,9.53967289568315,5.0,19.9,-1.892617736449567,2025Q2,-0.46214936674192725,activist_hf,38
0001214659-24-014893,0000356037,0000925974,NERGES JOSEPH R,20336,2024-08-19,2024-08-19,2024-08-19,same-day,1,0,0.0,0.066289183746832,-0.10048360251421612,-0.054071355625646314,0,0.0,0.066289183746832,0.05721950929273645,11.761486283322512,0.0,14.13,-2.860860367196728,2024Q3,0.04481460935006819,other,73
0001213900-22-005519,0001823587,0001494582,BOSTON OMAHA Corp,20338,2022-01-25,2022-02-04,2022-02-04,same-day,0,10,-0.30533999011368135,0.018765734928976808,-0.028342526704358953,-0.25252745466351534,8,-0.30533999011368135,0.018765734928976808,0.03005484761828603,11.808264051368736,8.0,93.2,-3.5047313125991555,2022Q1,-0.4490973472262538,corporate,65
0001493152-24-030252,0001812360,0000931059,"Rennova Health, Inc.",20358,2024-07-17,2024-08-05,2024-08-05,same-day,1,19,-0.10430190396423787,-0.11148580619896059,-0.17608556858274976,-0.07319243554208692,13,-0.10430190396423787,-0.11148580619896059,0.26981666643545027,8.135677981129712,13.0,7.63,-1.310012563819671,2024Q3,-0.36124490826281924,other,87
0000921895-25-000634,0001821769,0001943408,Singh Ranbir,20381,2025-02-20,2025-02-27,2025-02-27,same-day,1,7,-0.1389450234044733,0.03876785328101345,-0.13346081340291294,-0.1389450234044733,5,-0.1389450234044733,0.03876785328101345,0.004276083500202682,13.25617723013324,5.0,13.4,-5.454717758366717,2025Q1,0.5935408122477078,other,36
0000895345-22-000454,0001823575,0001476881,"Corbin Opportunity Fund, L.P.",20403,2022-05-04,2022-05-16,2022-05-16,same-day,0,12,-0.0145205028566622,0.002371527842335377,0.0006285260437802056,-0.012366755646475235,8,-0.0145205028566622,0.002371527842335377,0.014053495464345764,12.073041127947302,8.0,43.3,-4.26488412664694,2022Q2,0.10751294539411058,activist_hf,73
0001731122-22-001839,0001800637,0001952456,Beginin Marc,20412,2022-10-26,2022-11-03,2022-11-03,same-day,0,8,-0.07442730486902344,-0.09379818712356208,0.5779928895928534,0.018046000872251788,6,-0.07442730486902344,-0.09379818712356208,0.14815564142611337,8.80537513890967,6.0,9.9,-1.9094919265372794,2022Q4,-0.3186353630172877,other,07
0001213900-24-007418,0001800637,0002009461,Chan I-Tseng Jenny,20412,2024-01-25,2024-01-29,2024-01-29,same-day,0,4,-0.15334262598001594,0.07843450533038007,0.04475817359774552,0.15080085342936617,2,-0.15334262598001594,0.07843450533038007,2.100751584444145,7.497828217257295,2.0,49.99,0.7422951780537509,2024Q1,-1.3246947501126065,other,07
0001829126-25-008948,0001826600,0002092344,Aktiv Investment Management (Pty) Ltd,20438,2025-11-03,2025-11-10,2025-11-10,same-day,1,7,-0.052340073389283565,0.1696613551290513,0.10660283378930395,-0.052340073389283565,5,-0.052340073389283565,0.1696613551290513,0.11199012921577663,12.608882230856683,5.0,15.7,-2.18934454357289,2025Q4,-0.5000739253694407,activist_hf,49
0001493152-23-003058,0001821175,0001840255,"Motorsport Network, LLC",20439,2023-01-30,2023-01-31,2023-01-31,same-day,0,1,-0.07761977354143179,7.755280432353283,0.41699290421399415,7.0803271246217845,1,-0.07761977354143179,7.755280432353283,1.7020607479311152,8.267541380221232,1.0,61.2,0.5318397216006717,2023Q1,-1.0727675599245479,activist_hf,73
0001641172-25-010857,0001821175,0002067154,Sharp Arrow Global Tech Ventures L.P.,20439,2025-04-11,2025-05-15,2025-05-15,same-day,1,34,1.6971251699827337,0.14082715485433575,-0.14903721440891515,1.7870865056315384,23,1.6971251699827337,0.14082715485433575,1.2298109802164432,7.993322854129438,24.0,26.8,0.20686048295439385,2025Q2,-1.2038596617523565,activist_hf,73
0000947871-22-001102,0001828016,0001841085,Chau On,20447,2022-10-11,2022-10-26,2022-10-26,same-day,0,15,-0.09439252052650798,0.02098614735954599,0.06489160420272562,-0.04225148799682842,11,-0.09439252052650798,0.02098614735954599,0.0012939125937309593,15.244989879599993,11.0,22.7,-6.650084632533416,2022Q4,1.3362640253887668,other,73
0001213900-22-078879,0001821075,0001956924,"Lake Street Landlords, LLC",20448,2022-11-29,2022-12-12,2022-12-13,next-day,0,13,-1.3781454616745805,-0.3025956669052067,0.025092945555131377,-0.3742530295284335,10,-1.0739850706279412,-0.7492930003406462,2.1059361156403074,12.370527200495705,10.0,51.43,0.7447600787978897,2022Q4,-1.2452114881395404,activist_hf,65
0000921895-23-002791,0001824403,0001929389,Irenic Capital Management LP,20451,2023-12-12,2023-12-20,2023-12-20,same-day,0,8,0.1398685278530135,0.0014437988049085162,0.0019255552385437375,0.14158643762836542,6,0.1398685278530135,0.0014437988049085162,0.060847404692064996,12.857567069916275,6.0,5.1,-2.799386111369188,2023Q4,0.252709222656838,activist_hf,79
0001140361-23-056642,0001701963,0002003068,Cronus Equity Capital Group LLC,20462,2023-11-22,2023-12-07,2023-12-07,same-day,0,15,0.23741789676967287,0.04774059848641077,-0.0018654431811641857,0.4122420281688354,10,0.23741789676967287,0.04774059848641077,0.7842315772855467,8.231147113328927,10.0,40.0,-0.2430509230568254,2023Q4,-0.6238247038280417,activist_hf,73
0000921895-22-003251,0001110611,0001524362,"Indaba Capital Management, L.P.",20465,2022-12-13,2022-12-20,2022-12-20,same-day,0,7,0.09905655831954066,-0.02402942854202374,-0.011743644558847827,0.09905655831954066,5,0.09905655831954066,-0.02402942854202374,0.008762782806749064,12.822453165060953,5.0,8.8,-4.737241752477587,2022Q4,0.668507331522764,activist_hf,73
0001493152-24-022820,0001830210,0001606598,"iSelect Fund Management, LLC",20552,2024-06-05,2024-06-05,2024-06-05,same-day,1,0,0.0,0.052019950561850076,-0.019788510998332967,0.01916081076611431,0,0.0,0.052019950561850076,0.34352990389485727,10.553415074809285,0.0,7.6,-1.0684811146464603,2024Q2,-0.7325967525603371,activist_hf,20
0001068238-23-000119,0001601485,0001977769,"GKCC, LLC",20567,2023-06-01,2023-06-14,2023-06-14,same-day,0,13,0.6865550247441553,-0.1029837078152491,0.17019624993450283,0.6454745076160323,9,0.6865550247441553,-0.1029837078152491,3.3636126665755377,10.261241713910172,9.0,8.4,1.2130155947488999,2023Q2,-1.1454633440775484,activist_hf,28
0001346824-25-000015,0001833214,0001346824,"RA CAPITAL MANAGEMENT, L.P.",20576,2025-09-26,2025-10-03,2025-10-03,same-day,1,7,-0.05375950681810092,0.14716567833425867,0.12927321520048696,-0.05375950681810092,5,-0.05375950681810092,0.14716567833425867,0.5168097382781092,10.154836369114639,5.0,9.9,-0.660080483273886,2025Q3,-1.0731968103161738,activist_hf,28
0001214659-22-009064,0001665988,0001794034,"Juniper Investment Company, LLC",20581,2022-07-11,2022-07-21,2022-07-21,same-day,0,10,0.020884114072299113,0.002793309667750118,-0.12936753840343024,-0.004534181335550835,8,0.020884114072299113,0.002793309667750118,0.01565531839674774,13.037539859849298,8.0,5.3,-4.156944586068351,2022Q3,0.5445595934961002,activist_hf,38
0001104659-23-093555,0001656536,0000872589,"REGENERON PHARMACEUTICALS, INC.",20588,2023-08-08,2023-08-18,2023-08-18,same-day,0,10,0.8264186396900571,0.013813171417727034,-0.4041195871923455,0.830151712413561,8,0.8264186396900571,0.013813171417727034,0.5280731635256654,11.15773984001663,8.0,8.3,-0.6385204375919777,2023Q3,-0.569292754929002,other,28
0001213900-23-070958,0001817232,0001937147,"Funicular Funds, LP",20591,2023-08-16,2023-08-25,2023-08-25,same-day,0,9,0.002186455776051362,-0.0005142985591039355,0.002818466147183475,0.0010527082115390435,7,0.002186455776051362,-0.0005142985591039355,11.268679161574111,9.381540312229626,7.0,8.3,2.4220271216778837,2023Q3,-1.595978478755162,activist_hf,28
0001213900-22-073206,0001817153,0001826789,IBIS Capital Sponsor II LLC,20592,2022-11-15,2022-11-16,2022-11-16,same-day,0,1,0.00512548243304493,0.0064594748909038106,0.008945163856062775,0.004755157635432151,1,0.00512548243304493,0.0064594748909038106,15.356977212102944,10.08035425864712,1.0,40.3,2.7315699122655874,2022Q4,-1.9387893975275454,activist_hf,67
0001641172-25-016813,0001419275,0002073859,S8 Global Fintech & Regtech Fund,20600,2025-06-23,2025-06-27,2025-06-27,same-day,1,4,-0.01724029249334013,0.015737616397481183,0.4808850308795962,0.0274006579745465,4,-0.01724029249334013,0.015737616397481183,1.1714766970222517,8.661378380275414,4.0,21.34,0.15826508719489138,2025Q2,-1.1866917268855868,activist_hf,87
0001140361-22-046690,0001826667,0001352851,Magnetar Financial LLC,20612,2022-12-12,2022-12-22,2022-12-23,next-day,0,10,0.002267861501166023,0.0016520226117700235,0.015757926996773662,0.03481821470353332,9,0.0012901392928303464,-0.03580185540808199,2.8609247731662726,12.449018824140563,9.0,58.66,1.0511449198272365,2022Q4,-1.352167752362583,activist_hf,38
0001193805-22-001110,0001829802,0001845711,Apeiron Investment Group Ltd.,20630,2022-07-14,2022-07-19,2022-07-20,next-day,0,5,-0.06710612735847127,-0.012698095737377752,0.42469697541279455,-0.030718081371248984,4,-0.03837637461889852,-0.008345169702646767,0.22386702074358647,11.134703324287162,4.0,11.2,-1.4967030608061234,2022Q3,-0.4940360616041851,activist_hf,28
0000921895-23-002454,0001829802,0001569241,"Newtyn Management, LLC",20630,2023-10-25,2023-11-03,2023-11-03,same-day,0,9,0.38293715863734423,-0.07583016270507831,0.029871123953193413,0.26500033944089324,7,0.38293715863734423,-0.07583016270507831,2.5919721362669517,9.748028934397016,7.0,6.5,0.9524190285352383,2023Q4,-1.0337357262380027,activist_hf,28
0001193125-22-048712,0001820566,0001907719,Kallery David S,20636,2022-02-11,2022-02-22,2022-02-22,same-day,0,11,6.2175961490497915,-0.7592115914926396,-0.039847057025464094,6.721399342503291,6,6.2175961490497915,-0.7592115914926396,0.36808468295782937,12.025629323747992,6.0,11.0,-0.9994422505527685,2022Q1,-1.5245620028428133,other,67
0000950103-24-012337,0001820566,0001939800,One Planet Group LLC,20636,2024-08-12,2024-08-16,2024-08-16,same-day,1,4,-0.13745734567315143,0.3588578783745594,0.5710476522208707,0.27060315382531946,4,-0.13745734567315143,0.3588578783745594,1.2825463769085255,9.713311429239914,4.0,23.6,0.24884745874116593,2024Q3,-0.7694022705834141,activist_hf,67
0001140361-23-059291,0001826011,0002003684,Davy Joseph P.,20638,2023-12-14,2023-12-26,2023-12-26,same-day,0,12,-0.9704658963647654,-0.45425073947462824,0.0816094974376203,-0.8856177653509996,7,-0.9704658963647654,-0.45425073947462824,2.1926136300176333,10.54346336043358,7.0,15.5,0.7850942706111571,2023Q4,-0.9763622535682654,activist_hf,73
0001753926-25-000669,0001826011,0002003690,Alco Investment Co,20638,2025-04-21,2025-04-23,2025-04-23,same-day,1,2,-0.033910542137616836,-0.020081796020237474,0.24372355075381985,-0.09033611093070892,2,-0.033910542137616836,-0.020081796020237474,0.06776147497613065,9.622365250998067,2.0,17.8,-2.6917614612227907,2025Q2,-0.17982534814574616,activist_hf,73
0001415889-25-001009,0001817229,0002050755,Reprogrammed Interchange LLC,20641,2024-12-30,2025-01-07,2025-01-07,same-day,1,8,0.3990450236563214,0.27923244605363723,0.1708413253032271,0.3990450236563214,5,0.3990450236563214,0.27923244605363723,0.0973712675893341,11.003022915040468,5.0,31.3,-2.3292241058022634,2024Q4,-0.2742910212797511,activist_hf,28
0001213900-22-061282,0001822145,0001945017,Suri Rajat,20645,2022-09-21,2022-10-03,2022-10-03,same-day,0,12,-0.8848340108029624,0.030759540445385453,-0.5016485084044486,-0.6268653879499986,8,-0.8848340108029624,0.030759540445385453,0.0515086949697914,10.39974355292593,8.0,12.26,-2.9660046511984826,2022Q3,0.07959991592722337,other,73
0000014693-24-000036,0001835256,0000014693,BROWN FORMAN CORP,20654,2024-04-30,2024-05-01,2024-05-01,same-day,1,1,0.01034534052119611,-0.04336651694734064,0.025297602606894877,-0.07512678977122941,1,0.01034534052119611,-0.04336651694734064,0.0017924407014532657,13.785659093601348,1.0,21.5,-6.324177067514263,2024Q2,1.205380718299062,corporate,20
0000935836-22-000298,0001807120,0001792126,Logos Global Management LP,20662,2022-03-21,2022-03-31,2022-03-31,same-day,0,10,-0.2646695917527776,0.08654648807862013,0.4649244392741707,-0.20166472191125684,8,-0.2646695917527776,0.08654648807862013,0.02031243589788695,13.785354397339733,8.0,5.0,-3.896521974693495,2022Q1,-0.28091036398891944,activist_hf,28
0001104659-23-031762,0001823584,0001958592,Ogilvie Bruce A Jr,20665,2023-02-10,2023-03-13,2023-03-13,same-day,0,31,-0.138458176556127,,-0.10040949376825799,-0.138458176556127,20,-0.138458176556127,,0.11667996615986956,11.56712951898374,20.0,,-2.148320424007774,2023Q1,-0.06567588587050834,other,50
0000902664-22-003109,0000730255,0001841077,"B. Riley Asset Management, LLC",20670,2022-05-12,2022-05-26,2022-05-26,same-day,0,14,0.34014609433689613,0.06662342135279256,-0.09471820150306784,0.19666245436951502,10,0.34014609433689613,0.06662342135279256,0.017895414468088067,12.143463887867421,10.0,3.76,-4.023210773920987,2022Q2,0.013988604816002295,other,36
0001213900-22-007992,0001828536,0001910249,Helena Special Investments LLC,20721,2022-02-11,2022-02-16,2022-02-16,same-day,0,5,0.004649725960419217,0.17714269774380373,0.0016929735209934935,0.12402266053216118,3,0.004649725960419217,0.17714269774380373,0.0017715573972194936,12.566976136548869,3.0,7.3,-6.335896233833927,2022Q1,0.7662585385022973,activist_hf,36
0001213900-23-010325,0001830795,0001937147,"Funicular Funds, LP",20724,2023-02-01,2023-02-10,2023-02-10,same-day,0,9,-0.001075028221764971,-0.0014896245223067679,0.011329095636163682,-0.0010064243863781787,7,-0.001075028221764971,-0.0014896245223067679,0.03805251213587553,12.448353033923986,7.0,9.35,-3.268788174885977,2023Q1,0.3553488595367567,activist_hf,67
0001594543-24-000003,0001826681,0001594543,KERBER WILLIAM XAVIER III,20726,2024-02-27,2024-03-05,2024-03-05,same-day,1,7,0.6891645457560581,0.44652640530489307,0.0028740672925212166,0.6891645457560581,5,0.6891645457560581,0.44652640530489307,0.8185176296033733,9.52438147265427,5.0,8.1,-0.20026034348614025,2024Q1,-1.003837533432909,other,73
0001104659-23-043681,0001830188,0001968256,O'Grady Clive R.G.,20780,2023-03-30,2023-04-10,2023-04-10,same-day,0,11,0.16191245839518909,0.02202213755796754,0.6260220745475638,0.12972405564503212,6,0.16191245839518909,0.02202213755796754,0.8449916508195486,13.13520062620582,7.0,,-0.1684285323607022,2023Q1,-0.8096361461825685,other,15
0001072613-22-000039,0001828972,0001452907,NEW ENTERPRISE ASSOCIATES 13 LP,20787,2021-12-03,2022-01-13,2022-01-14,next-day,0,41,-0.7526741874503986,-0.05355592613034287,-0.0005674023881083517,-0.4811986906144706,29,-0.715933285243712,-0.029622413605208432,0.009719772985432536,12.594678837370296,28.0,13.8,-4.633593016190707,2021Q4,-0.2708940536559751,activist_hf,48
0002007997-24-000008,0001828972,0001635075,Ramaswamy Vivek,20787,2024-05-14,2024-05-21,2024-05-21,same-day,1,7,0.14853041270910677,0.3023750404723341,0.004833892366142109,0.14853041270910677,5,0.14853041270910677,0.3023750404723341,0.11474785502961438,11.07970265167101,5.0,7.7,-2.1650181227685708,2024Q2,-0.3282613349940554,other,48
0000897069-23-000695,0001822691,0001761971,"Series Greenlight, a separate series of BlueIO Growth LLC",20788,2023-05-29,2023-06-07,2023-06-07,same-day,0,9,0.504123306422526,0.018973419733834478,-0.5789069663570275,0.5008098336599258,6,0.504123306422526,0.018973419733834478,0.36571904541683337,10.20468599096321,6.0,0.38,-1.0058898758368804,2023Q2,-0.4285780297665094,activist_hf,28
0001140361-25-002093,0001829280,0001847923,Wygod Max C,20794,2025-01-17,2025-01-27,2025-01-27,same-day,1,10,0.0673510617827417,-0.014138655197755909,0.05552070626017943,0.0673510617827417,5,0.0673510617827417,-0.014138655197755909,0.6548186072737845,11.05993705238691,5.0,13.7,-0.42339701716046174,2025Q1,-1.254518875318126,other,73
0000921895-24-002833,0001819395,0002044859,Gupta Prashant,20801,2024-11-06,2024-11-27,2024-11-27,same-day,1,21,0.4291588201763995,-0.04895251900363262,-0.5622598475620865,0.5795940536505897,15,0.4291588201763995,-0.04895251900363262,0.20701646098321028,10.361854360853437,14.0,4.9,-1.5749569672204267,2024Q4,-0.5021963896099777,other,70
0001493152-24-027836,0001831979,0002028166,CORTEGOSO PABLO,20805,2024-07-08,2024-07-15,2024-07-15,same-day,1,7,-0.35939286618358934,0.36869019089667787,0.008162623432714632,-0.35939286618358934,5,-0.35939286618358934,0.36869019089667787,31.566337225014856,13.179196141559508,5.0,9.85,3.4520912750918984,2024Q3,-1.6081097414464351,other,33
0002091067-25-000002,0001831979,0002091067,ZHANG DINGJUN,20805,2025-08-26,2025-10-15,2025-10-15,same-day,1,50,1.0182107710174573,0.1337630678861625,0.12450343310972334,-0.022893479293674916,35,1.0182107710174573,0.1337630678861625,0.08678793158458863,10.403962795439615,34.0,10.1,-2.444287704026288,2025Q3,-0.44590047679866557,other,33
0001373604-25-000088,0001835579,0001373604,"BML Investment Partners, L.P.",20816,2025-06-16,2025-06-16,2025-06-16,same-day,1,0,0.0,0.005680143703206807,0.1976615295471007,0.0018870318175256973,0,0.0,0.005680143703206807,0.3149546036704753,11.155880452564608,0.0,8.5,-1.1553267658739408,2025Q2,-0.7226218490187024,activist_hf,28
0001213900-23-026269,0001826671,0001949690,Mathews Anil,20818,2023-03-23,2023-04-03,2023-04-03,same-day,0,11,-0.9902221438398874,0.39644053598854123,0.0036885217855114824,-0.9391242442280119,7,-0.9902221438398874,0.39644053598854123,4.122623799293903,11.627174262558354,7.0,11.0,1.416489805150849,2023Q1,-1.4051819251834334,other,73
0001104659-22-083748,0001828852,0001531211,"MONDEE HOLDINGS, LLC",20820,2022-07-18,2022-07-28,2022-07-28,same-day,0,10,-0.5782939027943943,0.19981014316377946,-0.044936670094945,-0.5444621938736739,8,-0.5782939027943943,0.19981014316377946,2.789039743966119,13.547468367540237,8.0,,1.0256973588005835,2022Q3,-1.478816613049951,activist_hf,47
0000078003-22-000045,0001832168,0000078003,PFIZER INC,20834,2022-03-11,2022-03-21,2022-03-21,same-day,0,10,0.17702845009207882,0.07838702523021127,0.145866420100861,0.13236140587760764,6,0.17702845009207882,0.07838702523021127,0.591562858929736,10.98466947786356,6.0,23.1,-0.5249873308300498,2022Q1,-1.7282349061318183,corporate,28
0000897069-22-000602,0001831868,0001842514,"LMFAO Sponsor, LLC",20841,2022-10-28,2022-11-07,2022-11-07,same-day,0,10,-0.4494873572889516,-0.21052228129241363,-0.2882391149375109,-0.2842379579337258,6,-0.4494873572889516,-0.21052228129241363,5.780049940284652,11.369216744302053,6.0,45.1,1.754412322834616,2022Q4,-1.5976722424763927,activist_hf,38
0001493152-23-005654,0001836100,0001843478,Goal Acquisitions Sponsor LLC,20864,2023-02-10,2023-02-21,2023-02-21,same-day,0,11,-0.002150840037914672,-0.00042902759919261177,0.007723475359726484,-0.002962609311615377,6,-0.002150840037914672,-0.00042902759919261177,0.9673771819335838,12.729554776732341,6.0,42.4,-0.03316680587413631,2023Q1,-0.860461824933892,activist_hf,67
0001213900-23-079675,0001833498,0001331984,SPANGENBERG ERICH,20867,2023-09-11,2023-09-27,2023-09-28,next-day,0,16,-1.00922496143728,-0.32973747329281555,-0.045777951235448366,-0.8985218862951597,13,-0.966976896717546,-0.18770495863736497,0.7665744716166173,8.489904211178567,13.0,32.68,-0.26582342737725523,2023Q3,-0.6943170168592538,other,38
0001104659-22-026725,0001839412,0001418119,Weinberg Andrew S.,20869,2022-02-14,2022-02-24,2022-02-24,same-day,0,10,-0.8717863444081093,-0.061590933211220604,0.0013587822001705104,-0.7015552780225758,7,-0.8717863444081093,-0.061590933211220604,0.43791183772468206,11.902817743561553,7.0,61.7,-0.825737672599583,2022Q1,-1.599129499638911,other,16
0000104169-22-000040,0000104169,0000104169,Walmart Inc.,20876,2022-06-07,2022-06-17,2022-06-17,same-day,0,10,1.0077936618302656,0.01266758636286329,-0.07780611294960343,0.7351428387501538,8,1.0077936618302656,0.01266758636286329,0.012860186159061216,12.621411513903288,8.0,62.2,-4.353619084456192,2022Q2,0.14185218189548476,corporate,53
0000950170-25-090208,0001837240,0002074752,RBC Millennium GST Non-Exempt Trust,20876,2025-06-12,2025-06-26,2025-06-26,same-day,1,14,0.18008592694907544,0.12062098421756802,0.11601709748467792,0.2411396108912899,9,0.18008592694907544,0.12062098421756802,0.0011065388523644772,14.994680744649505,9.0,60.3,-6.80651828624327,2025Q2,1.273848936433669,other,35
0001193125-22-287802,0001820190,0000850261,"Sorrento Therapeutics, Inc.",20884,2022-11-10,2022-11-17,2022-11-17,same-day,0,7,-0.12461728625321061,-0.3886901253662677,-0.15412447154259806,-0.12461728625321061,5,-0.12461728625321061,-0.3886901253662677,0.3146736728867273,11.657489078241568,4.0,96.3,-1.1562191362227656,2022Q4,-0.5815962958174544,other,28
0001193125-22-262610,0001664998,0001855233,KKR Knowledge Investors L.P.,20899,2022-10-11,2022-10-14,2022-10-14,same-day,0,3,0.08641949447534855,-0.04361974937747173,0.23301777685924702,0.08203966056138559,3,0.08641949447534855,-0.04361974937747173,0.002200487809410026,14.460255272190269,3.0,23.4,-6.119076211646662,2022Q4,1.1508936370294274,activist_hf,73
0001213900-22-081010,0001839608,0001845736,"InterPrivate Acquisition Management II, LLC",20945,2022-12-08,2022-12-19,2022-12-19,same-day,0,11,-1.5491146289968545,-0.16319067699383027,-0.10116299601256895,-1.6014156659979992,7,-1.5491146289968545,-0.16319067699383027,0.13961288626893645,12.355906521351692,7.0,,-1.9688817843972972,2022Q4,-0.2979028838642587,activist_hf,75
0001213900-23-040864,0001835817,0001008382,LEDECKY JONATHAN J,20953,2023-03-03,2023-05-17,2023-05-17,same-day,0,75,-0.009680661104922635,0.011717852953802718,-0.002183576331739521,-0.007449282414344625,52,-0.009680661104922635,0.011717852953802718,0.08219384103755781,12.912136051356665,53.0,70.8,-2.498674906277529,2023Q1,0.06597262126796455,other,67
0001213900-23-002117,0001835800,0001842422,Pivotal Investment Holdings III LLC,20960,2022-12-30,2023-01-11,2023-01-12,next-day,0,12,-0.014037818275731983,0.0025288660823048967,0.006380933265948125,-0.01860817037491938,8,-0.01284624150151717,-0.0004997611170885628,0.06227527392468128,12.532148165968824,8.0,76.4,-2.7761908192135984,2022Q4,-0.016078371439405086,activist_hf,67
0001104659-25-032681,0001840780,0001896477,"Live Oak Ventures, LLC",20999,2025-03-31,2025-04-07,2025-04-07,same-day,1,7,1.1876682712336275,0.6191522977565668,-0.03769017986578679,1.1876682712336275,5,1.1876682712336275,0.6191522977565668,1.7150472028850947,9.769055754668441,5.0,26.7,0.5394406037872975,2025Q1,-1.608179769638042,activist_hf,01
0001011438-22-000192,0001835512,0001479501,PREVITE ANTHONY,21002,2022-03-25,2022-04-04,2022-04-04,same-day,0,10,-0.2747556031519179,0.01930139992259888,-0.16111773710253352,-0.33994977225420453,6,-0.2747556031519179,0.01930139992259888,0.0038449951427536274,12.576946308868719,6.0,8.45,-5.560982939288364,2022Q1,0.4336055636114871,other,37
0001193805-23-001392,0001835512,0001551070,SOPHIS INVESTMENTS LLC,21002,2023-10-04,2023-10-12,2023-10-12,same-day,0,8,-0.04262780055428528,-0.08568849029615093,-0.2100246014078216,0.06212322515345155,6,-0.04262780055428528,-0.08568849029615093,0.00965557759736308,11.893277667177161,5.0,8.4,-4.64021954123871,2023Q4,0.883906947300058,activist_hf,37
0001387131-22-003635,0001838359,0001910968,Rigetti Chad,21007,2022-03-02,2022-03-14,2022-03-14,same-day,0,12,-0.3509787322244409,-0.21179754777615112,-0.064403075753656,-0.373365599039452,8,-0.3509787322244409,-0.21179754777615112,0.0014941791083180667,12.651479360731287,8.0,6.0,-6.506178314371433,2022Q1,0.8393568335762208,other,73
0001104659-23-031161,0001836274,0001849044,Atlantic Coastal Acquisition Management LLC,21011,2023-03-02,2023-03-10,2023-03-10,same-day,0,8,0.0020248683491290117,0.002968238176343858,-0.003168955410504814,-0.0020359465927757424,6,0.0020248683491290117,0.002968238176343858,2.90182552774832,12.76223963605183,6.0,69.3,1.0653400312722487,2023Q1,-1.2732345808433756,activist_hf,67
0001104659-25-004203,0001711933,0001503274,Quanterix Corp,21016,2025-01-09,2025-01-16,2025-01-16,same-day,1,7,0.05021164193159451,0.03797542247418276,0.2589417334648052,0.0579899051342818,4,0.05021164193159451,0.03797542247418276,0.11501841731309216,11.70516641154462,5.0,55.9,-2.1626630128929896,2025Q1,-0.6156672619946796,corporate,38
0000950142-25-002245,0001529274,0001017645,"GENERAL ATLANTIC, L.P.",21017,2025-08-13,2025-08-20,2025-08-20,same-day,1,7,0.053579619343515565,0.07794353301707138,-0.2938636313164092,0.053579619343515565,5,0.053579619343515565,0.07794353301707138,0.0007819479034636504,14.591735699766975,5.0,11.6,-7.153722439249848,2025Q3,1.2098551484363573,other,73
0001477932-23-008149,0001843656,0001999769,First Frontier Capital LLC,21018,2023-10-31,2023-11-08,2023-11-09,next-day,0,8,0.4263205759055807,-0.19304279650076014,-0.04454383312218779,0.5536476251076992,7,0.27842616618559396,-0.3631672177933697,1.3405836346686046,8.606145017848846,7.0,8.2,0.29310506739936176,2023Q4,-0.8076655857560522,activist_hf,67
0001104659-25-119019,0001840877,0001213971,TAYLOR GLEN A,21019,2025-12-01,2025-12-08,2025-12-08,same-day,1,7,0.008552809123657527,-0.026639098304343883,0.00888140086989269,0.008552809123657527,5,0.008552809123657527,-0.026639098304343883,0.4096758035931802,10.043159490861044,5.0,44.2,-0.8923891550135289,2025Q4,-0.9792826275348617,other,38
0001213900-24-035479,0001835972,0002009917,Chidambaran Harish,21023,2024-04-16,2024-04-23,2024-04-23,same-day,1,7,-0.3262222691124878,0.04506216722132962,0.25825486417752364,-0.3262222691124878,5,-0.3262222691124878,0.04506216722132962,1.7743881585487726,14.355026846084089,5.0,71.7,0.57345566409574,2024Q2,-1.3380420664281496,other,73
0001104659-23-097805,0001835856,0001991427,"LCG4 Best, L.P.",21025,2023-08-22,2023-09-01,2023-09-01,same-day,0,10,-1.4720745353028846,-0.10971506381802247,2.4876201455972504,-1.3191993387397405,8,-1.4720745353028846,-0.10971506381802247,26.62452008361431,11.095519598922529,8.0,6.3,3.281832598838566,2023Q3,-1.8844072620278536,activist_hf,61
0001213900-22-058958,0001830081,0001947700,Arsov Robert,21029,2022-09-16,2022-09-26,2022-09-26,same-day,0,10,0.16152248472890957,-0.1120172131943344,0.22388809201349696,0.2478910336212224,6,0.16152248472890957,-0.1120172131943344,0.0010827576217873152,12.815256526262592,6.0,9.4,-6.828244138607945,2022Q3,1.5874724577577306,other,73
0001104659-25-010616,0001830081,0002025889,"Tether Holdings, S.A. de C.V.",21029,2025-02-07,2025-02-07,2025-02-07,same-day,1,0,0.0,-0.083419039032221,-0.36496928006782836,-0.17530502530918954,0,0.0,-0.083419039032221,0.0015677392540429285,14.20135470787343,0.0,32.6,-6.458120662946438,2025Q1,0.9621017833567913,corporate,73
0001493152-24-029319,0001838163,0002016262,"October 3rd Holdings, LLC",21034,2024-07-26,2024-07-26,2024-07-26,same-day,1,0,0.0,0.01259054068372906,-0.35516815697640797,-0.3560458973177506,0,0.0,0.01259054068372906,0.32061716850285316,11.562090416041132,0.0,24.4,-1.1375074890775112,2024Q3,-0.4064120273592544,activist_hf,73
0001213900-23-003206,0001834342,0001961570,Red Dawn Capital LLC,21043,2022-12-31,2023-01-18,2023-01-18,same-day,0,18,-0.05773264225928338,-0.012582301353013556,0.009138328135133808,-0.03092547737070717,10,-0.05773264225928338,-0.012582301353013556,1.834451992758591,11.747088953122944,10.0,51.97,0.6067457953558143,2022Q4,-1.197031910727058,activist_hf,67
0000919574-25-003576,0001819253,0002062000,Roystone Management Holdings LLC,21061,2025-06-05,2025-06-12,2025-06-12,same-day,1,7,0.12472332669933245,-0.07152208690197563,-0.048222762556013724,0.12472332669933245,5,0.12472332669933245,-0.07152208690197563,0.057255149840987646,11.598566870644207,5.0,14.0,-2.860237687038997,2025Q2,-0.12030553508102278,activist_hf,28
0001140361-23-044177,0001445499,0001403528,"Oaktree Capital Group, LLC",21065,2023-09-05,2023-09-15,2023-09-15,same-day,0,10,0.5939634264204028,-0.19621567706729287,-0.7720262909384739,-0.05959836735344361,8,0.5939634264204028,-0.19621567706729287,1.046542323093159,9.33106574138669,8.0,1.4,0.04549170460229851,2023Q3,-0.7987502254354065,activist_hf,28
0001193125-22-000669,0001838672,0001901793,"H.I.G. Growth - AdTheorent, LLC",21076,2021-12-22,2022-01-03,2022-01-03,same-day,0,12,-0.47583229976076596,0.09350685337295843,-0.004941205225181171,-0.44549256152891525,7,-0.47583229976076596,0.09350685337295843,0.01225107737088715,12.653227371664443,6.0,39.7,-4.402141397214807,2021Q4,-0.39579596167065795,activist_hf,73
0001214659-23-008178,0001724979,0001191935,TANG CAPITAL PARTNERS LP,21089,2023-05-24,2023-06-01,2023-06-01,same-day,0,8,-0.12373539701354555,0.11972715118508935,0.20881225552871183,-0.12373539701354555,5,-0.12373539701354555,0.11972715118508935,0.02310064698574664,12.4639468447248,5.0,14.1,-3.767894653805627,2023Q2,0.4637721354976266,activist_hf,28
0001214659-23-016861,0001637715,0001191935,TANG CAPITAL PARTNERS LP,21091,2023-11-14,2023-12-26,2023-12-26,same-day,0,42,-0.7646299649975121,0.19373082379949316,-0.131876012514144,-0.032410296893105414,28,-0.7646299649975121,0.19373082379949316,0.04264557001025119,12.379107211412366,28.0,9.996,-3.154831878897505,2023Q4,0.3745869309043676,activist_hf,28
0001636587-25-000027,0001637715,0001766853,"ACORN BIOVENTURES, L.P.",21091,2025-05-15,2025-05-22,2025-05-22,same-day,1,7,0.27505338600508505,-0.027841813593992317,-0.4918330861476866,0.27505338600508505,5,0.27505338600508505,-0.027841813593992317,0.1998856772954693,10.111398880329078,5.0,22.1,-1.6100096893900468,2025Q2,-0.5619900300169894,activist_hf,28
0001140361-22-024010,0001801602,0001934211,Harris Jeffrey Todd,21103,2022-06-14,2022-06-24,2022-06-24,same-day,0,10,-0.5379578014523279,-0.07257371613602476,-0.19994348069647877,-0.34989799921275855,7,-0.5379578014523279,-0.07257371613602476,0.4391851857870978,11.992879425069132,7.0,20.3,-0.8228341193486319,2022Q2,-1.2245141628427003,other,73
0001193125-22-023535,0001839341,0001228160,LEVITT MICHAEL J,21117,2022-01-19,2022-01-31,2022-01-31,same-day,0,12,-0.14027425178859682,0.3009082325852765,-0.19199613777515265,-0.140512651058811,8,-0.14027425178859682,0.3009082325852765,0.002020044492249285,12.70525575751209,8.0,6.92,-6.204635741945607,2022Q1,0.7099113401516908,other,61
0000950142-24-001384,0001496963,0001017645,"GENERAL ATLANTIC, L.P.",21121,2024-05-13,2024-05-20,2024-05-20,same-day,1,7,0.11909717541585273,0.010110618134899914,0.028815916435835448,0.11909717541585273,5,0.11909717541585273,0.010110618134899914,0.0007101121061592542,15.010500940861547,5.0,16.5,-7.2500877043942245,2024Q2,1.5467996227399325,other,73
0000921895-23-000452,0001840292,0001751631,Prime Movers Lab Fund I LP,21198,2023-02-01,2023-02-13,2023-02-13,same-day,0,12,-0.42835245174401193,-0.029946707697887986,0.12485440837153666,-0.11181114891591665,8,-0.42835245174401193,-0.029946707697887986,0.04151322349383582,11.648844292901721,8.0,12.5,-3.1817432640942376,2023Q1,0.32264103606181416,activist_hf,49
0000950103-24-018560,0001846576,0001017918,BAMCO INC /NY/,21210,2024-12-31,2024-12-31,2024-12-31,same-day,1,0,0.0,0.00026960272812202174,0.12555136401679373,-0.05375388664754269,0,0.0,0.00026960272812202174,0.001680766229442356,13.718759254239522,0.0,19.09,-6.388505500590139,2024Q4,0.9522399703455615,other,23
0001062993-24-000525,0001843181,0001510281,"Saba Capital Management, L.P.",21227,2024-01-04,2024-01-05,2024-01-05,same-day,0,1,0.007140154630846688,0.016605615583214942,-0.032759759716557514,0.02067364843531906,1,0.007140154630846688,0.016605615583214942,0.004366103478080807,13.665684531661311,1.0,5.26,-5.433884320246376,2024Q1,0.7777509077317748,activist_hf,
0000950103-22-011303,0001841761,0001846226,Virgin Group Acquisition Sponsor II LLC,21260,2022-06-16,2022-06-27,2022-06-27,same-day,0,11,0.3128131196758449,-0.31277689660509866,-0.08855116255090045,0.31596547286702875,6,0.3128131196758449,-0.31277689660509866,0.019504004046901672,12.806734402901597,6.0,74.9,-3.937135498752386,2022Q2,-0.01932137023677503,activist_hf,59
0001193805-25-000985,0001841761,0001832413,Karp Jason H.,21260,2025-07-08,2025-07-08,2025-07-08,same-day,1,0,0.0,0.2508888291936968,-0.046684904627893105,0.2532650057787862,0,0.0,0.2508888291936968,0.3965647544824493,10.77694280585752,0.0,4.1,-0.9249159360274642,2025Q3,-0.9800852554667815,other,59
0001193805-24-001111,0001850906,0001352546,Flynn James E,21263,2024-09-05,2024-09-12,2024-09-12,same-day,1,7,-0.06900248834390182,1.107835930707846,-0.07081479189302288,-0.06900248834390182,5,-0.06900248834390182,1.107835930707846,1.5527951542896465,9.783623478019662,5.0,6.66,0.44005663224031266,2024Q3,-0.8194666963672674,other,38
0001213900-22-042843,0001842279,0001827111,Comora Mark S,21265,2022-07-21,2022-07-29,2022-07-29,same-day,0,8,0.25639756386114493,-0.024356118353674516,0.03838299345338775,0.2780512131878006,6,0.25639756386114493,-0.024356118353674516,0.016272042457477008,12.46364807720428,6.0,85.7,-4.118306830444024,2022Q3,0.5294748710251594,other,49
0001654954-24-000087,0001842566,0001842566,"Airship AI Holdings, Inc.",21273,2023-12-21,2024-01-02,2024-01-02,same-day,0,12,-1.542282004113595,0.20658138291596606,-0.27499203551468143,-1.4187839087735137,6,-1.542282004113595,0.20658138291596606,85.08813294797169,11.382698321582275,6.0,25.7,4.443687577535551,2023Q4,-2.230846083150431,other,73
0001104659-23-124993,0001839530,0001620179,"Exela Technologies, Inc.",21276,2023-11-29,2023-12-11,2023-12-11,same-day,0,12,0.450035887660731,-0.8623775156654432,0.031488582124472246,1.1591729888335465,8,0.450035887660731,-0.8623775156654432,64.10574547907493,11.400655131411384,8.0,72.3,4.160533992968713,2023Q4,-2.1337564196300183,other,73
0000902664-25-003351,0001839530,0001312908,"Gates Capital Management, Inc.",21276,2025-07-29,2025-08-04,2025-08-04,same-day,1,6,0.49276681854334714,-0.6079418708198085,-0.041276964338449185,0.23111307085860977,4,0.49276681854334714,-0.6079418708198085,2.8696701309632613,10.41625998004936,4.0,27.2,1.0541970862191739,2025Q3,-1.6759070905272475,activist_hf,73
0002035169-24-000001,0001668010,0002035169,Brown Ross Peter,21280,2024-08-19,2024-08-26,2024-08-26,same-day,1,7,-0.19242161111814354,-0.04126172586971208,-0.3567951652602214,-0.19242161111814354,5,-0.19242161111814354,-0.04126172586971208,0.4995339790068726,7.752610157718201,5.0,8.7,-0.69407965716741,2024Q3,-0.5225150331664379,other,56
0001072613-22-000487,0001854270,0001629794,"New Enterprise Associates 15, L.P.",21286,2022-06-08,2022-07-15,2022-07-15,same-day,0,37,-1.2655839655560914,0.0279653448045653,-0.06722084690531062,-0.9856720844007661,25,-1.2655839655560914,0.0279653448045653,0.01727900405127019,12.297447090480851,25.0,10.1,-4.058263153189105,2022Q2,0.027553404657472292,activist_hf,28
0001079973-25-000383,0001854270,0002060465,Celadon Partners SPV 24,21286,2025-03-06,2025-03-13,2025-03-13,same-day,1,7,0.07819901811493835,-0.06177647347021051,-0.7398773562222547,0.07819901811493835,5,0.07819901811493835,-0.06177647347021051,0.5196770955676985,9.584334764634326,5.0,37.6,-0.6545476303505446,2025Q1,-1.1696147016497427,activist_hf,28
0001472375-23-000131,0001847874,0001879127,"Color Up, LLC",21296,2023-08-25,2023-09-06,2023-09-07,next-day,0,12,0.03198082360764079,0.07074826401997188,-0.04259179419544752,0.15303988497462745,8,0.0064298786358947535,-0.060942731295080474,36.81166664168122,9.38905208779374,8.0,37.02,3.6058148232385854,2023Q3,-1.9930897504137868,activist_hf,65
0001104659-23-065438,0000020520,0001259313,ARES MANAGEMENT LLC,21297,2023-05-26,2023-05-26,2023-05-26,same-day,0,0,0.0,0.0016961347948265017,-0.2576375801708786,-0.04878350293129472,0,0.0,0.0016961347948265017,0.0005066252901368654,15.231836231034636,0.0,7.2,-7.5877389003303195,2023Q2,1.6978897126498187,activist_hf,48
0001104659-24-110213,0000020520,0001604350,Glendon Capital Management LP,21297,2024-10-14,2024-10-21,2024-10-21,same-day,1,7,-0.0071268082802319775,-0.013644124629977428,0.19454918133859542,-0.0071268082802319775,5,-0.0071268082802319775,-0.013644124629977428,0.0003037941600550119,15.990538695787373,4.0,9.7,-8.099160190979427,2024Q4,1.4691223417982329,activist_hf,48
0001213900-24-071584,0001841125,0001852275,"Golden Arrow Sponsor, LLC",21298,2024-08-13,2024-08-21,2024-08-21,same-day,1,8,-0.7197896064683181,-0.1451148669986633,-0.009940229716224745,-0.7235842622465342,6,-0.7197896064683181,-0.1451148669986633,45.018459573355905,11.332527057738123,6.0,40.0,3.807072618397318,2024Q3,-1.7010547439865251,activist_hf,28
0001213900-22-001360,0001843388,0001791283,Virgin Investments Ltd,21321,2021-12-29,2022-01-10,2022-01-10,same-day,0,12,-0.12135989092778315,0.5522341303268801,-0.05170626028200934,-0.3225369400704812,8,-0.12135989092778315,0.5522341303268801,0.0007797166806657793,12.824259991204347,7.0,75.3,-7.156579934180269,2021Q4,1.0906253919513311,activist_hf,38
0001493152-22-003492,0001058307,0001509529,Fernandez Charles M.,21323,2022-01-05,2022-02-08,2022-02-08,same-day,0,34,-0.04096593363432571,-0.0409935186401486,-0.18732152582401213,0.12645944745749105,23,-0.04096593363432571,-0.0409935186401486,0.0897728171322118,10.011792927835264,23.0,21.25,-2.4104730540393215,2022Q1,-0.9188379847542669,other,48
0001104659-23-045693,0001058307,0000898860,FROST PHILLIP MD ET AL,21323,2023-04-11,2023-04-14,2023-04-14,same-day,0,3,0.03240138242870334,0.02004397676131729,0.24805296545057148,0.05269124945168067,3,0.03240138242870334,0.02004397676131729,3.969676434707449,10.198403149851675,3.0,23.7,1.378684588785,2023Q2,-1.198987782335754,other,48
0001213900-24-082049,0001840317,0001367633,Salmasi Allen,21326,2024-09-13,2024-09-26,2024-09-26,same-day,1,13,0.31801623990600114,-0.18025166471599097,0.048888868698476334,0.67892805320351,9,0.31801623990600114,-0.18025166471599097,48.47064829565094,11.661070259807833,9.0,44.6,3.880958424961791,2024Q3,-1.7204003141363993,other,73
0001635999-25-000004,0001829864,0001635999,Think Investments LP,21350,2025-05-09,2025-07-11,2025-07-11,same-day,1,63,0.030457868609797364,0.012211358139662721,-0.037991869464965355,0.11187526663775842,42,0.030457868609797364,0.012211358139662721,0.004955562355214052,12.44706153735487,42.0,19.8,-5.307244625164883,2025Q2,0.7441808030936053,activist_hf,73
0001193125-22-113123,0001569345,0001767564,"H&F Corporate Investors IX, Ltd.",21353,2022-04-11,2022-04-21,2022-04-21,same-day,0,10,-0.0011764210547667818,0.050088869517622606,0.02728113181816118,0.02227352929979199,7,-0.0011764210547667818,0.050088869517622606,0.0038124018476145944,13.963726231863518,8.0,41.5,-5.569495882267987,2022Q2,0.6123801671157519,other,73
0001731122-25-001417,0001553788,0001489090,Meissner William R.,21417,2025-07-31,2025-10-21,2025-10-21,same-day,1,82,-0.021412496303713294,0.3310851684575504,-0.2238574850769242,0.01560335766064165,57,-0.021412496303713294,0.3310851684575504,0.5010554884157091,8.052754847203369,56.0,23.8,-0.6910384287094132,2025Q3,-1.0623125332887824,other,20
0000950170-25-062146,0001798749,0001802528,Fairmount Funds Management LLC,21518,2025-04-28,2025-05-01,2025-05-01,same-day,1,3,-0.07207486471406772,0.21983268823924196,0.06357420366655489,0.21373430207191485,3,-0.07207486471406772,0.21983268823924196,0.047268831490879425,11.289764413502892,3.0,19.99,-3.051904154370847,2025Q2,-0.05259300026431352,other,28
0000807249-23-000136,0001662244,0000807249,"GAMCO INVESTORS, INC. ET AL",21528,2023-10-12,2023-10-19,2023-10-19,same-day,0,7,0.008300472028251734,0.026666636025273065,0.027977997467873026,0.008300472028251734,5,0.008300472028251734,0.026666636025273065,0.14584190587853307,11.594874047617395,5.0,3.07,-1.9252320804131564,2023Q4,-0.047026769950735896,activist_hf,28
0001104659-25-115101,0001600641,0002022852,Catsimatidis John A. Jr,21529,2025-11-14,2025-11-21,2025-11-21,same-day,1,7,0.06589538581792788,-0.04557047560287559,0.4766534865075466,0.06589538581792788,5,0.06589538581792788,-0.04557047560287559,0.1498278970878923,11.89946786254189,5.0,5.1,-1.8982679963463285,2025Q4,-0.6076230482287642,other,59
0001011438-23-000577,0001850270,0001937011,"Tolerantia, LLC",21536,2023-10-30,2023-11-02,2023-11-03,next-day,0,3,0.18141164653170588,-0.0596006931174395,-0.8891265151468244,0.06073536936805203,4,0.10052845635544688,-0.021899819180998273,0.022759709340240648,11.63810154901697,4.0,38.0,-3.7827634404452426,2023Q4,0.5898964567144726,activist_hf,28
0001373604-25-000060,0001783032,0001373604,"BML Investment Partners, L.P.",21539,2025-04-16,2025-04-16,2025-04-16,same-day,1,0,0.0,0.34307237133273233,-0.09931662815912631,0.22556511615961833,0,0.0,0.34307237133273233,0.07310924893658685,9.679748824139171,0.0,9.9,-2.6158003957896336,2025Q2,-0.20666111320918587,activist_hf,28
0001683168-23-008419,0001339005,0001157075,"PharmaCyte Biotech, Inc.",21540,2023-11-14,2023-11-22,2023-11-22,same-day,0,8,-0.11207352418769134,0.03538330197607763,-1.45201217376888,-0.024900271215921622,6,-0.11207352418769134,0.03538330197607763,0.4122422840676074,10.237402951804217,6.0,37.0,-0.8861440343516506,2023Q4,-0.4033164807609529,other,38
0001104659-24-040539,0001815776,0001346824,"RA CAPITAL MANAGEMENT, L.P.",21547,2024-03-21,2024-03-28,2024-03-28,same-day,1,7,0.4028307248286858,0.26090507907639554,0.11835282987476925,0.4028307248286858,5,0.4028307248286858,0.26090507907639554,0.0757600354946327,12.178246977543429,5.0,16.6,-2.580184361590265,2024Q1,-0.1936828222170626,activist_hf,28
0001104659-23-128620,0001527096,0001082554,UNITED THERAPEUTICS Corp,21570,2023-12-12,2023-12-22,2023-12-22,same-day,0,10,-0.19421226491204954,,-0.48992608558374834,-0.19421226491204954,8,-0.19421226491204954,,2.309431532211006,11.433904227085415,8.0,100.0,0.8370014042966558,2023Q4,-0.9941605313175784,corporate,28
0000921895-24-000186,0001856437,0001930869,BBRC INTERNATIONAL PTE LTD,21609,2024-01-23,2024-02-01,2024-02-01,same-day,0,9,0.07011178587161004,0.004013359304199273,-0.13669214864350276,0.053473239499487374,7,0.07011178587161004,0.004013359304199273,0.000662411826311114,14.399188934282519,7.0,9.8,-7.319623101322054,2024Q1,1.4196790306421454,corporate,56
0000921895-24-000526,0001809104,0001517137,Starboard Value LP,21617,2024-02-13,2024-02-21,2024-02-21,same-day,1,8,0.031963144523788484,-0.0848520360744131,0.037456768764859316,0.031963144523788484,5,0.031963144523788484,-0.0848520360744131,0.0004948647724956194,15.32195116016965,5.0,7.8,-7.611226019595453,2024Q1,1.5189441652625684,activist_hf,73
0001213900-24-111891,0001849056,0001571705,Altman Samuel H.,21619,2024-11-14,2024-12-23,2024-12-23,same-day,1,39,-0.09280623948388422,0.041322974107985896,0.8870707268846928,-0.05508593744375569,26,-0.09280623948388422,0.041322974107985896,0.0014989135107706423,14.910010776983995,26.0,8.2,-6.503014759477807,2024Q4,0.9868394822281591,other,49
0000902664-23-003734,0001847064,0001218735,MASON CAPITAL MANAGEMENT LLC,21625,2023-06-16,2023-06-26,2023-06-26,same-day,0,10,-0.0021964302269252144,-0.0017629885793666506,0.0004819209650701973,-0.0021964302269252144,5,-0.0021964302269252144,-0.0017629885793666506,0.009500074122496491,12.079914007235065,5.0,7.48,-4.656455678038029,2023Q2,0.750848965757196,activist_hf,73
0000899140-24-000218,0001843973,0001040273,Third Point LLC,21628,2023-12-27,2024-02-13,2024-02-13,same-day,0,48,-0.17407531504214716,0.12539575660405766,0.05744451384063179,-0.4134975331023497,32,-0.17407531504214716,0.12539575660405766,0.21487849778480714,11.61620381442373,32.0,7.9,-1.5376825371809804,2023Q4,-0.17991244331228898,activist_hf,45
0001104659-23-108344,0001845459,0001996481,"NKMAX Co., Ltd.",21644,2023-09-29,2023-10-10,2023-10-10,same-day,0,11,-0.7286511821685736,-0.08932845013421323,-0.05989030262658617,-0.669084058889905,7,-0.7286511821685736,-0.08932845013421323,0.6539596022935721,11.504645681974656,6.0,63.4,-0.42470969962611016,2023Q3,-0.6410173166354245,other,28
0000950170-25-010206,0001846510,0001040273,Third Point LLC,21663,2025-01-22,2025-01-29,2025-01-29,same-day,1,7,-0.06822627891342109,0.0588391351154886,0.5144060401568298,-0.06822627891342109,5,-0.06822627891342109,0.0588391351154886,0.0326589738960795,12.903108256336921,5.0,9.89,-3.421635609689658,2025Q1,-0.1532327197412307,activist_hf,70
0001341004-23-000326,0001844224,0001874185,Teknovekst Invest AS,21692,2023-11-10,2023-11-17,2023-11-17,same-day,0,7,-0.21821767787849172,0.009524487019528044,-0.20736761006121818,-0.21821767787849172,5,-0.21821767787849172,0.009524487019528044,0.002787742652371211,13.117048880449182,4.0,5.4,-5.882523095806534,2023Q4,1.3098766000866084,other,36
0001140361-24-050502,0001992243,0002047012,TRINA SOLAR (SCHWEIZ) AG,21692,2024-12-23,2024-12-27,2024-12-27,same-day,1,4,0.3016861931066103,-4.355941213313175e-05,-0.11048748378988593,0.28404035449450415,3,0.3016861931066103,-4.355941213313175e-05,0.026993294726613656,12.418205399895758,3.0,9.9,-3.6121667872789045,2024Q4,0.11335615226442532,corporate,36
0001641172-25-001009,0001845022,0002022284,"Haveli Investments, L.P.",21701,2025-03-20,2025-03-27,2025-03-27,same-day,1,7,0.05998402469715551,0.11971775209299297,-0.21897438552646553,0.05998402469715551,5,0.05998402469715551,0.11971775209299297,0.0026291231065843764,13.495867119424435,5.0,7.9,-5.941104907938787,2025Q1,0.772196185242015,activist_hf,73
0000950170-25-058810,0001619856,0001670579,Haurwitz Rachel E.,21707,2025-04-22,2025-04-25,2025-04-25,same-day,1,3,-0.032398057086963555,-0.1303219436064083,-0.1506932023217398,-0.15582173653461776,3,-0.032398057086963555,-0.1303219436064083,0.029435080555429854,11.12993543937831,3.0,5.0,-3.525568099783053,2025Q2,0.11474449409046522,other,28
0001140361-22-018827,0001783879,0001927748,Emergent Fidelity Technologies Ltd.,21723,2022-05-02,2022-05-12,2022-05-12,same-day,0,10,0.030227322148156793,0.1681896828710504,0.11696034273301058,0.08953902991350113,8,0.030227322148156793,0.1681896828710504,0.00015534934287928282,15.822363933538337,8.0,7.6,-8.76983415207119,2022Q2,1.8508680803845,other,62
0001140361-22-027287,0001432133,0001803842,"K5 PRIVATE INVESTORS, L.P.",21737,2022-07-19,2022-07-28,2022-07-28,same-day,0,9,0.28330296744859856,0.017527629275161896,0.36242546146934546,0.3011198324716717,7,0.28330296744859856,0.017527629275161896,0.04008368960010917,12.502500933089536,7.0,6.9,-3.2167857705514638,2022Q3,0.1775083871948907,activist_hf,73
0001486180-25-000006,0001287098,0001486180,RIVER GLOBAL INVESTORS LLP,21745,2025-09-23,2025-10-24,2025-10-24,same-day,1,31,0.2602003436420104,-0.07553618511988026,0.28762772772764855,0.024144672988377303,23,0.2602003436420104,-0.07553618511988026,0.02003441879677376,11.982369562707401,22.0,5.2,-3.910303544709681,2025Q3,0.06952528263272613,other,87
0000950170-25-017297,0001454938,0001709689,Drahi Patrick,21749,2025-02-03,2025-02-10,2025-02-10,same-day,1,7,0.16933400295028342,-0.04375723694935639,-0.2073910848761025,0.16933400295028342,5,0.16933400295028342,-0.04375723694935639,0.03084111042767689,12.665295874510429,5.0,46.8,-3.4789067248497094,2025Q1,-0.13219640648805173,other,73
0001699737-25-000014,0001856725,0001699737,"Samsara BioCapital, L.P.",21756,2025-10-23,2025-10-30,2025-10-30,same-day,1,7,-0.3536375566178432,0.29964300311411923,2.607847978869662,-0.3536375566178432,5,-0.3536375566178432,0.29964300311411923,0.13430649676746254,11.272422609014521,5.0,9.9,-2.0076308015860285,2025Q4,-0.5672148673257187,activist_hf,28
0000897069-25-000668,0001829635,0002062715,Tracy Thomas Joseph,21760,2025-03-07,2025-03-20,2025-03-20,same-day,1,13,-0.7029862231686568,0.3825527350327792,-0.4634358862207021,-0.6575625033993615,9,-0.7029862231686568,0.3825527350327792,0.1776828800477691,7.619439580540494,9.0,5.0,-1.7277548903435802,2025Q1,-0.7754138196919355,other,28
0001104659-25-014220,0001534969,0001263508,BAKER BROS. ADVISORS LP,21763,2025-02-12,2025-02-14,2025-02-14,same-day,1,2,0.053735336994574875,-0.10225450020181964,-0.5040089321821202,0.055349162581227504,2,0.053735336994574875,-0.10225450020181964,0.06906462764934537,11.96020388408206,2.0,16.1,-2.672712580152278,2025Q1,-0.4283204215930277,other,80
0001104659-24-111477,0001855509,0001726497,Palm Management (US) LLC,21782,2024-10-24,2024-10-25,2024-10-25,same-day,1,1,0.09273435420984551,0.2760377805855891,0.2846993705088032,0.18239965374610437,1,0.09273435420984551,0.2760377805855891,3.1149910024345204,8.427388826756166,1.0,5.9,1.1362262637712064,2024Q4,-1.3213931718423801,activist_hf,37
0000902664-22-002385,0001832038,0001807489,M28 Capital Management LP,21790,2022-03-28,2022-04-01,2022-04-01,same-day,0,4,0.16687778598804848,-0.1446029802325726,-0.5943737913022394,0.14666569502159257,4,0.16687778598804848,-0.1446029802325726,0.002814956112606124,13.08688126695863,4.0,5.78,-5.872808608060463,2022Q1,0.5674653606939286,activist_hf,28
0001062993-24-000527,0001864290,0001510281,"Saba Capital Management, L.P.",21816,2024-01-04,2024-01-05,2024-01-05,same-day,0,1,-0.00029989579063118064,0.002088410989021244,0.03810742002021362,-0.00026461224046698075,1,-0.00029989579063118064,0.002088410989021244,0.01730773417434123,12.092200732701814,1.0,9.56,-4.056601815280241,2024Q1,0.3089074061806853,activist_hf,
0001104659-23-072978,0001845437,0001981100,"8 Rivers Capital, LLC",21825,2023-06-08,2023-06-20,2023-06-20,same-day,0,12,0.04402048598514628,-0.04998993956956242,-0.003924528446435003,0.17270737139282072,7,0.04402048598514628,-0.04998993956956242,0.003999288324990378,12.784792441433973,7.0,17.4,-5.521638852444071,2023Q2,1.0303728662309546,activist_hf,36
0001213900-25-050762,0001173313,0001892728,Jiang Eugene,21828,2025-05-13,2025-06-03,2025-06-03,same-day,1,21,0.16877232349605703,0.13480774511935179,0.19066705229715186,0.05742500267624538,14,0.16877232349605703,0.13480774511935179,0.3846173366931827,9.966542630165256,14.0,17.4,-0.9555063696380411,2025Q2,-0.7932150295868277,other,28
0001213900-22-022355,0001534154,0001710737,Garchik Stephen Jeffrey,21829,2022-03-21,2022-04-28,2022-04-28,same-day,0,38,0.37927909782851205,0.030770985869846022,-0.6072086068865424,0.4316967032225054,27,0.37927909782851205,0.030770985869846022,0.047607020084740076,11.184122186572251,28.0,9.99,-3.0447750478471325,2022Q1,-0.646546301665929,other,73
0001193125-22-247096,0001849820,0001804648,"Material Impact Fund II, L.P.",21832,2022-09-09,2022-09-19,2022-09-19,same-day,0,10,-0.06109437658355175,0.05169646673975657,0.03705488862718566,-0.07304827966914187,6,-0.06109437658355175,0.05169646673975657,7.375267029194626,11.077194481203017,6.0,7.6,1.9981321089188373,2022Q3,-1.8584687975416558,activist_hf,35
0002053911-25-000002,0001849820,0002053911,Inkeverse Group Ltd,21832,2025-01-06,2025-02-05,2025-02-05,same-day,1,30,-0.3430466579636005,0.01972381217188003,0.8994220036485001,-0.3536422637600979,20,-0.3430466579636005,0.01972381217188003,0.16471368012896873,9.624507507378247,21.0,8.7,-1.8035465843555654,2025Q1,-0.7475746932357887,corporate,35
0001104659-24-000323,0001855467,0001855211,Chavant Capital Partners LLC,21833,2023-12-21,2024-01-02,2024-01-02,same-day,0,12,-0.576200370570124,-0.5773324403867398,0.050950663758328074,-0.23161181884438836,6,-0.576200370570124,-0.5773324403867398,15.02093212636022,10.387724407142585,6.0,9.5,2.7094447034224065,2023Q4,-1.6361968670089557,activist_hf,36
0001341004-22-000268,0001847986,0001847985,Chardan NexTech Investments 2 LLC,21835,2022-09-30,2022-10-12,2022-10-12,same-day,0,12,0.7014501816039149,-0.34792754802880477,0.0035476667032988867,0.7619204171876488,8,0.7014501816039149,-0.34792754802880477,0.20183550893942093,12.002700471023852,7.0,6.8,-1.6003022254942822,2022Q3,-0.45358949263840875,activist_hf,36
0001493152-22-027966,0001854963,0001949751,Partner Colorado Credit Union,21860,2022-09-28,2022-10-07,2022-10-07,same-day,0,9,-0.16828678055496907,-0.24617204188191272,-0.06676577300126095,-0.6277140686007191,7,-0.16828678055496907,-0.24617204188191272,2.6243071988981876,11.661950459459314,7.0,60.8,0.9648169369801967,2022Q3,-1.4550480412932592,other,61
0001140361-23-028095,0001855447,0001979621,Energy Growth Momentum GP II Ltd.,21876,2023-05-23,2023-06-02,2023-06-02,same-day,0,10,1.017831726739733,0.649018230698458,0.013847436008043026,0.08166564807850948,7,1.017831726739733,0.649018230698458,37.823836953553894,11.013588592042703,7.0,24.7,3.6329395111132246,2023Q2,-1.9272938187816637,other,36
0001866581-23-000028,0001866581,0001883088,Ricci Joth,21890,2023-02-01,2023-02-21,2023-02-21,same-day,0,20,-0.00030432753419984936,0.0087860815893276,0.01470896981502625,-0.02011418213809223,13,-0.00030432753419984936,0.0087860815893276,0.0007714152188693519,14.289117475063977,13.0,5.0,-7.167283783490085,2023Q1,1.8202398568880087,other,58
0001213900-24-067359,0001866550,0001882279,Murphy Christopher Gerard,21893,2024-08-05,2024-08-12,2024-08-12,same-day,1,7,0.2945616196894786,-0.02837050665271009,0.29353419013812,0.2945616196894786,5,0.2945616196894786,-0.02837050665271009,0.01805449346603851,13.949874828649552,5.0,0.4,-4.014360679698135,2024Q3,0.3468363676687708,other,73
0001104659-25-007336,0001544522,0001657088,Peak XV Partners V Ltd.,21895,2025-01-27,2025-01-29,2025-01-29,same-day,1,2,0.08346646749372104,0.019531800872669314,0.046857722283674644,0.0258650090198091,2,0.08346646749372104,0.019531800872669314,0.00037658752955448496,15.267637040659787,2.0,4.1,-7.884360055527701,2025Q1,1.485975267442381,activist_hf,73
0001104659-22-118580,0001846253,0001846254,Avista Acquisition LP II,21907,2022-11-01,2022-11-14,2022-11-14,same-day,0,13,-0.45309524665585227,-0.1406975058314552,-0.19825867994769514,-0.8527418635650317,9,-0.45309524665585227,-0.1406975058314552,6.452846104505746,13.762554260500686,8.0,21.5,1.8645212899951742,2022Q4,-1.6361103184118237,activist_hf,87
0000919574-25-002170,0001843724,0002034000,Carbon Direct Capital Management LLC,21909,2025-03-24,2025-03-28,2025-03-28,same-day,1,4,-0.32094972248375764,-0.25019000789208357,-0.05007961056179308,-0.48865055670842783,4,-0.32094972248375764,-0.25019000789208357,0.0663587571735274,11.397231632907406,4.0,18.5,-2.7126795423836865,2025Q1,-0.4136401148637405,activist_hf,28
0001575872-23-001728,0001854583,0001335112,"LOGIQ, INC.",21914,2023-11-02,2023-11-13,2023-11-13,same-day,0,11,-1.3377605334600402,0.011378141341562079,1.3103476532529421,-1.5039558168959155,7,-1.3377605334600402,0.011378141341562079,14.986964514491012,,6.0,45.6,2.7071807909074046,2023Q4,-1.635420600995381,other,87
0001213900-23-005649,0001842384,0001842712,"Belong Acquisition Sponsor, LLC",21915,2023-01-05,2023-01-27,2023-01-27,same-day,0,22,0.0072125857220029874,-0.0013587081979691137,-0.01443031488743617,0.0031856053929792114,15,0.0072125857220029874,-0.0013587081979691137,12.773569245359452,10.72468334144085,15.0,52.3,2.5473781333683396,2023Q1,-1.8301222861162962,activist_hf,67
0001140361-24-017051,0001849635,0000947033,TRUMP DONALD J,21927,2024-03-25,2024-04-01,2024-04-01,same-day,1,7,0.5463230161234642,-0.23688917882731358,-0.4707272578921049,0.3251837119460218,4,0.5463230161234642,-0.23688917882731358,0.002092274789587033,13.904837107871655,5.0,57.6,-6.169503388830391,2024Q1,1.0281644711649072,other,73
0001493152-25-008719,0001817004,0002058703,Sarwat Arif I,21930,2025-02-13,2025-02-28,2025-02-28,same-day,1,15,-0.20361140438111497,-0.11614881802186748,0.32625506297030643,-0.20233064022591657,10,-0.20361140438111497,-0.11614881802186748,0.7848284149184934,13.02281036550406,10.0,12.5,-0.24229016481342203,2025Q1,-1.3210414228121383,other,55
0000902664-23-004716,0001628945,0001777371,"Tarsadia Capital, LLC",21933,2023-08-31,2023-09-11,2023-09-11,same-day,0,11,0.3021582455871951,0.241877241213041,0.4046808530123183,0.30267353415358506,6,0.3021582455871951,0.241877241213041,0.17404462480624086,11.120774183232761,6.0,4.46,-1.7484435482452982,2023Q3,-0.19695996473888908,activist_hf,38
0001213900-23-061280,0001845013,0001845008,Healthwell Acquisition Corp. I Sponsor LLC,21934,2023-07-21,2023-07-31,2023-07-31,same-day,0,10,-0.006805956382109602,-0.005955572534129984,-0.00326377126216508,-0.0033888832100248943,6,-0.006805956382109602,-0.005955572534129984,7.722226944071449,12.458774999085929,6.0,60.6,2.04410278669683,2023Q3,-1.4692006679558063,activist_hf,67
0001493152-22-015556,0001841330,0001516478,"Camac Fund, LP",21939,2022-05-22,2022-06-01,2022-06-01,same-day,0,10,-0.1161030204636616,0.19067354836036535,-0.16591340751759098,-0.1524683559728615,6,-0.1161030204636616,0.19067354836036535,0.08647887193773139,9.92729196591629,6.0,4.4,-2.447855149934556,2022Q2,-0.595652856468375,activist_hf,28
0001213900-23-047253,0001841330,0001132679,STEINMAN LAWRENCE,21939,2023-06-02,2023-06-08,2023-06-09,next-day,0,6,0.3898889564003607,0.019801308256638624,0.044504698863232266,0.3898889564003607,5,0.3739019635007679,0.009376103485768051,2.9419047471177198,9.203140515099143,5.0,6.0,1.079057244740663,2023Q2,-1.1021839997687117,other,28
0001213900-24-059094,0001218683,0001869191,MEWAWALLA RAHUL,21947,2024-07-01,2024-07-03,2024-07-03,same-day,1,2,0.05401858650777493,-0.0124420625776243,0.23094190060399364,0.03684421921278599,2,0.05401858650777493,-0.0124420625776243,0.1592332622079623,10.196251938127379,2.0,10.9,-1.8373850939283116,2024Q3,-0.22316260598151813,other,61
0001376474-25-000983,0001218683,0002101945,"Endeavor Blockchain, LLC",21947,2025-12-19,2025-12-22,2025-12-22,same-day,1,3,0.06827878475476272,0.07078115378987243,-1.0175109694292357,0.03496688744874217,1,0.06827878475476272,0.07078115378987243,0.2625484697748007,8.684284352315148,1.0,5.3,-1.3373195672344282,2025Q4,-0.8148864368292288,activist_hf,61
0001193125-22-238933,0001841800,0001939898,Van Haeren Geoffrey,21965,2022-08-26,2022-09-06,2022-09-06,same-day,0,11,-0.9224379461027603,-0.19455217603260588,0.0065677544966144495,-0.8246352388939742,6,-0.9224379461027603,-0.19455217603260588,3.7852884867313628,12.351354628755544,6.0,8.5,1.3311221024080169,2022Q3,-1.598058722707468,other,73
0001013762-23-007392,0001844417,0001386560,"Eureka Therapeutics, Inc.",21971,2023-09-29,2023-10-30,2023-10-31,next-day,0,31,-1.4098378196251617,-0.11619903203367486,1.6710482850441215,-0.9147134774540219,22,-1.4315509638945845,0.03224121270687287,16.979176522408935,10.217635298921937,21.0,71.8,2.831987682793698,2023Q3,-1.7335031037702293,other,28
0001213900-24-113683,0001869198,0001688079,Bevco Lux S.a.r.l.,22079,2024-12-19,2024-12-31,2024-12-31,same-day,1,12,-0.028223551367486898,0.029796663908608745,-0.13125501061530817,-0.03140423223664201,7,-0.028223551367486898,0.029796663908608745,0.0005017315562630416,15.3649087743545,7.0,4.4,-7.597445329781502,2024Q4,1.317526833536997,other,79
0000921895-24-001846,0001871509,0001559771,Engaged Capital LLC,22085,2024-08-08,2024-08-15,2024-08-15,same-day,1,7,0.05680803837748316,0.07081814998519573,0.0845379752943652,0.05680803837748316,5,0.05680803837748316,0.07081814998519573,0.0017555725258311195,13.264812748883088,5.0,9.9,-6.3449602497194935,2024Q3,0.957058811864081,activist_hf,58
0000950142-22-003329,0001859285,0001017645,"GENERAL ATLANTIC, L.P.",22115,2022-11-29,2022-12-09,2022-12-09,same-day,0,10,0.09465973805183482,-0.017829470791973282,-0.2713714807737813,0.10448578638735204,8,0.09465973805183482,-0.017829470791973282,0.010139037111164232,13.66034915419428,8.0,40.4,-4.591362244779293,2022Q4,0.6175820732179262,other,73
0001213900-23-014812,0001841425,0001965880,"BLUESCAPE CLEAN FUELS HOLDINGS, LLC",22193,2023-02-15,2023-02-27,2023-02-27,same-day,0,12,0.4083075072797815,-0.2491711309929366,0.02360597410729788,0.15741336852453577,7,0.4083075072797815,-0.2491711309929366,1.6427327490414472,11.486860608784134,7.0,73.14,0.49636116547236925,2023Q1,-1.0594362078623147,activist_hf,28
0000921895-25-002834,0001849867,0001113303,Stilwell Joseph,22195,2025-10-23,2025-10-30,2025-10-30,same-day,1,7,0.006692584032251288,0.05336349494647308,-0.0001959699738271971,0.006692584032251288,5,0.006692584032251288,0.05336349494647308,0.5481211495632163,10.913796721182786,5.0,5.2,-0.6012589406224998,2025Q4,-1.0868515797363971,activist_hf,60
0001213900-22-049682,0001865631,0001201333,SUBIN NEIL S,22220,2022-08-09,2022-08-19,2022-08-19,same-day,0,10,0.05863020649541881,0.0064612982373617525,0.35102720489830763,0.01529885020055971,8,0.05863020649541881,0.0064612982373617525,0.024005568914192456,12.541930836521093,8.0,7.1,-3.7294694374595134,2022Q3,0.3776672915030606,other,38
0001193805-24-000342,0001865631,0001402258,Frischer Charles L,22220,2024-03-05,2024-03-08,2024-03-08,same-day,1,3,-0.08296924292148,0.40984272577894937,-0.10053341458310391,0.33554076662716664,3,-0.08296924292148,0.40984272577894937,0.011144874852604935,12.997240057657368,3.0,5.3,-4.496775541224404,2024Q1,0.4587478276035404,other,38
0001213900-24-005531,0001676047,0002008208,"T.I.I. - JETSERVICES, LDA",22221,2023-12-21,2024-01-23,2024-01-23,same-day,0,33,0.07592464172074911,0.07317516641531738,0.15096713218908894,-0.0029487591161973525,20,0.07592464172074911,0.07317516641531738,3.0982277645620337,9.948179329779396,20.0,15.92,1.1308302591637645,2023Q4,-1.094910605505327,other,38
0000902664-24-000283,0001468327,0002008446,Goldstone Yisroel Mordechai,22232,2024-01-08,2024-01-17,2024-01-17,same-day,0,9,0.24710210663801618,-0.08785062527656654,-0.08664128392851622,0.45420481933108636,6,0.24710210663801618,-0.08785062527656654,0.1224605307075855,10.390100296121751,6.0,8.6,-2.0999664992198057,2024Q1,-0.35715474848441997,other,59
0001193125-25-256993,0001468327,0002093897,CHS US Investments LLC,22232,2025-10-28,2025-10-29,2025-10-29,same-day,1,1,-0.08933476814289908,-0.10887292190569096,0.03754945145808292,-0.11091722691885611,1,-0.08933476814289908,-0.10887292190569096,0.12249909091825632,9.776578185820481,1.0,59.9,-2.0996516701003505,2025Q4,-0.5332143139050913,activist_hf,59
0001140361-22-035209,0001856028,0001886630,Q Power LLC,22238,2022-09-19,2022-09-29,2022-09-29,same-day,0,10,0.05715726031676298,0.04701367007762082,-0.12590545000946834,0.08439531799050976,8,0.05715726031676298,0.04701367007762082,0.03838010911859842,10.279839625700408,8.0,56.1,-3.2602159452956707,2022Q3,0.19446413740074212,activist_hf,61
0001193125-25-272549,0001856031,0001827977,GTCR INVESTMENT XI LLC,22239,2025-10-31,2025-11-07,2025-11-07,same-day,1,7,-0.05638840706705074,-0.060976595563818764,0.018648453996634853,-0.05638840706705074,5,-0.05638840706705074,-0.060976595563818764,0.01804469714367167,11.370650933685601,5.0,36.2,-4.014903424421319,2025Q4,0.17444711809503438,activist_hf,79
0001214659-23-015548,0001745020,0001191935,TANG CAPITAL PARTNERS LP,22240,2023-11-14,2023-11-24,2023-11-24,same-day,0,10,0.5516620567285907,0.12051561325722154,-0.05322675980062849,0.5212981738319014,7,0.5516620567285907,0.12051561325722154,0.08034368795873449,11.475919617190748,7.0,7.0,-2.521441746714054,2023Q4,0.15740573256313575,activist_hf,28
0001140361-23-005544,0001452965,0001807256,Accelmed Partners II L.P.,22252,2023-02-09,2023-02-09,2023-02-09,same-day,0,0,0.0,0.0371212844438166,1.0454695327756474,0.08373417629424204,0,0.0,0.0371212844438166,1.1791896980749481,9.492077307068335,0.0,69.3,0.16482750604685228,2023Q1,-0.9348597758818639,activist_hf,38
0000902664-25-003146,0001829794,0001469336,"Empery Asset Management, LP",22255,2025-07-17,2025-07-24,2025-07-24,same-day,1,7,1.0007463518425723,-0.13169008207867328,0.6689549769444201,1.0007463518425723,5,1.0007463518425723,-0.13169008207867328,0.36775142740186945,8.375101838068737,5.0,5.83,-1.000348038061843,2025Q3,-0.9535646358406991,activist_hf,61
0001878125-25-000006,0001851194,0001878125,Mohan Raju,22256,2025-11-26,2025-11-26,2025-11-26,same-day,1,0,0.0,-0.06574683748862745,0.8947380686549894,-0.3558648314299334,0,0.0,-0.06574683748862745,0.01428878681993661,13.438282976684988,0.0,6.0,-4.248280187779623,2025Q4,0.2606768965986154,other,28
0001534242-25-000010,0001873923,0001534242,"Kawa Capital Management, Inc",22264,2025-06-12,2025-06-20,2025-06-20,same-day,1,8,-0.009732015346106654,0.23514937900436114,0.17451437655665958,-0.009732015346106654,5,-0.009732015346106654,0.23514937900436114,0.025470841063407464,11.678502613345902,5.0,9.7,-3.670220968808161,2025Q2,0.1658479164394607,activist_hf,67
0001493152-23-006017,0001869974,0001874219,"Poseidon Bio, LLC",22272,2023-02-14,2023-02-24,2023-02-24,same-day,0,10,0.7990261215476622,1.1044742014113234,-0.10177904846831329,-0.8774784633630403,7,0.7990261215476622,1.1044742014113234,22.44289720774261,11.458025674988566,7.0,63.69,3.1109741814000746,2023Q1,-2.041898022141827,activist_hf,28
0001104659-23-005825,0001872356,0001671899,"FG Next GP, LLC",22273,2023-01-12,2023-01-23,2023-01-23,same-day,0,11,-0.16591088602234805,-0.11519642028959182,-0.23812354083558268,-0.11106241820047938,6,-0.16591088602234805,-0.11519642028959182,0.06524930421234358,10.814672672929259,6.0,23.8,-2.7295398962485478,2023Q1,0.15272199317073948,activist_hf,35
0001213900-23-045646,0001779372,0001979878,Schwartzberg Andrew,22281,2023-05-02,2023-06-02,2023-06-02,same-day,0,31,-0.09555130156740743,0.02049982584431241,-0.34735544535467694,-0.0786721866352306,22,-0.09555130156740743,0.02049982584431241,0.3365496125515171,9.683006079744585,22.0,7.33,-1.0890097037620987,2023Q2,-0.4017236257562661,other,38
0001140361-23-053037,0001851612,0001995759,"Focus Impact BHAC Sponsor, LLC",22282,2023-11-02,2023-11-14,2023-11-15,next-day,0,12,-0.0026847699419522185,-0.004658135872187091,-0.014502242636537287,6.447239250327472e-05,9,0.00026153541812419306,0.0035205057697197148,12.088648357246035,10.922889231685433,8.0,71.6,2.4922668599686904,2023Q4,-1.561729422857519,activist_hf,67
0000897069-24-000736,0000919864,0001569147,"PL Capital Advisors, LLC",22302,2024-03-18,2024-03-21,2024-03-21,same-day,1,3,-0.005870084014032469,0.05233074401979255,-0.04545997637522575,0.04130480135572854,3,-0.005870084014032469,0.05233074401979255,0.1733086912586123,11.525263536958708,3.0,8.3,-1.7526809319969894,2024Q1,-0.47537492538190046,activist_hf,60
0001213900-24-011668,0001844452,0001963529,Ghaffarian Kamal Seyed,22313,2024-01-29,2024-02-08,2024-02-08,same-day,0,10,0.3588077804837957,0.35463292153194215,0.17597378863022667,0.41497424559759416,8,0.3588077804837957,0.35463292153194215,0.0309518265250081,11.17449338911811,8.0,73.0,-3.475323266245273,2024Q1,0.11103320874956911,other,38
0000921895-23-002397,0001871149,0001688522,"Philotimo Fund, LP",22334,2023-10-12,2023-10-26,2023-10-26,same-day,0,14,0.10565425969329577,-0.015079566780807055,-0.15639472758963363,0.06625141803319524,10,0.10565425969329577,-0.015079566780807055,0.39011811586492195,10.555054638790777,10.0,9.4,-0.9413057245195303,2023Q4,-0.38440225812870316,other,20
0001104659-23-128812,0001863990,0002004751,Strahan Gary Eugene,22341,2023-12-19,2023-12-22,2023-12-22,same-day,0,3,-0.04846587455010587,0.6937508519944926,-0.053889495469507255,-0.23969063803473994,3,-0.04846587455010587,0.6937508519944926,12.478674121292393,10.870998826151425,3.0,51.2,2.524021117016325,2023Q4,-1.5726175425922975,other,38
0001731122-23-000981,0001865191,0001909144,Liu Kelvin Chak Kwan,22346,2023-05-19,2023-05-19,2023-05-19,same-day,0,0,0.0,0.012683627369334932,0.0005317406203234586,0.005697606087035434,0,0.0,0.012683627369334932,2.1083143618246236,11.701735095288543,0.0,18.41,0.7458887475609368,2023Q2,-0.9945437212686227,other,67
0001891364-22-000004,0001861449,0001891364,VanderZanden Travis,22356,2022-12-19,2022-12-21,2022-12-21,same-day,0,2,0.1210194880467796,-0.12240604402609671,-0.4153808942529838,0.0778698284801183,2,0.1210194880467796,-0.12240604402609671,0.07360843124124156,10.875258023397006,2.0,12.3,-2.6089957049000456,2022Q4,-0.07444472129941443,other,37
0000904853-23-000005,0000910612,0000904853,Amster Howard,22360,2023-03-01,2023-03-14,2023-03-14,same-day,0,13,0.0023709096976385416,-0.028856074273905685,-0.01722643693665955,0.05001208717423837,9,0.0023709096976385416,-0.028856074273905685,0.007394350397770652,13.623305051473874,9.0,7.26,-4.9070390301165565,2023Q1,0.9709347598860344,other,67
0001104659-25-112538,0001860543,0000935577,KANDERS WARREN B,22361,2025-11-10,2025-11-14,2025-11-14,same-day,1,4,0.002258037731454495,-0.005889539459933454,0.12516780176811113,-0.0033777757901410606,4,0.002258037731454495,-0.005889539459933454,0.0017185488637546863,14.363308168392281,3.0,30.9,-6.3662750281218665,2025Q4,1.0432493486556356,other,38
0001705151-25-000004,0001502377,0001705151,Kenneth R. Peak Marital Trust,22369,2025-09-26,2025-10-30,2025-10-30,same-day,1,34,-0.24816781796603843,-0.005687229888268672,-0.047486348200299185,-0.019406717522395055,24,-0.24816781796603843,-0.005687229888268672,0.014717507769604692,12.62504610366313,23.0,4.4,-4.218717489145932,2025Q3,0.17795827982065782,other,10
0001493152-23-033651,0001855485,0001991668,Leftwich Scott,22380,2023-09-12,2023-09-26,2023-09-27,next-day,0,14,-0.7688149923187917,0.052026528315640044,0.01586206919223454,-0.7790371814806722,11,-0.8061185816071257,-0.1845975275178855,0.44868752219911434,10.421109230721118,11.0,9.2,-0.8014285751697673,2023Q3,-0.514643887068858,other,28
0001213900-22-042836,0001880343,0001898426,Novak Damian,22465,2022-07-20,2022-07-29,2022-07-29,same-day,0,9,0.06808152439373882,-0.038022011987920615,0.03830488382933449,0.07641852843819513,7,0.06808152439373882,-0.038022011987920615,0.9908146931514231,10.270544417347972,7.0,19.56,-0.00922775189329758,2022Q3,-1.0747673140995884,other,59
0000950103-24-017408,0001865506,0002046915,"LHX Intermediate, LLC",22546,2024-11-01,2024-12-06,2024-12-06,same-day,1,35,0.1390327572321364,0.82624463744005,-0.43531740513270284,-0.09833514211577343,24,0.1390327572321364,0.82624463744005,5.008318059528239,9.819199010718625,23.0,58.2,1.6111001420702895,2024Q4,-1.4648785507064805,activist_hf,17
0001068238-23-000182,0001873835,0001977769,"GKCC, LLC",22562,2023-08-21,2023-08-30,2023-08-30,same-day,0,9,0.08837103375526457,0.006901041177965238,-0.2992061719555337,0.1459086118636545,7,0.08837103375526457,0.006901041177965238,0.22050245371744023,10.31869901029867,7.0,19.99,-1.5118464561869014,2023Q3,-0.27632839539091586,activist_hf,28
0001104659-23-023806,0001850051,0001885142,Intelligent Medicine Sponsor LLC,22564,2023-02-08,2023-02-21,2023-02-21,same-day,0,13,0.01014616318611462,0.005009385126535027,-0.010095060997860715,0.006680639496995412,8,0.01014616318611462,0.005009385126535027,1.0206997423189925,12.485379115343228,8.0,80.1,0.02048841397209865,2023Q1,-0.8806232041952105,activist_hf,67
0001829126-23-001666,0001883814,0001965929,Renda Frankie S.,22566,2023-02-14,2023-02-24,2023-02-27,next-day,0,10,0.04587977512903671,-0.0673340551497819,0.008137709898640053,-0.17913336569965083,8,0.04945230540814044,0.031293564343668034,7.748087135040798,12.819971484074623,8.0,49.8,2.047445991614811,2023Q1,-1.6422687735652077,other,16
0001213900-24-065216,0001837929,0001837933,New Providence Acquisition II LLC,22582,2024-07-29,2024-08-05,2024-08-05,same-day,1,7,-0.063837956314475,-0.05352858234966151,0.10680396773756304,-0.063837956314475,5,-0.063837956314475,-0.05352858234966151,69.27170516756277,10.850540246060325,5.0,88.7,4.23803652798046,2024Q3,-1.8138943126745863,activist_hf,67
0001104659-23-025345,0001869824,0001894180,"Seaport Global SPAC II, LLC",22600,2023-02-14,2023-02-24,2023-02-24,same-day,0,10,-0.0057633736065450854,0.0003857405194633905,0.0026188098165425672,-0.004886430622478607,7,-0.0057633736065450854,0.0003857405194633905,6.956635877988443,11.902472889606019,7.0,44.4,1.939696006630915,2023Q1,-1.6017808523734336,activist_hf,14
0000902664-24-003017,0001874944,0001595082,DAVIDSON KEMPNER CAPITAL MANAGEMENT LP,22610,2024-04-18,2024-04-22,2024-04-22,same-day,1,4,0.03359770760285495,0.06609237448195543,-0.11211700662011917,0.1517557305723502,2,0.03359770760285495,0.06609237448195543,0.10534933996543881,11.388276110004567,2.0,9.43,-2.25047340391114,2024Q2,-0.29675068234112006,activist_hf,73
0001213900-25-004767,0001871638,0001733859,Bess Lane,22635,2025-01-13,2025-01-21,2025-01-21,same-day,1,8,-0.31487682636484904,0.022568166920369337,0.008320077214937341,-0.31487682636484904,5,-0.31487682636484904,0.022568166920369337,3.35017665778465,,5.0,9.4,1.2090130781136639,2025Q1,-1.8541211360017376,other,36
0001104659-23-019448,0001868734,0001849915,Sofinnova Capital IX,22637,2023-02-10,2023-02-13,2023-02-13,same-day,0,3,-0.009513809177689259,-0.03512809282370819,1.1556167419357646,-0.047106743876751365,1,-0.009513809177689259,-0.03512809282370819,0.004522489663060853,14.059364747737138,1.0,9.6,-5.398692626366678,2023Q1,1.1556775425565147,activist_hf,28
0001493152-23-039512,0000020520,0001525907,"Cerberus Capital Management, L.P.",22638,2023-10-26,2023-11-06,2023-11-06,same-day,0,11,0.07336454649942234,0.00824537943411801,0.027272154844308533,0.015487716919126824,7,0.07336454649942234,0.00824537943411801,0.3411406082429317,9.90572504747632,7.0,9.9,-1.0754605457993995,2023Q4,-0.33840232322542774,activist_hf,48
0001493152-25-029744,0001777319,0002083494,Hensley & Co,22638,2025-11-06,2025-12-31,2025-12-31,same-day,1,55,-0.8261980437231603,0.08400822035978253,-0.13544677602456934,-0.06385290689605945,37,-0.8261980437231603,0.08400822035978253,0.05815709358489594,10.542116243352828,36.0,14.82,-2.8446074197549347,2025Q4,-0.25796253492202237,corporate,87
0001641172-25-015693,0001861657,0001840140,Gravitas Capital LP,22655,2025-04-30,2025-06-20,2025-06-20,same-day,1,51,0.0855425428297013,-0.08700368848116645,-0.051198552673307834,0.1393859025402489,35,0.0855425428297013,-0.08700368848116645,1.6263760353940067,7.840450714881569,35.0,14.83,0.4863542484681586,2025Q2,-1.3026001018087643,activist_hf,61
0001731122-25-001527,0001718939,0001991451,"Galloway Capital Partners, LLC",22660,2025-11-13,2025-11-13,2025-11-13,same-day,1,0,0.0,-0.04545975952495543,0.16228801580226698,-0.10783636819849199,0,0.0,-0.04545975952495543,0.24477045735731692,9.94949957552824,0.0,7.56,-1.4074344163563857,2025Q4,-0.7889798820266156,activist_hf,73
0001213900-25-046279,0001854275,0001181955,EIDE ROBERT J,22662,2025-05-20,2025-05-21,2025-05-21,same-day,1,1,,,0.8275498415075225,,1,,,0.2021318497863323,,1.0,9.2,-1.5988350727965832,2025Q2,-0.5659378338539445,other,75
0001493152-23-023915,0001860871,0001980644,"SSVK Associates, LLC",22669,2023-06-07,2023-07-07,2023-07-07,same-day,0,30,0.0038672461258378523,0.010966505083311599,-0.019416656086782266,-0.007303854908367883,20,0.0038672461258378523,0.010966505083311599,97.0276061674275,12.022055572160017,20.0,56.8,4.574995537676782,2023Q2,-2.23165384657651,activist_hf,28
0000935836-22-000580,0001870144,0001950789,Dogan Meeshanthini,22670,2022-10-25,2022-11-03,2022-11-03,same-day,0,9,-1.1399492064677055,-0.12532240652969442,0.00512588799091063,-0.8565958140146099,7,-1.1399492064677055,-0.12532240652969442,8.851823915634053,11.473160203577464,7.0,22.3,2.180623529947806,2022Q4,-1.746458841479357,other,28
0001213900-24-024811,0001855474,0001095460,JORE MATTHEW B,22693,2024-03-14,2024-03-21,2024-03-21,same-day,1,7,-0.36766994529301805,-0.03628837775167905,-0.05111104864065805,-0.36766994529301805,5,-0.36766994529301805,-0.03628837775167905,16.852263101155096,11.611169518572972,5.0,14.3,2.824484956453661,2024Q1,-2.0334971512749624,other,35
0001062993-23-016977,0001523289,0001510281,"Saba Capital Management, L.P.",22709,2023-08-21,2023-08-22,2023-08-22,same-day,0,1,0.02958877269069159,0.05022955363091038,0.069645819358924,0.07721668194417883,1,0.02958877269069159,0.05022955363091038,0.060569744384661964,10.730100811087642,1.0,10.0,-2.803959778162261,2023Q3,0.15712159208589202,activist_hf,
0001140361-23-057183,0001853070,0002003587,Liotta Matthew,22731,2023-12-01,2023-12-11,2023-12-11,same-day,0,10,-0.7929901176199793,0.028663737057583766,-0.04701568695026892,-1.027920557032096,6,-0.7929901176199793,0.028663737057583766,0.2730260426131449,11.10773606885002,6.0,17.3,-1.2981880941595696,2023Q4,-0.2620319577924908,other,45
0000807249-25-000097,0001876588,0000807249,"GAMCO INVESTORS, INC. ET AL",22757,2025-07-25,2025-07-28,2025-07-28,same-day,1,3,-0.0019073042464648857,0.011204722616850054,-0.07231817953637537,0.020432135431219096,1,-0.0019073042464648857,0.011204722616850054,0.017783354928945762,12.379953176896278,1.0,2.9,-4.0294923755295144,2025Q3,0.11143000967333917,activist_hf,38
0001213900-24-084092,0001782107,0002006201,Schiess Ralph,22767,2024-09-24,2024-10-01,2024-10-01,same-day,1,7,0.78740522330231,-0.25100662726736506,-0.22191418267068283,0.78740522330231,5,0.78740522330231,-0.25100662726736506,0.3421874637255009,8.164857391190855,5.0,5.98,-1.0723965525448909,2024Q3,-0.4234600674197858,other,28
0000921895-25-003215,0001482541,0002098271,YZILabs Management Ltd.,22768,2025-11-19,2025-11-26,2025-11-26,same-day,1,7,0.017646092043636742,0.2346319727493794,-1.348615653609341,0.017646092043636742,5,0.017646092043636742,0.2346319727493794,0.08764864766305665,12.354680219263251,5.0,5.0,-2.434419096563849,2025Q4,-0.4095219607386288,other,07
0001213900-24-111305,0001845123,0001629304,Wilder John C Jr,22778,2024-12-13,2024-12-20,2024-12-20,same-day,1,7,-0.362972908707385,0.019625697922835,0.012035988750141294,-0.362972908707385,5,-0.362972908707385,0.019625697922835,23.451550273042464,10.85155888846587,5.0,94.9,3.154936602431762,2024Q4,-1.931356008284516,other,13
0001493152-23-016333,0001855351,0001976495,"GLD SPONSOR MEMBER, LLC",22792,2023-04-25,2023-05-11,2023-05-11,same-day,0,16,0.026193816785735284,-0.0026131560206974843,-0.003997863571741965,0.016963664571190223,12,0.026193816785735284,-0.0026131560206974843,62.02208391878824,9.646024905490297,12.0,30.2,4.127490513862216,2023Q2,-2.087073654267379,activist_hf,67
0001213900-24-087323,0001843162,0002041022,"Chicago Atlantic Loan Portfolio, LLC",22799,2024-10-01,2024-10-11,2024-10-11,same-day,1,10,0.17185240797105178,0.02895106119562344,-0.11493152114453978,0.14222365215278604,8,0.17185240797105178,0.02895106119562344,0.23055155387190124,11.111309041166123,8.0,69.45,-1.4672807805043744,2024Q4,-0.5347312565538777,activist_hf,
0001373604-25-000074,0001880438,0001373604,"BML Investment Partners, L.P.",22886,2025-05-07,2025-05-07,2025-05-07,same-day,1,0,0.0,0.01374604147309787,-0.19500435667541052,-0.016690208186686116,0,0.0,0.01374604147309787,0.30867252717291843,10.528786206596568,0.0,19.1,-1.1754743466629751,2025Q2,-0.7155040480562215,activist_hf,28
0001477932-24-002024,0001437925,0002016463,Milovanovic Aleksandar,22899,2024-04-09,2024-04-11,2024-04-11,same-day,1,2,-0.13580164155678012,-0.12424628836618398,-0.09174766783049333,-0.15512804530725954,2,-0.13580164155678012,-0.12424628836618398,0.4645546880137992,11.548517293988624,2.0,52.4,-0.7666759924296455,2024Q2,-0.843883922269423,other,73
0001493152-23-035086,0001841586,0001995870,Altris Ltd,22901,2023-09-12,2023-10-03,2023-10-04,next-day,0,21,-0.01494908772428487,0.012607013003835625,0.006757464291492359,-0.004238060784906206,16,-0.028836771892056495,-0.004869352637780116,30.316393448168405,9.588515129626092,16.0,6.4,3.411688604100439,2023Q3,-1.927968521630454,corporate,28
0000950170-25-005036,0001852633,0001600269,"Oaktree Value Equity Fund, L.P.",22923,2025-01-03,2025-01-13,2025-01-13,same-day,1,10,0.06428624188880012,-0.11798662506329467,-0.3514593358495232,0.06428624188880012,5,0.06428624188880012,-0.11798662506329467,1.6689918696855832,9.803652300015584,6.0,7.2,0.5122197732990991,2025Q1,-1.598181257900299,activist_hf,58
0001213900-24-007398,0001883984,0001896404,Alternus Energy Group Plc,23012,2023-12-22,2024-01-29,2024-01-29,same-day,0,38,-1.3755627770008798,0.0314366880997576,-0.485830284027585,-1.0107591825494062,23,-1.3755627770008798,0.0314366880997576,11.627958683121888,10.831959787712329,23.0,71.1,2.453412429467225,2023Q4,-1.5484067464399291,corporate,49
0001104659-23-093833,0001277250,0001699673,Arena Investors LP,23014,2023-08-21,2023-08-21,2023-08-21,same-day,0,0,0.0,-0.10104226505426682,-0.0953951695421155,0.0023001652534933442,0,0.0,-0.10104226505426682,0.09075690862375148,12.035997178357038,0.0,9.99,-2.3995706806493566,2023Q3,0.02146596012881458,activist_hf,48
0000950170-25-086529,0001901799,0001952409,Mintz Brandon Taylor,23031,2025-05-30,2025-06-16,2025-06-16,same-day,1,17,0.5328289532106942,-0.029283580750212188,0.8621285059873482,0.09313879244843404,11,0.5328289532106942,-0.029283580750212188,0.12238583710978321,11.254380876244348,11.0,94.59,-2.100576625486209,2025Q2,-0.3886809937377059,other,61
0001214659-25-006873,0001888012,0001232621,TANG CAPITAL MANAGEMENT LLC,23032,2025-05-02,2025-05-02,2025-05-02,same-day,1,0,0.0,-0.015165455804972831,0.12093199519975285,-0.011612371324873257,0,0.0,-0.015165455804972831,0.06105934275283717,11.437779954759998,0.0,9.8,-2.795909055689492,2025Q2,-0.14303175709889354,activist_hf,28
0001493152-23-031593,0001847345,0001991247,"SRIRAMA Associates, LLC",23047,2023-08-18,2023-09-05,2023-09-05,same-day,0,18,-0.006988185085225752,-0.0017063685143405092,0.041271038223808704,-0.013452323723896648,11,-0.006988185085225752,-0.0017063685143405092,15.004864623755623,11.501874628783144,11.0,48.0,2.7083744567760313,2023Q3,-1.6920360355510018,activist_hf,28
0001765380-23-000125,0001842820,0001842820,"TMD Wealth Management, LLC",23058,2023-06-16,2023-07-10,2023-07-10,same-day,0,24,-0.1589245632454004,-0.0024109272103583664,-1.003366291216862,-0.02167241844877131,14,-0.1589245632454004,-0.0024109272103583664,1.0077913152887679,9.105194277772878,14.0,32.52,0.007761119732456936,2023Q2,-0.756069003218652,activist_hf,
0002078467-25-000001,0001560293,0002078467,SiVantage Inc.,23058,2025-08-01,2025-08-08,2025-08-08,same-day,1,7,0.3238561126132486,-0.03327369310099611,-0.006025297733491024,0.3238561126132486,5,0.3238561126132486,-0.03327369310099611,0.10003054246353293,8.99311924841374,5.0,12.5,-2.302279714991325,2025Q3,-0.4958280243479133,other,38
0000919574-25-005403,0001868419,0002083498,McCoy III Alvin,23061,2025-08-04,2025-08-29,2025-08-29,same-day,1,25,0.012777534302474906,-0.030110695395268394,0.3686969330286124,0.08435978124421213,19,0.012777534302474906,-0.030110695395268394,0.05594004991104802,9.605229753712162,19.0,7.9,-2.8834746989840516,2025Q3,-0.29148994170992254,other,73
0001493152-22-036342,0001886799,0001928342,Rafih Terry,23065,2022-12-12,2022-12-22,2022-12-22,same-day,0,10,-0.16890966098940596,0.07653916591589939,0.6256055710897355,-0.12150744527639348,8,-0.16890966098940596,0.07653916591589939,0.11641546080095405,11.53847020220413,8.0,13.35,-2.1505899277547615,2022Q4,-0.23447016269200616,other,28
0000921895-23-000990,0001809750,0001975696,Zella Tribe Limited Partnership,23109,2023-04-27,2023-05-02,2023-05-02,same-day,0,5,-0.04421093073057379,0.004542826980370354,-0.2965260895910722,-0.030369333348882366,3,-0.04421093073057379,0.004542826980370354,0.20601353693934615,8.424011544677278,3.0,6.1,-1.5798133990537833,2023Q2,-0.2431544726182047,other,01
0001213900-25-105610,0001881551,0002092793,Madison Bond LLC,23113,2025-10-21,2025-11-04,2025-11-04,same-day,1,14,-0.3389120220313715,-0.10095645342990887,3.185696535965287,-0.23838863361809712,10,-0.3389120220313715,-0.10095645342990887,0.22543234268359455,11.968784212898106,10.0,47.5,-1.4897351975034,2025Q4,-0.758570778622936,activist_hf,36
0001493152-25-003017,0001892492,0001479044,Vassilakos Paul,23127,2025-01-20,2025-01-21,2025-01-21,same-day,1,1,0.0,0.006850362884636651,0.16395834164809656,-0.07626075239332869,0,0.0,0.006850362884636651,0.44432258010769266,8.285614161280925,0.0,10.7,-0.8112044485722758,2025Q1,-1.1120729217813219,other,61
0001104659-23-081632,0001879016,0001977962,Saudi Arabian Mining Co (Ma'aden),23147,2023-07-06,2023-07-17,2023-07-17,same-day,0,11,0.12515045010298886,-0.006092124147933989,-0.031506065354032865,0.05791908368155841,7,0.12515045010298886,-0.006092124147933989,0.0057950953163457665,14.008150496684172,7.0,9.9,-5.150743354293633,2023Q3,0.9443693468956822,other,10
0002091629-25-000005,0001674440,0002091629,Belfiore Michael Anthony,23178,2025-10-07,2025-10-20,2025-10-20,same-day,1,13,-1.417421060175705,-0.41873053579330954,-1.030355781511313,-1.0334095984768101,9,-1.417421060175705,-0.41873053579330954,0.2492038181470504,10.23856453052227,8.0,22.1,-1.3894841705688366,2025Q4,-0.7956122720558182,other,73
0000950170-23-028010,0001468492,0001016157,HILZ MARK T,23185,2023-06-12,2023-06-14,2023-06-14,same-day,0,2,0.029060241514721898,0.033164056988917244,0.10070806510028768,-0.063974405195691,2,0.029060241514721898,0.033164056988917244,0.6509192200973327,9.270861459021313,2.0,5.4,-0.4293697303448493,2023Q2,-0.6148405052015677,other,61
0001683168-23-007194,0001879848,0001427051,Palo Alto Clean Tech Holding Ltd,23193,2023-09-26,2023-10-16,2023-10-16,same-day,0,20,1.1831542340866734,0.03139427214259608,0.07150889273996258,0.7341160444672193,14,1.1831542340866734,0.03139427214259608,4.561392201686655,9.445126287194455,13.0,56.36,1.5176278843169027,2023Q3,-1.2925903537036756,corporate,37
0000950170-25-033537,0001899883,0002023029,"LIF AIV 1, L.P.",23224,2025-02-26,2025-03-05,2025-03-05,same-day,1,7,0.02420339885654852,-0.016994154766846375,-0.2525494415434558,0.02420339885654852,5,0.02420339885654852,-0.016994154766846375,0.0029539588765959543,13.488683625482292,5.0,14.65,-5.8246090162305295,2025Q1,0.7294059573263425,activist_hf,40
0001104659-25-117355,0001414767,0002081874,"Strategic EP, LLC",23235,2025-11-25,2025-12-01,2025-12-01,same-day,1,6,-0.019166817514502,0.04849140930838672,-0.7780097423654726,0.11486272965373642,3,-0.019166817514502,0.04849140930838672,0.18394960315960948,8.54944738694557,3.0,5.8,-1.6930934547611638,2025Q4,-0.6834324605321634,activist_hf,61
0001376474-24-000516,0001808377,0002020621,Galkin Vladimir,23258,2024-09-16,2024-09-23,2024-09-23,same-day,1,7,0.760917920967696,-0.01806709265078904,-0.09905516393825575,0.760917920967696,5,0.760917920967696,-0.01806709265078904,0.09553777304320533,8.994573297438299,5.0,21.1,-2.3482335804483023,2024Q3,-0.08940680508482143,other,38
0001315863-25-000573,0001425355,0002080095,Karatage Opportunities,23260,2025-07-31,2025-08-07,2025-08-07,same-day,1,7,-0.12679324959827457,0.12463093388095148,2.094793448918835,-0.12679324959827457,5,-0.12679324959827457,0.12463093388095148,0.8568753131769565,10.484912356983404,5.0,5.63,-0.15446286317829427,2025Q3,-1.250963201774931,other,61
0001213900-24-011884,0001905956,0001910570,TEO CHONG CHAN,23266,2024-02-02,2024-02-09,2024-02-09,same-day,0,7,0.21367445972215524,0.08759003186927522,0.24999757125371797,0.21367445972215524,5,0.21367445972215524,0.08759003186927522,0.4453677421404297,8.71034587916385,5.0,5.7,-0.8088549512530682,2024Q1,-0.7966646216288965,other,73
0001493152-24-049899,0001889539,0000905591,NIPPON LIFE INSURANCE CO,23340,2024-12-09,2024-12-13,2024-12-13,same-day,1,4,-0.037669000280900714,0.013571378090471794,-0.02992798061010869,-0.025884718402920483,4,-0.037669000280900714,0.013571378090471794,0.00014671098169801038,16.726474446231848,4.0,21.6,-8.827046017416594,2024Q4,1.6890564724146302,corporate,63
0000921895-24-000112,0001788999,0001687509,Rubric Capital Management LP,23343,2024-01-19,2024-01-23,2024-01-23,same-day,0,4,0.040256499074378935,0.09191059251556104,0.08821099977973079,0.09469747747669001,2,0.040256499074378935,0.09191059251556104,0.007143795833527576,13.1168502882173,2.0,7.6,-4.941511014549861,2024Q1,0.6101411226073241,activist_hf,73
0001013762-23-006726,0001074828,0001922670,Baszucki Todd,23375,2023-10-16,2023-10-26,2023-10-27,next-day,0,10,0.11665917748517803,0.06844480732083194,-0.680859840766936,0.0638659954826028,9,0.0915036928572612,0.09683243786263386,0.6620305604621906,9.479565661077398,9.0,21.4,-0.4124435602704791,2023Q4,-0.5657421823757063,other,61
0001161697-25-000262,0001074828,0002079514,Kidd Robert Gregory,23375,2025-08-06,2025-08-13,2025-08-13,same-day,1,7,-0.195671590293116,-0.08140113275029323,0.1063844438798227,-0.195671590293116,5,-0.195671590293116,-0.08140113275029323,0.09217034000509555,9.937622277024916,5.0,93.1,-2.384116892092237,2025Q3,-0.46705549134629454,other,61
0000807249-23-000160,0001902314,0001233348,GABELLI MARC,23381,2023-11-28,2023-12-05,2023-12-05,same-day,0,7,-0.06058460059011095,0.07682817909299441,0.15895604205433386,-0.06058460059011095,5,-0.06058460059011095,0.07682817909299441,0.23224186455839557,11.437611981864693,5.0,11.26,-1.4599759307137874,2023Q4,-0.20655702309662877,other,36
0001140361-24-005918,0001930313,0002010776,ZUU Co. Ltd.,23425,2024-01-26,2024-02-06,2024-02-06,same-day,0,11,0.011717115491633947,-0.005596841848894176,0.000753977959281571,0.0032271714277665488,7,0.011717115491633947,-0.005596841848894176,41.96469097134791,10.993926530515077,7.0,24.4,3.7368285735459925,2024Q1,-2.344069872930113,other,80
0001072613-24-000265,0001894562,0001906837,"ARCH Venture Fund XII, L.P.",23432,2024-02-15,2024-02-22,2024-02-22,same-day,1,7,0.2588676843642613,0.011213564734452178,-0.1975304779798237,0.21701936449449732,4,0.2588676843642613,0.011213564734452178,0.011066074068506977,13.3944052470391,4.0,12.9,-4.503871241188029,2024Q1,0.4611632890683496,other,28
0001193805-25-001314,0001915380,0001785342,National Philanthropic Trust,23507,2025-09-15,2025-09-19,2025-09-19,same-day,1,4,-0.1137020055305267,0.012772122818063635,-0.033238278694321124,-0.08258538631286844,4,-0.1137020055305267,0.012772122818063635,0.04455194993688583,10.311600485393653,4.0,9.0,-3.111099356396114,2025Q3,-0.21146105753549826,other,67
0001213900-24-006545,0001922858,0002003706,Humble Emily Jayne,23618,2023-12-12,2024-01-25,2024-01-25,same-day,0,44,-1.5869799093829429,-0.021903866352296804,-0.059593308328998534,-1.0100966347086977,29,-1.5869799093829429,-0.021903866352296804,22.472868526695397,11.082007924431695,29.0,38.4,3.1123087383384265,2023Q4,-1.7743336794187579,other,37
0001013762-23-005851,0001934064,0001545867,"SMC Holdings II, LP",23627,2023-09-20,2023-10-23,2023-10-23,same-day,0,33,0.03476495103102596,-0.04637782863634211,0.08448178094510495,-0.04063347600454303,23,0.03476495103102596,-0.04637782863634211,4.326501148019126,9.823724389119787,22.0,11.7,1.464759166410542,2023Q3,-1.2748551096467584,activist_hf,38
0001213900-24-070284,0001851484,0001506251,"Citius Pharmaceuticals, Inc.",23629,2024-08-12,2024-08-16,2024-08-16,same-day,1,4,-1.22388602061532,-0.20934504342662916,2.016108520805446,-1.3347985055291371,4,-1.22388602061532,-0.20934504342662916,9.459366286066494,12.427164092718252,4.0,92.6,2.2470053920320407,2024Q3,-1.2925812986863985,other,28
0000950170-25-039480,0001944558,0002059858,FR XIII PetroShale Holdings L.P.,23630,2025-03-07,2025-03-14,2025-03-14,same-day,1,7,0.02904289761365328,-0.044798121268043,-0.028023327168153776,0.02904289761365328,5,0.02904289761365328,-0.044798121268043,0.0025471824938111693,13.568946321067473,5.0,7.6,-5.972767435056433,2025Q1,0.7838261812176943,activist_hf,13
0001493152-24-014211,0001540684,0000067099,MITSUI & CO LTD,23658,2024-04-04,2024-04-10,2024-04-10,same-day,1,6,-0.0862540541712703,-0.15041192585519444,0.03670267383963652,-0.12900444621694784,4,-0.0862540541712703,-0.15041192585519444,0.03044475535570695,12.289243072171812,4.0,12.8,-3.4918415375687006,2024Q2,0.16098954800048157,corporate,14
0002089104-25-000001,0001937891,0002089104,Da Shengwei (Sean),23662,2025-12-09,2025-12-17,2025-12-17,same-day,1,8,1.9461049019084609,0.7083699950845262,0.04394637095127464,0.9302329476907256,6,1.9461049019084609,0.7083699950845262,5.149860892258673,9.895692247944925,6.0,77.0,1.6389697030989272,2025Q4,-1.9145878846096243,other,57
0001213900-25-007997,0001937993,0001405290,Pham Quang X,23669,2025-01-23,2025-01-29,2025-01-29,same-day,1,6,-0.07221960022554595,-0.053484008281120335,0.25806477555437674,-0.0968659404336422,4,-0.07221960022554595,-0.053484008281120335,0.0790636020414743,10.341961814251238,4.0,23.6,-2.5375026612929457,2025Q1,-0.4779845184089011,other,28
0001213900-25-087881,0001920406,0001635075,Ramaswamy Vivek,23715,2025-09-12,2025-09-16,2025-09-16,same-day,1,4,-0.4026548038862254,-0.856212719587185,-0.6566022185765602,-0.9550031167004057,2,-0.4026548038862254,-0.856212719587185,0.005164445041011426,11.169490484609772,2.0,17.92,-5.2659576282604466,2025Q3,0.5461497611340629,other,61
0001214659-25-003193,0001962918,0001232621,TANG CAPITAL MANAGEMENT LLC,23874,2025-02-18,2025-02-20,2025-02-20,same-day,1,2,0.012195484528992252,0.28181875851841875,-0.3626720779552506,0.29017271627220387,2,0.012195484528992252,0.28181875851841875,0.012595451708283693,12.210582461008002,2.0,5.3,-4.374419505725096,2025Q1,0.19673533035824653,activist_hf,28
0000950170-25-095910,0001769759,0001136869,"ZIMMER BIOMET HOLDINGS, INC.",23880,2025-07-11,2025-07-15,2025-07-15,same-day,1,4,0.7748286700091445,0.7820968688528803,0.025685477049455056,0.749186695766055,2,0.7748286700091445,0.7820968688528803,0.16671718693520995,11.558454125738864,2.0,27.0,-1.7914563935488692,2025Q3,-0.6754246501708708,other,38
0001104659-25-095698,0001853138,0002080471,Burnette Donald L.,23993,2025-09-24,2025-10-01,2025-10-01,same-day,1,7,-0.24031247920868562,-0.052765633893631814,-0.004424384000782824,-0.24031247920868562,5,-0.24031247920868562,-0.052765633893631814,0.0008003334440601067,13.46624240163951,5.0,15.1,-7.13048211206032,2025Q3,1.2016842522163595,other,73
0000897069-24-001972,0001962481,0002001906,Kaufman Daniel Louis,23998,2024-10-14,2024-10-17,2024-10-17,same-day,1,3,-0.10727966486891527,-0.059436313273603464,-0.2846939634505474,-0.1028836387915383,3,-0.10727966486891527,-0.059436313273603464,0.675836198500055,9.361687124470707,2.0,37.4,-0.39180454221212385,2024Q4,-0.8596914671753408,other,20
0001213900-25-029871,0001805526,0002060008,DEFI DEV LLC,24072,2025-04-04,2025-04-08,2025-04-08,same-day,1,4,8.323615863686662,8.04584092554857,0.2640975097877679,8.61895712379442,2,8.323615863686662,8.04584092554857,1.7942667792314606,8.960339366492091,2.0,28.85,0.5845964589529594,2025Q2,-1.3373074201546746,activist_hf,61
0001418812-25-000002,0001560385,0001464912,"ValueAct Capital Master Fund, L.P.",24084,2025-02-04,2025-02-11,2025-02-11,same-day,1,7,0.001347530460393047,0.026664359718129606,-0.036660441566116565,0.001347530460393047,5,0.001347530460393047,0.026664359718129606,0.0016123106455562918,14.41725465208037,5.0,5.5,-6.430086945302062,2025Q1,0.9518046891868905,activist_hf,48
0001622627-24-000064,0001933567,0001622627,"Rosalind Advisors, Inc.",24087,2024-11-12,2024-12-02,2024-12-02,same-day,1,20,0.21971622597108154,-0.05364616213729844,-0.08292494290397075,0.2622880641759101,13,0.21971622597108154,-0.05364616213729844,4.005290486684606,9.82536383575455,13.0,9.9,1.3876161088974686,2024Q4,-1.3973517975299596,activist_hf,38
0001213900-25-054340,0001911545,0002062471,Shi Amy Xianglin,24093,2025-05-20,2025-06-13,2025-06-13,same-day,1,24,0.7631949446963947,-0.21722488746110952,0.35112277061249997,-0.2701653868342154,17,0.7631949446963947,-0.21722488746110952,2.9065263912555883,8.354768375136734,17.0,8.8,1.0669586881991002,2025Q2,-1.5077178716894444,other,73
0001829126-24-006896,0001843165,0001932843,Lazar David E.,24095,2024-10-15,2024-10-21,2024-10-21,same-day,1,6,0.17601973708539326,0.33982528899612763,-0.06636455492278891,0.25168970296495713,4,0.17601973708539326,0.33982528899612763,0.9970778741014626,7.7826863718311285,4.0,19.74,-0.0029264036438601754,2024Q4,-0.9771928282615591,other,20
0001213900-25-124038,0001843165,0002050412,Lu Yilin,24095,2025-12-17,2025-12-19,2025-12-19,same-day,1,2,-0.056206396684580856,0.058393378437012027,0.07852048634473618,0.04396638658973657,2,-0.056206396684580856,0.058393378437012027,0.14622298347783572,9.392662762103123,2.0,9.36,-1.9226225382912345,2025Q4,-0.5986243513266174,other,20
0001493152-25-025066,0001934245,0001966393,Hoge Brett Widney,24098,2025-11-19,2025-11-26,2025-11-26,same-day,1,7,0.27323535619377376,0.15729104146434317,-0.5204369763792872,0.27323535619377376,5,0.27323535619377376,0.15729104146434317,0.20679741741795682,8.416395583178222,5.0,5.7,-1.5760156247335948,2025Q4,-0.7266912460499717,other,39
0001641172-25-020966,0001956744,0002075159,Bravemorning Ltd,24099,2025-06-16,2025-07-25,2025-07-25,same-day,1,39,5.30921895893611,0.10214513867562867,0.5855877851531599,5.398625212697792,27,5.30921895893611,0.10214513867562867,0.4536338340852734,9.579675239829697,27.0,95.93,-0.7904649392152181,2025Q2,-0.8515213872886991,corporate,61
0001011438-24-000325,0001967649,0001535472,Corvex Management LP,24173,2024-05-02,2024-05-08,2024-05-08,same-day,1,6,-0.4843626717544733,0.15516433768549068,0.1032449702354603,-0.4499020635388985,4,-0.4843626717544733,0.15516433768549068,0.0004893704407389028,14.725490498618532,4.0,12.6,-7.622390807760378,2024Q2,1.6840821126566,activist_hf,51
0000950170-25-096649,0001959348,0001188365,GUND GORDON,24175,2025-07-10,2025-07-17,2025-07-17,same-day,1,7,0.32119091152793916,0.0013916269939903622,0.01967801782049688,0.32119091152793916,5,0.32119091152793916,0.0013916269939903622,0.0012678329538658587,14.228499133681716,5.0,5.4,-6.670446171498983,2025Q3,1.0399435892239126,other,20
0001104659-25-117151,0001674862,0001539436,Standard Investments LLC,24272,2025-11-21,2025-12-01,2025-12-01,same-day,1,10,0.043351583355137224,0.1070948096861439,0.1306281825782957,0.043351583355137224,5,0.043351583355137224,0.1070948096861439,0.0004697146977819194,14.671760822870324,5.0,5.7,-7.663385073570959,2025Q4,1.5225151945964421,activist_hf,51
0001731122-25-000573,0001940177,0001991451,"Galloway Capital Partners, LLC",24279,2025-04-14,2025-04-14,2025-04-14,same-day,1,0,0.0,-0.006013171087719226,0.03547135138029148,-0.07353259679277871,0,0.0,-0.006013171087719226,1.1201996316041976,10.551729413138181,0.0,2.28,0.11350691192744328,2025Q2,-1.1708794173912915,activist_hf,73
0001193805-22-001587,0000078814,0001456565,HESTIA CAPITAL PARTNERS LP,24459,2022-11-14,2022-11-21,2022-11-21,same-day,0,7,0.11154290108313718,0.01872004893540976,0.28093569289739906,0.11154290108313718,5,0.11154290108313718,0.01872004893540976,0.005612824831994215,13.232374368817691,5.0,6.9,-5.182701151063964,2022Q4,0.8240133055643408,activist_hf,35
0000921895-24-002467,0001979332,0001113303,STILWELL JOSEPH,24471,2024-10-29,2024-11-05,2024-11-05,same-day,1,7,0.020504216076753227,0.0107856605398143,0.10260480066686112,0.020504216076753227,5,0.020504216076753227,0.0107856605398143,1.3729565086224949,10.854662686263785,5.0,7.4,0.31696645011697766,2024Q4,-1.0738499606399452,activist_hf,60
0001213900-24-089298,0001898474,0001972305,Nelson Daniel D,24507,2024-10-16,2024-10-21,2024-10-21,same-day,1,5,-0.02539215611905718,0.038370103702382856,2.1178751485787592,0.0035221057503928635,3,-0.02539215611905718,0.038370103702382856,1.6423701049393995,8.418366837109343,3.0,9.3,0.4961403844985977,2024Q4,-1.1279882087773305,other,73
0001214659-25-003297,0001966494,0001232621,TANG CAPITAL MANAGEMENT LLC,24509,2025-02-13,2025-02-21,2025-02-21,same-day,1,8,0.02396122984905861,0.08414137499564456,-0.7453894088301457,0.02396122984905861,5,0.02396122984905861,0.08414137499564456,0.011115073180801675,12.01269382185536,5.0,5.9,-4.49945314761989,2025Q1,0.24266156823111004,activist_hf,28
0001213900-25-048513,0001922446,0001578109,"EIG Energy Fund XVI, L.P.",24632,2025-03-14,2025-05-29,2025-05-29,same-day,1,76,0.15672441509563936,-0.012268858971675463,-0.29520879936554795,0.13743924338935065,52,0.15672441509563936,-0.012268858971675463,0.0049495618782096525,13.421725294139318,53.0,6.6,-5.308456215771327,2025Q1,0.539817331949982,activist_hf,13
0001013594-25-001163,0001991792,0002059170,Seven Fleet Partners LP,24685,2025-09-11,2025-09-18,2025-09-18,same-day,1,7,0.10390212475356225,0.02270173265784845,0.20618417572923559,0.10390212475356225,5,0.10390212475356225,0.02270173265784845,0.0011875996613183754,14.740372991611164,5.0,2.0,-6.735821100256273,2025Q3,1.0629282810446992,activist_hf,28
0001315863-25-000576,0001733999,0001823138,Two Seas Capital LP,24698,2025-08-07,2025-08-08,2025-08-08,same-day,1,1,0.018299358337713085,0.024209891157541984,0.07018716825217554,-0.05819049194979031,1,0.018299358337713085,0.024209891157541984,0.00025233173178562386,15.159627031798296,1.0,6.3,-8.28476594016769,2025Q3,1.6075104392132724,other,
0001419502-24-000002,0001963088,0001419502,McBey Robert G,24809,2024-10-11,2024-10-11,2024-10-11,same-day,1,0,0.0,-0.15337026627964975,0.6009641321257957,-0.10302485733268918,0,0.0,-0.15337026627964975,2.1754722801226247,7.920737055010272,0.0,0.4,0.7772457812553718,2024Q4,-1.2129255283428124,other,61
0000950170-25-093838,0001919246,0000886163,LIGAND PHARMACEUTICALS INC,24810,2025-07-01,2025-07-03,2025-07-03,same-day,1,2,0.2691345795590943,0.7733676897204342,-0.10356172392404026,0.5954380263438148,2,0.2691345795590943,0.7733676897204342,3.263375495192292,8.959733122157063,2.0,49.9,1.1827620876659124,2025Q3,-1.7211083166450316,corporate,28
0001520138-24-000357,0001718500,0001945871,Brown Jeffrey B.,24814,2024-10-14,2024-10-15,2024-10-15,same-day,1,1,-0.02182973430224399,0.006954055977527761,-0.1573682407250153,0.009209429778331009,1,-0.02182973430224399,0.006954055977527761,1.435905083834746,10.136830908532817,0.0,5.5,0.3617953708333737,2024Q4,-1.0873952301672989,other,28
0001193125-25-182790,0001869105,0002076615,BridgeBio Pharma LLC,24826,2025-08-11,2025-08-18,2025-08-18,same-day,1,7,0.05791473026984059,0.044728728693288616,-0.15383039967405454,0.05791473026984059,5,0.05791473026984059,0.044728728693288616,1.8732286558026812,12.061136233649027,5.0,17.5,0.6276634959908725,2025Q3,-1.5259452732225058,activist_hf,28
0001539497-25-002948,0001981599,0000921669,ICAHN CARL C,24966,2025-11-10,2025-11-13,2025-11-13,same-day,1,3,0.02999763320137923,-0.032237539632214436,-0.08975967336925607,-0.0037209029166578073,3,0.02999763320137923,-0.032237539632214436,0.000645104834421445,14.372550923773916,2.0,14.4,-7.346097720388983,2025Q4,1.4052815086323258,activist_hf,49
0001415889-25-009469,0001943896,0001685768,Sinha Bipul,24972,2025-03-25,2025-04-01,2025-04-01,same-day,1,7,-0.14287023304283297,-0.059231763181651666,-0.007789544886813389,-0.14287023304283297,5,-0.14287023304283297,-0.059231763181651666,0.00022353474665692875,15.636962943417537,5.0,9.9,-8.405943689967714,2025Q1,1.6775586981325032,other,73
0001493152-25-002378,0001952853,0002016180,Shan David,25024,2024-12-31,2025-01-15,2025-01-15,same-day,1,15,0.17521553931950953,0.07777427367188645,-0.06414101278714032,0.0835100699160389,9,0.17521553931950953,0.07777427367188645,0.5391056054237419,11.538932335496387,10.0,77.329,-0.6178437988346602,2024Q4,-0.7913926411990313,other,37
0001140361-25-037277,0001990354,0001034196,"ADVENT INTERNATIONAL, L.P.",25141,2025-10-01,2025-10-03,2025-10-03,same-day,1,2,0.0034817854585741347,0.024083679670287593,0.012445137942022785,-0.004700242169557545,2,0.0034817854585741347,0.024083679670287593,0.00021230211177465685,15.681530590441533,2.0,5.8,-8.457500242179444,2025Q4,1.8159307605253925,activist_hf,73
0001699737-25-000027,0001847367,0001699737,"Samsara BioCapital, L.P.",25205,2025-11-18,2025-11-24,2025-11-24,same-day,1,6,0.2853836090278744,0.022210337583940913,0.2114592707847691,0.27006074807633196,4,0.2853836090278744,0.022210337583940913,0.009784688150589445,13.1409297899214,4.0,5.3,-4.626936548791226,2025Q4,0.4005856590184312,activist_hf,28
0001415889-24-030253,0000045876,0001465109,Neuberger Berman Group LLC,25304,2024-12-27,2024-12-30,2024-12-30,same-day,1,3,0.009631852228032678,0.05899981327237944,0.15141545746363855,0.12031417056136656,1,0.009631852228032678,0.05899981327237944,0.0056570360001630595,13.323555836724042,1.0,5.9,-5.174855198815478,2024Q4,0.5855298156779462,other,89
0000897101-22-000382,0000022701,0001920590,"NORTHERN PACIFIC GROWTH INVESTMENT ADVISORS, LLC",25452,2022-03-28,2022-04-06,2022-04-06,same-day,0,9,-0.4182731163309902,0.07466888280651998,-0.02761661552658178,-0.5009765143139481,7,-0.4182731163309902,0.07466888280651998,0.3935423506180867,9.866929890312967,7.0,36.76,-0.9325665914569591,2022Q1,-1.5532702300762238,activist_hf,17
0000807249-24-000036,0000022701,0000807249,"GAMCO INVESTORS, INC. ET AL",25452,2024-03-20,2024-03-20,2024-03-20,same-day,1,0,0.0,0.14985204953132286,-0.4192910588280492,0.11757609126726752,0,0.0,0.14985204953132286,1.2628382819765738,7.793265102146757,0.0,0.03,0.23336179239628577,2024Q1,-1.1514477149346174,activist_hf,17
0001104659-25-057322,0001953926,0001228865,MOULDER LEON O JR,25635,2025-05-30,2025-06-06,2025-06-06,same-day,1,7,-0.033468002855205695,0.2323932676254628,0.23375690667525045,-0.033468002855205695,5,-0.033468002855205695,0.2323932676254628,0.04128982800039535,13.077706162820585,5.0,5.0,-3.1871391047407838,2025Q2,-0.0048167699573932864,other,28
0001104659-25-106325,0002019804,0002091865,Irish Simon,25728,2025-10-28,2025-11-04,2025-11-04,same-day,1,7,-0.14765090488669913,-0.08093376569558519,0.3450082638914248,-0.14765090488669913,5,-0.14765090488669913,-0.08093376569558519,0.0020479253320356723,12.900564072186357,5.0,12.8,-6.190928031436477,2025Q4,0.97846083900339,other,34
0001103016-25-000006,0001550913,0001103016,DIXON ROBERT E,25804,2025-08-18,2025-08-21,2025-08-21,same-day,1,3,0.013739261250645687,0.05110851057026988,-0.0484885762585583,0.1133197532884034,3,0.013739261250645687,0.05110851057026988,0.6055118620266547,9.025591471565917,3.0,5.5,-0.5016811257157202,2025Q3,-1.1288872789299396,other,67
0000902664-25-004537,0001191070,0001910456,Lynx1 Capital Management LP,25978,2025-10-21,2025-10-23,2025-10-23,same-day,1,2,-0.8091427327887665,0.34519759784650145,0.2104878154727493,-0.6314264205606925,2,-0.8091427327887665,0.34519759784650145,0.12251887360581594,10.612801346332864,2.0,37.1,-2.099490190613399,2025Q4,-0.533273978544331,activist_hf,28
0001815572-23-000003,0000023111,0001815572,ASKELADDEN CAPITAL MANAGEMENT LLC,26084,2023-03-03,2023-03-10,2023-03-13,next-day,0,7,0.002972515030913024,-0.037289648709369766,0.05953113836844426,0.05779528036104503,6,0.05779528036104503,-0.05938701421620119,0.15722480144219325,11.688407686741392,6.0,5.0,-1.8500786414429,2023Q1,-0.17774262806435326,activist_hf,73
0000902664-24-000532,0000023197,0002005699,White Hat Capital Partners LP,26201,2024-01-22,2024-01-24,2024-01-25,next-day,0,2,0.07191088663053709,-0.03848811656333638,-0.10751985490599683,0.06324083658516248,3,0.10172895314849886,-0.0671987110582983,0.009762321099989623,12.304439512538947,3.0,9.99,-4.629225089209377,2024Q1,0.5038352440429588,activist_hf,36
0001683168-25-008054,0001557798,0001881196,Gao Shufang,26599,2025-11-05,2025-11-07,2025-11-07,same-day,1,2,0.13079808728228853,0.03023884005175323,0.6085216926980047,0.09361862383308567,2,0.13079808728228853,0.03023884005175323,1.1814047567313761,9.392503582900758,2.0,57.68,0.16670420223415,2025Q4,-1.3706043011064037,other,35
0001341004-24-000139,0000055067,0002033686,"Acquiror 10VB8, LLC",26825,2024-08-13,2024-08-19,2024-08-19,same-day,1,6,0.07602796982067785,-0.0026410770718201023,0.2621826736497658,0.07351145777346599,4,0.07602796982067785,-0.0026410770718201023,6.92039154323602e-05,17.032138122989284,4.0,20.6,-9.578453115548829,2024Q3,1.8036864115835787,activist_hf,20
0001214659-22-006766,0000085961,0001525362,"HG Vora Capital Management, LLC",27633,2022-05-13,2022-05-13,2022-05-13,same-day,0,0,0.0,0.15120669861853112,0.06717917622497227,0.12172111321178436,0,0.0,0.15120669861853112,0.00036553660348199714,15.150330745181007,0.0,9.9,-7.914144137463176,2022Q2,1.519727541087086,activist_hf,75
0000921895-24-000833,0000723603,0001640809,"22NW Fund, LP",27909,2024-04-05,2024-04-12,2024-04-12,same-day,1,7,-0.018493795299738335,0.016212931587730368,-0.020152980457255856,-0.018493795299738335,5,-0.018493795299738335,0.016212931587730368,0.1511479217175047,10.999696956587927,5.0,9.9,-1.8894963076526898,2024Q2,-0.42985683732396285,activist_hf,22
0002056058-25-000003,0000019871,0000944502,MORRISSEY JOHN A,30509,2025-12-11,2025-12-12,2025-12-12,same-day,1,1,0.12253558431336012,0.1504791961759789,0.18569254947475455,0.09433472777670009,1,0.12253558431336012,0.1504791961759789,2.2946839629939095,9.271059107010888,1.0,10.1,0.8305951272735961,2025Q4,-1.6159036470776953,other,35
0001214659-23-004528,0000040570,0001325533,"Red Oak Partners, LLC",31668,2023-03-30,2023-03-31,2023-04-03,next-day,0,1,0.00216907362342254,-0.0370518113867446,-0.2287053029483262,-0.03279740727940515,2,0.015613487071630492,0.00663604056864888,1.118190276324361,10.147573865260263,2.0,8.7,0.11171155374391084,2023Q1,-0.9149010307257605,activist_hf,73
0001213900-22-040578,0000033992,0001212542,FORTUNOFF GREGORY,33770,2022-07-21,2022-07-21,2022-07-21,same-day,0,0,0.0,0.041991080579135795,-0.1230401535131344,0.031427541752634985,0,0.0,0.041991080579135795,0.8352644174873884,10.600014515192623,0.0,3.64,-0.18000693661033226,2022Q3,-1.0080927217573772,other,63
0000921895-24-001414,0000034067,0000914712,"Steel Connect, Inc.",33823,2024-06-06,2024-06-13,2024-06-13,same-day,1,7,0.12291805335930528,0.13810329365011723,-0.14490849223715566,0.12291805335930528,5,0.12291805335930528,0.13810329365011723,0.005192889700319131,12.466766977975473,5.0,9.8,-5.26046495441502,2024Q2,0.8131491034656856,other,33
0000921895-22-002665,0000034563,0001461945,"JCP Investment Management, LLC",34367,2022-09-09,2022-09-19,2022-09-19,same-day,0,10,0.041136291713315294,0.016042027686443278,0.08098082099036455,0.06444406257550903,6,0.041136291713315294,0.016042027686443278,0.10665752200748671,11.483877632161565,6.0,5.3,-2.2381323067114143,2022Q3,-0.20457167047691316,activist_hf,20
0001493152-25-026280,0000080172,0001982492,Albion River Management LLC,34497,2025-11-28,2025-12-05,2025-12-05,same-day,1,7,0.00821175284822619,0.04616693210274486,-0.14417281532497217,0.00821175284822619,5,0.00821175284822619,0.04616693210274486,0.0025847880286614623,13.427691341303936,5.0,5.07,-5.958111774901781,2025Q4,0.8924381607207306,activist_hf,34
0000921895-22-000398,0000071829,0001380585,Radoff Bradley Louis,34673,2021-11-30,2022-02-09,2022-02-09,same-day,0,71,0.3426338372769564,-0.021925960539117953,-0.2038288795917225,0.05194622385258799,49,0.3426338372769564,-0.021925960539117953,0.014938925612016905,12.529025332063874,48.0,5.5,-4.203785015382985,2021Q4,-0.5028381619685234,activist_hf,73
0001193805-23-000094,0000084748,0001517137,Starboard Value LP,35991,2023-01-25,2023-02-06,2023-02-06,same-day,0,12,0.1238856016986313,0.0623508591382105,0.16590871665389628,0.07028203078833202,8,0.1238856016986313,0.0623508591382105,0.0002995060867672049,14.709630835531142,8.0,6.5,-8.113375817519438,2023Q1,2.17574152790607,activist_hf,28
0000921895-25-002118,0000084748,0001517137,Starboard Value LP,35991,2025-07-30,2025-08-06,2025-08-06,same-day,1,7,0.09607105240193806,0.03949467412244356,-0.038722595348279494,0.09607105240193806,5,0.09607105240193806,0.03949467412244356,0.0014903919122450772,14.008926592805494,5.0,9.3,-6.508716165258261,2025Q3,0.9830821222628126,activist_hf,28
0001214659-23-014895,0000037472,0001569866,GLOBAL VALUE INVESTMENT CORP.,36768,2023-11-02,2023-11-14,2023-11-15,next-day,0,12,-0.188662265981084,0.07714402211911128,0.06397576085286637,-0.2417074341840063,9,-0.2133335588349775,0.057770095496635546,0.16355656332728225,11.539375069730847,8.0,5.06,-1.8105963954007323,2023Q4,-0.086333848129932,activist_hf,25
0001104659-25-091229,0000038264,0002017172,"Multicoin Capital Management, LLC",37381,2025-09-11,2025-09-18,2025-09-18,same-day,1,7,0.32091126696204986,-0.21308180571014773,0.2913100112262863,0.32091126696204986,5,0.32091126696204986,-0.21308180571014773,0.24907206680568283,10.243449763534548,5.0,15.7,-1.3900129994703216,2025Q3,-0.8165651893926001,activist_hf,61
0000921895-22-000291,0000352825,0001640809,"22NW Fund, LP",37402,2022-01-27,2022-02-01,2022-02-01,same-day,0,5,-0.012600207038467568,0.01322738552527001,0.11011770663668054,0.013769011835019329,3,-0.012600207038467568,0.01322738552527001,0.045159958612711694,11.903476576929146,3.0,9.5,-3.097544456160093,2022Q1,-0.6238935729257047,activist_hf,50
0000807249-24-000095,0000093389,0000807249,"GAMCO INVESTORS, INC. ET AL",39220,2024-08-12,2024-08-16,2024-08-16,same-day,1,4,0.01084628148815242,0.01755347862433798,0.165876422298335,0.013939139598272225,4,0.01084628148815242,0.01755347862433798,0.0032193817475451142,13.416568230195153,4.0,3.03,-5.7385659417289,2024Q3,0.7982861846277546,activist_hf,37
0000921895-24-000155,0000009984,0001929389,Irenic Capital Management LP,39693,2024-01-18,2024-01-29,2024-01-29,same-day,0,11,0.04574373306129144,0.032936437508716214,0.1141982866777604,0.03556542223605217,7,0.04574373306129144,0.032936437508716214,0.0015936014341469769,14.291080696658902,7.0,5.1,-6.441758771192718,2024Q1,1.1208434722577314,activist_hf,34
0001214659-24-018485,0000046129,0001794034,"Juniper Investment Company, LLC",41188,2024-10-30,2024-11-06,2024-11-06,same-day,1,7,0.09299443578115466,0.13844305095183357,-0.11483586694606125,0.09299443578115466,5,0.09299443578115466,0.13844305095183357,0.010189226712682348,12.583611692416108,5.0,5.2,-4.586424321508084,2024Q4,0.40773265473869935,activist_hf,38
0000929638-25-002512,0000010048,0002074670,"Barnwell Industries, Inc. Employees' Pension Plan Trust",42358,2025-06-26,2025-07-03,2025-07-03,same-day,1,7,-0.08530235195485618,0.0765149209486691,0.2720577985538418,-0.08530235195485618,5,-0.08530235195485618,0.0765149209486691,3.3937454084139373,9.537809343421634,5.0,5.2,1.2219341517456572,2025Q2,-1.5624680928273078,other,13
0000921895-25-001719,0000095953,0002036142,Jumana Capital Investments LLC,43334,2025-05-30,2025-06-06,2025-06-06,same-day,1,7,0.01319350204693229,0.025685916257017247,-0.10236770044396788,0.01319350204693229,5,0.01319350204693229,0.025685916257017247,0.036010682346469224,11.736268196446753,5.0,5.5,-3.323939652695847,2025Q2,0.04351255960819013,activist_hf,28
0001193805-22-001168,0000050725,0001730145,"Voss Capital, LLC",46463,2022-08-12,2022-08-15,2022-08-15,same-day,0,3,-0.025924290336939302,-0.0386843358727933,0.015013885012775525,-0.027777623931394903,1,-0.025924290336939302,-0.0386843358727933,0.0019002914386260267,14.377582937434907,1.0,5.2,-6.265748015822053,2022Q3,1.36786607104869,activist_hf,34
0001062993-23-016502,0000040570,0001989386,Goldenwise Capital Group Ltd,46834,2023-08-08,2023-08-15,2023-08-15,same-day,0,7,0.00360435594812295,0.2532651343508865,-0.05627299583061691,0.00360435594812295,5,0.00360435594812295,0.2532651343508865,0.20206337955127168,10.887537488575868,5.0,5.2,-1.5991738706385457,2023Q3,-0.24703369959551946,activist_hf,73
0001437749-24-002788,0000056868,0001018124,FONG GIFFORD,46923,2024-02-01,2024-02-01,2024-02-01,same-day,0,0,0.0,-0.05504307188981439,-0.08122078448479261,-0.030027685676080197,0,0.0,-0.05504307188981439,0.13360019846476276,12.132936201290338,0.0,6.18,-2.012903532366004,2024Q1,-0.3867920277557243,other,13
0000060086-23-000140,0000021175,0000060086,LOEWS CORP,47626,2023-08-02,2023-08-02,2023-08-02,same-day,0,0,0.0,0.11275717083181447,0.043842978060388796,0.06078764648464324,0,0.0,0.11275717083181447,0.001501046558722841,16.20394819526064,0.0,91.7,-6.501592708342294,2023Q3,1.3975228169801053,corporate,63
0001437749-22-015512,0000788965,0001167757,HARDIE STEVEN,47723,2022-06-09,2022-06-21,2022-06-21,same-day,0,12,0.10091424163026473,0.21946141974851296,0.07643609966884418,0.08154390279756307,7,0.10091424163026473,0.21946141974851296,0.0327344286308823,11.979587893616703,7.0,6.01,-3.4193278916210574,2022Q2,-0.21970595735424803,other,49
0000950170-25-085594,0000059558,0002067353,"Bain Capital Prairie, LLC",49015,2025-06-05,2025-06-12,2025-06-12,same-day,1,7,-0.006857287395303228,-0.011500699139372943,-0.08898150304091218,-0.006857287395303228,5,-0.006857287395303228,-0.011500699139372943,0.00029667429599369117,15.548603080794962,5.0,9.9,-8.122875667404204,2025Q2,1.7388958287978196,activist_hf,63
0001010549-22-000186,0001102238,0001930027,PHILLIPS RYAN T,49322,2022-07-27,2022-08-01,2022-08-01,same-day,0,5,-0.014849599568509841,-0.09101853063637795,-0.15986071318335715,-0.02507723874987277,3,-0.014849599568509841,-0.09101853063637795,0.2523666691713223,12.385101788272381,3.0,100.0,-1.3768722126163169,2022Q3,-0.540819707786329,other,65
0001140361-23-038327,0000060714,0001105838,ROBOTTI ROBERT,49488,2023-07-28,2023-08-07,2023-08-07,same-day,0,10,0.00952684649485483,-0.008544863750306598,0.08242160263249854,-0.0173113457815895,6,0.00952684649485483,-0.008544863750306598,0.0030449418007888855,13.621580822206079,6.0,5.8,-5.7942734910443505,2023Q3,1.160246797403747,other,28
0001398344-22-010184,0000089140,0001598207,"Wax Asset Management, LLC",50243,2022-04-25,2022-05-23,2022-05-23,same-day,0,28,-0.022812825107736575,-0.03631229834390078,-0.3867260059884442,0.008314534999397846,20,-0.022812825107736575,-0.03631229834390078,0.6763440916096658,10.173168064796203,20.0,6.4,-0.39105332118455716,2022Q2,-1.3916075306761648,activist_hf,34
0001062993-22-010019,0000058361,0001058854,CANNELL CAPITAL LLC,50286,2022-04-11,2022-04-11,2022-04-11,same-day,0,0,0.0,-0.024946726572186717,-0.23736716863614163,-0.009543557388880727,0,0.0,-0.024946726572186717,0.02250724025995344,12.024526787803891,0.0,9.13,-3.7939182322035814,2022Q2,-0.07474452824031642,activist_hf,27
0000807249-24-000046,0000058361,0000807249,"GAMCO INVESTORS, INC. ET AL",50286,2024-04-15,2024-04-19,2024-04-19,same-day,1,4,0.013383144733766467,-0.02789370509745526,0.2729161218854861,0.017937709182335164,4,0.013383144733766467,-0.02789370509745526,0.10792673947063942,11.243985588474962,4.0,2.76,-2.226302620268215,2024Q2,-0.3056633809776243,activist_hf,27
0001140361-24-050146,0000098222,0001105838,ROBOTTI ROBERT,50606,2024-12-13,2024-12-20,2024-12-20,same-day,1,7,0.10423540875491433,0.006936163839499361,-0.23312839728869417,0.10423540875491433,5,0.10423540875491433,0.006936163839499361,0.00032691223687263983,14.715338925646837,5.0,5.0,-8.025818811858418,2024Q4,1.4469618986774475,other,44
0000807249-25-000176,0000062234,0000807249,"GAMCO INVESTORS, INC. ET AL",51423,2025-12-09,2025-12-09,2025-12-09,same-day,1,0,0.0,0.058600682267801144,0.19057544851755615,0.030592460846921438,0,0.0,0.058600682267801144,0.004543132830865232,12.811414752388387,0.0,3.8,-5.394138454053126,2025Q4,0.6840571126724948,activist_hf,78
0001235126-23-000032,0000064463,0001987877,Boos Wayne W,52231,2023-07-19,2023-08-01,2023-08-01,same-day,0,13,0.3175281075614376,0.15485586456806436,0.44741515513140306,0.21328646452344138,9,0.3175281075614376,0.15485586456806436,0.7400853871725832,8.988517198579267,9.0,6.78194,-0.30098971136955466,2023Q3,-0.6825201991213443,other,61
0001213900-23-044009,0000065596,0001971612,Kakaopay Corp,53373,2023-05-18,2023-05-30,2023-05-30,same-day,0,12,0.002812460823399976,-0.0161492690432503,0.3205835146709728,0.06999033851222808,7,0.002812460823399976,-0.0161492690432503,1.1897409749772982,11.243564530794636,7.0,19.9,0.1737356153439979,2023Q2,-0.8096921431096381,corporate,62
0001062993-25-002363,0000009521,0001510281,"Saba Capital Management, L.P.",54973,2025-02-11,2025-02-13,2025-02-13,same-day,1,2,-0.01053284584525653,-0.004214547283950781,-0.01720562282740424,-0.0037810685850569927,2,-0.01053284584525653,-0.004214547283950781,0.028281131246106723,11.59047152013746,2.0,5.1,-3.5655604371234437,2025Q1,-0.10036754073527458,activist_hf,
0000950170-25-076981,0001108426,0002068155,Troy TopCo LP,55511,2025-05-18,2025-05-23,2025-05-23,same-day,1,5,0.06799696105004033,-0.0006691524974901854,-0.06523004994617468,0.07458684040018851,4,0.06799696105004033,-0.0006691524974901854,0.00023072177672307898,15.406973280321205,4.0,7.9,-8.374298003121167,2025Q2,1.8277191054926272,activist_hf,49
0001140361-24-049960,0000104169,0001535243,"Walton Enterprises, LLC",55976,2024-12-18,2024-12-19,2024-12-19,same-day,1,1,-0.01469674732143241,-0.03587050397183718,0.04163349259719555,-0.039409219786862154,1,-0.01469674732143241,-0.03587050397183718,6.694522201958796e-06,20.443973851195718,1.0,44.9,-11.914220947766825,2024Q4,2.6218609174341765,activist_hf,53
0000921895-23-000932,0001635984,0000024046,CONTINENTAL GENERAL INSURANCE CO,56822,2023-04-24,2023-04-24,2023-04-24,same-day,0,0,0.0,-0.006761322916813042,-0.07014457340268329,0.02712176370389558,0,0.0,-0.006761322916813042,0.010567471474983882,13.664084044224907,0.0,5.5,-4.549974724842432,2023Q2,0.7164470353407495,corporate,63
0000921895-24-002785,0000041719,0001580320,"ENGINE CAPITAL, L.P.",57154,2024-11-14,2024-11-21,2024-11-21,same-day,1,7,0.03191652756657559,0.06937544217094863,-0.2099082099896253,0.03191652756657559,5,0.03191652756657559,0.06937544217094863,0.08648115413124438,11.118029308211298,5.0,6.7,-2.4478287600968,2024Q4,-0.2384540663866899,activist_hf,26
0000892712-25-000043,0000009389,0000948669,"PARNASSUS INVESTMENTS, LLC",57568,2025-03-24,2025-03-24,2025-03-24,same-day,1,0,0.0,-0.029816849765932976,0.0954267092891862,0.028589690763843472,0,0.0,-0.029816849765932976,8.854572769751214e-05,16.501895329430855,0.0,5.6,-9.331991442245368,2025Q1,2.017706267284491,activist_hf,34
0001104659-24-051481,0000072333,0002019280,Riley Charles W Jr,57817,2024-04-22,2024-04-25,2024-04-25,same-day,1,3,-0.013065778689769138,-0.036306799618813834,0.134744990556161,-0.02821117380516388,3,-0.013065778689769138,-0.036306799618813834,0.0002857480444316018,14.877216502326915,3.0,7.62,-8.160400098946711,2024Q2,1.8824668546170285,other,56
0000902664-24-004970,0000092380,0001791786,Elliott Investment Management L.P.,58683,2024-07-29,2024-08-05,2024-08-05,same-day,1,7,-0.059118782337630675,-0.042293289441522414,-0.055467301070583175,-0.059118782337630675,5,-0.059118782337630675,-0.042293289441522414,5.733888576906264e-05,16.604589692874498,5.0,7.0,-9.766531529698854,2024Q3,1.8529311085531033,activist_hf,45
0001587987-22-000002,0001587987,0001587987,Newtek Business Services Corp.,58836,2021-12-31,2022-01-10,2022-01-10,same-day,0,10,0.012573402845725118,0.035676336275320464,-0.05616301249417631,-0.003019268940393248,6,0.012573402845725118,0.035676336275320464,0.0019818052691942096,13.351798964280746,5.0,4.8,-6.223747097550897,2021Q4,0.5872260134147326,corporate,60
0001587987-23-000044,0001587987,0001587987,"NewtekOne, Inc.",58836,2022-12-31,2023-01-31,2023-01-31,same-day,0,31,0.1016305184970227,0.014300634763863894,0.18136602463861817,-0.034973890532711174,19,0.1016305184970227,0.014300634763863894,0.008004457246370226,12.915772693337436,19.0,5.2,-4.827756736659686,2022Q4,0.7001053196340551,corporate,60
0001587987-24-000025,0001587987,0001587987,"NewtekOne, Inc.",58836,2024-01-25,2024-01-26,2024-01-26,same-day,0,1,0.024884251825413182,-0.0013449691871043716,-0.16657060707608448,-0.051649520812655544,1,0.024884251825413182,-0.0013449691871043716,0.011671196680971498,12.64506150062148,1.0,5.3,-4.450631294584285,2024Q1,0.4430397719989842,corporate,60
0001104659-25-092081,0001587987,0001853178,"Patriot Financial Partners IV, L.P.",58836,2025-09-16,2025-09-22,2025-09-22,same-day,1,6,0.020995499554363414,-0.0313126128570709,-0.01504762882871533,0.00871184526808778,4,0.020995499554363414,-0.0313126128570709,0.007115422081357611,12.626575911599854,4.0,8.06,-4.945490726451061,2025Q3,0.4334791530451832,other,60
0001193125-25-282986,0000075252,0001409751,"Coliseum Capital Management, LLC",60186,2025-11-12,2025-11-14,2025-11-14,same-day,1,2,0.04905758413170769,0.018482801536354877,-0.2872739178658142,0.06190113951421171,2,0.04905758413170769,0.018482801536354877,0.0037745746997343253,12.392557523662008,2.0,16.9,-5.5794675649500585,2025Q4,0.7525338879646973,activist_hf,50
0001193125-22-167306,0001692115,0000921669,ICAHN CARL C,61188,2022-05-23,2022-06-03,2022-06-03,same-day,0,11,-0.03499180976060899,-0.006519575037143388,0.1620845741114755,-0.024812358023503282,8,-0.03499180976060899,-0.006519575037143388,0.0004498838634277358,15.632950405440077,8.0,7.6,-7.706521089780309,2022Q2,1.4393802110884157,activist_hf,49
0001011438-23-000570,0001692115,0001535472,Corvex Management LP,61188,2023-10-16,2023-10-23,2023-10-23,same-day,0,7,0.02132445687555638,-0.005556139838830786,-0.004093224271386222,0.02132445687555638,5,0.02132445687555638,-0.005556139838830786,0.000376692695537212,15.260751597469977,5.0,5.8,-7.884080834117375,2023Q4,1.9961845895353771,activist_hf,49
0001104659-24-075608,0000002178,0001827454,"THG Securities Fund, L.P.",61487,2024-06-26,2024-06-27,2024-06-27,same-day,1,1,0.061993621479825095,0.11634472716367623,-0.06655979227496685,0.06575755418900886,1,0.061993621479825095,0.11634472716367623,0.14913640726054295,11.06696612112303,1.0,5.3,-1.9028939068673718,2024Q2,-0.42491662661266977,activist_hf,51
0001062993-25-013144,0000065433,0001510281,"Saba Capital Management, L.P.",62930,2025-07-24,2025-07-24,2025-07-24,same-day,1,0,0.0,0.01448443594903535,-0.0730159385865959,0.02505158075986959,0,0.0,0.01448443594903535,0.01709542451492277,12.431175875419404,0.0,8.35,-4.068944423504097,2025Q3,0.12530066592691944,activist_hf,
0001493152-24-013403,0000030305,0001982492,Albion River Management LLC,63132,2024-04-01,2024-04-08,2024-04-08,same-day,1,7,-0.044341937609523555,0.16177344626111428,-0.007878111809737017,-0.044341937609523555,5,-0.044341937609523555,0.16177344626111428,0.00274951302738891,13.493553760768126,5.0,9.0,-5.896331463933827,2024Q2,1.0476175698633743,activist_hf,37
0000899140-22-000826,0000701985,0001040273,Third Point LLC,64282,2022-11-30,2022-12-08,2022-12-08,same-day,0,8,0.09238658920066792,-0.0022920617913808235,0.14353493423633434,0.07997604825150548,6,0.09238658920066792,-0.0022920617913808235,0.00021800617933446362,16.037569699874826,6.0,6.02,-8.43098715000598,2022Q4,1.957961494409542,activist_hf,59
0001829240-25-000003,0000276720,0001829240,"Maran Capital Management, LLC",64742,2025-11-17,2025-11-19,2025-11-19,same-day,1,2,0.00388246088891456,-0.012292303659932759,0.006225771895456417,0.004714332523950426,2,0.00388246088891456,-0.012292303659932759,0.025681465769250247,12.497923715622123,2.0,14.7,-3.6619857235474456,2025Q4,0.04404846683931892,activist_hf,49
0000950157-25-000042,0000091576,0000009631,BANK OF NOVA SCOTIA,64995,2024-12-27,2025-01-06,2025-01-06,same-day,1,10,0.011443170498631576,0.0006074172089745866,-0.10314022043728034,0.011443170498631576,5,0.011443170498631576,0.0006074172089745866,6.9047923671991e-05,16.645248839803415,5.0,14.9,-9.58070974848156,2024Q4,1.9167795183217373,other,60
0001341401-25-000039,0000717954,0001341401,"River Road Asset Management, LLC",65306,2025-11-14,2025-11-17,2025-11-17,same-day,1,3,0.015466590998309241,0.016688869715074824,-0.030794317540815082,0.03788605565674162,1,0.015466590998309241,0.016688869715074824,0.0006392422230414603,14.605974286044235,1.0,6.1,-7.355227109621444,2025Q4,1.4086547031186145,activist_hf,72
0000902664-24-001961,0000724742,0001595082,DAVIDSON KEMPNER CAPITAL MANAGEMENT LP,65429,2024-02-14,2024-02-22,2024-02-22,same-day,1,8,-0.017671018129984385,0.034662831243126614,0.6775385653604064,-0.017671018129984385,5,-0.017671018129984385,0.034662831243126614,5.717535872764356,8.819362317915454,5.0,40.6,1.7435379210996387,2024Q1,-1.6655298016431523,activist_hf,65
0000921895-22-000821,0001032033,0001786767,Impactive Capital LP,66325,2022-02-28,2022-03-10,2022-03-10,same-day,0,10,-0.08630912002444571,0.007413310907737749,0.03407673974659526,-0.10457959449701787,8,-0.08630912002444571,0.007413310907737749,0.00036595034810400757,15.514883308907043,8.0,5.5,-7.913012894683694,2022Q1,1.443279506750363,activist_hf,61
0000902664-22-004350,0000351817,0001706220,"Kimmeridge Energy Management Company, LLC",66739,2022-09-20,2022-09-23,2022-09-23,same-day,0,3,-0.1415582892955804,-0.16432823563843155,-0.08328615517214061,-0.2538479328248601,3,-0.1415582892955804,-0.16432823563843155,0.0028760612719537972,13.65103113147695,3.0,14.7,-5.851333534776633,2022Q3,1.206072837112164,activist_hf,13
0001193125-22-075867,0000768835,0001767199,"Mill Road Capital III, L.P.",67467,2022-03-07,2022-03-15,2022-03-15,same-day,0,8,-0.11801095678412747,0.10157437639042474,-0.05202131536684251,-0.09443724566168449,6,-0.11801095678412747,0.10157437639042474,0.000640044050268852,13.860187130046164,6.0,,-7.353973555434051,2022Q1,1.2032964007804958,activist_hf,53
0001062993-24-009962,0000793040,0001510281,"Saba Capital Management, L.P.",69331,2024-05-08,2024-05-13,2024-05-13,same-day,1,5,-0.0017294281480110948,-0.0029993255745705337,-0.0010076482819082987,-0.0020118918855546964,3,-0.0017294281480110948,-0.0029993255745705337,0.01805202564340215,11.579464327839593,3.0,5.32,-4.014497376488691,2024Q2,0.353712880918431,activist_hf,00
0001007280-24-000008,0000804123,0001007280,PUBLIC EMPLOYEES RETIREMENT SYSTEM OF OHIO,71159,2024-11-14,2024-11-14,2024-11-14,same-day,1,0,0.0,0.012177053344519396,-0.025328260649191726,0.007923085781409999,0,0.0,0.012177053344519396,0.037074139684080694,12.701687154654186,0.0,5.0,-3.294835595972333,2024Q4,0.017473038261379043,other,
0001193125-25-210003,0000718937,0001912273,Yunqi Capital Ltd,72304,2025-09-19,2025-09-22,2025-09-22,same-day,1,3,-0.0014077418856699587,-0.029682230272123706,-0.04952994866619813,-0.017720069904565615,1,-0.0014077418856699587,-0.029682230272123706,0.0013356638834645012,14.128206508468322,1.0,5.1,-6.618326819753463,2025Q3,1.0216193285242574,activist_hf,38
0001140361-22-024794,0000350737,0001772921,OneWater Marine Inc.,72611,2022-06-21,2022-07-01,2022-07-01,same-day,0,10,1.1482784116962075,0.004515867401834796,-0.024158771328281262,1.1305138488856201,8,1.1482784116962075,0.004515867401834796,0.6209492311095074,11.016397145905062,8.0,55.3,-0.4765059538375015,2022Q2,-1.3585385099116274,other,28
0001213900-25-090272,0000095029,0002086731,Beretta Holdings S.A.,73219,2025-09-15,2025-09-22,2025-09-22,same-day,1,7,0.06401200099818326,0.07581880020023953,0.09397373820328124,0.06401200099818326,5,0.06401200099818326,0.07581880020023953,0.0016695755833960608,13.252316079146539,5.0,7.735,-6.3951858265319474,2025Q3,0.9431668229647945,other,34
0000950170-24-139801,0000807707,0000903634,SHALAM JOHN J,75033,2024-12-17,2024-12-23,2024-12-23,same-day,1,6,-0.048380012018637564,-0.04014376794001691,-0.15283378169237372,-0.05781027820815099,4,-0.048380012018637564,-0.04014376794001691,0.04791745735079962,11.888663056605402,4.0,18.4,-3.0382753868748518,2024Q4,-0.060047837251212884,other,50
0001062993-24-012445,0000818972,0001510281,"Saba Capital Management, L.P.",75157,2024-06-07,2024-06-12,2024-06-12,same-day,1,5,0.003119615132313326,0.009397410910495453,-0.01143299213717877,0.011790328547431356,3,0.003119615132313326,0.009397410910495453,0.005502126529213289,12.819596445070205,3.0,5.31,-5.2026206197952,2024Q2,0.7918196699681304,activist_hf,
0001062993-23-020829,0000825345,0001510281,"Saba Capital Management, L.P.",75263,2023-11-14,2023-11-14,2023-11-14,same-day,0,0,0.0,0.010200372104383067,0.0278433594401485,0.009098577876957791,0,0.0,0.010200372104383067,0.016923635405732444,11.948006008020483,0.0,7.32,-4.079044089388015,2023Q4,0.691487219047461,activist_hf,
0000897101-24-000604,0000832327,0000769317,SIT INVESTMENT ASSOCIATES INC,75331,2024-11-25,2024-11-26,2024-11-26,same-day,1,1,0.006179830720177957,0.013226164683330231,-0.039562445396001386,0.015659273474159918,1,0.006179830720177957,0.013226164683330231,0.006376687333551831,12.43578449824616,1.0,9.8,-5.055106543186323,2024Q4,0.5493471953936727,other,
0001062993-23-019931,0000839122,0001510281,"Saba Capital Management, L.P.",75392,2023-10-30,2023-11-01,2023-11-02,next-day,0,2,0.020383152674153807,0.054472531014334774,-0.07009320129047568,0.054968224406666016,3,0.0004956933923312394,0.031058161438950793,0.016356692609244553,11.634128778136546,3.0,10.02,-4.1131181314943905,2023Q4,0.7031707627608463,activist_hf,
0001213900-25-045048,0000769520,0002044217,"Garden Investment Management, L.P.",75470,2025-05-09,2025-05-16,2025-05-16,same-day,1,7,0.018481434994757275,0.001175672501537918,-0.12098668536699578,0.018481434994757275,5,0.018481434994757275,0.001175672501537918,0.00012545741355702433,15.820978423087716,5.0,5.87,-8.983544191186294,2025Q2,2.042955522668726,activist_hf,35
0001753926-25-001049,0000840715,0002057383,First Finance Ltd.,75714,2025-06-20,2025-07-01,2025-07-01,same-day,1,11,-0.08368005056184508,0.7945708170831486,-0.2532059675815691,-0.1783626292731642,7,-0.08368005056184508,0.7945708170831486,1.785978431719693,9.205068500047082,7.0,32.4,0.579966406076625,2025Q2,-1.335671700453903,other,36
0001654954-25-000109,0000843006,0001563674,"Yorkmont Capital Partners, LP",75754,2024-12-31,2025-01-03,2025-01-03,same-day,1,3,0.045980356912051976,8.217089648382588e-05,-0.06399438474901856,0.0414289436926582,2,0.045980356912051976,8.217089648382588e-05,0.415269315928107,10.446663805919698,2.0,6.4,-0.8788280151874266,2024Q4,-0.7125350310582981,activist_hf,87
0001140361-25-036418,0000712515,0001767640,PUBLIC INVESTMENT FUND,75828,2025-09-25,2025-09-29,2025-09-29,same-day,1,4,0.15240493166296065,0.18509386897520247,-0.06783956849284267,0.18902148143182107,2,0.15240493166296065,0.18509386897520247,2.3394059237674773e-05,17.583855544679796,2.0,9.9,-10.663028446565127,2025Q3,2.4436663145247435,activist_hf,73
0001062993-23-023266,0000855887,0001510281,"Saba Capital Management, L.P.",75837,2023-12-20,2023-12-29,2023-12-29,same-day,0,9,-0.005750364849715687,0.014271110463274266,0.116542088854062,0.0004472405650519677,6,-0.005750364849715687,0.014271110463274266,0.008507771440373797,12.543481693206852,6.0,5.2,-4.766775246088937,2023Q4,0.9273012444949673,activist_hf,
0001062993-24-016317,0000858706,0001510281,"Saba Capital Management, L.P.",75938,2024-09-06,2024-09-09,2024-09-09,same-day,1,3,-0.0012619742672427357,-0.015233570469425722,0.0215059961740762,-0.021738671233177752,1,-0.0012619742672427357,-0.015233570469425722,0.052330353513208194,11.852694404347563,1.0,5.08,-2.9501787031610984,2024Q3,0.06820088899446741,activist_hf,
0001085146-23-000831,0000730263,0000863748,ROYAL LONDON ASSET MANAGEMENT LTD,76081,2023-02-08,2023-02-09,2023-02-09,same-day,0,1,-0.021710643137323536,-0.04922854566323211,0.15739471077238798,-0.03766622727241674,1,-0.021710643137323536,-0.04922854566323211,0.0003798056677105158,15.521258065166602,1.0,4.967165,-7.875850836815612,2023Q1,2.086489611061241,other,37
0001062993-25-005057,0000859796,0001510281,"Saba Capital Management, L.P.",76119,2025-03-06,2025-03-10,2025-03-10,same-day,1,4,0.012271497125387436,0.020306182600075932,0.04964621298696406,0.04587016683695745,2,0.012271497125387436,0.020306182600075932,0.025045668013243698,12.319945557718858,2.0,5.11,-3.687054400009049,2025Q1,-0.05574146606413844,activist_hf,
0001140361-23-046248,0000850027,0001401612,Sims David C,76398,2023-08-28,2023-10-02,2023-10-02,same-day,0,35,0.00826779978206354,0.03377997246463451,0.0522189372860435,0.0016148320755146673,24,0.00826779978206354,0.03377997246463451,1.8160116332124796,10.470659860778913,24.0,5.2,0.5966426861125921,2023Q3,-0.9836383323610798,other,
0001062993-23-007448,0000870780,0001510281,"Saba Capital Management, L.P.",76572,2023-03-20,2023-03-22,2023-03-22,same-day,0,2,-0.008858044490229559,0.0033574627546396007,-0.033970540320261186,0.003153115379829082,2,-0.008858044490229559,0.0033574627546396007,0.007480541624703058,12.936816938262515,2.0,5.05,-4.895450079897548,2023Q1,0.9665801188785882,activist_hf,
0000897101-24-000224,0000870780,0000769317,SIT INVESTMENT ASSOCIATES INC,76572,2024-06-05,2024-06-05,2024-06-05,same-day,1,0,0.0,0.01702459503940664,-0.028773631139118596,0.01145726303787462,0,0.0,0.01702459503940664,0.007343654368545249,12.968706265752257,0.0,6.19,-4.9139186898780345,2024Q2,0.685364151804489,other,
0001731122-23-002293,0000716643,0001991451,"Galloway Capital Partners, LLC",76711,2023-12-28,2023-12-28,2023-12-28,same-day,0,0,0.0,0.24757146704892896,-0.3010385815260957,-0.1789297739209587,0,0.0,0.24757146704892896,0.3406276636007253,9.509828478141598,0.0,4.9,-1.076965293849954,2023Q4,-0.337886364784941,activist_hf,72
0000807249-25-000101,0000876427,0000807249,"GAMCO INVESTORS, INC. ET AL",76750,2025-07-31,2025-08-01,2025-08-01,same-day,1,1,0.08355611482504517,0.1123733955248637,0.16281682391348995,0.17611499673611955,1,0.08355611482504517,0.1123733955248637,0.0021957153109908186,13.06889506675128,1.0,4.0,-6.121247403542635,2025Q3,0.8468548215604405,activist_hf,75
0001104659-25-033995,0001127703,0001352851,Magnetar Financial LLC,76838,2025-04-04,2025-04-11,2025-04-11,same-day,1,7,-0.0009180172039024784,0.005167084171740258,0.6107020839195126,-0.0009180172039024784,5,-0.0009180172039024784,0.005167084171740258,0.004294379476085444,13.992823241269665,5.0,5.9,-5.450448209865882,2025Q2,0.7947722177000798,activist_hf,63
0001361570-25-000008,0000844965,0001361570,PICTET ASSET MANAGEMENT SA,77191,2025-04-15,2025-04-15,2025-04-15,same-day,1,0,0.0,0.0006799660504655967,0.159243118820439,0.02684499576834182,0,0.0,0.0006799660504655967,0.0001697134798555725,15.878674664326002,0.0,5.3,-8.681398955434021,2025Q2,1.9362126996784328,activist_hf,13
0000921895-22-000221,0000880631,0001520619,ETFS Capital Limited.,77217,2022-01-12,2022-01-24,2022-01-24,same-day,0,12,0.015937794590517494,0.02840958327225969,0.04869785474197278,0.0009654102259866373,7,0.015937794590517494,0.02840958327225969,0.003545716639543093,13.743644992812557,7.0,10.5,-5.6420149844094105,2022Q1,0.4683908112782087,activist_hf,62
0000950170-24-045983,0000866729,0001676522,Lucchese Iole,77354,2024-04-18,2024-04-19,2024-04-19,same-day,1,1,0.005484022678999258,0.028327772988578227,-0.022443751679783654,0.05409962278482301,1,0.005484022678999258,0.028327772988578227,0.001647323800981746,13.808829569781478,1.0,4.3,-6.408603246635326,2024Q2,1.2365119014106118,other,27
0001062993-23-001543,0000882300,0001510281,"Saba Capital Management, L.P.",77377,2023-01-26,2023-01-30,2023-01-30,same-day,0,4,-0.0028959759955898994,0.0010529205540721828,0.018858476096016465,0.009287873896829052,2,-0.0028959759955898994,0.0010529205540721828,0.02336464271964999,11.619003553111328,2.0,5.18,-3.7565313942092327,2023Q1,0.538622286709241,activist_hf,
0001104659-22-077956,0000883945,0001352851,Magnetar Financial LLC,77425,2022-06-29,2022-07-07,2022-07-07,same-day,0,8,0.0065207110847006235,-0.026293751300422587,-0.072967624645922,0.0065207110847006235,5,0.0065207110847006235,-0.026293751300422587,0.017364305649620524,11.785519076959984,5.0,6.0,-4.053338579210624,2022Q2,0.025647660690375263,activist_hf,42
0000950127-22-000003,0000883984,0001901425,Smiths Group International Holdings Ltd,77447,2022-01-06,2022-01-12,2022-01-12,same-day,0,6,0.019168783946051843,-0.0323769082396405,-0.02134334009254561,-0.007561008206440175,4,0.019168783946051843,-0.0323769082396405,0.0003641246247109635,15.435016655692573,4.0,10.5,-7.918014373345108,2022Q1,1.445426529865443,corporate,38
0001193805-25-001000,0000807882,0001726173,Biglari Holdings Inc.,77453,2025-07-10,2025-07-10,2025-07-10,same-day,1,0,0.0,0.07538603410974992,0.12070553620787729,-0.02856083891818276,0,0.0,0.07538603410974992,0.0014257834579740837,12.860027596531177,0.0,9.98,-6.553033821273926,2025Q3,0.998663441969048,other,58
0001104659-22-100898,0000885550,0001473482,Donald A. Foss 2009 Annuity Trust,77660,2022-08-14,2022-09-16,2022-09-16,same-day,0,33,-0.007518243155811193,0.01290070311146957,0.01397505306683118,0.08727132275350866,23,-0.007518243155811193,0.01290070311146957,0.000676696028916934,15.794623347847306,23.0,24.28,-7.298288383049898,2022Q3,1.770984332655701,other,61
0001062993-25-000996,0000866095,0001510281,"Saba Capital Management, L.P.",77860,2025-01-21,2025-01-22,2025-01-22,same-day,1,1,-0.0021946300532838907,0.006176650831505096,-0.027892674060042016,0.019545193437074226,1,-0.0021946300532838907,0.006176650831505096,0.07319070635206847,11.267551642014395,1.0,5.7,-2.6146868284787157,2025Q1,-0.4496339211738369,activist_hf,
0001140361-24-042504,0000890447,0001755295,CrowdOut Credit Opportunities Fund LLC,78003,2024-09-24,2024-10-01,2024-10-01,same-day,1,7,-0.7727353480537806,0.06672443753971728,0.18725060797634868,-0.7727353480537806,5,-0.7727353480537806,0.06672443753971728,0.05194658819888715,10.521039309080281,5.0,0.2,-2.9575392383021994,2024Q3,0.070128102833414,activist_hf,29
0000950170-23-046488,0000100726,0000905874,LANGONE KENNETH G,78044,2023-08-28,2023-09-05,2023-09-05,same-day,0,8,0.12973365814479187,0.019022665629156037,-0.010681332451505987,0.12973365814479187,5,0.12973365814479187,0.019022665629156037,0.025905401270507947,11.791843646470593,5.0,10.8,-3.653303788755913,2023Q3,0.4420409907904127,other,22
0001062993-24-010575,0000892992,0001510281,"Saba Capital Management, L.P.",78107,2024-05-13,2024-05-17,2024-05-17,same-day,1,4,-0.002309314395266304,0.001997518522801932,-0.012577153938314047,-0.003062121925560393,4,-0.002309314395266304,0.001997518522801932,0.027755147582498706,11.738165776545468,4.0,5.16,-3.5843339575239854,2024Q2,0.19509506470199478,activist_hf,
0000921895-23-002456,0000884624,0001580320,"ENGINE CAPITAL, L.P.",78756,2023-10-24,2023-11-03,2023-11-03,same-day,0,10,0.021246774213530217,0.07299343269170551,-0.20956867920365974,0.01028175102284615,8,0.021246774213530217,0.07299343269170551,0.004207884183024225,13.013329456380193,8.0,7.3,-5.470795326971068,2023Q4,1.1687005291588894,activist_hf,38
0001214659-25-000281,0000884624,0001794034,"Juniper Investment Company, LLC",78756,2024-12-30,2025-01-07,2025-01-07,same-day,1,8,-0.014583086109105473,-0.010283739746228005,-0.09464076690416331,-0.014583086109105473,5,-0.014583086109105473,-0.010283739746228005,0.004303558318100874,13.403973190951817,5.0,5.1,-5.448313082647666,2024Q4,0.66815640319541,activist_hf,38
0001214659-22-011485,0000784199,0001794034,"Juniper Investment Company, LLC",78876,2022-09-23,2022-09-26,2022-09-26,same-day,0,3,-0.26233254039866905,-0.19785787229171825,0.006241197193284539,-0.17062226788791196,1,-0.26233254039866905,-0.19785787229171825,0.006089948460949517,13.652353919290865,1.0,5.2,-5.101115660194415,2022Q3,0.913177241911327,activist_hf,38
0001193805-23-000935,0000101984,0001970265,TORO 18 HOLDINGS LLC,78915,2023-06-21,2023-07-03,2023-07-03,same-day,0,12,0.1975265312955574,0.050639998268970976,0.05579057651980809,0.2038743033566228,8,0.1975265312955574,0.050639998268970976,0.01685927809408127,11.58510211618086,8.0,8.7,-4.08285414499528,2023Q2,0.5655294373880635,other,36
0001539497-25-001074,0000101984,0002037231,Kent Lake PR LLC,78915,2025-03-27,2025-03-27,2025-03-27,same-day,1,0,0.0,-0.01808433752329961,-0.19562573808889602,0.003304011639026966,0,0.0,-0.01808433752329961,0.03568537272543795,11.343811660539927,0.0,8.2,-3.333014401736592,2025Q1,-0.18578426839129447,activist_hf,36
0001062993-22-004433,0000895574,0001510281,"Saba Capital Management, L.P.",78943,2022-02-14,2022-02-15,2022-02-15,same-day,0,1,-0.024529121446185624,-0.009150909361200587,-0.05676144673935045,-0.010405075659037005,1,-0.024529121446185624,-0.009150909361200587,0.0930153772372806,11.000824862097028,1.0,8.85,-2.374990452859704,2022Q1,-0.9340698731762948,activist_hf,
0001398344-25-000406,0000886136,0001705447,"GATE CITY CAPITAL MANAGEMENT, LLC",79033,2024-12-31,2025-01-08,2025-01-08,same-day,1,8,0.0802574001223817,0.031861541910689385,0.10114994510514815,0.0802574001223817,5,0.0802574001223817,0.031861541910689385,0.07663238846178705,11.19310029385763,5.0,13.8,-2.568735465729367,2024Q4,-0.20192153583976255,other,48
0001493152-22-000977,0000101594,0001903570,Synergy Offshore LLC,79039,2022-01-05,2022-01-12,2022-01-13,next-day,0,7,0.08053281958585544,0.08688422901339737,-0.07421811271574305,0.06280718894192992,6,0.06280718894192992,0.01520940509576008,0.05195121278944996,9.619579682148276,6.0,26.6,-2.957450216387936,2022Q1,-0.6840329020007129,activist_hf,13
0000902664-23-004496,0000898437,0001727492,Caligan Partners LP,79150,2023-08-09,2023-08-17,2023-08-17,same-day,0,8,-0.0898958792605848,0.03752229340242545,-0.1346090173672652,-0.09944087818999386,6,-0.0898958792605848,0.03752229340242545,0.006516820137012288,12.70129719291028,6.0,6.2,-5.033368731059511,2023Q3,0.9049950690319211,activist_hf,38
0001140361-24-011951,0000899751,0002014556,"AIPCF V (Cayman), Ltd.",79198,2024-02-29,2024-03-07,2024-03-07,same-day,1,7,-0.13806709497488484,-0.004736504201777767,-0.058412413178139735,-0.13806709497488484,5,-0.13806709497488484,-0.004736504201777767,0.004150573856106317,13.682121555201833,5.0,16.4,-5.4845086757192965,2024Q1,0.7949840461751291,other,33
0001140361-24-003140,0001724965,0001080910,HELU CARLOS SLIM,79444,2024-01-17,2024-01-22,2024-01-22,same-day,0,5,-0.012111291411367804,-0.006957298424581813,-0.04742736234620342,-0.013435601406424313,3,-0.012111291411367804,-0.006957298424581813,0.0011670271357063608,14.304342810906885,3.0,22.6,-6.753295673414755,2024Q1,1.2268943743591492,other,13
0000921895-24-003013,0000102109,0001734770,"Ault & Company, Inc.",79573,2024-12-16,2024-12-23,2024-12-23,same-day,1,7,-0.06150689729785964,0.02778325499948018,-0.023730004778040055,-0.06150689729785964,5,-0.06150689729785964,0.02778325499948018,1.5284506165376537,8.538841173820384,5.0,9.9,0.4242545533790989,2024Q4,-1.1062675663404649,other,50
0001099910-23-000190,0000718332,0001998914,IMA value LLP,79618,2023-10-23,2023-10-30,2023-10-30,same-day,0,7,0.018127726882978663,0.009426391557859671,0.0018913815858663183,0.018127726882978663,5,0.018127726882978663,0.009426391557859671,0.29459396588173953,10.339302088770134,5.0,5.33,-1.2221572575743063,2023Q4,-0.28810193798550604,other,51
0001086763-23-000013,0000909724,0001086763,FIRST FOUNDATION ADVISORS,79666,2023-04-27,2023-05-25,2023-05-26,next-day,0,28,0.02079516668561098,0.018728287400412998,0.07671589699526343,0.02218267810592768,21,0.02889629854244183,0.019390122928382422,52.710940525978934,10.510270964544642,21.0,10.0,3.9648230341148474,2023Q2,-2.034518947051262,activist_hf,31
0001013594-24-000674,0001041368,0001282683,"Nierenberg Investment Management Company, Inc.",79734,2024-08-19,2024-08-21,2024-08-21,same-day,1,2,-0.01583864371506342,0.03313482733500021,0.24368795621028416,0.040286304789276375,2,-0.01583864371506342,0.03313482733500021,0.24002744615392865,11.465398123104963,2.0,5.0,-1.4270020032039321,2024Q3,-0.33061348510270566,activist_hf,60
0001140361-24-037374,0000912728,0001688282,"CLEARLAKE CAPITAL GROUP, L.P.",79841,2024-08-14,2024-08-14,2024-08-14,same-day,1,0,0.0,0.10113262300114677,0.5580237811894098,0.20042558455380877,0,0.0,0.10113262300114677,0.001962490356665417,13.533874173456741,0.0,13.8,-6.2335410221208445,2024Q3,0.9278858409813231,activist_hf,47
0000950142-24-000702,0000910073,0001905374,Liberty 77 Capital L.P.,79859,2024-03-07,2024-03-14,2024-03-14,same-day,1,7,0.09504931697693655,0.1703398897031887,-0.8173817506523292,0.09504931697693655,5,0.09504931697693655,0.1703398897031887,0.00024222530682226355,14.757403693321578,5.0,5.18,-8.325642245011116,2024Q1,1.7621400263012794,other,60
0001104659-25-035353,0000912603,0001352851,Magnetar Financial LLC,79866,2025-04-09,2025-04-16,2025-04-16,same-day,1,7,-0.3070338709736171,0.042033550085079655,1.2944362444689643,-0.3070338709736171,5,-0.3070338709736171,0.042033550085079655,0.006662578171559836,13.611456438506355,5.0,5.51,-5.011248756491864,2025Q2,0.6396104479233281,activist_hf,50
0000921895-24-002895,0000045919,0001380585,Radoff Bradley Louis,79903,2024-12-04,2024-12-06,2024-12-06,same-day,1,2,0.08860932816595105,0.013018480754565846,-0.2311970957099134,0.09058273267817839,2,0.08860932816595105,0.013018480754565846,0.17255340034554556,10.63983717210886,2.0,5.6,-1.757048523196214,2024Q4,-0.44717656836665404,activist_hf,73
0001193805-23-000307,0000908311,0001659522,Negari Daniel Moshe,80014,2023-02-24,2023-03-13,2023-03-14,next-day,0,17,-0.06235520152320081,0.011787284356727329,0.09329657025628305,-0.023090875294329644,12,-0.10175666654263243,-0.042059988236290716,0.8870121050727588,11.727408421364204,12.0,5.4,-0.11989664955851091,2023Q1,-0.8278723904519041,other,67
0000950170-25-021481,0000879407,0000873303,"Sarepta Therapeutics, Inc.",80069,2025-02-07,2025-02-14,2025-02-14,same-day,1,7,-0.06618968173772194,0.08166516059053078,0.04989210718512042,-0.06618968173772194,5,-0.06618968173772194,0.08166516059053078,0.0009072683500583882,14.72636704705123,5.0,9.5,-7.005072286053716,2025Q1,1.1630031565161028,other,28
0000950103-22-006243,0000714310,0000947357,BANK LEUMI LE ISRAEL BM,80072,2022-04-01,2022-04-11,2022-04-11,same-day,0,10,-0.0500003214542013,0.014211713794373502,-0.09565277272844815,-0.047616482325150554,6,-0.0500003214542013,0.014211713794373502,0.0004797849377947048,15.553257973659544,6.0,14.2,-7.642172600726086,2022Q2,1.4144782103584548,other,60
0000921895-25-000067,0000914712,0001452857,STEEL PARTNERS HOLDINGS L.P.,80114,2025-01-02,2025-01-06,2025-01-06,same-day,1,4,-0.1532856052962786,-0.13040375943768132,0.20216340232625235,-0.1532856052962786,2,-0.1532856052962786,-0.13040375943768132,0.26563036089108677,11.270892629135313,2.0,100.0,-1.3256495573289042,2025Q1,-0.9231115504316173,corporate,73
0001193125-25-294130,0000915840,0001239441,MERRILL ALLAN P,80193,2025-11-17,2025-11-24,2025-11-24,same-day,1,7,0.0066972193579063755,0.09667240311265732,-0.13033675871679537,0.0066972193579063755,5,0.0066972193579063755,0.09667240311265732,0.002088375113010641,13.384435845457233,5.0,5.3,-6.171368973272181,2025Q4,0.9712340130376169,activist_hf,15
0001062993-24-015101,0000916618,0001510281,"Saba Capital Management, L.P.",80206,2024-08-13,2024-08-14,2024-08-14,same-day,1,1,-0.014222736862083394,-0.011740790983128982,-0.035454078026137634,-0.008274350983667016,1,-0.014222736862083394,-0.011740790983128982,0.008739285444473666,12.460478401840277,1.0,5.12,-4.739926849582182,2024Q3,0.5368118432104638,activist_hf,
0001193805-23-000076,0000915779,0001734916,"Alta Fox Opportunities Fund, LP",80233,2023-01-20,2023-01-26,2023-01-26,same-day,0,6,0.0671494768441563,0.09797997607178041,0.6326857924135485,0.15524977262852513,4,0.0671494768441563,0.09797997607178041,0.05990093812746283,11.890991010001215,4.0,5.9,-2.81506311242306,2023Q1,0.18485802768673743,activist_hf,39
0001539497-24-002570,0000915779,0001734916,"Alta Fox Opportunities Fund, LP",80233,2024-11-25,2024-12-02,2024-12-02,same-day,1,7,0.012799708947582637,0.04400345079605278,0.04667564575934438,0.04710234953621028,4,0.012799708947582637,0.04400345079605278,0.003380606999782108,13.475486262243972,4.0,11.7,-5.689699999876446,2024Q4,0.7410925971075011,activist_hf,39
0000807249-23-000126,0001069533,0000807249,"GAMCO INVESTORS, INC. ET AL",80294,2023-10-02,2023-10-05,2023-10-05,same-day,0,3,-0.04954216854742777,0.031811581143772416,-0.02760218537880947,-0.013911048014931551,3,-0.04954216854742777,0.031811581143772416,0.023861218170998608,12.064032873369385,3.0,2.58,-3.735500808670169,2023Q4,0.5736907179697176,activist_hf,49
0001214659-23-016937,0000921738,0001525362,"HG Vora Capital Management, LLC",80563,2023-12-18,2023-12-28,2023-12-28,same-day,0,10,-0.05468594082850873,0.037157130272302274,-0.0018684978601988395,-0.038818480187154156,7,-0.05468594082850873,0.037157130272302274,0.00020920359614454566,15.13961221503165,7.0,9.6,-8.472202635937764,2023Q4,2.19784386902185,activist_hf,70
0000941560-22-000010,0000920465,0000941560,GARDNER LEWIS ASSET MANAGEMENT L P,80640,2022-08-16,2022-08-29,2022-08-29,same-day,0,13,0.00013302357099107941,,0.7082528485962429,0.00013302357099107941,9,0.00013302357099107941,,0.09060674942543916,11.948657215356945,9.0,6.0,-2.401226571738438,2022Q3,-0.1408973787179557,other,28
0000807249-25-000083,0000063296,0000807249,"GAMCO INVESTORS, INC. ET AL",80759,2025-06-06,2025-06-13,2025-06-13,same-day,1,7,0.003906932439232121,-0.03047469052400683,-0.003694457670608435,0.003906932439232121,5,0.003906932439232121,-0.03047469052400683,0.003852764165937603,13.407757409286509,5.0,4.4,-5.558964423117547,2025Q2,0.833109168186357,activist_hf,33
0002039317-24-000001,0001098146,0002039317,Blackhurst Don,80837,2024-09-26,2024-09-30,2024-09-30,same-day,1,4,0.04765445101391459,0.07062602799324777,0.2593705306110002,0.015149242531298294,2,0.04765445101391459,0.07062602799324777,9.887364259857733,9.03471951526444,2.0,6.5,2.2912576045401414,2024Q3,-1.3041678850846343,other,60
0001072613-23-000578,0000919893,0001034546,CITY OF LONDON INVESTMENT MANAGEMENT CO LTD,80866,2023-11-14,2023-11-15,2023-11-15,same-day,0,1,-0.002358966341310092,0.042400800876377695,0.0023247601266245758,0.05963303196013002,1,-0.002358966341310092,0.042400800876377695,0.034212993396462124,12.53490462673246,1.0,36.2,-3.3751497831932165,2023Q4,0.4501310608800344,activist_hf,
0001007280-25-000002,0000919893,0001007280,PUBLIC EMPLOYEES RETIREMENT SYSTEM OF OHIO,80866,2025-03-13,2025-03-13,2025-03-13,same-day,1,0,0.0,0.02896254646632624,0.11497910897762112,0.04301056709303932,0,0.0,0.02896254646632624,0.01922010664914479,12.423034730889118,0.0,5.2,-3.951798326592493,2025Q1,0.04150190270774629,other,
0001104659-24-098259,0000908937,0000908937,SIRIUS XM HOLDINGS INC.,80924,2024-09-09,2024-09-09,2024-09-09,same-day,1,0,0.0,-0.04279809829682928,-0.059707971701352974,-0.1230035142843804,0,0.0,-0.04279809829682928,0.00036049625737487193,16.301510989355027,0.0,0.0,-7.928028983054959,2024Q3,1.3715547571183266,other,48
0001607062-22-000735,0001016178,0001914524,Dream Chasers Capital Group LLC,80960,2022-12-12,2022-12-12,2022-12-12,same-day,0,0,0.0,0.01863820361884925,-0.08133846559186615,0.030060703306866547,0,0.0,0.01863820361884925,0.3207588286312772,9.762434226684146,0.0,5.51,-1.1370657509040825,2022Q4,-0.5882825748579851,activist_hf,60
0001104659-24-110637,0001016178,0001914524,Dream Chasers Capital Group LLC,80960,2024-10-18,2024-10-22,2024-10-22,same-day,1,4,0.02130491340436606,0.023434334177520583,-0.24641909636773096,0.0694135424973735,2,0.02130491340436606,0.023434334177520583,1.09940168777889,9.015188862194123,2.0,5.1,0.09476611162506182,2024Q4,-1.0067110818571376,activist_hf,60
0002099845-25-000001,0001016178,0002099845,Detyga LLC,80960,2025-12-08,2025-12-08,2025-12-08,same-day,1,0,0.0,-0.30003994990908567,-0.5385764943448408,-0.16326559047797817,0,0.0,-0.30003994990908567,0.9575202237256107,9.07378154414794,0.0,5.3,-0.04340843676593944,2025Q4,-1.292970323922634,activist_hf,60
0000807249-23-000039,0000923571,0000807249,"GAMCO INVESTORS, INC. ET AL",81021,2023-03-31,2023-04-10,2023-04-10,same-day,0,10,0.004880981587591994,0.0045454182603786785,3.1131531511109736,0.004880981587591994,5,0.004880981587591994,0.0045454182603786785,0.11249487697827878,12.26792042486671,6.0,3.31,-2.1848475963454024,2023Q1,-0.05195050785597494,activist_hf,42
0000921895-25-003302,0000925528,0001597857,"Hartree Partners, LP",81084,2025-12-08,2025-12-10,2025-12-10,same-day,1,2,-0.03873936516751901,0.012236332942042526,-0.2209525700115442,0.028329962153346842,2,-0.03873936516751901,0.012236332942042526,0.006572878536899733,12.672009830487047,2.0,8.7,-5.024803408967782,2025Q4,0.5475924592381534,activist_hf,50
0001193805-22-001682,0000729217,0001559771,Engaged Capital LLC,81222,2022-11-29,2022-12-09,2022-12-09,same-day,0,10,0.038539245759610805,0.048745229506883016,0.02007023570129381,0.006628519238478722,8,0.038539245759610805,0.048745229506883016,0.0017920838637723938,14.035811111788217,8.0,6.5,-6.324376166544306,2022Q4,1.2225620529577077,activist_hf,73
0001104659-23-100860,0000933974,0001885245,Politan Capital Management LP,81241,2023-09-08,2023-09-14,2023-09-14,same-day,0,6,-0.03497659162283797,0.013081165663373842,0.2454119280436165,-0.04594978242626296,4,-0.03497659162283797,0.013081165663373842,0.0004575450725861434,15.038726850944569,4.0,6.87,-7.689635158787432,2023Q3,1.7960613789694704,activist_hf,35
0001398344-23-021149,0000933034,0001705447,"GATE CITY CAPITAL MANAGEMENT, LLC",81278,2023-11-27,2023-11-27,2023-11-27,same-day,0,0,0.0,-0.035781474045107536,-0.04392022366265093,-0.09477055550663631,0,0.0,-0.035781474045107536,0.09798315011632144,11.425054445866898,0.0,9.96,-2.3229597526830834,2023Q4,0.08934885083653775,other,37
0000950170-25-058891,0000876883,0000902015,BALLMER STEVEN A,81527,2025-04-04,2025-04-25,2025-04-25,same-day,1,21,-0.025554817429106924,-0.009791178658148627,0.10942481848222048,-0.0542538330741972,14,-0.025554817429106924,-0.009791178658148627,0.00694589471343988,13.432842046631754,15.0,43.5,-4.9696044826444306,2025Q2,0.6248982273556654,other,73
0000921895-23-002203,0000851310,0001279150,SCOPIA CAPITAL MANAGEMENT LP,81621,2023-09-15,2023-09-21,2023-09-21,same-day,0,6,-0.001973156927810738,0.01631553828140673,0.01011233777173191,0.022689698624835553,4,-0.001973156927810738,0.01631553828140673,0.0008847375278315581,13.9459199446961,4.0,5.1,-7.030219535665914,2023Q3,1.5748550120642277,activist_hf,36
0000944075-23-000041,0000944075,0001192160,MILLS KEVIN J,81741,2023-05-26,2023-06-05,2023-06-05,same-day,0,10,0.09876908699504273,-0.04705229113933483,-0.20074386494945903,0.09876908699504273,5,0.09876908699504273,-0.04705229113933483,1.196742548477002,9.194290255197417,5.0,11.7,0.1796033228052535,2023Q2,-0.8115878855661822,other,35
0000944075-24-000068,0000944075,0000944075,"SOCKET MOBILE, INC.",81741,2024-08-21,2024-08-27,2024-08-27,same-day,1,6,0.15162767509841962,0.15481828222156338,-0.08950590180442994,0.18669949613109985,4,0.15162767509841962,0.15481828222156338,2.6549391967917706,8.935771938669784,4.0,7.47,0.9764217530349646,2024Q3,-0.9599035346824079,other,35
0000944480-24-000039,0000944480,0001649892,Loudermilk Kyle Justin,81869,2024-03-31,2024-05-06,2024-05-06,same-day,1,36,0.18015503550486783,0.09625449350045431,0.23199395465693107,0.3079686358281367,25,0.18015503550486783,0.09625449350045431,0.6057540593919756,8.893105897262377,25.0,5.68,-0.5012812178767132,2024Q1,-0.9013664134699663,other,73
0001839882-23-014903,0000887247,0001979074,Versi Group LLC,82163,2023-05-25,2023-06-05,2023-06-05,same-day,0,11,-0.2520596605733646,0.0614588212967381,-0.37149562978691497,-0.2391233296682622,6,-0.2520596605733646,0.0614588212967381,0.3314634837048964,9.070980598720181,6.0,,-1.1042376301600592,2023Q2,-0.39680377813462525,activist_hf,28
0001193125-25-203287,0000750574,0001195608,MAY ANNE M,82251,2025-09-11,2025-09-15,2025-09-15,same-day,1,4,0.04471087979229256,-0.0021213290105563474,-0.016656508009644307,0.04396941426188128,2,0.04471087979229256,-0.0021213290105563474,1.5804947351660288,11.451671995470528,2.0,8.3,0.4577379215487393,2025Q3,-1.466202386533898,other,60
0001437749-25-035480,0000948708,0001251368,SMITH WILLIAM W JR,82281,2025-11-07,2025-11-17,2025-11-17,same-day,1,10,0.08164682784595798,-0.042147330934365096,0.07741536162620631,0.11848690865928511,6,0.08164682784595798,-0.042147330934365096,0.21360079485848335,9.636089690747045,5.0,30.0,-1.54364645065544,2025Q4,-0.7386512487123525,other,73
0000921895-23-000151,0000949858,0001411512,"DIALECTIC CAPITAL MANAGEMENT, LP",82526,2023-01-19,2023-01-20,2023-01-20,same-day,0,1,-0.07012111451584813,0.12005367968390104,0.6641594191208241,0.08621835284496979,1,-0.07012111451584813,0.12005367968390104,0.2603853257518866,11.246341389611114,1.0,19.8,-1.3455927229549265,2023Q1,-0.3673072587522718,activist_hf,28
0001389404-23-000004,0000830524,0001389404,Edward L. Chase Revocable Trust,82542,2023-07-21,2023-08-02,2023-08-02,same-day,0,12,-0.030889467232598132,0.020917783639990785,-0.08146674417276821,-0.026621080751998837,8,-0.030889467232598132,0.020917783639990785,0.00449547676297222,13.970781524321891,8.0,8.1,-5.40468355150571,2023Q3,1.0295556640935881,other,36
0001140361-25-009053,0001000228,0002060445,KKR Hawaii Aggregator L.P.,82581,2025-03-10,2025-03-17,2025-03-17,same-day,1,7,-0.049801065388694575,0.019601337487966535,-0.06085198347477277,-0.049801065388694575,5,-0.049801065388694575,0.019601337487966535,0.00012347983695185994,15.982377282358506,5.0,9.7,-8.999432678772878,2025Q1,1.8955537597953933,activist_hf,50
0000807249-23-000104,0001001902,0000807249,"GAMCO INVESTORS, INC. ET AL",82587,2023-08-11,2023-08-18,2023-08-18,same-day,0,7,-0.02648786024829536,0.04927559246390742,0.09538154357127504,-0.02648786024829536,5,-0.02648786024829536,0.04927559246390742,0.0328172005508529,11.522910646701247,5.0,1.71,-3.4168024940071593,2023Q3,0.3627046961298341,activist_hf,35
0001140361-25-040863,0001001250,0002093607,"Roaring Fork Trust Company, Inc.",82642,2025-11-03,2025-11-06,2025-11-06,same-day,1,3,-0.04969564035236945,-0.052244458465805714,0.06408897539794532,-0.0736107756283297,3,-0.04969564035236945,-0.052244458465805714,6.27524335897371e-05,16.957250866380413,3.0,0.0,-9.676313198397828,2025Q4,2.2662668168646807,other,28
0000950142-23-000274,0001003078,0001008015,JACOBSON MITCHELL,82777,2023-01-31,2023-02-06,2023-02-06,same-day,0,6,0.07350308883072049,0.000465180304578725,-0.049483122514877464,0.0798996652406419,4,0.07350308883072049,0.000465180304578725,0.00042842865875623425,15.150084375543955,4.0,12.7,-7.755386324438108,2023Q1,2.0412241042096633,other,50
0001398344-23-007941,0001000694,0001383838,SHAH CAPITAL MANAGEMENT,82779,2023-04-26,2023-04-27,2023-04-27,same-day,0,1,0.004155078806017185,-0.01863379208606241,0.4238008591732277,-0.05362192080523498,1,0.004155078806017185,-0.01863379208606241,0.0007343056214288893,13.473417240628436,1.0,5.28,-7.216585238042495,2023Q2,1.5779771641550613,activist_hf,28
0001493152-23-025154,0000910267,0001986021,Choong Choon Hau,82848,2023-06-21,2023-07-21,2023-07-24,next-day,0,30,-0.3056962397376844,-0.05487015871539002,0.005797138090354557,-0.1416649303511409,22,-0.28126036344399347,-0.088292578736058,1.9436980345076504,9.329189505814563,22.0,24.95,0.6645923619295864,2023Q2,-0.9682784360916493,other,28
0001193125-22-247613,0001006045,0001947246,Roland Brent Alexander,83145,2022-09-07,2022-09-20,2022-09-20,same-day,0,13,0.01042805089789997,0.12663925878999718,0.04477523469023793,-0.00033032484262726126,9,0.01042805089789997,0.12663925878999718,0.3302873536966517,10.599751371329656,9.0,5.52,-1.107792234643071,2022Q3,-0.6458723104705706,other,38
0000921895-23-000084,0001005286,0001640809,"22NW Fund, LP",83148,2023-01-09,2023-01-10,2023-01-10,same-day,0,1,0.03679492416969876,0.1623845279207372,-0.17051745085633233,0.12133169989686204,1,0.03679492416969876,0.1623845279207372,0.04688717663946534,12.167258789599266,1.0,9.99,-3.0600110601169135,2023Q1,0.27689918392260937,activist_hf,28
0001654954-25-001914,0000889971,0002052913,"North Run Strategic Opportunities Fund I, LP",83149,2025-02-18,2025-02-25,2025-02-25,same-day,1,7,-0.08557775600278784,-0.07607590101814891,-0.3308573824857152,-0.08557775600278784,5,-0.08557775600278784,-0.07607590101814891,0.17085090871337066,11.856267691931782,5.0,19.99,-1.7669639816561067,2025Q1,-0.7610118873231008,activist_hf,36
0001140361-22-031102,0001007587,0001282197,"BLACK DIAMOND CAPITAL MANAGEMENT, L.L.C.",83390,2022-08-19,2022-08-26,2022-08-26,same-day,0,7,0.03577648989547579,0.02494204258678622,0.028939202595025353,0.03577648989547579,5,0.03577648989547579,0.02494204258678622,0.03198518156728276,12.080757407676991,5.0,17.29,-3.4424825594576376,2022Q3,0.2656235835415578,activist_hf,48
0001095449-24-000098,0001008586,0001661462,"Tamarack Advisers, LP",83391,2024-11-13,2024-11-22,2024-11-22,same-day,1,9,0.258809362547274,0.06541422012663911,-0.030758559463485793,0.36351940743521516,7,0.258809362547274,0.06541422012663911,1.734138630839843,9.362733508228164,7.0,3.6,0.550510823743857,2024Q4,-1.1444164930663225,activist_hf,73
0000904853-24-000009,0001000209,0000904853,Amster Howard,83565,2024-12-10,2024-12-18,2024-12-18,same-day,1,8,0.05985727581888737,-0.024597308941122394,-0.017704530423037247,0.08510967140551588,6,0.05985727581888737,-0.024597308941122394,0.030169772985427792,12.305879246718073,6.0,6.1,-3.500914750352974,2024Q4,0.07974082533825931,other,61
0001654954-25-013917,0000933972,0001861377,Nagar Yaacov,83577,2025-12-10,2025-12-12,2025-12-12,same-day,1,2,-0.030782085717625668,-0.19549068827243313,-0.41024994292577116,-0.06795096509445545,2,-0.030782085717625668,-0.19549068827243313,0.17862680736566441,10.751409503852354,2.0,19.0,-1.7224565245710373,2025Q4,-0.6725831755842733,other,36
0001193125-25-220898,0001962738,0002010692,Panacea Innovation Ltd,83651,2025-09-26,2025-09-26,2025-09-26,same-day,1,0,0.0,-0.1818143680665836,-0.09324898561602014,0.17097272013727188,0,0.0,-0.1818143680665836,0.8709258084334067,10.286880179177167,0.0,19.9,-0.13819848551262215,2025Q3,-1.256681475055048,other,28
0000921895-24-002823,0001013706,0001504325,"Steel Partners, Ltd.",83734,2024-11-20,2024-11-26,2024-11-26,same-day,1,6,0.14265400354735996,0.044739691104315374,-0.17667826678902426,0.15181975641527817,4,0.14265400354735996,0.044739691104315374,10.064751754122156,9.757070639887933,4.0,11.8,2.3090393945175576,2024Q4,-1.67576418295103,activist_hf,87
0001173879-22-000002,0000912463,0001173879,MARCIANO PAUL,83822,2022-03-22,2022-03-28,2022-03-28,same-day,0,6,-0.015872547106226834,0.0389368437702536,-0.04170115796681192,-0.028762854907961863,4,-0.015872547106226834,0.0389368437702536,0.0012740850048026228,14.044450278985481,4.0,34.1,-6.66552700129302,2022Q1,0.907761666894374,other,23
0001104659-25-031351,0000912463,0001173879,MARCIANO PAUL,83822,2025-03-27,2025-04-02,2025-04-02,same-day,1,6,0.01497803445620156,-0.03445908135194275,0.25630466479100283,0.03032098408742373,4,0.01497803445620156,-0.03445908135194275,0.0015397175028776468,13.330905305999282,4.0,37.7,-6.4761563190735565,2025Q1,0.9687264790861547,other,23
0000950103-24-006446,0001014763,0001122411,"ASE Technology Holding Co., Ltd.",83840,2024-05-03,2024-05-08,2024-05-08,same-day,1,5,0.08326660422475053,0.020033257772625043,-0.21437017582554874,0.07347299423373377,3,0.08326660422475053,0.020033257772625043,0.6408799286425316,8.762710180307339,3.0,27.4,-0.44491315841822965,2024Q2,-0.9625302687982288,other,35
0001493152-25-025349,0001014763,0001859356,TSAI CHUN-JUNG,83840,2025-11-25,2025-11-28,2025-11-28,same-day,1,3,0.10535889652418437,-0.023439003950765182,-0.663377743926648,0.07315378368234307,2,0.10535889652418437,-0.023439003950765182,0.21216526908362082,9.182173380716224,2.0,6.0,-1.5503897368687272,2025Q4,-0.7361596892777688,other,35
0001213900-22-018462,0001017303,0001464790,"B. Riley Financial, Inc.",83910,2022-04-01,2022-04-06,2022-04-06,same-day,0,5,0.05627671854314041,0.035197170616412074,-0.25815280807924784,0.08098856428091478,3,0.05627671854314041,0.035197170616412074,0.24367433660020826,11.160781668431907,3.0,5.4,-1.411922631240426,2022Q2,-0.9965448232552562,other,35
0001477932-24-000090,0001017303,0001118118,"ACCRETIVE CAPITAL PARTNERS, LLC",83910,2024-01-03,2024-01-09,2024-01-09,same-day,0,6,0.07046937531792133,-0.032325743593963695,-0.050223162335070015,0.07848825147829504,4,0.07046937531792133,-0.032325743593963695,0.17537209410571825,11.159159144026304,4.0,5.29,-1.740845310300677,2024Q1,-0.4794039131161704,activist_hf,35
0001213900-22-004782,0000831547,0001904921,"Hanmi Pharmaceutical Co., Ltd.",83950,2022-01-24,2022-02-01,2022-02-01,same-day,0,8,-0.21991622230572117,0.017747406522009984,-0.04471696645166961,-0.20534766951998068,6,-0.21991622230572117,0.017747406522009984,0.0076878924932346545,12.059468171337798,6.0,8.7,-4.868108591122291,2022Q1,0.13617007661530578,other,28
0000904853-22-000002,0000873860,0000904853,Amster Howard,84007,2022-09-12,2022-09-23,2022-09-23,same-day,0,11,0.08997908883961288,-0.06708734308294927,-0.24738431472602326,0.09951883049928299,9,0.08997908883961288,-0.06708734308294927,0.010566095384847323,12.259792259023445,9.0,6.4,-4.550104952754041,2022Q3,0.6980549226681916,other,61
0001013594-24-000055,0001013488,0001959730,"Fund 1 Investments, LLC",84062,2024-01-18,2024-01-18,2024-01-18,same-day,0,0,0.0,0.06508222126909713,-0.07381857610795631,0.09347412684305079,0,0.0,0.06508222126909713,0.0015671793846613066,13.512568969042366,0.0,9.5,-6.458477845669244,2024Q1,1.1265348459533995,activist_hf,58
0000921895-24-001410,0001017480,0001471085,Bronte Capital Management Pty Ltd.,84084,2024-06-10,2024-06-13,2024-06-13,same-day,1,3,-0.01612230270226076,-0.01779224918722823,-0.10709827260504287,-0.016689449231089365,3,-0.01612230270226076,-0.01779224918722823,0.0008449210334704345,13.845801092424487,3.0,5.1,-7.076267386488244,2024Q2,1.4827053784951527,activist_hf,59
0001971213-25-000079,0000832428,0001971213,"Sinclair, Inc.",84176,2025-11-07,2025-11-17,2025-11-17,same-day,1,10,0.41474177794707195,0.41709660292840045,-0.25950406350080946,0.43889482848716993,6,0.41474177794707195,0.41709660292840045,0.018373754209381362,12.137749210634825,5.0,8.2,-3.9968320343105392,2025Q4,0.16776996676222633,other,48
0001104659-23-072981,0000727207,0001524362,"Indaba Capital Management, L.P.",84184,2023-06-09,2023-06-20,2023-06-20,same-day,0,11,0.27247367038935744,-0.057422076620094284,-0.11353203120957547,0.2341274918408369,6,0.27247367038935744,-0.057422076620094284,0.2952988950942199,11.223561979735909,6.0,9.9,-1.2197672318775266,2023Q2,-0.35947840491014477,activist_hf,38
0001062993-22-010017,0000808326,0001058854,CANNELL CAPITAL LLC,84607,2022-04-01,2022-04-11,2022-04-11,same-day,0,10,0.03184541593646548,0.017532844141071174,-0.05255197931038551,0.01900688049013633,6,0.03184541593646548,0.017532844141071174,0.012751486754228223,11.793106222779073,6.0,9.98,-4.362107406001144,2022Q2,0.14513704829118843,activist_hf,36
0000921895-23-002068,0000808326,0001380585,Radoff Bradley Louis,84607,2023-08-17,2023-08-24,2023-08-24,same-day,0,7,-0.12381420336404764,0.18486271711649283,0.11069553917928415,-0.12381420336404764,5,-0.12381420336404764,0.18486271711649283,0.15203211967239688,10.612015835134375,5.0,7.9,-1.8836634668252519,2023Q3,-0.15159933651976948,activist_hf,36
0001641172-25-014202,0001981535,0002071490,Lubin Joseph Michael,84819,2025-05-30,2025-06-06,2025-06-06,same-day,1,7,-0.5019862380762434,-0.5963850467320151,1.3090557008419954,-0.5019862380762434,5,-0.5019862380762434,-0.5963850467320151,0.35293802378584954,8.39732798955553,5.0,9.9,-1.0414628074748167,2025Q2,-0.7628480677975977,other,61
0001214659-22-011815,0001036262,0001794034,"Juniper Investment Company, LLC",85013,2022-09-27,2022-10-03,2022-10-03,same-day,0,6,0.07313349515789737,-0.022324147347319516,-0.03873087043284637,0.02006253017087905,4,0.07313349515789737,-0.022324147347319516,0.09847953954167082,11.398095813777307,4.0,5.2,-2.3179064727700904,2022Q3,-0.1734267156030798,activist_hf,38
0000921895-25-000115,0001604778,0001517137,Starboard Value LP,85035,2025-01-10,2025-01-17,2025-01-17,same-day,1,7,0.012019937353118454,0.15268020298003895,0.13663764818843266,0.012019937353118454,5,0.012019937353118454,0.15268020298003895,9.347930149939006e-05,15.70380251573348,5.0,7.7,-9.277770520514622,2025Q1,1.9977903237723644,activist_hf,36
0000930413-23-000069,0001031029,0001736804,"MCI, LC",85077,2023-01-06,2023-01-13,2023-01-13,same-day,0,7,0.08189438173238617,0.035961969542059116,0.06925053749253401,0.08189438173238617,5,0.08189438173238617,0.035961969542059116,0.19275656946066796,11.925391012723138,5.0,7.37,-1.646327184314482,2023Q1,-0.25430387250589576,other,73
0001085146-23-002486,0001023731,0001627436,Sylebra Capital Ltd,85177,2023-05-25,2023-05-26,2023-05-26,same-day,0,1,-0.008179165250853639,0.08507403620726428,0.004237806389479076,0.05046083346315508,1,-0.008179165250853639,0.08507403620726428,0.0057177155411916964,12.939841288505155,1.0,12.37,-5.164185934274769,2023Q2,0.9148867623882575,activist_hf,73
0001085146-25-005959,0001023731,0002003074,SYLEBRA CAPITAL LLC,85177,2025-10-14,2025-10-16,2025-10-16,same-day,1,2,0.023954623474474735,-0.04245758484366412,-0.04021443340679806,0.009745402289739566,2,0.023954623474474735,-0.04245758484366412,0.01914624097464957,12.491448861537169,2.0,9.96,-3.955648876375603,2025Q4,0.15255330793250654,activist_hf,73
0000921895-22-000996,0000907654,0001752618,"Funicular Fund, LP",85293,2022-03-18,2022-03-28,2022-03-28,same-day,0,10,1.7265799689508005e-05,-0.016202788618393856,0.25326928363069423,0.00818720838823847,6,1.7265799689508005e-05,-0.016202788618393856,0.093179472600479,10.322365636481543,6.0,6.49,-2.373227832617242,2022Q1,-0.9348265266901586,activist_hf,28
0000902664-24-002769,0000907654,0001535978,"Adage Capital Management, L.P.",85293,2024-04-03,2024-04-05,2024-04-05,same-day,1,2,0.8544800104775206,-0.073492574997361,0.09153433032405842,0.8718870556206366,2,0.8544800104775206,-0.073492574997361,0.3359050716954081,10.147286700597956,2.0,8.28,-1.0909266836526064,2024Q2,-0.7243202069906118,activist_hf,28
0001062993-23-019676,0001038186,0001510281,"Saba Capital Management, L.P.",85339,2023-10-20,2023-10-25,2023-10-25,same-day,0,5,0.0017628932087722267,0.002001712186941609,-0.03207393552041773,-0.0006236004507479773,3,0.0017628932087722267,0.002001712186941609,0.012175464943452617,12.555364219351146,3.0,5.11,-4.4083324223687095,2023Q4,0.8043958848487472,activist_hf,
0001104659-22-032241,0001113256,0001352851,Magnetar Financial LLC,85349,2022-02-28,2022-03-10,2022-03-10,same-day,0,10,0.012762235915478587,-0.012175741284141096,0.42883696350746625,0.012479786634413032,8,0.012762235915478587,-0.012175741284141096,0.0018483226365396354,14.726022915141243,8.0,5.08,-6.293476734129062,2022Q1,0.7480487944321835,activist_hf,37
0001104659-25-049256,0000917491,0001352851,Magnetar Financial LLC,85372,2025-05-08,2025-05-15,2025-05-15,same-day,1,7,-0.08435108715768896,-0.022604404903512034,0.011441069076798012,-0.08435108715768896,5,-0.08435108715768896,-0.022604404903512034,0.004284293597982786,13.291858121234338,5.0,7.08,-5.452799595135528,2025Q2,0.7956029225132633,activist_hf,38
0001104659-24-025002,0001041859,0001834600,Mithaq Capital SPC,85390,2024-02-09,2024-02-16,2024-02-16,same-day,1,7,0.6952530375039621,0.7528223263315633,-0.17751716055875622,0.6952530375039621,5,0.6952530375039621,0.7528223263315633,0.0026013886978271984,12.498724759339867,5.0,56.1,-5.951709861994184,2024Q1,0.9540249396099345,activist_hf,56
0000807249-22-000074,0001042893,0000807249,"GAMCO INVESTORS, INC. ET AL",85424,2022-06-13,2022-06-23,2022-06-23,same-day,0,10,-0.1916568475244713,-0.030826836447534183,0.06945876079185805,-0.17953773103902776,7,-0.1916568475244713,-0.030826836447534183,0.002780511306807542,13.918121206199944,7.0,4.41,-5.885120444879345,2022Q2,0.734522632371132,activist_hf,35
0001781002-23-000034,0001036044,0001781002,Bleichroeder LP,85502,2023-04-28,2023-05-08,2023-05-08,same-day,0,10,0.2107155208511615,0.30499793039764195,-0.016463665253252352,-0.031604357175002935,6,0.2107155208511615,0.30499793039764195,0.03823838722174043,11.771290975837827,6.0,12.5,-3.2639153668520255,2023Q2,0.300946204279112,other,35
0000921895-25-000830,0001036044,0001380585,Radoff Bradley Louis,85502,2025-03-20,2025-03-20,2025-03-20,same-day,1,0,0.0,-0.0019345966964470634,-0.007520130601784594,-0.010990264800463799,0,0.0,-0.0019345966964470634,0.11698264078313698,11.222530114907629,0.0,6.2,-2.145729724567103,2025Q1,-0.6218870458531616,activist_hf,35
0001973064-23-000001,0001015155,0001973064,Valadez Carlos Daniel,85539,2023-04-06,2023-04-11,2023-04-12,next-day,0,5,0.15345101481235035,0.013947449503215019,0.1537142300369958,0.16598289408213665,3,0.15203544457892162,-0.05349828003560648,0.5732068612222713,10.253697845574688,4.0,5.16,-0.5565086130678846,2023Q2,-0.5737643984857662,other,39
0002015561-24-000002,0001015155,0002015561,Riverstyx Capital Management LLC,85539,2024-08-19,2024-08-19,2024-08-19,same-day,1,0,0.0,0.00577274535717039,0.11247771497197104,0.0013962394541406709,0,0.0,0.00577274535717039,1.435548690749833,8.58144042013229,0.0,8.7,0.3615471390213922,2024Q3,-0.7989105032481955,activist_hf,39
0000921895-25-002580,0000852772,0001461945,"JCP Investment Management, LLC",85726,2025-09-08,2025-09-15,2025-09-15,same-day,1,7,0.10321865970088974,0.01065594161129059,0.1340762663057893,0.10321865970088974,5,0.10321865970088974,0.01065594161129059,0.010717242598243948,12.353395065763852,5.0,7.8,-4.535901376739364,2025Q3,0.2894746370150226,activist_hf,58
0001213900-25-114144,0001953021,0002090299,Demir Yaman,85757,2025-11-09,2025-11-24,2025-11-24,same-day,1,15,-0.22643219245346902,0.20953429172042864,-0.35674432444398574,-0.07525089526489277,10,-0.22643219245346902,0.20953429172042864,0.13157705618037446,10.938636120039963,9.0,5.94,-2.0281626204247325,2025Q4,-0.5596286185267373,other,78
0000950103-25-010123,0001050825,0000048287,HNI CORP,85796,2025-08-03,2025-08-08,2025-08-08,same-day,1,5,0.5819368338053287,-0.00043463599109469335,0.049696812958744715,0.5700786616904583,4,0.5819368338053287,-0.00043463599109469335,0.0022423351911170686,13.850271436979101,4.0,5.4,-6.100237460102408,2025Q3,0.8394680896079113,corporate,25
0000807249-25-000041,0000924717,0000807249,"GAMCO INVESTORS, INC. ET AL",85889,2025-03-12,2025-03-19,2025-03-19,same-day,1,7,0.07262463284650192,0.0379867204239762,-0.1322204415481522,0.07262463284650192,5,0.07262463284650192,0.0379867204239762,0.0010092458670581692,12.956184865678917,5.0,2.8,-6.898551893302112,2025Q1,1.1238770395632163,activist_hf,38
0001731122-23-001969,0001034760,0001991451,"Galloway Capital Partners, LLC",86098,2023-10-26,2023-10-26,2023-10-26,same-day,0,0,0.0,0.0038438085670223646,0.042311473587947936,0.008895070564790723,0,0.0,0.0038438085670223646,1.380629736667608,9.617748258334622,0.0,4.31,0.32253972600038044,2023Q4,-0.8177583454990833,activist_hf,73
0001213900-23-043557,0001057060,0001788137,PPF Group N.V.,86128,2023-05-16,2023-05-26,2023-05-26,same-day,0,10,0.050102943083164694,-0.028731130901438,0.033763164592955586,0.0038893997131161312,8,0.050102943083164694,-0.028731130901438,0.0012980032097324914,13.329377058983658,8.0,5.4,-6.64692818787395,2023Q2,1.393932021685893,other,55
0000921895-25-000585,0000778164,0001380585,Radoff Bradley Louis,86165,2025-02-18,2025-02-24,2025-02-24,same-day,1,6,0.07789793555891755,-0.0033576772171786395,-0.2359703349887453,0.17824653424732795,4,0.07789793555891755,-0.0033576772171786395,0.023805849327877104,11.658004983076141,4.0,4.7,-3.7378239584223563,2025Q1,-0.03709324642456568,activist_hf,28
0001104659-22-023678,0000921557,0001909211,Trager Trust of 2012,86287,2022-02-11,2022-02-15,2022-02-15,same-day,0,4,0.028281991662217093,-0.023815908517289836,0.007977533899350764,0.011170987834645143,2,0.028281991662217093,-0.023815908517289836,0.010302091409825137,13.682770988907567,2.0,49.84,-4.57540835486072,2022Q1,0.010520400672199904,other,60
0001104659-24-066057,0000766792,0001256239,AFRICK ANDREW,86290,2024-05-28,2024-05-29,2024-05-29,same-day,1,1,-0.0029156515949855712,-0.02135524370359163,0.027608135213210726,-0.0010022319808817882,1,-0.0029156515949855712,-0.02135524370359163,0.6590319142843492,10.34347485301602,1.0,18.97,-0.41698331729966626,2024Q2,-0.9728290766702716,other,35
0001104659-22-002789,0000740664,0001095155,Holdsworth Mark Keith,86474,2021-12-31,2022-01-10,2022-01-10,same-day,0,10,-0.023596389277443584,-0.04535755652791812,-0.02401158141091019,0.005728064253590293,6,-0.023596389277443584,-0.04535755652791812,0.15944698730693546,11.220402092313627,5.0,5.1,-1.836043779985313,2021Q4,-1.780579917652702,other,36
0001193805-23-001215,0000827187,0001105087,STADIUM CAPITAL MANAGEMENT LLC,86489,2023-08-22,2023-08-25,2023-08-25,same-day,0,3,-0.06167894646678927,0.032708183135426616,-0.057961698613254495,0.0065952231436727515,3,-0.06167894646678927,0.032708183135426616,0.0019332089910013741,13.212751865529468,3.0,8.5,-6.248573967165461,2023Q3,1.3126456097496801,activist_hf,25
0001437749-23-024725,0001053691,0001197014,ALAM JOHN J,86536,2023-08-16,2023-08-28,2023-08-29,next-day,0,12,0.10747362542925605,0.07280337140576632,0.22474070919083927,-0.016458556277630765,9,0.04043553242156797,0.11768822082762166,1.1967067773121947,8.876321124316036,9.0,26.2,0.17957343191562858,2023Q3,-0.8437290380800918,other,28
0000807249-25-000139,0001071255,0000807249,"GAMCO INVESTORS, INC. ET AL",86578,2025-10-09,2025-10-10,2025-10-10,same-day,1,1,0.0016295670282802334,0.010591577780597744,-0.02587839718526709,0.04369662066042371,1,0.0016295670282802334,0.010591577780597744,0.002772586242461354,13.336307689165666,1.0,3.7,-5.88797473283532,2025Q4,0.8665234059042801,activist_hf,79
0001019056-25-000233,0001066605,0001385702,MAK CAPITAL ONE LLC,86827,2025-10-27,2025-11-05,2025-11-05,same-day,1,9,0.010254553475630805,0.012185716592556982,0.15210694874114095,-0.004596606726857929,7,0.010254553475630805,0.012185716592556982,0.002233438290552187,14.007706031800847,7.0,5.8,-6.104213046587957,2025Q4,0.9464207428565892,activist_hf,73
0001999901-23-000001,0001078207,0001999901,"SAFE ASSET GROUP, LIMITED PARTNERSHIP",86889,2023-10-31,2023-11-07,2023-11-08,next-day,0,7,0.15535695627881949,-0.09731581936792881,0.03941406685339641,0.16294296928605556,6,0.16294296928605556,-0.1429823864888518,0.18444547157672386,10.06298818154438,6.0,5.44,-1.6904014061938064,2023Q4,-0.12754713906104326,other,39
0000897069-25-000660,0000862831,0001569147,"PL Capital Advisors, LLC",86965,2025-03-12,2025-03-18,2025-03-18,same-day,1,6,-0.026455238600858664,-0.021392406283205916,0.012643655032682673,-0.01954399400138573,4,-0.026455238600858664,-0.021392406283205916,0.005873280515007674,13.199506253859266,4.0,6.3,-5.137341940087132,2025Q1,0.4769651682488917,activist_hf,60
0001213900-25-084514,0001831096,0001016345,SMITH RANDALL D,86990,2025-08-27,2025-09-04,2025-09-04,same-day,1,8,0.24514755630674662,0.08930743570819083,0.11590150361868715,0.24514755630674662,5,0.24514755630674662,0.08930743570819083,1.4900920454854683,11.070665554805581,5.0,14.4,0.3988378935429434,2025Q3,-1.4454941575892057,other,73
0001139032-25-000002,0001069202,0001139032,NORRIS JOHN W III,87034,2024-11-06,2025-02-04,2025-02-04,same-day,1,90,-0.15148305927054043,-0.021714271879069887,-0.02828623182519097,-0.07147733162136245,59,-0.15148305927054043,-0.021714271879069887,9.579471364888178e-05,16.8819506168329,59.0,9.2,-9.253303055628137,2024Q4,1.8178520440732424,other,35
0000902664-25-000053,0000709283,0002050998,Blue Torch Capital LP,87043,2024-12-27,2025-01-06,2025-01-06,same-day,1,10,-0.19565687806632037,-0.23032604974077678,4.398386166318639,-0.19565687806632037,5,-0.19565687806632037,-0.23032604974077678,0.31567851850707207,12.314962924238245,5.0,7.7,-1.1530309297400299,2024Q4,-0.6296833289997543,activist_hf,35
0000921895-22-003278,0001082324,0001380585,Radoff Bradley Louis,87084,2022-12-19,2022-12-29,2022-12-29,same-day,0,10,-0.008063214896334287,0.07884004222728577,-0.038273934422159595,0.014935986566228271,7,-0.008063214896334287,0.07884004222728577,0.14908306491482215,11.40751494806236,7.0,3.6,-1.9032516457225885,2022Q4,-0.3208137903879099,activist_hf,67
0000921895-23-000931,0001066194,0001688522,"Philotimo Fund, LP",87227,2023-04-14,2023-04-24,2023-04-24,same-day,0,10,-0.025383665322891186,0.04797035148228164,-0.05607846452661354,-0.02328706132538341,6,-0.025383665322891186,0.04797035148228164,0.05044019811314662,12.36434033881512,6.0,6.4,-2.986966840193952,2023Q2,0.2114695076766026,other,73
0001477932-22-003302,0001054721,0001104815,Karp Richard Alan,87302,2022-05-06,2022-05-13,2022-05-13,same-day,0,7,0.02067144567426163,-0.034069802601818716,-0.030112031437231304,0.02067144567426163,5,0.02067144567426163,-0.034069802601818716,0.1474066377551327,10.262014779938172,5.0,6.8,-1.9145602679807634,2022Q2,-0.8020308108676987,other,73
0001140361-23-049102,0001054721,0001996612,"Kontron Merger Sub., Inc.",87302,2023-10-11,2023-10-23,2023-10-23,same-day,0,12,0.5385416471400019,0.00214163776345776,-0.01072482189068878,0.5170995665932921,8,0.5385416471400019,0.00214163776345776,0.6253085742668997,10.028044923812221,8.0,17.3,-0.46951003225773497,2023Q4,-0.5461748349518141,other,73
0000950170-25-015735,0001973266,0001766363,"Endeavor Group Holdings, Inc.",87356,2025-01-30,2025-02-06,2025-02-06,same-day,1,7,0.014710238984190875,0.049720040122321715,0.020318039171324027,0.014710238984190875,5,0.014710238984190875,0.049720040122321715,0.00011962002909234462,16.3356681318376,5.0,54.7,-9.031190263141534,2025Q1,1.9072186713494343,other,79
0001193125-25-262739,0001058811,0002022157,Irrevocable Larson Family Investment Trust,87394,2025-11-03,2025-11-03,2025-11-03,same-day,1,0,0.0,0.0035256520828495005,-0.06055122858359859,0.051606844814811065,0,0.0,0.0035256520828495005,0.00520446444002153,12.295332742253319,0.0,7.1,-5.258238475576712,2025Q4,0.6338437800594662,activist_hf,35
0001955621-22-000002,0001075736,0001955621,Dancer Bryan J,87404,2022-11-01,2022-11-29,2022-11-29,same-day,0,28,-0.14865932226495016,-0.015534687966139667,-0.01326564672007325,0.008409500546971267,19,-0.14865932226495016,-0.015534687966139667,0.8983136429982808,10.965640711367195,18.0,9.8,-0.10723600328768658,2022Q4,-0.947787118949507,other,48
0000921895-22-001150,0001403475,0001921018,Devlin Shawn,87476,2022-03-31,2022-04-06,2022-04-06,same-day,0,6,-0.0251563784624881,-0.028059190511790615,-0.036576916663076595,-0.02862959651510493,4,-0.0251563784624881,-0.028059190511790615,0.010047531095335167,13.264480839016684,4.0,4.0,-4.600428336812647,2022Q1,0.02126092027175569,other,60
0001493152-23-025513,0001039280,0001135216,GHAURI NAJEEB,87508,2023-07-24,2023-07-26,2023-07-27,next-day,0,2,0.05860259090642522,0.028059521564447798,0.027066459092178904,0.02654072925363421,3,-0.0015187923108135881,0.015799036186840927,1.8908956010975457,10.115945414687511,3.0,7.26,0.6370505798485027,2023Q3,-0.9971934909806179,other,73
0001628280-23-035010,0001083301,0001877476,Khan Nazar M.,87759,2023-10-20,2023-10-25,2023-10-26,next-day,0,5,0.14452132102671358,-0.05916700065623002,-0.6327272841297641,0.10162312713269048,4,0.14123563856847599,-0.02091248861430079,0.005272485994791919,12.375251716962698,4.0,9.1,-5.24525330188952,2023Q4,1.0913651164415163,other,61
0000902664-23-002313,0000939767,0001727492,Caligan Partners LP,88159,2023-03-09,2023-03-20,2023-03-20,same-day,0,11,0.09763173212019825,0.04666292074177531,0.018105796192257856,0.11199073381298746,7,0.09763173212019825,0.04666292074177531,0.0003878272186905133,15.530765450860288,7.0,0.26,-7.854950630175442,2023Q1,2.0786361907617814,activist_hf,28
0001193805-22-000401,0001102993,0001517137,Starboard Value LP,88174,2022-02-22,2022-02-28,2022-02-28,same-day,0,6,-0.25876912999359675,0.02570583965879744,0.028739130834284532,-0.1337305272904683,4,-0.25876912999359675,0.02570583965879744,0.0007642325519101058,14.547474115136806,4.0,8.5,-7.176638427797282,2022Q1,1.127170390069056,activist_hf,73
0001493152-22-033146,0001044777,0001478982,"Altai Capital Management, L.P.",88203,2022-11-10,2022-11-21,2022-11-21,same-day,0,11,-0.020525863944024305,-0.07332819356461982,0.28041402447031255,-0.029270728308704592,7,-0.020525863944024305,-0.07332819356461982,0.010344044732370918,13.043455009457485,6.0,5.8,-4.571344313046785,2022Q4,0.61059398859733,other,73
0001654954-23-012757,0001101396,0001539281,"Forager Fund, L.P.",88287,2023-09-29,2023-10-10,2023-10-10,same-day,0,11,0.3309367629849086,0.027612674568226955,-0.012241290778484326,0.34926830506233675,7,0.3309367629849086,0.027612674568226955,0.09021690725282876,10.770543921599241,6.0,4.9,-2.4055384276512135,2023Q3,0.023467889695847514,other,51
0000897069-22-000124,0000893847,0001569147,"PL Capital Advisors, LLC",88341,2022-02-15,2022-02-17,2022-02-17,same-day,0,2,0.0067717525835521986,-0.020986528742942906,-0.036363433375335104,-0.004253804592129158,2,0.0067717525835521986,-0.020986528742942906,0.12364446267694103,12.03450596714132,2.0,5.2,-2.0903450682500497,2022Q1,-1.0562617811559722,activist_hf,60
0001654954-24-000245,0000717806,0000901213,ANDERSON CHARLES C,88384,2023-12-26,2024-01-05,2024-01-05,same-day,0,10,-0.020094838801781582,-0.07970662547618408,0.15478959034593065,0.01821809504373791,7,-0.020094838801781582,-0.07970662547618408,1.7997650969902648,11.019305144123496,7.0,2.5,0.5876561547139597,2023Q4,-0.9086633040109509,other,60
0000895345-22-000689,0000836690,0001946479,Harborne Christopher,88534,2022-08-29,2022-09-13,2022-09-13,same-day,0,15,0.3885269264195341,-0.0723348347929764,-0.08730295804660385,0.3063059506087002,10,0.3885269264195341,-0.0723348347929764,0.1488485479883284,11.543820461485103,10.0,11.7,-1.9048259464330406,2022Q3,-0.3346991548857907,other,73
0000919574-23-003607,0001114925,0001829095,Orange River Management L.P.,88542,2023-06-06,2023-06-06,2023-06-06,same-day,0,0,0.0,0.01713269882388059,0.1875354754761415,-0.018793743385439998,0,0.0,0.01713269882388059,0.056193709941013886,11.99672209443044,0.0,5.3,-2.878950451104071,2023Q2,0.17657150770772598,activist_hf,35
0001104659-25-055609,0001114925,0001762999,"Chain of Lakes Investment Fund, LLC",88542,2025-06-02,2025-06-02,2025-06-02,same-day,1,0,0.0,-0.0036123977975786904,0.03997969210860125,0.045094491768150495,0,0.0,-0.0036123977975786904,0.04296706464218786,11.379422643366121,0.0,4.1,-3.147321395323148,2025Q2,-0.01888369607543549,activist_hf,35
0001493152-22-003197,0001760173,0001908341,Siemionow Krzysztof,88564,2022-01-27,2022-02-04,2022-02-04,same-day,0,8,-0.08417467856325161,-0.00398154456648955,0.16003189731162124,-0.0863554439554937,6,-0.08417467856325161,-0.00398154456648955,0.02062824212487434,11.539060938574854,6.0,6.47,-3.8810941651817625,2022Q1,-0.28753317813632184,other,38
0001493152-24-013789,0000354963,0001707921,"ECP ControlCo, LLC",88742,2024-04-01,2024-04-08,2024-04-08,same-day,1,7,-0.07392991782085274,-0.07567334879884377,-0.13863816908747023,-0.07392991782085274,5,-0.07392991782085274,-0.07567334879884377,0.006278739109226925,13.67300637859176,5.0,9.95,-5.07058609744631,2024Q2,0.7431334575269013,activist_hf,48
0000950142-24-002787,0001022652,0001633979,"North Sound Trading, LP",88807,2024-11-06,2024-11-14,2024-11-14,same-day,1,8,-0.5055211756301617,-0.29227214128763546,-0.4331478711797024,-0.09060898447264201,6,-0.5055211756301617,-0.29227214128763546,0.016042836671179027,12.260675028838856,5.0,19.9,-4.132492842355727,2024Q4,0.27057512041019277,activist_hf,36
0001398344-25-016326,0001084765,0001588273,POPLAR POINT CAPITAL MANAGEMENT LLC,88841,2025-08-20,2025-08-21,2025-08-21,same-day,1,1,-0.010789418550808536,0.05118721400952378,-0.15344573677969342,0.03320172906037092,1,-0.010789418550808536,0.05118721400952378,0.020716700552156533,11.966321955902249,1.0,5.6,-3.8768151140316367,2025Q3,0.057751330854449195,activist_hf,73
0001104659-22-053860,0001016169,0001352851,Magnetar Financial LLC,88905,2022-04-20,2022-05-02,2022-05-03,next-day,0,12,0.07005920632903076,-0.03416906177774378,0.43167029248451916,0.06400144957469547,9,0.07166810514536029,0.025624444526560652,0.006519772654280074,13.75977515939296,9.0,7.73,-5.0329157726269615,2022Q2,0.4047308737391194,activist_hf,38
0001137547-23-000062,0001137547,0001981173,GILL JAGROOP,88984,2023-06-01,2023-06-12,2023-06-12,same-day,0,11,0.07416216841453,-0.014750718454874101,0.08431155066571297,0.048346767601671635,7,0.07416216841453,-0.014750718454874101,0.13019307394498683,11.616745334441962,7.0,5.92,-2.038736746129613,2023Q2,-0.0948852415606613,other,60
0000897069-22-000616,0000842518,0001569147,"PL Capital Advisors, LLC",89038,2022-11-14,2022-11-14,2022-11-14,same-day,0,0,0.0,0.01780735693463582,-0.01172164676165827,0.004644849075287881,0,0.0,0.01780735693463582,0.028748098052220422,12.217686097580769,0.0,9.9,-3.549183668632473,2022Q4,0.25376666125608915,activist_hf,60
0001104659-25-031155,0001072627,0001569725,"David Capital Partners, LLC",89063,2025-03-26,2025-04-02,2025-04-02,same-day,1,7,0.04995851515542918,-0.008014536255231876,-0.015339107515497552,0.04995851515542918,5,0.04995851515542918,-0.008014536255231876,0.06361974475702215,12.227422751334215,5.0,9.2,-2.754831404661923,2025Q1,-0.39815727021139197,activist_hf,63
0000921895-22-002603,0001141103,0001633362,"Simcoe Capital Management, LLC",89167,2022-08-22,2022-09-01,2022-09-01,same-day,0,10,0.10312524699904901,-0.008914958843028429,-0.18573325561313903,0.08502286396219344,8,0.10312524699904901,-0.008914958843028429,0.003098170309966074,13.617592721018868,8.0,6.0,-5.776943564332547,2022Q3,1.1770299478283985,activist_hf,73
0001104659-24-130738,0001141103,0001352851,Magnetar Financial LLC,89167,2024-12-13,2024-12-20,2024-12-20,same-day,1,7,0.029331898414657723,0.002261020097191339,0.6700802778291105,0.029331898414657723,5,0.029331898414657723,0.002261020097191339,0.0033998033331558847,13.296550875590293,5.0,6.03,-5.684037692222449,2024Q4,0.7393817041818072,activist_hf,73
0001731122-25-000604,0000105319,0001991451,"Galloway Capital Partners, LLC",89244,2025-04-25,2025-04-25,2025-04-25,same-day,1,0,0.0,1.6998221220471592,-0.8822852406687702,2.4618851862436717,0,0.0,1.6998221220471592,0.044081805281469925,9.252805815294353,0.0,2.87,-3.1217081603148014,2025Q2,-0.027932420619767983,activist_hf,72
0001062993-23-018366,0001162027,0001510281,"Saba Capital Management, L.P.",89282,2023-09-19,2023-09-21,2023-09-21,same-day,0,2,0.00014715683991987032,-0.009264736984219604,-0.019561439876364002,-0.01591980325911471,2,0.00014715683991987032,-0.009264736984219604,0.008746101172930777,12.57080221371411,2.0,5.8,-4.739147258149469,2023Q3,0.8062960682714463,activist_hf,
0001010549-22-000187,0000733590,0001924473,PHILLIPS CLIFTON E,89317,2022-07-27,2022-08-01,2022-08-01,same-day,0,5,-0.019974209783360626,-0.027916446447250887,0.14465922503458523,-0.025023123802500997,3,-0.019974209783360626,-0.027916446447250887,0.17551619109800837,12.875360415665398,3.0,100.0,-1.7400239833629203,2022Q3,-0.39904015594574244,other,67
0001539497-24-000264,0001158463,0000921669,ICAHN CARL C,89353,2024-02-01,2024-02-12,2024-02-12,same-day,0,11,0.06982216046542156,0.2895417562169058,0.022157025390096407,0.03425781352756513,7,0.06982216046542156,0.2895417562169058,0.0003957427759477871,14.44394320189683,7.0,9.91,-7.834746113449894,2024Q1,1.5950330889887296,activist_hf,45
0001665159-24-000001,0001169445,0001665159,Ocho Investments LLC,89387,2024-08-09,2024-08-14,2024-08-14,same-day,1,5,0.22272171976025779,-0.028719014573476944,0.07515329494084849,0.21635999927186364,3,0.22272171976025779,-0.028719014573476944,0.019907235416423464,11.967376527603452,3.0,5.7,-3.9166720245690696,2024Q3,0.3212584817591528,activist_hf,73
0000921895-22-001834,0001130713,0001633362,"Simcoe Capital Management, LLC",89394,2022-05-18,2022-05-31,2022-05-31,same-day,0,13,0.03169079458055116,-0.04238056528711973,0.08744073995837601,-0.08535619751094224,8,0.03169079458055116,-0.04238056528711973,0.0005245667574730882,14.088312467886603,8.0,5.7,-7.552937859918085,2022Q2,1.379945564551243,activist_hf,59
0001013594-23-000799,0001130713,0001834438,JAT Capital Mgmt LP,89394,2023-10-12,2023-10-16,2023-10-16,same-day,0,4,-0.03968131341462067,0.17557498234406865,-0.21211226360900137,0.11682175675441786,2,-0.03968131341462067,0.17557498234406865,0.0006187497516180322,13.581085231067616,2.0,9.1,-7.387809645506858,2023Q4,1.826019684892621,activist_hf,59
0000807249-25-000138,0001156388,0000807249,"GAMCO INVESTORS, INC. ET AL",89413,2025-09-25,2025-10-02,2025-10-02,same-day,1,7,0.019821203646714494,0.001648504633413081,-0.06442857718640896,0.019821203646714494,5,0.019821203646714494,0.001648504633413081,0.07428721942209995,10.354532279699441,5.0,2.5,-2.5998163552158924,2025Q3,-0.3912192987867192,activist_hf,59
0000950170-25-040487,0001077688,0001569866,GLOBAL VALUE INVESTMENT CORP.,89416,2025-03-10,2025-03-17,2025-03-17,same-day,1,7,0.01702891313206685,-0.05794150299597339,0.009166977576362256,0.01702891313206685,5,0.01702891313206685,-0.05794150299597339,0.03720676592063788,11.782171304683457,5.0,5.08,-3.2912646546540834,2025Q1,-0.20111941169021985,activist_hf,25
0001839882-23-033567,0001165002,0001360554,"Hoak Public Equities, LP",89443,2023-12-04,2023-12-13,2023-12-13,same-day,0,9,0.009158398520970373,0.0013104035293150882,0.1245568387125615,0.019571230843818184,7,0.009158398520970373,0.0013104035293150882,0.17661002161726866,11.523004500411894,7.0,6.8,-1.733811244872706,2023Q4,-0.11266247271554296,activist_hf,62
0001104659-25-073420,0001165002,0001911113,Settian Capital LP,89443,2025-07-30,2025-08-04,2025-08-04,same-day,1,5,-0.06176256271550136,0.001589037006567602,0.10547199003418367,-0.034512712957227173,3,-0.06176256271550136,0.001589037006567602,0.06564234626027414,12.036151089962711,3.0,5.0,-2.723534269031692,2025Q3,-0.3477222246663943,activist_hf,62
0001104659-22-026456,0001103021,0001352851,Magnetar Financial LLC,89445,2022-02-14,2022-02-24,2022-02-24,same-day,0,10,0.5274854387470762,-0.0016004693891611271,0.19565786109134536,0.5277532803497104,7,0.5274854387470762,-0.0016004693891611271,0.004953684148166523,12.817817642664705,7.0,,-5.307623706877984,2022Q1,0.3248441022059371,activist_hf,28
0001140361-22-016364,0001056285,0001316729,"Osmium Partners, LLC",89449,2022-04-28,2022-04-28,2022-04-28,same-day,0,0,0.0,0.034089880976502514,-0.2837021441193398,0.04582512348886719,0,0.0,0.034089880976502514,0.008386278979875124,11.451959541166897,0.0,13.6,-4.781158363451457,2022Q2,0.3073041387962253,activist_hf,59
0001140361-24-044419,0001056285,0001130713,"BEYOND, INC.",89449,2024-10-21,2024-10-28,2024-10-28,same-day,1,7,-0.05043078096667755,-0.07395994252537913,0.22988177835676654,-0.05043078096667755,5,-0.05043078096667755,-0.07395994252537913,0.16629688389376565,10.143919592955875,5.0,19.9,-1.7939806308195105,2024Q4,-0.4360173581073757,other,59
0000921895-24-002270,0001171759,0001461945,"JCP Investment Management, LLC",89453,2024-10-02,2024-10-09,2024-10-09,same-day,1,7,0.11415215353604641,0.1572437043325704,0.14988912260222237,0.11415215353604641,5,0.11415215353604641,0.1572437043325704,0.012355153403421996,11.182172203789564,5.0,5.0,-4.3936820233157725,2024Q4,0.34949466157234693,activist_hf,58
0001140361-23-055832,0001169770,0001162870,WARBURG PINCUS LLC,89482,2023-11-30,2023-12-01,2023-12-01,same-day,0,1,-0.028625909874119594,0.060181383672351194,-0.04495263528669495,0.030792261110218017,1,-0.028625909874119594,0.060181383672351194,0.0011298036903803564,13.46616925700842,1.0,7.4,-6.785711386676999,2023Q4,1.6195680609605259,activist_hf,60
0001072613-24-000057,0001176984,0001048703,"Karpus Management, Inc.",89489,2024-01-18,2024-01-19,2024-01-19,same-day,0,1,-0.006344248912375348,-0.00784407558364049,0.014054566778100654,-0.005178906341144486,1,-0.006344248912375348,-0.00784407558364049,0.003248688940283643,13.493329113798707,1.0,15.29,-5.729503767019015,2024Q1,0.8783833168792996,activist_hf,
0001062993-22-023705,0001177162,0001510281,"Saba Capital Management, L.P.",89490,2022-12-09,2022-12-12,2022-12-12,same-day,0,3,0.00025250180237242157,0.016843220439044775,0.09847329119566728,0.027335582389529663,1,0.00025250180237242157,0.016843220439044775,0.030043419463164085,12.02277713459683,1.0,12.43,-3.5051116282326897,2022Q4,0.23838149800189162,activist_hf,
0001062993-23-015642,0001177161,0001510281,"Saba Capital Management, L.P.",89491,2023-08-01,2023-08-02,2023-08-02,same-day,0,1,-0.002138948807349064,-0.009952078901686529,0.0011064646945105625,-0.014325659531188894,1,-0.002138948807349064,-0.009952078901686529,0.016175802836698002,12.306235034305418,1.0,10.01,-4.124238805409733,2023Q3,0.6000199958817951,activist_hf,
0001062993-23-019319,0001178840,0001510281,"Saba Capital Management, L.P.",89511,2023-10-11,2023-10-13,2023-10-13,same-day,0,2,0.0037472480269829115,-0.00987138086120145,-0.03786365948682572,-0.007345089780528779,2,0.0037472480269829115,-0.00987138086120145,0.03547977424823968,10.893859256199498,2.0,10.31,-3.338792484350187,2023Q4,0.43766461827228553,activist_hf,
0001062993-23-019344,0001178841,0001510281,"Saba Capital Management, L.P.",89512,2023-10-12,2023-10-16,2023-10-16,same-day,0,4,-0.0008763945452007515,-0.015566743543820077,-0.051531765729885534,-0.021813208041116066,2,-0.0008763945452007515,-0.015566743543820077,0.08781863609591947,10.688878397763359,2.0,10.44,-2.4324815446464685,2023Q4,0.12690244192437272,activist_hf,
0001062993-23-021192,0001178839,0001510281,"Saba Capital Management, L.P.",89513,2023-11-13,2023-11-20,2023-11-20,same-day,0,7,0.03024253028432875,0.010822141785663974,0.04902477175775449,0.03024253028432875,5,0.03024253028432875,0.010822141785663974,0.00969274908994112,12.0888527512799,5.0,5.25,-4.636377189503486,2023Q4,0.8825894551070116,activist_hf,
0001387131-22-011869,0001084991,0001360554,"Hoak Public Equities, LP",89546,2022-11-18,2022-11-28,2022-11-28,same-day,0,10,0.06687621508171324,0.045535540085718224,0.08425081980561153,0.06687621508171324,5,0.06687621508171324,0.045535540085718224,0.06180962704825641,11.888818326079802,5.0,8.0489,-2.7836961491706664,2022Q4,-0.013458326494386438,activist_hf,13
0001493152-24-008886,0001315399,0002013218,"Alphabeta AI Multi Strategy, LP",89573,2024-02-28,2024-03-05,2024-03-05,same-day,1,6,-0.056184112962861715,-0.012888191628751917,-0.12308907372932835,-0.012712386086612869,4,-0.056184112962861715,-0.012888191628751917,0.06207444560688172,12.201098394430817,4.0,5.17,-2.7794208786486228,2024Q1,-0.12586031960219005,activist_hf,60
0001193805-23-001584,0001185348,0001559771,Engaged Capital LLC,89574,2023-12-04,2023-12-13,2023-12-13,same-day,0,9,0.05183322204064893,0.09904599080094893,0.23967285342558192,0.08033371924693214,7,0.05183322204064893,0.09904599080094893,0.004995529262148322,13.480622433973853,7.0,5.1,-5.2992119141067615,2023Q4,1.1098668193679144,activist_hf,61
0000921895-22-002925,0000934549,0001517137,Starboard Value LP,89611,2022-10-30,2022-11-08,2022-11-08,same-day,0,9,0.036604497558749186,0.011017818719304483,-0.1405926142356811,0.02093269831714399,6,0.036604497558749186,0.011017818719304483,0.018125158466326865,11.878537553394798,6.0,11.5,-4.01045433530986,2022Q4,0.41479221048931675,activist_hf,67
0000897101-25-000584,0001222922,0000769317,SIT INVESTMENT ASSOCIATES INC,89746,2025-10-20,2025-10-20,2025-10-20,same-day,1,0,0.0,-0.003214552390175717,-0.028946255658590422,0.014948075681184808,0,0.0,-0.003214552390175717,0.001414556051353817,13.967677036279337,0.0,5.6,-6.560939541741356,2025Q4,1.1151754378273517,other,
0001072613-23-000537,0001232860,0001048703,"Karpus Management, Inc.",89783,2023-11-07,2023-11-07,2023-11-07,same-day,0,0,0.0,0.02109357277668096,-0.021217184149724694,0.021905799077568438,0,0.0,0.02109357277668096,0.002345862452849508,12.856685324399475,0.0,16.08,-6.0551021609686195,2023Q4,1.3690517060379837,activist_hf,
0000950170-25-006492,0001220754,0002036637,"AI Catalyst Fund, LP",89824,2025-01-10,2025-01-17,2025-01-17,same-day,1,7,-0.3330825940379221,-0.19237047687105907,-0.2863818182654023,-0.3330825940379221,5,-0.3330825940379221,-0.19237047687105907,0.009964243251747173,12.02664336207833,5.0,9.8,-4.608752268818457,2025Q1,0.28280834283825185,activist_hf,47
0001140361-24-016912,0000719135,0001559834,Vizirgianakis Stavros G.,89891,2024-03-25,2024-04-01,2024-04-01,same-day,1,7,0.1032222666509773,0.08207364970887703,-0.19198122244340132,0.12003684773880065,4,0.1032222666509773,0.08207364970887703,0.24973069794460606,11.040666494353054,5.0,5.04,-1.3873721499472356,2024Q1,-0.5997304210089808,other,38
0001014108-24-000028,0001223389,0001427999,"Stephens Group, LLC",89908,2024-05-24,2024-05-29,2024-05-29,same-day,1,5,-0.06397422174731213,-0.05857598025117952,-0.10471449010026737,0.0006429595871763061,2,-0.06397422174731213,-0.05857598025117952,0.13406040998931443,11.424973427516417,2.0,19.42,-2.009464759804619,2024Q2,-0.38561984957404366,activist_hf,57
0001437749-24-001369,0001101680,0002007738,IV Global Fund No. 4,89925,2024-01-03,2024-01-16,2024-01-16,same-day,0,13,0.05303532873350307,0.015820650302920222,0.4544588086581746,0.06741810336124995,8,0.05303532873350307,0.015820650302920222,0.21207714567589828,10.956656071605579,8.0,14.5,-1.5508051758061088,2024Q1,-0.5440958566865014,activist_hf,36
0000921895-23-001387,0001262104,0001491072,Anson Funds Management LP,89935,2023-05-19,2023-05-30,2023-05-30,same-day,0,11,0.0021353587961900344,0.09050234378248131,0.5225546236535327,-0.025577536140013957,6,0.0021353587961900344,0.09050234378248131,0.13379398132337214,10.750235261617851,6.0,9.9,-2.0114541149352427,2023Q2,-0.10369973045993146,activist_hf,28
0001398344-22-006108,0001258602,0001618333,"MAGNOLIA CAPITAL FUND, LP",89964,2022-03-17,2022-03-21,2022-03-21,same-day,0,4,-0.0135216046574228,-0.012647634669601128,-0.0006983272200105951,-0.024275427604162673,2,-0.0135216046574228,-0.012647634669601128,0.001444129228746356,14.65933261330513,2.0,7.01,-6.540248748924156,2022Q1,0.8539825103965317,activist_hf,61
0001193125-25-310146,0001261654,0001409751,"Coliseum Capital Management, LLC",89973,2025-12-01,2025-12-05,2025-12-05,same-day,1,4,0.12451450400816277,-0.016744578165684247,-0.2658989974276028,0.10129520513960942,4,0.12451450400816277,-0.016744578165684247,0.0010676036943044905,14.0361340084903,4.0,7.3,-6.842338680057267,2025Q4,1.2191488798226262,activist_hf,82
0001144879-23-000237,0001144879,0001900445,ZHANG JASON,89986,2023-11-07,2023-11-17,2023-11-17,same-day,0,10,-0.3339183339979193,-0.022204816507801865,-0.176485070122089,-0.3430831352848534,8,-0.3339183339979193,-0.022204816507801865,0.0018317459508458772,13.169359552384638,7.0,6.8,-6.3024856954652675,2023Q4,1.4538762868799067,other,73
0001903596-25-000277,0001040130,0002059711,Silvercape Investments Ltd,90012,2025-05-18,2025-05-20,2025-05-20,same-day,1,2,0.02152971156174391,-0.010662813789280898,-0.11051818073628841,-0.04170094405063795,1,0.02152971156174391,-0.010662813789280898,0.03235987823173724,11.249533192283307,1.0,11.1,-3.4308359497242273,2025Q2,0.0812772209757902,activist_hf,59
0001062993-24-021281,0001268533,0001510281,"Saba Capital Management, L.P.",90056,2024-12-23,2024-12-30,2024-12-30,same-day,1,7,-0.014528459968970005,-0.004308813398616703,-0.05248744705259747,-0.002744582616662052,4,-0.014528459968970005,-0.004308813398616703,0.008820064038595999,13.036848189656052,4.0,10.0,-4.730726148378004,2024Q4,0.4513341313526052,activist_hf,
0001104659-23-044843,0001162461,0001590144,"PURA VIDA INVESTMENTS, LLC",90081,2023-04-12,2023-04-13,2023-04-13,same-day,0,1,-0.27299426070276356,-0.13316553669297743,-0.2526791609643593,-0.04964079639719024,1,-0.27299426070276356,-0.13316553669297743,0.0018713514853239959,13.053653865767183,1.0,6.74,-6.281094389726966,2023Q2,1.2757382180981418,activist_hf,38
0000921895-25-000649,0001130166,0001932843,Lazar David E.,90098,2025-02-06,2025-02-28,2025-02-28,same-day,1,22,0.24778117074304623,0.05592541089291363,0.2978480512407055,-0.06372567244110003,15,0.24778117074304623,0.05592541089291363,0.3284032396962581,8.229044343375012,15.0,15.84,-1.1135130363603856,2025Q1,-1.0010316379846902,other,50
0001062993-24-006600,0001278211,0001510281,"Saba Capital Management, L.P.",90114,2024-03-14,2024-03-18,2024-03-18,same-day,1,4,-0.00314873537294285,0.00010275086072672468,0.004493891736867961,-0.0051650369577547605,2,-0.00314873537294285,0.00010275086072672468,0.014222940235692063,12.252292843496969,2.0,5.02,-4.252899108350982,2024Q1,0.3757293616592742,activist_hf,
0001683168-24-000887,0001174940,0001626644,"Odyssey Health, Inc.",90170,2023-12-28,2024-02-12,2024-02-12,same-day,0,46,-0.15716587860824668,-0.15368960246291236,0.3783676872879473,0.11107559432975,30,-0.15716587860824668,-0.15368960246291236,1.6411206723983365,9.515198094828053,30.0,16.6,0.4953793452960573,2023Q4,-0.877022792057599,other,28
0001104659-23-120991,0001059262,0001352851,Magnetar Financial LLC,90194,2023-11-03,2023-11-24,2023-11-24,same-day,0,21,-0.08469811103340492,-0.008798711536737931,0.38064131750367275,-0.021227213346965555,14,-0.08469811103340492,-0.008798711536737931,0.0036149610453872242,13.79183755039999,13.0,,-5.622674199255963,2023Q4,1.2207778095103217,activist_hf,75
0000904853-25-000003,0001273685,0000904853,Amster Howard,90214,2025-02-20,2025-02-26,2025-02-26,same-day,1,6,0.16793917755211515,0.05291120168711751,-0.01089917648544402,0.19324988701073284,4,0.16793917755211515,0.05291120168711751,0.003696835324477905,13.230297269087979,4.0,5.7,-5.600278143033532,2025Q1,0.6470067494928106,other,67
0001140361-22-035866,0001280058,0001688282,"CLEARLAKE CAPITAL GROUP, L.P.",90276,2022-09-26,2022-10-03,2022-10-03,same-day,0,7,-0.0036370094594774076,0.13335037323988277,-0.11209663263160229,-0.0036370094594774076,5,-0.0036370094594774076,0.13335037323988277,0.0009533228864996272,14.682159599223239,5.0,18.4,-6.955556901095702,2022Q3,1.6371771483668152,activist_hf,73
0000921895-25-001911,0001290900,0001998785,Lakeview Opportunity Fund LLC,90314,2025-06-24,2025-07-01,2025-07-01,same-day,1,7,0.2477841902555073,0.30612234211642997,0.023825236486868958,0.2477841902555073,5,0.2477841902555073,0.30612234211642997,0.10136852606514127,10.737827824801354,5.0,9.0,-2.28899262984209,2025Q2,-0.3221167927453461,activist_hf,37
0001058854-22-000033,0001113809,0001058854,CANNELL CAPITAL LLC,90371,2022-07-21,2022-07-26,2022-07-26,same-day,0,5,-0.048689945982337376,-0.018352737804079255,-0.17323386977098593,-0.04702021668509093,3,-0.048689945982337376,-0.018352737804079255,0.00588055060466021,12.422396636411008,3.0,10.7,-5.136104881207241,2022Q3,0.9268375252255207,activist_hf,59
0001213900-23-010961,0001515156,0001637606,Arq Ltd,90400,2023-02-13,2023-02-14,2023-02-15,next-day,0,1,-0.0037377310622459846,-0.041826415510652734,0.3692565502269911,0.013973758655186054,2,0.0015776403038659965,-0.03153588300584148,0.17080923620330501,11.139254038539878,2.0,14.22,-1.7672079229579665,2023Q1,-0.20888196529604924,corporate,28
0000038777-24-000072,0001080014,0000038777,FRANKLIN RESOURCES INC,90423,2024-04-30,2024-05-08,2024-05-08,same-day,1,8,-0.010674327038055625,-0.01416137472926856,0.05267479175465707,-0.015328681343811613,6,-0.010674327038055625,-0.01416137472926856,0.0010545641738900129,13.76187017447468,6.0,10.2,-6.854627702723139,2024Q2,1.4009782927510093,other,28
0001628280-22-032652,0001299969,0001212710,SCHAR DWIGHT C,90476,2022-12-23,2022-12-28,2022-12-28,same-day,0,5,0.0031870158848526804,0.03762951836710961,-0.019364896981113315,0.06288639745644561,2,0.0031870158848526804,0.03762951836710961,1.3355419416414316,10.495808090551535,2.0,32.0,0.28933715827237316,2022Q4,-1.0862273358645547,other,65
0001420506-25-003392,0001301236,0001460559,ROLLINS CAPITAL PARTNERS LP,90506,2025-11-14,2025-11-14,2025-11-14,same-day,1,0,0.0,0.027006980034736183,1.4897874531358954,0.02072981123600587,0,0.0,0.027006980034736183,1.0565154171551,10.695253297791202,0.0,9.3,0.054976150636787645,2025Q4,-1.329322191425734,activist_hf,67
0000807249-22-000073,0001845290,0000807249,"GAMCO INVESTORS, INC. ET AL",90507,2022-06-13,2022-06-23,2022-06-23,same-day,0,10,-0.000824740944336015,0.005634799710607279,0.010314917026811624,-0.0021239489324946484,7,-0.000824740944336015,0.005634799710607279,0.0010769091563336158,12.736473517802569,7.0,3.19,-6.833660233173602,2022Q2,1.101594786630992,activist_hf,51
0002025175-24-000001,0001086745,0002025175,Rea Natale,90640,2024-06-03,2024-06-10,2024-06-10,same-day,1,7,-0.2643142542019004,0.018663761237954234,-0.08023716640435197,-0.2643142542019004,5,-0.2643142542019004,0.018663761237954234,0.5773231311148437,8.706490361946617,5.0,8.3,-0.5493531499631443,2024Q2,-0.924019222404773,other,48
0001641172-25-021514,0001086745,0002076786,Diveroli Investment Group LLC,90640,2025-07-29,2025-07-30,2025-07-30,same-day,1,1,-0.058337417864387626,-0.017992157558368638,0.1429840034565736,0.08838790709496296,1,-0.058337417864387626,-0.017992157558368638,1.3313656042830926,8.347234893605682,1.0,9.9407,0.28620518560341707,2025Q3,-1.4058944497173709,other,48
0001999371-24-001967,0001303942,0001656345,Strategic Value Investors LP,90718,2024-02-07,2024-02-12,2024-02-12,same-day,1,5,-0.0014399630008095042,-0.026285851209505433,-0.07959752073689481,-0.012762235870510777,3,-0.0014399630008095042,-0.026285851209505433,0.2078945476711188,11.769276068184304,3.0,5.2,-1.5707243101902144,2024Q1,-0.53731514417557,activist_hf,60
0000902664-24-006230,0001031316,0002043653,Converium Capital Inc.,90755,2024-10-29,2024-11-05,2024-11-05,same-day,1,7,0.12524794859319457,-0.028605391068520905,0.08593075201356583,0.12524794859319457,5,0.12524794859319457,-0.028605391068520905,0.043237152670929084,12.113287834296694,5.0,3.6,-3.14105513780277,2024Q4,-0.028992451441673672,activist_hf,67
0001193125-22-042152,0000928054,0001911179,"ProFrac Holdings, LLC",90783,2022-02-02,2022-02-14,2022-02-14,same-day,0,12,0.00785245832291628,-0.04418216020115721,0.48226601791796425,-0.026368279697927644,8,0.00785245832291628,-0.04418216020115721,0.09692036485600207,10.970421678036404,8.0,18.7,-2.333865618534067,2022Q1,-0.9517238463067176,activist_hf,28
0000921895-23-001235,0001334978,0001560207,"Legion Partners Asset Management, LLC",90989,2023-05-09,2023-05-16,2023-05-16,same-day,0,7,-0.11063552497372112,0.13264279178468585,0.19982435957810032,-0.11063552497372112,5,-0.11063552497372112,0.13264279178468585,0.012451450411271376,13.353823418649544,5.0,5.1,-4.385918163959591,2023Q2,0.6634435429557246,activist_hf,73
0001104659-25-122173,0001335258,0002078416,"Liberty Live Holdings, Inc.",91041,2025-12-15,2025-12-17,2025-12-17,same-day,1,2,-0.0289179816198298,-0.011245373056232801,-0.04214488148642259,-0.009750541748801958,2,-0.0289179816198298,-0.011245373056232801,2.925622724603015e-05,17.29037051067523,2.0,29.7,-10.439418109645647,2025Q4,2.548224482765067,other,79
0000921895-25-000609,0002013745,0001751492,"Wasserstein Debt Opportunities Management, L.P.",91076,2025-02-21,2025-02-25,2025-02-25,same-day,1,4,-0.012039342505935195,0.042117884122436076,-0.26352927439507323,0.0054739119116864535,2,-0.012039342505935195,0.042117884122436076,0.0016008513079258176,14.169114842249467,2.0,7.0,-6.437219723780465,2025Q1,0.9544246375154309,activist_hf,29
0000902664-22-003257,0001008848,0001595082,DAVIDSON KEMPNER CAPITAL MANAGEMENT LP,91086,2022-06-02,2022-06-10,2022-06-10,same-day,0,8,-0.06758827991036805,0.1151099868070847,-0.8775327996974155,-0.1005852722570412,6,-0.06758827991036805,0.1151099868070847,0.3356802085801211,8.626965560520464,6.0,9.9,-1.0915963324084508,2022Q2,-1.1205067972593075,activist_hf,28
0000921895-25-002050,0002059653,0001113303,STILWELL JOSEPH,91176,2025-07-23,2025-07-30,2025-07-30,same-day,1,7,-0.0206433362842592,0.017816607864788288,-0.03993603217343634,-0.0206433362842592,5,-0.0206433362842592,0.017816607864788288,1.410698325456723,11.42672325142863,5.0,9.4,0.34408484806757533,2025Q3,-1.426243935823411,activist_hf,60
0001140361-24-040313,0001124105,0001959160,Luo Ying,91184,2024-09-06,2024-09-06,2024-09-06,same-day,1,0,0.0,0.05290278905966515,-0.013994955407090393,0.13677827352652105,0,0.0,0.05290278905966515,0.07349579667203258,13.980038009530471,0.0,8.54,-2.610527062534261,2024Q3,-0.020730327240313044,other,28
0001213900-25-124070,0001117171,0002102200,Gimli Group Ltd,91269,2025-12-03,2025-12-19,2025-12-19,same-day,1,16,0.012898982688934246,0.02188806910226559,-0.12253375779750204,0.004174156731594585,12,0.012898982688934246,0.02188806910226559,0.1566742994441033,11.287045673563137,12.0,11.7,-1.8535861542769376,2025Q4,-0.6241324268375513,corporate,36
0001437749-23-007913,0001037643,0001957368,"NexPoint Real Estate Opportunities, LLC",91279,2023-03-16,2023-03-27,2023-03-28,next-day,0,11,0.06747090046965423,0.15709912549022043,-0.15048151477848107,0.020828155436865753,8,-0.07419754918987301,0.1346373046414459,0.05633505779225051,11.462262498200268,8.0,11.69,-2.876438241498947,2023Q1,0.20792022476760832,other,28
0000902664-23-006050,0001239819,0002005699,White Hat Capital Partners LP,91359,2023-12-21,2023-12-27,2023-12-27,same-day,0,6,0.09399263328367859,-0.0385682079398609,0.04063257183631024,0.03663187045370012,3,0.09399263328367859,-0.0385682079398609,0.024182087488716537,12.300085302097001,3.0,9.99,-3.7221431063093857,2023Q4,0.5691105364064213,activist_hf,87
0001845025-22-000002,0001156041,0001845025,Kling Tyler Hayden,91379,2022-06-07,2022-06-16,2022-06-17,next-day,0,9,-0.45737750012007405,-0.20218524095993493,-0.44194953813247156,-0.2064555802422827,8,-0.27325801548054585,-0.24643686015514296,0.020329058205989403,10.659401059824368,8.0,5.0,-3.895703977747476,2022Q2,-0.03535481222541729,other,13
0001641172-25-018471,0001156041,0002075327,Abundia Financial LLC,91379,2025-07-01,2025-07-09,2025-07-09,same-day,1,8,-0.042679875766113984,0.170788859436814,1.782651726030217,-0.042679875766113984,5,-0.042679875766113984,0.170788859436814,0.18308919307943283,9.873467939137429,5.0,94.0,-1.6977818510018496,2025Q3,-0.7083589956887054,activist_hf,13
0001140361-25-030628,0001359841,0000060086,LOEWS CORP,91416,2025-08-12,2025-08-12,2025-08-12,same-day,1,0,0.0,0.30808419875113036,-0.0010563119487566816,0.3272515701132111,0,0.0,0.30808419875113036,0.0007991143204794412,14.20395076133045,0.0,9.0,-7.132006542984275,2025Q3,1.2022202157065727,corporate,56
0001079973-23-000482,0001350102,0001970358,ARION AGROPHOTOVOLTAIC PRIVATE LTD,91428,2023-04-06,2023-04-17,2023-04-17,same-day,0,11,0.1307081016444918,0.10576032320479156,-0.006177830126811404,0.12333966622385653,6,0.1307081016444918,0.10576032320479156,0.3929232907789675,9.53763058252251,7.0,13.54,-0.9341408750222892,2023Q2,-0.4517587401132609,corporate,36
0001157523-23-000269,0001358356,0001378490,Hogan W Glenn,91472,2022-12-31,2023-02-14,2023-02-15,next-day,0,45,-0.0002821751448854387,-0.011911870202563285,-0.0506152940132959,0.015518642102478893,30,0.004328908625258502,-0.016540763040644293,0.9337142281897174,12.015584432189822,30.0,7.4,-0.06858485310593325,2022Q4,-0.9612798969129184,other,60
0001213900-25-043211,0001107421,0002068010,PMGC CAPITAL LLC,91488,2025-05-12,2025-05-14,2025-05-14,same-day,1,2,0.006608033105460464,-0.020736764673896936,0.9400388341717444,-0.01761286561286886,2,0.006608033105460464,-0.020736764673896936,2.1893925053952654,8.467162257810672,2.0,5.09295,0.7836241105506739,2025Q2,-1.4076205373937205,activist_hf,28
0000908834-23-000122,0001121702,0001021412,SCHULER JACK W,91615,2023-08-15,2023-10-11,2023-10-11,same-day,0,57,-0.21318435135439784,0.11587755701860847,-0.5066428096864705,0.08420937365539063,40,-0.21318435135439784,0.11587755701860847,0.732076124109531,8.947235133054914,39.0,21.8,-0.3118707757427462,2023Q3,-0.6788700570354443,other,01
0001104659-25-080130,0001325670,0001703298,"PATRIOT FINANCIAL PARTNERS III, L.P.",91622,2025-08-12,2025-08-19,2025-08-19,same-day,1,7,-0.02135103723341976,-0.0177002261023092,0.009457638049304126,-0.02135103723341976,5,-0.02135103723341976,-0.0177002261023092,0.021046653685512496,12.514678591446646,5.0,5.35,-3.861013701300169,2025Q3,0.05219582802072191,activist_hf,60
0001654954-23-007663,0001370450,0001539281,"Forager Fund, L.P.",91625,2023-06-06,2023-06-06,2023-06-06,same-day,0,0,0.0,0.11398896490819567,0.08150358660865628,0.01408466489708592,0,0.0,0.11398896490819567,0.04802973342748127,12.322640454208376,0.0,14.2,-3.035935013446118,2023Q2,0.22729017454973843,other,87
0000807249-24-000045,0000809248,0000807249,"GAMCO INVESTORS, INC. ET AL",91678,2024-04-15,2024-04-19,2024-04-19,same-day,1,4,-0.0018579376847241906,-0.01011826528581889,-0.08806954820893846,-0.0007106265128117742,4,-0.0018579376847241906,-0.01011826528581889,0.0014370787481788163,13.163945454188859,4.0,3.27,-6.545142872983941,2024Q2,1.2868593191676818,activist_hf,58
0000807249-23-000052,0001378453,0000807249,"GAMCO INVESTORS, INC. ET AL",91727,2023-04-25,2023-05-05,2023-05-05,same-day,0,10,-0.024795429075006495,-0.023622251489653103,-0.13010262071970466,-0.031597589457395825,8,-0.024795429075006495,-0.023622251489653103,0.0024369783689145,14.094317361476687,8.0,2.57,-6.016996380490689,2023Q2,1.190413274395026,activist_hf,55
0001104659-25-046333,0001368622,0002066762,"Altitude V Holdings, LLC",91733,2025-05-01,2025-05-08,2025-05-08,same-day,1,7,0.046621144188433765,0.03493131230229604,0.24426306845333629,0.046621144188433765,5,0.046621144188433765,0.03493131230229604,0.0003906701129140408,15.255649007304218,5.0,14.7,-7.847647055082012,2025Q2,1.6416621955292836,activist_hf,37
0001104659-25-060187,0001138723,0000850401,TCW GROUP INC,91814,2025-06-06,2025-06-17,2025-06-17,same-day,1,11,-0.21899250531885098,0.006096679728027777,-0.07496918707980263,-0.20509399808225076,7,-0.21899250531885098,0.006096679728027777,0.02750904941782085,11.967878208244084,7.0,10.3,-3.593240258702243,2025Q2,0.1386519280862295,other,38
0001104659-23-072412,0001157601,0001263508,BAKER BROS. ADVISORS LP,91832,2023-06-15,2023-06-20,2023-06-21,next-day,0,5,-0.09819233933234718,-0.05776704194069336,-0.6007955809486802,-0.14303525331155054,3,-0.08526821137085717,-0.11331683169069728,0.00025014484505541323,15.395782893853472,3.0,8.4,-8.293470427656294,2023Q2,1.9258978790602281,other,28
0001104659-23-079128,0001378140,0000090045,"Paragon Technologies, Inc.",91964,2023-07-07,2023-07-07,2023-07-07,same-day,0,0,0.0,0.011093851492397281,0.13178817490171302,-0.005901530528618302,0,0.0,0.011093851492397281,0.3362258574937072,10.426095491413253,0.0,3.9,-1.0899721499189998,2023Q3,-0.4178495837097962,other,49
0000902664-24-005842,0000842633,0002040467,Trend International Holding AG,92029,2024-10-07,2024-10-15,2024-10-15,same-day,1,8,0.07321417414032559,0.08115315527620343,0.03757296397977649,0.05532753217459395,6,0.07321417414032559,0.08115315527620343,0.0022038157667891825,13.841020660708741,5.0,10.3,-6.117564981571373,2024Q4,0.8703740164626256,corporate,34
0001437749-22-021511,0001378590,0001651542,Kahn Roger E.,92091,2022-08-16,2022-08-30,2022-08-30,same-day,0,14,0.33531301925029616,0.0053607809492553435,0.001988688897552441,0.16383654961283048,10,0.33531301925029616,0.0053607809492553435,0.389282866760212,9.494270414358235,10.0,7.0,-0.9434490357112683,2022Q3,-0.7100342035674867,other,73
0001085146-25-005770,0001393726,0001499674,Inayatullah Arif,92111,2025-09-26,2025-09-30,2025-09-30,same-day,1,4,-0.038286977901775376,-0.023389566296394954,0.01821375820467172,-0.12989538775448303,2,-0.038286977901775376,-0.023389566296394954,0.005610102367185404,13.692919105378087,2.0,8.97,-5.183186312343886,2025Q3,0.5170488011160991,other,63
0000914121-22-004079,0000937556,0001885245,Politan Capital Management LP,92220,2022-08-10,2022-08-16,2022-08-16,same-day,0,6,0.03350895988452772,0.08694612125504125,0.0579304523983461,0.09408134891666373,4,0.03350895988452772,0.08694612125504125,0.0002438709890008967,15.884828882346941,4.0,8.4,-8.318871206102857,2022Q3,2.1694342010706755,activist_hf,38
0001415889-25-008727,0000816761,0001734341,Lynrock Lake LP,92293,2025-03-14,2025-03-21,2025-03-21,same-day,1,7,0.028108360726002167,0.034068878350839354,-0.19901709852991067,0.028108360726002167,5,0.028108360726002167,0.034068878350839354,0.00048133512789082163,14.595078524482627,5.0,9.9,-7.638946798881531,2025Q1,1.3958322672779158,other,73
0001398344-25-011237,0001389545,0001588273,POPLAR POINT CAPITAL MANAGEMENT LLC,92345,2025-06-03,2025-06-04,2025-06-04,same-day,1,1,0.00455743608573816,0.06725837988662259,-0.07944702483031328,0.07352837326137115,1,0.00455743608573816,0.06725837988662259,1.194035484454866,8.093003874309794,1.0,17.54,0.17733873350273496,2025Q2,-1.1934301248833195,activist_hf,61
0000807249-22-000094,0001399249,0000807249,"GAMCO INVESTORS, INC. ET AL",92354,2022-07-28,2022-08-08,2022-08-08,same-day,0,11,-0.021752053455666897,0.01661196812868209,0.05698791364638302,-0.027720069626091023,7,-0.021752053455666897,0.01661196812868209,0.065913672137768,11.660220699840504,7.0,1.78,-2.719409391044253,2022Q3,-0.01667433711800015,activist_hf,62
0001785675-23-000004,0001396033,0001785675,F9 Investments LLC,92400,2023-05-16,2023-05-25,2023-05-26,next-day,0,9,0.21847716442535034,0.07572500427931568,0.03104264459846362,0.10253450532751335,8,0.11186882927745943,0.10406539570825926,0.012077946027159909,11.47779660874019,8.0,9.4018,-4.4163741317966005,2023Q2,0.6732832753665503,other,52
0001140361-23-048215,0001403256,0001556593,Rithm Capital Corp.,92405,2023-10-12,2023-10-13,2023-10-13,same-day,0,1,0.03331602496991611,0.02505911728933548,0.0951314657406334,0.028257926058183655,1,0.03331602496991611,0.02505911728933548,0.012115067793810943,12.631220373733942,1.0,12.8,-4.413305328872025,2023Q4,0.8061010294961795,activist_hf,62
0000921895-23-000806,0001201792,0001873893,325 CAPITAL LLC,92428,2023-03-23,2023-03-31,2023-03-31,same-day,0,8,0.14144698351156162,0.12012505336893017,-0.8547199179877095,0.11092506305725941,6,0.14144698351156162,0.12012505336893017,0.016864374956710674,11.257467506971532,6.0,6.1,-4.082551872720059,2023Q1,0.6611270967361171,activist_hf,82
0001140361-22-024908,0001410172,0001133062,JANEL CORP,92448,2022-07-01,2022-07-05,2022-07-05,same-day,0,4,-0.010303367487686513,0.6367778156284357,-0.006703121023428953,0.6468758555738396,1,-0.010303367487686513,0.6367778156284357,2.174949098022746,10.005382821154507,1.0,27.6,0.7770052610588553,2022Q3,-1.3817237251600538,corporate,36
0000902664-22-002243,0001140215,0001666231,"Union Square Park Capital Management, LLC",92449,2022-03-10,2022-03-22,2022-03-22,same-day,0,12,0.0387774923065171,0.08144298775021869,0.17438859312967714,-0.059599600589902546,8,0.0387774923065171,0.08144298775021869,0.21292223992407427,10.213784104144247,8.0,19.86,-1.5468282507062656,2022Q1,-1.2895814151482559,activist_hf,20
0000921895-22-002735,0001409375,0001688522,"Philotimo Fund, LP",92466,2022-09-20,2022-09-30,2022-09-30,same-day,0,10,0.10840672728824204,0.045178582801668435,0.14379291001901925,0.08322185129929263,8,0.10840672728824204,0.045178582801668435,0.1462917681735082,10.844470897000654,8.0,5.3,-1.9221522392957002,2022Q3,-0.327934726800871,other,36
0001213900-23-000847,0001158780,0001402539,YANAY YAKY,92468,2022-12-20,2023-01-04,2023-01-04,same-day,0,15,0.09107250414148339,0.07163527943755904,0.2961957957119217,-0.0015424316190994283,9,0.09107250414148339,0.07163527943755904,0.9755380221101493,10.309834937989814,9.0,23.0,-0.024766142630735646,2022Q4,-0.9765766249094884,other,28
0001213900-25-013082,0001158780,0002055515,Chutzpah Holdings Ltd,92468,2025-02-05,2025-02-12,2025-02-12,same-day,1,7,0.014259680205276116,0.040384393105656155,0.024265922503330158,0.014259680205276116,5,0.014259680205276116,0.040384393105656155,0.7148637734675326,10.096724321070589,5.0,19.91,-0.3356632810594669,2025Q1,-1.2867444457533188,corporate,28
0001214659-23-015271,0001460329,0001569866,GLOBAL VALUE INVESTMENT CORP.,92486,2023-11-06,2023-11-16,2023-11-16,same-day,0,10,-0.06817253914343699,-0.07421396268601044,0.2569505672070899,0.01551961643899281,8,-0.06817253914343699,-0.07421396268601044,0.615050162369201,10.59122211125119,7.0,5.1,-0.48605144967387987,2023Q4,-0.5405029991050562,activist_hf,73
0001104659-22-115972,0001408100,0000915191,FAIRFAX FINANCIAL HOLDINGS LTD/ CAN,92502,2022-11-02,2022-11-08,2022-11-08,same-day,0,6,-0.011954829784529188,-0.022624134275541715,0.023792740718049744,-0.031636350600471944,4,-0.011954829784529188,-0.022624134275541715,0.0018380770143694037,14.616650996971343,4.0,,-6.299035354746165,2022Q4,1.2137157975320065,other,65
0001104659-25-050163,0001342958,0000800177,DANSKE BANK A/S,92521,2025-05-14,2025-05-19,2025-05-19,same-day,1,5,0.05346394523488656,-0.06750591514316731,-0.11329485012209375,-0.01513100595487197,3,0.05346394523488656,-0.06750591514316731,0.1493700778696008,5.85208753063934,3.0,6.05,-1.9013283083398549,2025Q2,-0.459072068398585,other,36
0000919574-23-005372,0001413898,0001760739,10000 DAYS CAPITAL MANAGEMENT LLC,92528,2023-09-27,2023-09-27,2023-09-27,same-day,0,0,0.0,-0.028145634228467855,0.11988228473136096,-0.046402489170456016,0,0.0,-0.028145634228467855,0.20415162601326836,10.002385832856286,0.0,5.53,-1.5888922964514631,2023Q3,-0.25048273779274177,activist_hf,27
0000905148-25-002509,0001413898,0001688152,"MNG Enterprises, Inc.",92528,2025-07-15,2025-07-22,2025-07-22,same-day,1,7,0.004436409656250233,0.1694283698623824,0.01769365733814666,0.004436409656250233,5,0.004436409656250233,0.1694283698623824,0.32610004633884027,9.942910649054669,5.0,9.9,-1.120551054086781,2025Q3,-0.9113033388606362,other,27
0001539497-22-000021,0000026780,0000921669,ICAHN CARL C,92570,2021-12-28,2022-01-07,2022-01-07,same-day,0,10,0.11561750902593021,0.043873783792420046,-0.0020086152269035065,0.016288038608063767,8,0.11561750902593021,0.043873783792420046,0.001062335612200769,14.97702975616538,7.0,9.91,-6.847285387064444,2021Q4,0.923715870020848,activist_hf,37
0001013594-25-001192,0001273441,0000938552,Equinox Partners Investment Management LLC,92619,2025-09-30,2025-10-06,2025-10-06,same-day,1,6,0.04038506293717457,0.13247513028891267,0.2528086102280791,0.08872146113646098,4,0.04038506293717457,0.13247513028891267,0.01886124703266941,12.003940121005257,4.0,14.4,-3.9706458834606,2025Q3,0.0907406030361267,activist_hf,13
0001398344-24-023420,0001421461,0001705447,"GATE CITY CAPITAL MANAGEMENT, LLC",92621,2024-12-18,2024-12-19,2024-12-19,same-day,1,1,0.0011045010127263555,-0.03261062752102272,-0.22010893902694065,-0.05176499095649942,1,0.0011045010127263555,-0.03261062752102272,0.010879720332432518,12.705639688657305,1.0,6.37,-4.520854742624371,2024Q4,0.38792049766282904,other,14
0000919574-24-004221,0001423221,0001690451,Teleios Capital Partners GmbH,92635,2024-08-01,2024-08-02,2024-08-02,same-day,1,1,-0.024005796008670893,-0.062231964331335564,0.20733549874961577,-0.08668169611148682,1,-0.024005796008670893,-0.062231964331335564,0.0021441269835984623,13.936098465176945,1.0,9.8,-6.1450228101028,2024Q3,0.904709058324938,activist_hf,33
0000950170-25-017180,0001414932,0001403530,"Oaktree Capital I, L.P.",92694,2025-02-03,2025-02-10,2025-02-10,same-day,1,7,-0.025500615929976694,0.00851232567393002,0.05945446479653568,-0.025500615929976694,5,-0.025500615929976694,0.00851232567393002,0.0007496840136789717,14.084405718855955,5.0,8.56,-7.195858755306763,2025Q1,1.2330811342271883,activist_hf,
0000950170-25-004293,0001433660,0002049563,Eyrir Invest hf.,92729,2025-01-03,2025-01-10,2025-01-10,same-day,1,7,-0.03841810327652343,0.00228064746120732,0.04709303171078774,-0.02821893726204809,4,-0.03841810327652343,0.00228064746120732,0.0004467348551443251,15.22356747250895,5.0,6.6,-7.71354530456802,2025Q1,1.4232331224813541,other,35
0000921895-22-003096,0000707605,0001756372,Driver Management Co LLC,92807,2022-11-08,2022-11-18,2022-11-18,same-day,0,10,0.02684291568802574,0.015048728293113062,0.05681800969172819,0.004583384302621443,8,0.02684291568802574,0.015048728293113062,0.6237885832417681,11.131501781866058,7.0,7.0,-0.4719437769288376,2022Q4,-0.8204708298318468,activist_hf,60
0001437749-24-012669,0000707605,0001988062,"SB Value Partners, L.P.",92807,2024-04-18,2024-04-22,2024-04-22,same-day,1,4,0.0726632980522165,-0.025970097402529223,-0.01858345973147827,0.07430685531751834,2,0.0726632980522165,-0.025970097402529223,1.3229006836794783,10.620871876122271,2.0,7.7,0.2798268132896607,2024Q2,-1.2297698028193664,activist_hf,60
0001239944-25-000013,0000707605,0001082769,BAIRD BRENT D,92807,2025-09-23,2025-09-23,2025-09-23,same-day,1,0,0.0,0.009010320759914061,-0.004954680281996809,0.038968980793459146,0,0.0,0.009010320759914061,0.5595568303855871,10.814206591315925,0.0,5.1,-0.5806101828663478,2025Q3,-1.1011371904969922,other,60
0000950170-25-042835,0001438231,0001665159,Ocho Investments LLC,92808,2025-03-18,2025-03-20,2025-03-20,same-day,1,2,-0.03321302152001236,0.004768528128196682,-0.5846179494195937,-0.018525188449683858,2,-0.03321302152001236,0.004768528128196682,0.005521485968665394,12.67536452153966,2.0,5.1,-5.199108257698212,2025Q1,0.4996526190193345,activist_hf,73
0001140361-22-032039,0000898770,0001938041,"Raven Buyer, Inc.",92935,2022-08-22,2022-09-01,2022-09-01,same-day,0,10,-0.0005117754747647205,,1.6586958052703709,-0.0005117754747647205,8,-0.0005117754747647205,,0.033870867666976334,12.040192780292374,8.0,100.0,-3.385199994914111,2022Q3,0.24325966579839584,other,49
0000950157-25-000967,0001320414,0000918697,ORTENZIO ROBERT A,93035,2025-11-24,2025-11-24,2025-11-24,same-day,1,0,0.0,0.1647669906122388,0.00921741105522956,0.10521636037653104,0,0.0,0.1647669906122388,0.0011101841127912518,14.276013195388936,0.0,11.3,-6.803229410032861,2025Q4,1.2046984964892022,other,80
0001213900-25-090447,0001066923,0001513689,Huang Shanchun,93069,2025-09-16,2025-09-23,2025-09-23,same-day,1,7,-0.14414912579991365,0.03256173223744162,0.1733282939210611,-0.14414912579991365,5,-0.14414912579991365,0.03256173223744162,0.5263072311237912,9.14705120340591,5.0,48.107,-0.6418701471694008,2025Q3,-1.0795992488544774,other,73
0000902664-22-003090,0001267602,0001727492,Caligan Partners LP,93339,2022-05-19,2022-05-25,2022-05-25,same-day,0,6,0.3462543612711552,0.05590611553352835,-0.15663208389395916,0.36134727615317946,4,0.3462543612711552,0.05590611553352835,0.6332912445692978,10.328856916763016,4.0,5.9,-0.456824860647223,2022Q2,-1.3661548285570855,activist_hf,28
0001213900-25-021217,0001856084,0002057625,Kong Lingtao,93347,2025-02-28,2025-03-06,2025-03-06,same-day,1,6,-0.20841361128879315,-0.4285038561730107,-0.24377142170651567,-0.35342799829791266,4,-0.20841361128879315,-0.4285038561730107,2.9580761500409967,9.125056955747535,4.0,38.0,1.084539107716877,2025Q1,-1.8084004716525959,other,59
0001193125-22-187216,0001910851,0001844960,"New Mountain Investments V, L.L.C.",93369,2022-06-21,2022-07-01,2022-07-01,same-day,0,10,0.023538380937625218,0.017771822311930734,0.0896462914785266,0.03800922298150267,8,0.023538380937625218,0.017771822311930734,0.0008562802491947901,15.542210570391333,8.0,32.7,-7.06291284148508,2022Q2,1.1903124659957296,activist_hf,87
0001062993-22-020650,0001488775,0001510281,"Saba Capital Management, L.P.",93415,2022-10-06,2022-10-07,2022-10-07,same-day,0,1,-0.005882353444464229,-0.012345329478522073,-0.10680133371724504,0.003474338501416139,1,-0.005882353444464229,-0.012345329478522073,0.013205443278795333,12.907838082006469,1.0,5.07,-4.327126164785084,2022Q4,0.5253395722698632,activist_hf,
