permno,permco,hdrcusip,cusip,ticker,primary_exch,share_type,security_type,us_inc,first_date,last_date,n_days,ever_ns,ever_eqty,ever_us,still_listed
10028,7978,29402E10,29402E10,ELA,A,NS,EQTY,Y,2021-01-04,2025-12-31,1255,True,True,True,True
10032,7980,72913210,72913210,PLXS,Q,NS,EQTY,Y,2021-01-04,2025-12-31,1255,True,True,True,True
10051,7999,41043F20,,,X,,,N,2021-01-04,2022-10-04,442,True,True,True,False
10066,6331,35518410,35518410,FKWL,Q,NS,EQTY,Y,2021-01-04,2025-12-31,1255,True,True,True,True
10104,8045,68389X10,68389X10,ORCL,N,NS,EQTY,Y,2021-01-04,2025-12-31,1255,True,True,True,True
10107,8048,59491810,59491810,MSFT,Q,NS,EQTY,Y,2021-01-04,2025-12-31,1255,True,True,True,True
10138,8087,74144T10,74144T10,TROW,Q,NS,EQTY,Y,2021-01-04,2025-12-31,1255,True,True,True,True
10145,22168,43851610,43851610,HON,Q,NS,EQTY,Y,2021-01-04,2025-12-31,1255,True,True,True,True
10158,53454,02361E10,02361E10,AMRC,N,NS,EQTY,Y,2021-01-04,2025-12-31,1255,True,True,True,True
10200,8135,75991610,75991610,RGEN,Q,NS,EQTY,Y,2021-01-04,2025-12-31,1255,True,True,True,True
10220,53456,05605H10,05605H10,BWXT,N,NS,EQTY,Y,2021-01-04,2025-12-31,1255,True,True,True,True
10232,8158,28966010,,,X,,,N,2021-01-04,2022-05-16,345,True,True,True,False
10239,714,74368L20,,,X,,,N,2021-01-04,2021-06-01,103,True,True,True,False
10252,8179,45383610,45383610,INDB,Q,NS,EQTY,Y,2021-01-04,2025-12-31,1255,True,True,True,True
10253,7922,26253C20,26253C20,DSS,A,NS,EQTY,Y,2021-01-04,2025-12-31,1255,True,True,True,True
10257,8185,23335Q10,23335Q10,DLHC,Q,NS,EQTY,Y,2021-01-04,2025-12-31,1255,True,True,True,True
10258,8186,15117B20,15117B20,CLDX,Q,NS,EQTY,Y,2021-01-04,2025-12-31,1255,True,True,True,True
10294,2089,41959620,41959620,HVT,N,NS,EQTY,Y,2021-01-04,2025-12-31,1258,True,True,True,True
10308,8228,89011010,89011010,TMP,A,NS,EQTY,Y,2021-01-04,2025-12-31,1255,True,True,True,True
10318,8237,05766520,05766520,BCPC,Q,NS,EQTY,Y,2021-01-04,2025-12-31,1255,True,True,True,True
10333,8254,98419J20,98419J20,XOMA,Q,NS,EQTY,Y,2021-01-04,2025-12-31,1255,True,True,True,True
10355,8278,23391210,23391210,DJCO,Q,NS,EQTY,Y,2021-01-04,2025-12-31,1255,True,True,True,True
10382,8299,04622410,04622410,ASTE,Q,NS,EQTY,Y,2021-01-04,2025-12-31,1255,True,True,True,True
10397,8317,95075510,95075510,WERN,Q,NS,EQTY,Y,2021-01-04,2025-12-31,1255,True,True,True,True
10421,8340,83087910,83087910,SKYW,Q,NS,EQTY,Y,2021-01-04,2025-12-31,1255,True,True,True,True
10443,8360,30292L10,30292L10,FRPH,Q,NS,EQTY,Y,2021-01-04,2025-12-31,1255,True,True,True,True
10463,8377,76091110,76091110,REFR,Q,NS,EQTY,Y,2021-01-04,2025-12-31,1255,True,True,True,True
10501,8418,03050610,03050610,AMWD,Q,NS,EQTY,Y,2021-01-04,2025-12-31,1255,True,True,True,True
10514,8431,48583710,,,X,,,N,2021-01-04,2023-06-12,614,True,True,True,False
10516,20207,03948310,03948310,ADM,N,NS,EQTY,Y,2021-01-04,2025-12-31,1255,True,True,True,True
10517,5674,74319R10,74319R10,PRG,N,NS,EQTY,Y,2021-01-04,2025-12-31,1255,True,True,True,True
10547,8458,18482P10,18482P10,CLFD,Q,NS,EQTY,Y,2021-01-04,2025-12-31,1255,True,True,True,True
10550,8461,74265M20,74265M20,PDEX,Q,NS,EQTY,Y,2021-01-04,2025-12-31,1255,True,True,True,True
10606,8508,94274910,94274910,WTS,N,NS,EQTY,Y,2021-01-04,2025-12-31,1255,True,True,True,True
10629,8534,30252010,30252010,FNB,N,NS,EQTY,Y,2021-01-04,2025-12-31,1255,True,True,True,True
10649,8551,69314910,69314910,PAMT,Q,NS,EQTY,Y,2021-01-04,2025-12-31,1255,True,True,True,True
10693,8596,29261A10,29261A10,EHC,N,NS,EQTY,Y,2021-01-04,2025-12-31,1255,True,True,True,True
10696,8598,33773810,33773810,FISV,Q,NS,EQTY,Y,2021-01-04,2025-12-31,1255,True,True,True,True
10777,8674,31946M10,31946M10,FCNCA,Q,NS,EQTY,Y,2021-01-04,2025-12-31,1255,True,True,True,True
10779,65,05587G20,05587G20,BKTI,A,NS,EQTY,Y,2021-01-04,2025-12-31,1255,True,True,True,True
10781,8677,06506610,,,X,,,N,2021-01-04,2023-09-15,681,True,True,True,False
10812,8702,42234710,42234710,HTLD,Q,NS,EQTY,Y,2021-01-04,2025-12-31,1256,True,True,True,True
10866,20342,12950010,12950010,CAL,N,NS,EQTY,Y,2021-01-04,2025-12-31,1255,True,True,True,True
10874,20344,11704310,11704310,BC,N,NS,EQTY,Y,2021-01-04,2025-12-31,1255,True,True,True,True
10890,21814,90921430,90921430,UIS,N,NS,EQTY,Y,2021-01-04,2025-12-31,1255,True,True,True,True
10892,8766,92932810,92932810,WSFS,Q,NS,EQTY,Y,2021-01-04,2025-12-31,1255,True,True,True,True
10901,8778,46180410,46180410,ITIC,Q,NS,EQTY,Y,2021-01-04,2025-12-31,1260,True,True,True,True
10909,8786,15678210,,,X,,,N,2021-01-04,2022-06-08,361,True,True,True,False
10932,8810,94789010,94789010,WBS,N,NS,EQTY,Y,2021-01-04,2025-12-31,1255,True,True,True,True
10933,8811,57053510,57053510,MKL,N,NS,EQTY,Y,2021-01-04,2025-12-31,1255,True,True,True,True
10966,8839,05463X10,05463X10,AXGN,Q,NS,EQTY,Y,2021-01-04,2025-12-31,1255,True,True,True,True
11006,8879,32073410,,,X,,,N,2021-01-04,2025-06-02,1108,True,True,True,False
11018,8889,31867270,31867270,FBP,N,NS,EQTY,Y,2021-01-04,2025-12-31,1255,True,True,True,True
11043,8909,74437530,,,X,,,N,2021-01-04,2024-12-13,994,True,True,True,False
11144,9002,03037110,03037110,AVD,N,NS,EQTY,Y,2021-01-04,2025-12-31,1255,True,True,True,True
11154,9010,71940510,71940510,PLAB,Q,NS,EQTY,Y,2021-01-04,2025-12-31,1255,True,True,True,True
11208,9058,67103X10,67103X10,OFG,N,NS,EQTY,Y,2021-01-04,2025-12-31,1255,True,True,True,True
11267,9117,14920510,14920510,CATO,N,NS,EQTY,Y,2021-01-04,2025-12-31,1255,True,True,True,True
11275,9128,75991010,75991010,KRMD,Q,NS,EQTY,Y,2021-01-04,2025-12-31,1255,True,True,True,True
11285,9141,31891010,31891010,FBNC,Q,NS,EQTY,Y,2021-01-04,2025-12-31,1255,True,True,True,True
11293,9147,95081010,95081010,WSBC,Q,NS,EQTY,Y,2021-01-04,2025-12-31,1255,True,True,True,True
11308,20468,19121610,19121610,KO,N,NS,EQTY,Y,2021-01-04,2025-12-31,1255,True,True,True,True
11343,9188,80001310,,,X,,,N,2021-01-04,2022-07-22,391,True,True,True,False
11348,9193,15643210,,,X,,,N,2021-01-04,2021-11-15,220,True,True,True,False
11368,6977,00920710,00920710,AIRT,Q,NS,EQTY,Y,2021-01-04,2025-12-31,1255,True,True,True,True
11369,9213,90990710,90990710,UBSI,Q,NS,EQTY,Y,2021-01-04,2025-12-31,1255,True,True,True,True
11394,9235,88362L20,,,X,,,N,2021-01-04,2024-06-17,869,True,True,True,False
11397,9239,94061010,94061010,WASH,Q,NS,EQTY,Y,2021-01-04,2025-12-31,1255,True,True,True,True
11403,9245,12738710,12738710,CDNS,Q,NS,EQTY,Y,2021-01-04,2025-12-31,1255,True,True,True,True
11404,20499,20911510,20911510,ED,N,NS,EQTY,Y,2021-01-04,2025-12-31,1255,True,True,True,True
11441,9278,63637520,,,X,,,N,2021-01-04,2021-02-26,38,True,True,True,False
11442,9280,17783510,17783510,CHCO,Q,NS,EQTY,Y,2021-01-04,2025-12-31,1255,True,True,True,True
11481,9312,27871520,,,X,,,N,2021-01-04,2023-12-28,752,True,True,True,False
11499,176,12514110,12514110,CECO,Q,NS,EQTY,Y,2021-01-04,2025-12-31,1255,True,True,True,True
11533,9360,30325010,30325010,FICO,N,NS,EQTY,Y,2021-01-04,2025-12-31,1255,True,True,True,True
11547,9370,20741010,20741010,CNMD,N,NS,EQTY,Y,2021-01-04,2025-12-31,1255,True,True,True,True
11565,9389,44040710,44040710,HBNC,Q,NS,EQTY,Y,2021-01-04,2025-12-31,1255,True,True,True,True
11581,323,29276510,29276510,EPAC,N,NS,EQTY,Y,2021-01-04,2025-12-31,1255,True,True,True,True
11593,9418,81478530,81478530,SNFCA,Q,NS,EQTY,Y,2021-01-04,2025-12-31,1255,True,True,True,True
11600,9424,24906P10,24906P10,XRAY,Q,NS,EQTY,Y,2021-01-04,2025-12-31,1255,True,True,True,True
11618,9440,31190010,31190010,FAST,Q,NS,EQTY,Y,2021-01-04,2025-12-31,1255,True,True,True,True
11644,9465,20576830,20576830,CRK,N,NS,EQTY,Y,2021-01-04,2025-12-31,1255,True,True,True,True
11654,9476,63884230,63884230,NAII,Q,NS,EQTY,Y,2021-01-04,2025-12-31,1255,True,True,True,True
11674,20574,23333110,23333110,DTE,N,NS,EQTY,Y,2021-01-04,2025-12-31,1255,True,True,True,True
11691,157,57686G10,57686G10,MATX,N,NS,EQTY,Y,2021-01-04,2025-12-31,1255,True,True,True,True
11701,9522,45703010,45703010,IMKTA,Q,NS,EQTY,Y,2021-01-04,2025-12-31,1255,True,True,True,True
11731,9550,01234810,01234810,AIN,N,NS,EQTY,Y,2021-01-04,2025-12-31,1255,True,True,True,True
11748,8686,25770130,25770130,DGICB,Q,NS,EQTY,Y,2021-01-04,2025-12-31,1255,True,True,True,True
11775,9576,47916710,47916710,JOUT,Q,NS,EQTY,Y,2021-01-04,2025-12-31,1255,True,True,True,True
11786,9588,78486Q10,,,X,,,N,2021-01-04,2023-03-13,551,True,True,True,False
11790,153,01623010,01623010,ALCO,Q,NS,EQTY,Y,2021-01-04,2025-12-31,1255,True,True,True,True
11803,9604,60671020,60671020,MITK,Q,NS,EQTY,Y,2021-01-04,2025-12-31,1255,True,True,True,True
11809,9616,18449610,18449610,CLH,N,NS,EQTY,Y,2021-01-04,2025-12-31,1255,True,True,True,True
11844,9645,20414910,20414910,CTBI,Q,NS,EQTY,Y,2021-01-04,2025-12-31,1255,True,True,True,True
11850,20678,30231G10,30231G10,XOM,N,NS,EQTY,Y,2021-01-04,2025-12-31,1255,True,True,True,True
11884,9677,45833410,45833410,IPAR,Q,NS,EQTY,Y,2021-01-04,2025-12-31,1255,True,True,True,True
11891,9764,55295310,55295310,MGM,N,NS,EQTY,Y,2021-01-04,2025-12-31,1255,True,True,True,True
11896,9698,57772K10,,,X,,,N,2021-01-04,2021-08-26,164,True,True,True,False
11955,9804,94106L10,94106L10,WM,N,NS,EQTY,Y,2021-01-04,2025-12-31,1255,True,True,True,True
11990,53463,48251W10,48251W10,KKR,N,NS,EQTY,Y,2021-01-04,2025-12-31,1255,True,True,True,True
11992,9882,87230710,,,X,,,N,2021-01-04,2021-06-09,109,True,True,True,False
11995,1035,19109810,19109810,COKE,Q,NS,EQTY,Y,2021-01-04,2025-12-31,1257,True,True,True,True
12008,7062,26747510,26747510,DY,N,NS,EQTY,Y,2021-01-04,2025-12-31,1255,True,True,True,True
12009,53467,74730110,74730110,QUAD,N,NS,EQTY,Y,2021-01-04,2025-12-31,1255,True,True,True,True
12036,20773,36144810,36144810,GATX,N,NS,EQTY,Y,2021-01-04,2025-12-31,1255,True,True,True,True
12049,53483,38068T10,38068T10,GORO,A,NS,EQTY,Y,2021-01-04,2025-12-31,1255,True,True,True,True
12052,20791,36955010,36955010,GD,N,NS,EQTY,Y,2021-01-04,2025-12-31,1255,True,True,True,True
12060,20792,36960430,36960430,GE,N,NS,EQTY,Y,2021-01-04,2025-12-31,1255,True,True,True,True
12062,9848,50492210,50492210,LH,N,NS,EQTY,Y,2021-01-04,2025-12-31,1255,True,True,True,True
12073,9847,71270410,,,X,,,N,2021-01-04,2022-04-04,316,True,True,True,False
12089,53497,75606N10,,,X,,,N,2021-01-04,2021-04-22,76,True,True,True,False
12093,53500,21870Q10,,,X,,,N,2021-01-04,2021-12-28,249,True,True,True,False
12146,10020,15870P30,15870P30,CSBR,Q,NS,EQTY,Y,2021-01-04,2025-12-31,1255,True,True,True,True
12189,10039,43332310,43332310,HIFS,Q,NS,EQTY,Y,2021-01-04,2025-12-31,1257,True,True,True,True
12211,9971,53555510,53555510,LNN,N,NS,EQTY,Y,2021-01-04,2025-12-31,1255,True,True,True,True
12266,9899,05368M10,,,X,,,N,2021-01-04,2025-02-05,1028,True,True,True,False
12307,53510,03236M20,,,X,,,N,2021-01-04,2023-08-21,662,True,True,True,False
12308,17322,16119P10,16119P10,CHTR,Q,NS,EQTY,Y,2021-01-04,2025-12-31,1255,True,True,True,True
12310,53512,16948W20,,,X,,,N,2021-01-04,2024-04-19,829,True,True,True,False
12329,53520,28852N10,28852N10,EFC,N,NS,EQTY,Y,2021-01-04,2025-12-31,1255,True,True,True,True
12360,53544,69404D10,69404D10,PACB,Q,NS,EQTY,Y,2021-01-04,2025-12-31,1255,True,True,True,True
12362,53545,85303B10,,,X,,,N,2021-01-04,2021-06-01,103,True,True,True,False
12366,53550,09950210,09950210,BAH,N,NS,EQTY,Y,2021-01-04,2025-12-31,1255,True,True,True,True
12369,53554,37045V10,37045V10,GM,N,NS,EQTY,Y,2021-01-04,2025-12-31,1255,True,True,True,True
12373,53556,44267T10,44267T10,HHH,N,NS,EQTY,Y,2021-01-04,2025-12-31,1255,True,True,True,True
12374,53557,45772F10,,,X,,,N,2021-01-04,2021-04-21,76,True,True,True,False
12380,53561,70021530,70021530,TRAK,N,NS,EQTY,Y,2021-01-04,2025-12-31,1255,True,True,True,True
12400,53576,50212V10,50212V10,LPLA,Q,NS,EQTY,Y,2021-01-04,2025-12-31,1255,True,True,True,True
12413,53585,98978L20,,,X,,,N,2021-01-04,2022-03-07,297,True,True,True,False
12437,20325,76117W10,,,X,,,N,2021-01-04,2023-03-01,544,True,True,True,False
12448,53609,33616C10,,,X,,,N,2021-01-04,2023-05-01,585,True,True,True,False
12449,53610,21994810,21994810,CPAY,N,NS,EQTY,Y,2021-01-04,2025-12-31,1255,True,True,True,True
12452,53613,45685K10,45685K10,INFU,A,NS,EQTY,Y,2021-01-04,2025-12-31,1255,True,True,True,True
12473,53620,49904910,49904910,KNX,N,NS,EQTY,Y,2021-01-04,2025-12-31,1255,True,True,True,True
12476,53621,87612G10,87612G10,TRGP,N,NS,EQTY,Y,2021-01-04,2025-12-31,1256,True,True,True,True
12477,53622,93148P10,93148P10,WD,N,NS,EQTY,Y,2021-01-04,2025-12-31,1255,True,True,True,True
12480,53624,00086810,00086810,ACNB,Q,NS,EQTY,Y,2021-01-04,2025-12-31,1256,True,True,True,True
12487,53628,43708L10,43708L10,HFBL,Q,NS,EQTY,Y,2021-01-04,2025-12-31,1255,True,True,True,True
12490,20990,45920010,45920010,IBM,N,NS,EQTY,Y,2021-01-04,2025-12-31,1255,True,True,True,True
12493,15632,74727D30,,,X,,,N,2021-01-04,2021-11-05,214,True,True,True,False
12494,53632,76658210,,,X,,,N,2021-01-04,2021-05-03,83,True,True,True,False
12502,53639,67560710,,,X,,,N,2021-01-04,2023-08-01,648,True,True,True,False
12513,53645,02401310,02401310,AAT,N,NS,EQTY,Y,2021-01-04,2025-12-31,1255,True,True,True,True
12515,53647,06652K10,06652K10,BKU,N,NS,EQTY,Y,2021-01-04,2025-12-31,1255,True,True,True,True
12527,53652,45103370,45103370,IBIO,Q,NS,EQTY,Y,2021-01-04,2025-12-31,1255,True,True,True,True
12558,53667,49456B10,49456B10,KMI,N,NS,EQTY,Y,2021-01-04,2025-12-31,1255,True,True,True,True
12559,53668,64051T10,,,X,,,N,2021-01-04,2022-08-03,399,True,True,True,False
12570,20964,45073V10,45073V10,ITT,N,NS,EQTY,Y,2021-01-04,2025-12-31,1255,True,True,True,True
12579,53678,37439640,37439640,GEVO,Q,NS,EQTY,Y,2021-01-04,2025-12-31,1255,True,True,True,True
12588,16549,90333L20,,,X,,,N,2021-01-04,2021-08-26,164,True,True,True,False
12615,53694,36116M10,36116M10,FF,N,NS,EQTY,Y,2021-01-04,2025-12-31,1255,True,True,True,True
12622,53696,40412C10,40412C10,HCA,N,NS,EQTY,Y,2021-01-04,2025-12-31,1255,True,True,True,True
12623,53697,44641310,44641310,HII,N,NS,EQTY,Y,2021-01-04,2025-12-31,1255,True,True,True,True
12640,53704,81763U10,,,X,,,N,2021-01-04,2022-07-21,390,True,True,True,False
12641,53705,00912X30,00912X30,AL,N,NS,EQTY,Y,2021-01-04,2025-12-31,1255,True,True,True,True
12650,21033,48517030,,,X,,,N,2021-01-04,2021-12-14,241,True,True,True,False
12668,53714,74039L10,,,X,,,N,2021-01-04,2022-06-24,372,True,True,True,False
12681,53717,85254J10,85254J10,STAG,N,NS,EQTY,Y,2021-01-04,2025-12-31,1255,True,True,True,True
12781,21080,84857L10,84857L10,SR,N,NS,EQTY,Y,2021-01-04,2025-12-31,1255,True,True,True,True
12783,53763,88362T10,88362T10,THR,N,NS,EQTY,Y,2021-01-04,2025-12-31,1255,True,True,True,True
12788,53769,50068810,50068810,KOS,N,NS,EQTY,Y,2021-01-04,2025-12-31,1255,True,True,True,True
12789,53770,03209T30,,,X,,,N,2021-01-04,2024-04-15,825,True,True,True,False
12798,53779,09739C10,,,X,,,N,2021-01-04,2021-06-02,104,True,True,True,False
12872,53810,56585A10,56585A10,MPC,N,NS,EQTY,Y,2021-01-04,2025-12-31,1255,True,True,True,True
12877,15120,45784J30,45784J30,VATE,N,NS,EQTY,Y,2021-01-04,2025-12-31,1255,True,True,True,True
12880,53816,00164V10,00164V10,AMCX,Q,NS,EQTY,Y,2021-01-04,2025-12-31,1255,True,True,True,True
12905,53836,86722A10,86722A10,SXC,N,NS,EQTY,Y,2021-01-04,2025-12-31,1255,True,True,True,True
12913,53842,16308610,16308610,CHEF,Q,NS,EQTY,Y,2021-01-04,2025-12-31,1255,True,True,True,True
12927,53853,98954M10,98954M10,ZG,Q,NS,EQTY,Y,2021-01-04,2025-12-31,1255,True,True,True,True
12981,53876,34964C10,34964C10,FBIN,N,NS,EQTY,Y,2021-01-04,2025-12-31,1255,True,True,True,True
13003,53881,92339V30,,,X,,,N,2021-01-04,2021-11-01,210,True,True,True,False
13006,53882,30962710,30962710,FMNB,Q,NS,EQTY,Y,2021-01-04,2025-12-31,1255,True,True,True,True
13019,53892,37228420,37228420,GNE,N,NS,EQTY,Y,2021-01-04,2025-12-31,1255,True,True,True,True
13035,53896,98419M10,98419M10,XYL,N,NS,EQTY,Y,2021-01-04,2025-12-31,1255,True,True,True,True
13046,53901,90353W10,90353W10,UI,N,NS,EQTY,Y,2021-01-04,2025-12-31,1255,True,True,True,True
13084,53922,56382Q10,,,X,,,N,2021-01-04,2022-10-21,455,True,True,True,False
13107,53931,18946410,,,X,,,N,2021-01-04,2022-12-21,497,True,True,True,False
13141,53947,98212B10,,,X,,,N,2021-01-04,2021-01-07,4,True,True,True,False
13159,53958,34960Q30,34960Q30,FBIO,Q,NS,EQTY,Y,2021-01-04,2025-12-31,1255,True,True,True,True
13169,53965,98986T10,,,X,,,N,2021-01-04,2022-05-23,351,True,True,True,False
13181,53970,40171V10,40171V10,GWRE,N,NS,EQTY,Y,2021-01-04,2025-12-31,1255,True,True,True,True
13188,53972,73744610,73744610,POST,N,NS,EQTY,Y,2021-01-04,2025-12-31,1255,True,True,True,True
13196,53975,75025X10,75025X10,RLGT,A,NS,EQTY,Y,2021-01-04,2025-12-31,1255,True,True,True,True
13198,53976,47029910,47029910,BOTJ,Q,NS,EQTY,Y,2021-01-04,2025-12-31,1255,True,True,True,True
13201,53977,75972A30,,,X,,,N,2021-01-04,2022-06-13,364,True,True,True,False
13202,53978,92337C20,92337C20,VSTM,Q,NS,EQTY,Y,2021-01-04,2025-12-31,1255,True,True,True,True
13210,53983,29414B10,29414B10,EPAM,N,NS,EQTY,Y,2021-01-04,2025-12-31,1255,True,True,True,True
13244,53987,57648520,57648520,MTDR,N,NS,EQTY,Y,2021-01-04,2025-12-31,1255,True,True,True,True
13249,53988,74371310,74371310,PRLB,N,NS,EQTY,Y,2021-01-04,2025-12-31,1255,True,True,True,True
13253,53989,90346E10,,,X,,,N,2021-01-04,2024-08-01,900,True,True,True,False
13260,53992,10921T10,,,X,,,N,2021-01-04,2025-02-04,1027,True,True,True,False
13262,53994,16383L10,,,X,,,N,2021-01-04,2022-10-20,454,True,True,True,False
13265,53997,68559A20,,,X,,,N,2021-01-04,2023-08-29,668,True,True,True,False
13280,54004,87156110,,,X,,,N,2021-01-04,2021-04-01,62,True,True,True,False
13284,54006,01973R10,01973R10,ALSN,N,NS,EQTY,Y,2021-01-04,2025-12-31,1255,True,True,True,True
13302,54013,75902K10,75902K10,RM,N,NS,EQTY,Y,2021-01-04,2025-12-31,1255,True,True,True,True
13303,21245,62915640,62915640,NL,N,NS,EQTY,Y,2021-01-04,2025-12-31,1255,True,True,True,True
13316,54018,92857F10,,,X,,,N,2021-01-04,2022-02-23,288,True,True,True,False
13318,54020,98581710,98581710,YELP,N,NS,EQTY,Y,2021-01-04,2025-12-31,1255,True,True,True,True
13323,54026,29355A10,29355A10,ENPH,Q,NS,EQTY,Y,2021-01-04,2025-12-31,1255,True,True,True,True
13324,54027,36322520,36322520,GALT,Q,NS,EQTY,Y,2021-01-04,2025-12-31,1255,True,True,True,True
13325,54028,59032820,,,X,,,N,2021-01-04,2024-05-20,850,True,True,True,False
13326,54029,55405Y10,55405Y10,MTSI,Q,NS,EQTY,Y,2021-01-04,2025-12-31,1255,True,True,True,True
13332,54035,04013V10,04013V10,ACRE,N,NS,EQTY,Y,2021-01-04,2025-12-31,1265,True,True,True,True
13337,54037,34984V20,34984V20,FET,N,NS,EQTY,Y,2021-01-04,2025-12-31,1255,True,True,True,True
13343,54041,55345K10,,,X,,,N,2021-01-04,2025-11-06,1218,True,True,True,False
13356,54048,71854610,71854610,PSX,N,NS,EQTY,Y,2021-01-04,2025-12-31,1255,True,True,True,True
13358,54050,76131V20,,,X,,,N,2021-01-04,2021-10-22,204,True,True,True,False
13369,54057,18506410,18506410,CLIR,Q,NS,EQTY,Y,2021-01-04,2025-12-31,1255,True,True,True,True
13375,54061,31660B10,,,X,,,N,2021-01-04,2023-10-30,711,True,True,True,False
13377,54063,74342410,,,X,,,N,2021-01-04,2021-08-31,167,True,True,True,False
13401,54080,95790D20,,,X,,,N,2021-01-04,2023-12-06,738,True,True,True,False
13407,54084,30303M10,30303M10,META,Q,NS,EQTY,Y,2021-01-04,2025-12-31,1255,True,True,True,True
13410,54087,86845910,86845910,SUPN,Q,NS,EQTY,Y,2021-01-04,2025-12-31,1255,True,True,True,True
13411,54088,14147L10,14147L10,CRDF,Q,NS,EQTY,Y,2021-01-04,2025-12-31,1255,True,True,True,True
13412,54089,45166V20,,,X,,,N,2021-01-04,2024-07-11,885,True,True,True,False
13429,54099,01449110,01449110,ALEX,N,NS,EQTY,Y,2021-01-04,2025-12-31,1255,True,True,True,True
13447,54109,81762P10,81762P10,NOW,N,NS,EQTY,Y,2021-01-04,2025-12-31,1255,True,True,True,True
13455,54115,83548R40,,,X,,,N,2021-01-04,2025-12-03,1237,True,True,True,False
13507,261,02772A10,,,X,,,N,2021-01-04,2022-05-25,352,True,True,True,False
13508,54136,63888U10,63888U10,NGVC,N,NS,EQTY,Y,2021-01-04,2025-12-31,1256,True,True,True,True
13511,54139,69743510,69743510,PANW,Q,NS,EQTY,Y,2021-01-04,2025-12-31,1255,True,True,True,True
13521,54142,22228P30,,,X,,,N,2021-01-04,2021-03-01,39,True,True,True,False
13527,54146,33829M10,33829M10,FIVE,Q,NS,EQTY,Y,2021-01-04,2025-12-31,1255,True,True,True,True
13528,54147,30263Y10,30263Y10,FSBW,Q,NS,EQTY,Y,2021-01-04,2025-12-31,1257,True,True,True,True
13532,54149,44249610,,,X,,,N,2021-01-04,2022-01-24,267,True,True,True,False
13543,54157,37957720,37957720,GMED,N,NS,EQTY,Y,2021-01-04,2025-12-31,1255,True,True,True,True
13559,54167,71377E10,,,X,,,N,2021-01-04,2025-10-21,1206,True,True,True,False
13561,54169,83607A10,83607A10,SFBC,Q,NS,EQTY,Y,2021-01-04,2025-12-31,1257,True,True,True,True
13579,54180,63370710,63370710,NBHC,N,NS,EQTY,Y,2021-01-04,2025-12-31,1255,True,True,True,True
13600,54195,74758T30,74758T30,QLYS,Q,NS,EQTY,Y,2021-01-04,2025-12-31,1255,True,True,True,True
13604,54198,08579W10,,,X,,,N,2021-01-04,2025-04-30,1086,True,True,True,False
13621,54207,74587V10,74587V10,PBYI,Q,NS,EQTY,Y,2021-01-04,2025-12-31,1255,True,True,True,True
13625,54209,82569010,82569010,SSTK,N,NS,EQTY,Y,2021-01-04,2025-12-31,1255,True,True,True,True
13628,54213,98138H10,98138H10,WDAY,Q,NS,EQTY,Y,2021-01-04,2025-12-31,1255,True,True,True,True
13643,54224,45845P10,,,X,,,N,2021-01-04,2023-11-08,718,True,True,True,False
13648,54228,03767D10,,,X,,,N,2021-01-04,2023-04-04,567,True,True,True,False
13652,54232,75915K30,,,X,,,N,2021-01-04,2025-06-25,1125,True,True,True,False
13687,54265,74967X10,74967X10,RH,N,NS,EQTY,Y,2021-01-04,2025-12-31,1255,True,True,True,True
13688,21356,69331C10,69331C10,PCG,N,NS,EQTY,Y,2021-01-04,2025-12-31,1255,True,True,True,True
13693,54269,04962H50,04962H50,ATOS,Q,NS,EQTY,Y,2021-01-04,2025-12-31,1255,True,True,True,True
13694,54270,16402410,16402410,CHMG,Q,NS,EQTY,Y,2021-01-04,2025-12-31,1255,True,True,True,True
13704,54278,64049M20,64049M20,NEO,Q,NS,EQTY,Y,2021-01-04,2025-12-31,1255,True,True,True,True
13712,54284,91071010,91071010,ACIC,Q,NS,EQTY,Y,2021-01-04,2025-12-31,1255,True,True,True,True
13721,54287,00287Y10,00287Y10,ABBV,N,NS,EQTY,Y,2021-01-04,2025-12-31,1255,True,True,True,True
13723,54288,35904G10,,,X,,,N,2021-01-04,2021-01-12,7,True,True,True,False
13739,54297,10919410,10919410,BFAM,N,NS,EQTY,Y,2021-01-04,2025-12-31,1255,True,True,True,True
13743,54299,11040G10,11040G10,VTOL,N,NS,EQTY,Y,2021-01-04,2025-12-31,1255,True,True,True,True
13748,54303,87265H10,87265H10,TPH,N,NS,EQTY,Y,2021-01-04,2025-12-31,1255,True,True,True,True
13750,54306,00439U10,00439U10,GRCE,Q,NS,EQTY,Y,2021-01-04,2025-12-31,1255,True,True,True,True
13752,54307,23283R10,,,X,,,N,2021-01-04,2022-03-25,310,True,True,True,False
13755,54309,44486320,,,X,,,N,2021-01-04,2023-07-26,644,True,True,True,False
13756,54310,37654910,37654910,LAND,Q,NS,EQTY,Y,2021-01-04,2025-12-31,1255,True,True,True,True
13766,54318,09739D10,09739D10,BCC,N,NS,EQTY,Y,2021-01-04,2025-12-31,1260,True,True,True,True
13775,54323,68571X30,68571X30,ORC,N,NS,EQTY,Y,2021-01-04,2025-12-31,1255,True,True,True,True
13777,5828,02968310,,,X,,,N,2021-01-04,2025-04-07,1070,True,True,True,False
13788,54327,98978V10,98978V10,ZTS,N,NS,EQTY,Y,2021-01-04,2025-12-31,1255,True,True,True,True
13796,54331,41585810,41585810,HROW,Q,NS,EQTY,Y,2021-01-04,2025-12-31,1255,True,True,True,True
13797,54332,32055710,32055710,INBK,Q,NS,EQTY,Y,2021-01-04,2025-12-31,1255,True,True,True,True
13799,54334,30210410,,,X,,,N,2021-01-04,2021-11-12,220,True,True,True,False
13802,54336,04316A10,04316A10,APAM,N,NS,EQTY,Y,2021-01-04,2025-12-31,1260,True,True,True,True
13812,54343,56804T30,,,X,,,N,2021-01-04,2025-06-26,1125,True,True,True,False
13816,54344,60752510,,,X,,,N,2021-01-04,2024-06-27,876,True,True,True,False
13825,54351,29251M10,29251M10,ENTA,Q,NS,EQTY,Y,2021-01-04,2025-12-31,1255,True,True,True,True
13837,54361,30040P10,30040P10,EVTC,N,NS,EQTY,Y,2021-01-04,2025-12-31,1255,True,True,True,True
13843,54362,41068X10,41068X10,HASI,N,NS,EQTY,Y,2021-01-04,2025-12-31,1255,True,True,True,True
13856,21384,71344810,71344810,PEP,Q,NS,EQTY,Y,2021-01-04,2025-12-31,1255,True,True,True,True
13862,54368,87724P10,87724P10,TMHC,N,NS,EQTY,Y,2021-01-04,2025-12-31,1255,True,True,True,True
13876,54376,42365Q10,,,X,,,N,2021-01-04,2022-09-13,427,True,True,True,False
13877,54377,45384B10,,,X,,,N,2021-01-04,2025-01-02,1006,True,True,True,False
13879,54379,55328R10,,,X,,,N,2021-01-04,2023-11-14,722,True,True,True,False
13887,54384,04208T10,04208T10,AHH,N,NS,EQTY,Y,2021-01-04,2025-12-31,1255,True,True,True,True
13890,54388,15917910,,,X,,,N,2021-01-04,2022-11-15,472,True,True,True,False
13901,21398,02209S10,02209S10,MO,N,NS,EQTY,Y,2021-01-04,2025-12-31,1255,True,True,True,True
13904,54396,92908910,92908910,VOYA,N,NS,EQTY,Y,2021-01-04,2025-12-31,1255,True,True,True,True
13907,54398,64828T20,64828T20,RITM,N,NS,EQTY,Y,2021-01-04,2025-12-31,1255,True,True,True,True
13911,54401,46266C10,46266C10,IQV,N,NS,EQTY,Y,2021-01-04,2025-12-31,1255,True,True,True,True
13918,54405,03969T10,03969T10,ARCT,Q,NS,EQTY,Y,2021-01-04,2025-12-31,1255,True,True,True,True
13919,29052,02313988,02313988,OSG,N,NS,EQTY,Y,2021-01-04,2025-12-31,1255,True,True,True,True
13921,54408,23204G10,23204G10,CUBI,N,NS,EQTY,Y,2021-01-04,2025-12-31,1255,True,True,True,True
13924,54410,29428V10,,,X,,,N,2021-01-04,2022-08-12,407,True,True,True,False
13928,21401,20825C10,20825C10,COP,N,NS,EQTY,Y,2021-01-04,2025-12-31,1258,True,True,True,True
13936,21402,69365610,69365610,PVH,N,NS,EQTY,Y,2021-01-04,2025-12-31,1255,True,True,True,True
13938,46028,68882330,,,X,,,N,2021-01-04,2021-04-01,62,True,True,True,False
13939,54418,73933G20,73933G20,PSIX,Q,NS,EQTY,Y,2021-01-04,2025-12-31,1255,True,True,True,True
13943,54422,89678F10,,,X,,,N,2021-01-04,2022-06-01,357,True,True,True,False
13947,54424,09609G20,,,X,,,N,2021-01-04,2025-06-02,1108,True,True,True,False
13949,54426,12514G10,12514G10,CDW,Q,NS,EQTY,Y,2021-01-04,2025-12-31,1255,True,True,True,True
13954,54427,29664W10,29664W10,ESPR,Q,NS,EQTY,Y,2021-01-04,2025-12-31,1255,True,True,True,True
13956,54428,38046C10,38046C10,GOGO,Q,NS,EQTY,Y,2021-01-04,2025-12-31,1255,True,True,True,True
13967,54436,69366J20,69366J20,PTCT,Q,NS,EQTY,Y,2021-01-04,2025-12-31,1255,True,True,True,True
13969,54438,82835910,82835910,SAMG,Q,NS,EQTY,Y,2021-01-04,2025-12-31,1255,True,True,True,True
13983,54444,22207020,22207020,COTY,N,NS,EQTY,Y,2021-01-04,2025-12-31,1255,True,True,True,True
13993,54448,36239310,,,X,,,N,2021-01-04,2021-07-02,126,True,True,True,False
14008,216,03116210,03116210,AMGN,Q,NS,EQTY,Y,2021-01-04,2025-12-31,1255,True,True,True,True
14033,54467,68620A30,68620A30,VIVS,Q,NS,EQTY,Y,2021-01-04,2025-12-31,1255,True,True,True,True
14037,54471,76169C10,76169C10,REXR,N,NS,EQTY,Y,2021-01-04,2025-12-31,1255,True,True,True,True
14039,54472,84860W30,,,X,,,N,2021-01-04,2024-01-23,768,True,True,True,False
14044,54476,00847X10,00847X10,AGIO,Q,NS,EQTY,Y,2021-01-04,2025-12-31,1255,True,True,True,True
14045,54407,53521910,53521910,LIND,Q,NS,EQTY,Y,2021-01-04,2025-12-31,1255,True,True,True,True
14046,54477,43358Y20,,,X,,,N,2021-01-04,2023-10-05,694,True,True,True,False
14051,54481,42237K50,,,X,,,N,2021-01-04,2025-04-22,1080,True,True,True,False
14054,54484,60468T10,,,X,,,N,2021-01-04,2024-01-23,769,True,True,True,False
14071,54495,45378A10,45378A10,IRT,N,NS,EQTY,Y,2021-01-04,2025-12-31,1255,True,True,True,True
14072,54496,74017N10,74017N10,PGEN,Q,NS,EQTY,Y,2021-01-04,2025-12-31,1255,True,True,True,True
14076,54499,62675510,62675510,MUSA,N,NS,EQTY,Y,2021-01-04,2025-12-31,1255,True,True,True,True
14093,54506,87250W30,,,X,,,N,2021-01-04,2024-11-21,979,True,True,True,False
14097,54509,35138V10,35138V10,FOXF,Q,NS,EQTY,Y,2021-01-04,2025-12-31,1255,True,True,True,True
14099,54510,57165B10,,,X,,,N,2021-01-04,2022-07-13,384,True,True,True,False
14102,54513,85208M10,85208M10,SFM,Q,NS,EQTY,Y,2021-01-04,2025-12-31,1255,True,True,True,True
14107,54516,89026083,89026083,TNXP,Q,NS,EQTY,Y,2021-01-04,2025-12-31,1255,True,True,True,True
14127,54533,02153X10,,,X,,,N,2021-01-04,2024-09-17,932,True,True,True,False
14133,54538,63008730,63008730,NNVC,A,NS,EQTY,Y,2021-01-04,2025-12-31,1255,True,True,True,True
14141,54544,80862510,80862510,SAIC,Q,NS,EQTY,Y,2021-01-04,2025-12-31,1255,True,True,True,True
14145,54548,03823U10,03823U10,AAOI,Q,NS,EQTY,Y,2021-01-04,2025-12-31,1255,True,True,True,True
14159,54556,56266210,,,X,,,N,2021-01-04,2022-09-12,426,True,True,True,False
14166,54355,62945V10,,,X,,,N,2021-01-04,2025-08-04,1152,True,True,True,False
14167,54561,46583P10,,,X,,,N,2021-01-04,2023-07-11,633,True,True,True,False
14169,54563,74051N10,,,X,,,N,2021-01-04,2025-11-25,1231,True,True,True,False
14172,54564,72383630,72383630,PPSI,Q,NS,EQTY,Y,2021-01-04,2025-12-31,1255,True,True,True,True
14174,54566,81734P20,,,X,,,N,2021-01-04,2021-09-09,173,True,True,True,False
14175,54567,20368X10,,,X,,,N,2021-01-04,2023-07-03,628,True,True,True,False
14179,54570,03674X10,03674X10,AR,N,NS,EQTY,Y,2021-01-04,2025-12-31,1255,True,True,True,True
14181,54572,11120U10,11120U10,BRX,N,NS,EQTY,Y,2021-01-04,2025-12-31,1255,True,True,True,True
14182,54574,12201710,12201710,BURL,N,NS,EQTY,Y,2021-01-04,2025-12-31,1255,True,True,True,True
14183,54575,16465110,16465110,CHMI,N,NS,EQTY,Y,2021-01-04,2025-12-31,1255,True,True,True,True
14184,54576,19828720,,,X,,,N,2021-01-04,2021-12-08,236,True,True,True,False
14185,54577,21676P10,21676P10,CPS,N,NS,EQTY,Y,2021-01-04,2025-12-31,1255,True,True,True,True
14196,54580,29210410,29210410,ESRT,N,NS,EQTY,Y,2021-01-04,2025-12-31,1255,True,True,True,True
14213,54584,56632410,56632410,MMI,N,NS,EQTY,Y,2021-01-04,2025-12-31,1256,True,True,True,True
14220,54588,74736A10,,,X,,,N,2021-01-04,2021-09-01,168,True,True,True,False
14221,54589,75524W10,75524W10,RMAX,N,NS,EQTY,Y,2021-01-04,2025-12-31,1255,True,True,True,True
14229,54593,68268W10,68268W10,OMF,N,NS,EQTY,Y,2021-01-04,2025-12-31,1257,True,True,True,True
14231,54595,92247510,92247510,VEEV,N,NS,EQTY,Y,2021-01-04,2025-12-31,1255,True,True,True,True
14238,54601,00771V10,,,X,,,N,2021-01-04,2022-11-21,476,True,True,True,False
14239,54602,20337X10,20337X10,COMM,Q,NS,EQTY,Y,2021-01-04,2025-12-31,1255,True,True,True,True
14244,54604,29272B10,,,X,,,N,2021-01-04,2021-02-11,28,True,True,True,False
14245,54605,31189P10,31189P10,FATE,Q,NS,EQTY,Y,2021-01-04,2025-12-31,1255,True,True,True,True
14252,54610,36467J10,36467J10,GLPI,Q,NS,EQTY,Y,2021-01-04,2025-12-31,1256,True,True,True,True
14257,54614,55609910,55609910,MGNX,Q,NS,EQTY,Y,2021-01-04,2025-12-31,1255,True,True,True,True
14262,54619,83587F20,,,X,,,N,2021-01-04,2023-02-23,539,True,True,True,False
14263,54620,92337F10,92337F10,VCYT,Q,NS,EQTY,Y,2021-01-04,2025-12-31,1255,True,True,True,True
14273,54627,16309210,16309210,CHGG,N,NS,EQTY,Y,2021-01-04,2025-12-31,1255,True,True,True,True
14274,54628,21075120,,,X,,,N,2021-01-04,2024-12-10,991,True,True,True,False
14279,14228,30224P20,,,X,,,N,2021-01-04,2021-06-16,115,True,True,True,False
14310,54651,31931U10,31931U10,FRBA,Q,NS,EQTY,Y,2021-01-04,2025-12-31,1255,True,True,True,True
14312,54653,44157R10,,,X,,,N,2021-01-04,2022-04-07,319,True,True,True,False
14313,54654,45162220,45162220,IPWR,Q,NS,EQTY,Y,2021-01-04,2025-12-31,1255,True,True,True,True
14316,54655,48576U20,48576U20,KPTI,Q,NS,EQTY,Y,2021-01-04,2025-12-31,1255,True,True,True,True
14317,54657,50187T10,50187T10,LGIH,Q,NS,EQTY,Y,2021-01-04,2025-12-31,1255,True,True,True,True
14318,54658,62920930,62920930,NMIH,Q,NS,EQTY,Y,2021-01-04,2025-12-31,1255,True,True,True,True
14325,54662,87537220,87537220,TNDM,Q,NS,EQTY,Y,2021-01-04,2025-12-31,1255,True,True,True,True
14329,54666,03852U10,03852U10,ARMK,N,NS,EQTY,Y,2021-01-04,2025-12-31,1255,True,True,True,True
14334,54668,14912Y20,,,X,,,N,2021-01-04,2022-09-15,429,True,True,True,False
14338,54672,43300A20,43300A20,HLT,N,NS,EQTY,Y,2021-01-04,2025-12-31,1255,True,True,True,True
14359,54685,98401F10,98401F10,XNCR,Q,NS,EQTY,Y,2021-01-04,2025-12-31,1255,True,True,True,True
14400,54701,64537010,,,X,,,N,2021-01-04,2021-09-08,172,True,True,True,False
14401,54702,68235P10,68235P10,OGS,N,NS,EQTY,Y,2021-01-04,2025-12-31,1255,True,True,True,True
14406,54703,28618M10,28618M10,ESI,N,NS,EQTY,Y,2021-01-04,2025-12-31,1255,True,True,True,True
14414,54706,80283M10,,,X,,,N,2021-01-04,2022-01-31,273,True,True,True,False
14426,54717,25303110,,,X,,,N,2021-01-04,2021-12-28,249,True,True,True,False
14432,54720,46116X10,,,X,,,N,2021-01-04,2025-04-02,1067,True,True,True,False
14433,54656,24549610,,,X,,,N,2021-01-04,2022-03-08,297,True,True,True,False
14434,54721,56117J10,56117J10,MBUU,Q,NS,EQTY,Y,2021-01-04,2025-12-31,1255,True,True,True,True
14435,54722,66979P30,66979P30,XWIN,Q,NS,EQTY,Y,2021-01-04,2025-12-31,1255,True,True,True,True
14436,54723,90400D10,90400D10,RARE,Q,NS,EQTY,Y,2021-01-04,2025-12-31,1255,True,True,True,True
14440,54724,89422G10,89422G10,TVTX,Q,NS,EQTY,Y,2021-01-04,2025-12-31,1255,True,True,True,True
14441,54725,82005410,,,X,,,N,2021-01-04,2021-09-02,169,True,True,True,False
14442,54726,89532E30,,,X,,,N,2021-01-04,2024-10-08,947,True,True,True,False
14444,54727,82939270,82939270,SINT,Q,NS,EQTY,Y,2021-01-04,2025-12-31,1255,True,True,True,True
14449,54730,09072V60,,,X,,,N,2021-01-04,2023-10-25,708,True,True,True,False
14451,54733,20602210,,,X,,,N,2021-01-04,2023-03-06,547,True,True,True,False
14457,54737,33938J10,,,X,,,N,2021-01-04,2021-11-19,225,True,True,True,False
14458,54738,37242740,,,X,,,N,2021-01-04,2022-06-03,358,True,True,True,False
14459,54739,45780L10,45780L10,INGN,Q,NS,EQTY,Y,2021-01-04,2025-12-31,1255,True,True,True,True
14468,54744,71880W50,71880W50,PHIO,Q,NS,EQTY,Y,2021-01-04,2025-12-31,1255,True,True,True,True
14469,54745,81684M10,81684M10,SMLR,Q,NS,EQTY,Y,2021-01-04,2025-12-31,1255,True,True,True,True
14472,54748,92228010,92228010,VRNS,Q,NS,EQTY,Y,2021-01-04,2025-12-31,1255,True,True,True,True
14479,54750,45780R10,45780R10,IBP,N,NS,EQTY,Y,2021-01-04,2025-12-31,1259,True,True,True,True
14487,54752,49926D10,49926D10,KN,N,NS,EQTY,Y,2021-01-04,2025-12-31,1255,True,True,True,True
14489,54753,50574310,50574310,LADR,N,NS,EQTY,Y,2021-01-04,2025-12-31,1255,True,True,True,True
14490,54754,36472T10,36472T10,TDAY,N,NS,EQTY,Y,2021-01-04,2025-12-31,1255,True,True,True,True
14495,54756,00212110,00212110,ATEN,N,NS,EQTY,Y,2021-01-04,2025-12-31,1255,True,True,True,True
14497,54757,00507W20,00507W20,ATNM,A,NS,EQTY,Y,2021-01-04,2025-12-31,1255,True,True,True,True
14500,54760,09627J10,,,X,,,N,2021-01-04,2022-10-06,445,True,True,True,False
14502,54761,14862Q10,,,X,,,N,2021-01-04,2022-02-17,285,True,True,True,False
14516,54769,74736L10,74736L10,QTWO,N,NS,EQTY,Y,2021-01-04,2025-12-31,1255,True,True,True,True
14521,54772,89628810,89628810,TNET,N,NS,EQTY,Y,2021-01-04,2025-12-31,1255,True,True,True,True
14523,54774,90137F50,90137F50,XXII,Q,NS,EQTY,Y,2021-01-04,2025-12-31,1255,True,True,True,True
14526,317,03759810,03759810,APOG,Q,NS,EQTY,Y,2021-01-04,2025-12-31,1255,True,True,True,True
14531,54779,00972D10,00972D10,AKBA,Q,NS,EQTY,Y,2021-01-04,2025-12-31,1255,True,True,True,True
14532,54780,00181T10,00181T10,GOLD,N,NS,EQTY,Y,2021-01-04,2025-12-31,1255,True,True,True,True
14536,54782,09057N40,,,X,,,N,2021-01-04,2025-02-19,1037,True,True,True,False
14538,54784,72942A10,,,X,,,N,2021-01-04,2023-04-13,573,True,True,True,False
14541,20440,16676410,16676410,CVX,N,NS,EQTY,Y,2021-01-04,2025-12-31,1255,True,True,True,True
14542,45483,02079K10,02079K10,GOOG,Q,NS,EQTY,Y,2021-01-04,2025-12-31,1255,True,True,True,True
14544,54786,51509F10,51509F10,LE,Q,NS,EQTY,Y,2021-01-04,2025-12-31,1255,True,True,True,True
14545,54787,53630X20,53630X20,LPCN,Q,NS,EQTY,Y,2021-01-04,2025-12-31,1255,True,True,True,True
14547,54790,70438V10,70438V10,PCTY,Q,NS,EQTY,Y,2021-01-04,2025-12-31,1255,True,True,True,True
14548,54791,74316X10,,,X,,,N,2021-01-04,2025-01-03,1007,True,True,True,False
14554,54796,90214J20,,,X,,,N,2021-01-04,2024-08-07,904,True,True,True,False
14555,54797,03890D10,,,X,,,N,2021-01-04,2024-01-29,772,True,True,True,False
14556,54798,29272C30,29272C30,WATT,Q,NS,EQTY,Y,2021-01-04,2025-12-31,1255,True,True,True,True
14558,53687,02005N10,02005N10,ALLY,N,NS,EQTY,Y,2021-01-04,2025-12-31,1255,True,True,True,True
14559,54800,17858710,17858710,CIO,N,NS,EQTY,Y,2021-01-04,2025-12-31,1255,True,True,True,True
14567,54805,40011010,,,X,,,N,2021-01-04,2021-06-15,113,True,True,True,False
14574,54809,60786M10,60786M10,MC,N,NS,EQTY,Y,2021-01-04,2025-12-31,1257,True,True,True,True
14579,54812,70432V10,70432V10,PAYC,N,NS,EQTY,Y,2021-01-04,2025-12-31,1255,True,True,True,True
14589,54816,00548A10,,,X,,,N,2021-01-04,2021-11-24,228,True,True,True,False
14590,54731,00856G10,,,X,,,N,2021-01-04,2023-03-31,565,True,True,True,False
14591,54817,23666P20,23666P20,DARE,Q,NS,EQTY,Y,2021-01-04,2025-12-31,1255,True,True,True,True
14593,7,03783310,03783310,AAPL,Q,NS,EQTY,Y,2021-01-04,2025-12-31,1255,True,True,True,True
14599,54822,42588510,42588510,HNNA,Q,NS,EQTY,Y,2021-01-04,2025-12-31,1255,True,True,True,True
14603,54826,71742Q10,71742Q10,PAHC,Q,NS,EQTY,Y,2021-01-04,2025-12-31,1255,True,True,True,True
14604,54827,71104010,71104010,PFIS,Q,NS,EQTY,Y,2021-01-04,2025-12-31,1255,True,True,True,True
14607,54828,30329Y30,30329Y30,FGNX,Q,NS,EQTY,Y,2021-01-04,2025-12-31,1255,True,True,True,True
14608,54830,78573M10,78573M10,SABR,Q,NS,EQTY,Y,2021-01-04,2025-12-31,1255,True,True,True,True
14615,54835,4525EP10,4525EP10,IMUX,Q,NS,EQTY,Y,2021-01-04,2025-12-31,1255,True,True,True,True
14617,54837,03990B10,03990B10,ARES,N,NS,EQTY,Y,2021-01-04,2025-12-31,1255,True,True,True,True
14625,54841,42727J10,42727J10,HRTG,N,NS,EQTY,Y,2021-01-04,2025-12-31,1255,True,True,True,True
14632,54844,67011P10,67011P10,DNOW,N,NS,EQTY,Y,2021-01-04,2025-12-31,1255,True,True,True,True
14638,54850,93964W40,,,X,,,N,2021-01-04,2021-09-30,188,True,True,True,False
14641,54851,98936J10,,,X,,,N,2021-01-04,2022-11-22,477,True,True,True,False
14645,54855,00847L30,,,X,,,N,2021-01-04,2024-03-26,812,True,True,True,False
14647,54857,01438T10,01438T10,ALDX,Q,NS,EQTY,Y,2021-01-04,2025-12-31,1255,True,True,True,True
14650,54858,06654A10,06654A10,BWFG,Q,NS,EQTY,Y,2021-01-04,2025-12-31,1255,True,True,True,True
14651,54859,14174T10,14174T10,CTRE,N,NS,EQTY,Y,2021-01-04,2025-12-31,1255,True,True,True,True
14667,54867,76118L10,,,X,,,N,2021-01-04,2022-03-28,311,True,True,True,False
14668,54868,81129220,81129220,SCYX,Q,NS,EQTY,Y,2021-01-04,2025-12-31,1255,True,True,True,True
14670,54870,81768T10,81768T10,SFBS,N,NS,EQTY,Y,2021-01-04,2025-12-31,1255,True,True,True,True
14675,54873,87876P20,87876P20,TGEN,A,NS,EQTY,Y,2021-01-04,2025-12-31,1255,True,True,True,True
14684,54878,88739910,88739910,MTUS,N,NS,EQTY,Y,2021-01-04,2025-12-31,1255,True,True,True,True
14686,54879,25401T60,25401T60,DBRG,N,NS,EQTY,Y,2021-01-04,2025-12-31,1255,True,True,True,True
14688,54881,03209R10,03209R10,AMPH,Q,NS,EQTY,Y,2021-01-04,2025-12-31,1255,True,True,True,True
14689,54882,00770K20,00770K20,AMTX,Q,NS,EQTY,Y,2021-01-04,2025-12-31,1255,True,True,True,True
14690,54883,03969710,03969710,ARDX,Q,NS,EQTY,Y,2021-01-04,2025-12-31,1255,True,True,True,True
14691,54884,23257D10,,,X,,,N,2021-01-04,2024-03-22,810,True,True,True,False
14693,54886,15117P10,,,X,,,N,2021-01-04,2021-02-22,34,True,True,True,False
14694,54888,38268T10,38268T10,GPRO,Q,NS,EQTY,Y,2021-01-04,2025-12-31,1255,True,True,True,True
14696,54891,59408Q10,,,X,,,N,2021-01-04,2021-04-15,71,True,True,True,False
14702,194,03822210,03822210,AMAT,Q,NS,EQTY,Y,2021-01-04,2025-12-31,1255,True,True,True,True
14711,54904,51712510,51712510,LRMR,Q,NS,EQTY,Y,2021-01-04,2025-12-31,1255,True,True,True,True
14714,54907,04041320,04041320,ANET,N,NS,EQTY,Y,2021-01-04,2025-12-31,1255,True,True,True,True
14716,54909,15650430,15650430,CCS,N,NS,EQTY,Y,2021-01-04,2025-12-31,1255,True,True,True,True
14720,54913,00848K30,00848K30,UAVS,A,NS,EQTY,Y,2021-01-04,2025-12-31,1255,True,True,True,True
14750,54920,88087E10,,,X,,,N,2021-01-04,2022-10-12,449,True,True,True,False
14751,54923,92345410,,,X,,,N,2021-01-04,2023-11-30,733,True,True,True,False
14763,54931,14880610,,,X,,,N,2021-01-04,2024-12-18,997,True,True,True,False
14773,54933,69888T20,69888T20,PARR,N,NS,EQTY,Y,2021-01-04,2025-12-31,1255,True,True,True,True
14776,54936,87165B10,87165B10,SYF,N,NS,EQTY,Y,2021-01-04,2025-12-31,1255,True,True,True,True
14781,54939,89609W10,,,X,,,N,2021-01-04,2021-05-25,99,True,True,True,False
14782,54940,89820210,89820210,TRUP,Q,NS,EQTY,Y,2021-01-04,2025-12-31,1255,True,True,True,True
14795,21758,88738910,88738910,TKR,N,NS,EQTY,Y,2021-01-04,2025-12-31,1255,True,True,True,True
14797,54951,14167L10,14167L10,CDNA,Q,NS,EQTY,Y,2021-01-04,2025-12-31,1255,True,True,True,True
14803,54955,42226A10,42226A10,HQY,Q,NS,EQTY,Y,2021-01-04,2025-12-31,1255,True,True,True,True
14807,54958,46266A10,46266A10,IRMD,Q,NS,EQTY,Y,2021-01-04,2025-12-31,1256,True,True,True,True
14810,54959,46134L10,46134L10,ISTR,Q,NS,EQTY,Y,2021-01-04,2025-12-31,1255,True,True,True,True
14813,54961,56578810,56578810,MARA,Q,NS,EQTY,Y,2021-01-04,2025-12-31,1255,True,True,True,True
14815,54963,56854Q20,,,X,,,N,2021-01-04,2025-02-11,1032,True,True,True,False
14816,21763,89051610,89051610,TR,N,NS,EQTY,Y,2021-01-04,2025-12-31,1260,True,True,True,True
14818,54964,14167R10,14167R10,CCLD,Q,NS,EQTY,Y,2021-01-04,2025-12-31,1255,True,True,True,True
14820,54965,58406B20,,,X,,,N,2021-01-04,2024-02-13,783,True,True,True,False
14830,54973,92556D30,,,X,,,N,2021-01-04,2024-06-14,868,True,True,True,False
14852,54984,45341560,,,X,,,N,2021-01-04,2024-08-29,920,True,True,True,False
14855,54985,78375410,78375410,RYI,N,NS,EQTY,Y,2021-01-04,2025-12-31,1255,True,True,True,True
14862,54990,15117F88,15117F88,CLRB,Q,NS,EQTY,Y,2021-01-04,2025-12-31,1255,True,True,True,True
14873,54995,53146520,,,X,,,N,2021-01-04,2023-10-30,711,True,True,True,False
14877,54976,53263P10,53263P10,LMB,Q,NS,EQTY,Y,2021-01-04,2025-12-31,1255,True,True,True,True
14882,55000,12769G10,12769G10,CZR,Q,NS,EQTY,Y,2021-01-04,2025-12-31,1255,True,True,True,True
14889,55006,17461010,17461010,CFG,N,NS,EQTY,Y,2021-01-04,2025-12-31,1255,True,True,True,True
14908,55013,58503T20,,,X,,,N,2021-01-04,2021-07-07,128,True,True,True,False
14925,55022,10501E30,,,X,,,N,2021-01-04,2025-07-18,1140,True,True,True,False
14926,55023,12508E10,,,X,,,N,2021-01-04,2022-07-06,379,True,True,True,False
14927,54953,21232640,,,X,,,N,2021-01-04,2023-11-09,719,True,True,True,False
14930,55026,36192A10,,,X,,,N,2021-01-04,2022-04-29,334,True,True,True,False
14937,55031,28617K10,28617K10,ELDN,Q,NS,EQTY,Y,2021-01-04,2025-12-31,1255,True,True,True,True
14939,55033,49338L10,49338L10,KEYS,N,NS,EQTY,Y,2021-01-04,2025-12-31,1255,True,True,True,True
14941,55034,05350V10,05350V10,AVNS,N,NS,EQTY,Y,2021-01-04,2025-12-31,1255,True,True,True,True
14942,55035,49428J10,49428J10,KE,Q,NS,EQTY,Y,2021-01-04,2025-12-31,1255,True,True,True,True
14943,55036,12479G10,12479G10,CBFV,Q,NS,EQTY,Y,2021-01-04,2025-12-31,1255,True,True,True,True
14944,55037,53030710,53030710,LBRDA,Q,NS,EQTY,Y,2021-01-04,2025-12-31,1255,True,True,True,True
14951,55040,05601C10,05601C10,BGSF,N,NS,EQTY,Y,2021-01-04,2025-12-31,1255,True,True,True,True
14953,55042,09940610,09940610,BOOT,N,NS,EQTY,Y,2021-01-04,2025-12-31,1255,True,True,True,True
14960,55047,29357K10,29357K10,ENVA,N,NS,EQTY,Y,2021-01-04,2025-12-31,1255,True,True,True,True
14969,55050,39141610,,,X,,,N,2021-01-04,2022-02-01,273,True,True,True,False
14970,55051,44357310,44357310,HUBS,N,NS,EQTY,Y,2021-01-04,2025-12-31,1255,True,True,True,True
14974,55054,64869110,,,X,,,N,2021-01-04,2021-09-21,181,True,True,True,False
14983,55060,94419L10,94419L10,W,N,NS,EQTY,Y,2021-01-04,2025-12-31,1255,True,True,True,True
14985,55062,10948W10,10948W10,AAMI,N,NS,EQTY,Y,2021-01-04,2025-12-31,1255,True,True,True,True
14988,55037,53030730,53030730,LBRDK,Q,NS,EQTY,Y,2021-01-04,2025-12-31,1255,True,True,True,True
15014,55082,23833710,23833710,PLAY,Q,NS,EQTY,Y,2021-01-04,2025-12-31,1255,True,True,True,True
15015,55083,74365U10,74365U10,TARA,Q,NS,EQTY,Y,2021-01-04,2025-12-31,1255,True,True,True,True
15022,55085,92345110,,,X,,,N,2021-01-04,2025-10-20,1205,True,True,True,False
15052,55098,86212110,,,X,,,N,2021-01-04,2023-02-03,526,True,True,True,False
15059,55105,19249H10,19249H10,CHRS,Q,NS,EQTY,Y,2021-01-04,2025-12-31,1255,True,True,True,True
15065,55110,31572Q88,31572Q88,FGEN,Q,NS,EQTY,Y,2021-01-04,2025-12-31,1255,True,True,True,True
15069,21795,56584910,,,X,,,N,2021-01-04,2024-11-22,980,True,True,True,False
15070,1940,04274410,04274410,AROW,Q,NS,EQTY,Y,2021-01-04,2025-12-31,1255,True,True,True,True
15071,55113,87166B10,,,X,,,N,2021-01-04,2023-09-28,689,True,True,True,False
15075,55117,30048L20,,,X,,,N,2021-01-04,2022-08-11,405,True,True,True,False
15079,55119,69354M10,,,X,,,N,2021-01-04,2021-07-01,126,True,True,True,False
15084,55123,89679E30,89679E30,TFIN,N,NS,EQTY,Y,2021-01-04,2025-12-31,1255,True,True,True,True
15092,55129,52603A20,52603A20,LC,N,NS,EQTY,Y,2021-01-04,2025-12-31,1255,True,True,True,True
15119,55141,98139A10,98139A10,WK,N,NS,EQTY,Y,2021-01-04,2025-12-31,1255,True,True,True,True
15127,55146,23283X20,23283X20,CTSO,Q,NS,EQTY,Y,2021-01-04,2025-12-31,1255,True,True,True,True
15132,55148,67577C10,67577C10,OCGN,Q,NS,EQTY,Y,2021-01-04,2025-12-31,1255,True,True,True,True
15142,55155,91704F10,91704F10,UE,N,NS,EQTY,Y,2021-01-04,2025-12-31,1255,True,True,True,True
15145,55158,10316T10,10316T10,BOX,N,NS,EQTY,Y,2021-01-04,2025-12-31,1255,True,True,True,True
15167,55162,81904710,81904710,SHAK,N,NS,EQTY,Y,2021-01-04,2025-12-31,1255,True,True,True,True
15178,55170,33583410,33583410,FNWB,Q,NS,EQTY,Y,2021-01-04,2025-12-31,1255,True,True,True,True
15180,55171,22190710,,,X,,,N,2021-01-04,2021-12-06,235,True,True,True,False
15184,55175,89237H30,,,X,,,N,2021-01-04,2024-06-28,877,True,True,True,False
15186,55176,92921W30,92921W30,VUZI,Q,NS,EQTY,Y,2021-01-04,2025-12-31,1255,True,True,True,True
15187,55177,98979H30,,,X,,,N,2021-01-04,2022-06-13,364,True,True,True,False
15198,55184,46185L10,,,X,,,N,2021-01-04,2024-02-06,778,True,True,True,False
15202,21876,92916010,92916010,VMC,N,NS,EQTY,Y,2021-01-04,2025-12-31,1255,True,True,True,True
15203,357,04316810,04316810,ARTW,Q,NS,EQTY,Y,2021-01-04,2025-12-31,1255,True,True,True,True
15215,55187,92866110,92866110,VNRX,A,NS,EQTY,Y,2021-01-04,2025-12-31,1255,True,True,True,True
15216,55188,98401710,98401710,XHR,N,NS,EQTY,Y,2021-01-04,2025-12-31,1255,True,True,True,True
15218,55191,07877130,,,X,,,N,2021-01-04,2023-10-16,701,True,True,True,False
15219,55193,42689740,,,X,,,N,2021-01-04,2025-05-13,1095,True,True,True,False
15220,55195,45781D10,,,X,,,N,2021-01-04,2021-11-24,227,True,True,True,False
15221,55196,77313F10,77313F10,RCKT,Q,NS,EQTY,Y,2021-01-04,2025-12-31,1255,True,True,True,True
15222,55197,46226010,46226010,IOVA,Q,NS,EQTY,Y,2021-01-04,2025-12-31,1255,True,True,True,True
15254,377,29358Y20,,,X,,,N,2021-01-04,2024-11-04,966,True,True,True,False
15272,55214,83417M10,83417M10,SEDG,Q,NS,EQTY,Y,2021-01-04,2025-12-31,1255,True,True,True,True
15273,55215,86803X20,,,X,,,N,2021-01-04,2024-02-15,785,True,True,True,False
15278,55219,69924M10,69924M10,PZG,A,NS,EQTY,Y,2021-01-04,2025-12-31,1255,True,True,True,True
15284,55224,09627Y10,,,X,,,N,2021-01-04,2025-07-18,1141,True,True,True,False
15287,55227,21833P30,21833P30,CRBP,Q,NS,EQTY,Y,2021-01-04,2025-12-31,1255,True,True,True,True
15291,55229,29786A10,29786A10,ETSY,N,NS,EQTY,Y,2021-01-04,2025-12-31,1255,True,True,True,True
15297,55232,46186M60,,,X,,,N,2021-01-04,2024-02-13,783,True,True,True,False
15302,55235,92825410,92825410,VIRT,N,NS,EQTY,Y,2021-01-04,2025-12-31,1255,True,True,True,True
15303,55236,92686J10,92686J10,VKTX,Q,NS,EQTY,Y,2021-01-04,2025-12-31,1255,True,True,True,True
15313,55240,29415B10,,,X,,,N,2021-01-04,2024-10-04,945,True,True,True,False
15318,362,04548710,04548710,ASB,N,NS,EQTY,Y,2021-01-04,2025-12-31,1255,True,True,True,True
15327,55244,70214910,,,X,,,N,2021-01-04,2023-01-18,514,True,True,True,False
15338,55250,03784Y20,03784Y20,APLE,N,NS,EQTY,Y,2021-01-04,2025-12-31,1258,True,True,True,True
15343,55253,20369C10,20369C10,CHCT,N,NS,EQTY,Y,2021-01-04,2025-12-31,1255,True,True,True,True
15351,55257,G3730V10,G3730V10,FTAI,Q,NS,EQTY,N,2021-01-04,2025-12-31,1255,True,True,True,True
15371,55270,19459J10,19459J10,COLL,Q,NS,EQTY,Y,2021-01-04,2025-12-31,1255,True,True,True,True
15375,55275,47010C88,47010C88,JAGX,Q,NS,EQTY,Y,2021-01-04,2025-12-31,1255,True,True,True,True
15378,55276,00212020,00212020,ATYR,Q,NS,EQTY,Y,2021-01-04,2025-12-31,1255,True,True,True,True
15380,55278,68234L40,,,X,,,N,2021-01-04,2023-06-26,623,True,True,True,False
15382,55280,03901430,03901430,RKDA,Q,NS,EQTY,Y,2021-01-04,2025-12-31,1255,True,True,True,True
15390,55284,33812L10,,,X,,,N,2021-01-04,2021-01-14,9,True,True,True,False
15395,55287,12685J10,12685J10,CABO,N,NS,EQTY,Y,2021-01-04,2025-12-31,1255,True,True,True,True
15397,55289,89055F10,89055F10,BLD,N,NS,EQTY,Y,2021-01-04,2025-12-31,1255,True,True,True,True
15398,55290,16385110,16385110,CC,N,NS,EQTY,Y,2021-01-04,2025-12-31,1255,True,True,True,True
15399,55291,44052W10,,,X,,,N,2021-01-04,2023-02-08,529,True,True,True,False
15400,55292,29272W10,29272W10,ENR,N,NS,EQTY,Y,2021-01-04,2025-12-31,1255,True,True,True,True
15407,55295,81255T10,,,X,,,N,2021-01-04,2023-01-05,506,True,True,True,False
15408,55296,50075410,50075410,KHC,Q,NS,EQTY,Y,2021-01-04,2025-12-31,1255,True,True,True,True
15409,55297,01164210,01164210,ALRM,Q,NS,EQTY,Y,2021-01-04,2025-12-31,1255,True,True,True,True
15417,55303,15130G87,15130G87,CETX,Q,NS,EQTY,Y,2021-01-04,2025-12-31,1255,True,True,True,True
15429,55313,51654410,51654410,LNTH,Q,NS,EQTY,Y,2021-01-04,2025-12-31,1255,True,True,True,True
15431,55315,81750R20,81750R20,MCRB,Q,NS,EQTY,Y,2021-01-04,2025-12-31,1255,True,True,True,True
15432,55316,02083G10,,,X,,,N,2021-01-04,2024-05-20,850,True,True,True,False
15435,55319,02134710,,,X,,,N,2021-01-04,2021-10-01,189,True,True,True,False
15440,55321,97415510,97415510,WING,Q,NS,EQTY,Y,2021-01-04,2025-12-31,1255,True,True,True,True
15443,55323,88708020,,,X,,,N,2021-01-04,2023-11-29,732,True,True,True,False
15452,55326,30050B10,30050B10,EVH,N,NS,EQTY,Y,2021-01-04,2025-12-31,1255,True,True,True,True
15454,55327,37732210,37732210,GKOS,N,NS,EQTY,Y,2021-01-04,2025-12-31,1255,True,True,True,True
15456,21936,34484910,,,X,,,N,2021-01-04,2025-09-08,1175,True,True,True,False
15478,55335,89400J10,89400J10,TRU,N,NS,EQTY,Y,2021-01-04,2025-12-31,1255,True,True,True,True
15482,55337,91336L10,,,X,,,N,2021-01-04,2023-08-01,648,True,True,True,False
15486,55339,82939910,,,X,,,N,2021-01-04,2023-03-23,559,True,True,True,False
15488,55341,70450Y10,70450Y10,PYPL,Q,NS,EQTY,Y,2021-01-04,2025-12-31,1255,True,True,True,True
15490,55343,55024U10,55024U10,LITE,Q,NS,EQTY,Y,2021-01-04,2025-12-31,1255,True,True,True,True
15491,55344,00808Y60,00808Y60,AEMD,Q,NS,EQTY,Y,2021-01-04,2025-12-31,1255,True,True,True,True
15493,55345,03837J30,03837J30,AQMS,Q,NS,EQTY,Y,2021-01-04,2025-12-31,1255,True,True,True,True
15496,55347,20717E20,,,X,,,N,2021-01-04,2023-09-05,672,True,True,True,False
15497,55348,16706W10,,,X,,,N,2021-01-04,2021-08-06,150,True,True,True,False
15505,55349,75956B10,,,X,,,N,2021-01-04,2022-01-03,253,True,True,True,False
15506,55350,22905030,22905030,CYRX,Q,NS,EQTY,Y,2021-01-04,2025-12-31,1255,True,True,True,True
15507,55351,82640U40,,,X,,,N,2021-01-04,2022-07-01,377,True,True,True,False
15510,55355,49721T50,49721T50,KPRX,Q,NS,EQTY,Y,2021-01-04,2025-12-31,1255,True,True,True,True
15527,55361,53803X10,53803X10,LOB,N,NS,EQTY,Y,2021-01-04,2025-12-31,1255,True,True,True,True
15531,55363,64052L10,,,X,,,N,2021-01-04,2021-03-22,54,True,True,True,False
15533,55364,45256X10,45256X10,IBRX,Q,NS,EQTY,Y,2021-01-04,2025-12-31,1255,True,True,True,True
15534,55365,63230710,63230710,NTRA,Q,NS,EQTY,Y,2021-01-04,2025-12-31,1255,True,True,True,True
15535,55366,68111610,68111610,OLLI,Q,NS,EQTY,Y,2021-01-04,2025-12-31,1255,True,True,True,True
15543,55373,98400M20,98400M20,XELB,Q,NS,EQTY,Y,2021-01-04,2025-12-31,1255,True,True,True,True
15546,53853,98954M20,98954M20,Z,Q,NS,EQTY,Y,2021-01-04,2025-12-31,1255,True,True,True,True
15579,21737,88250810,88250810,TXN,Q,NS,EQTY,Y,2021-01-04,2025-12-31,1255,True,True,True,True
15580,5,04820910,04820910,AAME,Q,NS,EQTY,Y,2021-01-04,2025-12-31,1255,True,True,True,True
15582,55377,68341610,68341610,OOMA,N,NS,EQTY,Y,2021-01-04,2025-12-31,1255,True,True,True,True
15585,55379,87918A10,87918A10,TDOC,N,NS,EQTY,Y,2021-01-04,2025-12-31,1255,True,True,True,True
15590,55381,90915J10,,,X,,,N,2021-01-04,2023-11-09,719,True,True,True,False
15623,55384,44159310,44159310,HLI,N,NS,EQTY,Y,2021-01-04,2025-12-31,1255,True,True,True,True
15627,55386,72703H10,72703H10,PLNT,N,NS,EQTY,Y,2021-01-04,2025-12-31,1255,True,True,True,True
15636,55391,20731J10,20731J10,PRHI,Q,NS,EQTY,Y,2021-01-04,2025-12-31,1255,True,True,True,True
15638,55393,37890U10,,,X,,,N,2021-01-04,2022-10-05,443,True,True,True,False
15639,55358,74640Y10,74640Y10,PRPL,Q,NS,EQTY,Y,2021-01-04,2025-12-31,1255,True,True,True,True
15643,55396,86771W10,86771W10,RUN,Q,NS,EQTY,Y,2021-01-04,2025-12-31,1255,True,True,True,True
15645,55398,74039M40,74039M40,AGPU,Q,NS,EQTY,Y,2021-01-04,2025-12-31,1255,True,True,True,True
15647,55400,78469X10,,,X,,,N,2021-01-04,2022-04-05,317,True,True,True,False
15649,55402,55825T10,55825T10,MSGS,N,NS,EQTY,Y,2021-01-04,2025-12-31,1255,True,True,True,True
15650,55403,69343T10,69343T10,PJT,N,NS,EQTY,Y,2021-01-04,2025-12-31,1255,True,True,True,True
15651,55404,12640210,12640210,CSW,N,NS,EQTY,Y,2021-01-04,2025-12-31,1255,True,True,True,True
15658,55410,75901B10,75901B10,RGNX,Q,NS,EQTY,Y,2021-01-04,2025-12-31,1255,True,True,True,True
15694,55417,70975L10,70975L10,PEN,N,NS,EQTY,Y,2021-01-04,2025-12-31,1255,True,True,True,True
15707,55421,42824C10,42824C10,HPE,N,NS,EQTY,Y,2021-01-04,2025-12-31,1255,True,True,True,True
15709,55423,04826920,,,X,,,N,2021-01-04,2022-03-01,292,True,True,True,False
15719,55426,35086T10,35086T10,FCPT,N,NS,EQTY,Y,2021-01-04,2025-12-31,1255,True,True,True,True
15720,21543,28102010,28102010,EIX,N,NS,EQTY,Y,2021-01-04,2025-12-31,1255,True,True,True,True
15724,55428,71377A10,71377A10,PFGC,N,NS,EQTY,Y,2021-01-04,2025-12-31,1255,True,True,True,True
15729,55429,74624M10,74624M10,PSTG,N,NS,EQTY,Y,2021-01-04,2025-12-31,1255,True,True,True,True
15774,55451,01748H10,,,X,,,N,2021-01-04,2022-10-03,441,True,True,True,False
15775,55452,00461U10,00461U10,ACRS,Q,NS,EQTY,Y,2021-01-04,2025-12-31,1255,True,True,True,True
15776,55453,03279730,03279730,AVXL,Q,NS,EQTY,Y,2021-01-04,2025-12-31,1255,True,True,True,True
15779,55456,23284F10,23284F10,CTMX,Q,NS,EQTY,Y,2021-01-04,2025-12-31,1255,True,True,True,True
15782,55406,97137810,97137810,WSC,Q,NS,EQTY,Y,2021-01-04,2025-12-31,1255,True,True,True,True
15784,55458,70465T10,70465T10,PDSB,Q,NS,EQTY,Y,2021-01-04,2025-12-31,1255,True,True,True,True
15785,55394,44109J10,,,X,,,N,2021-01-04,2023-11-07,718,True,True,True,False
15795,55468,86881A10,86881A10,SGRY,Q,NS,EQTY,Y,2021-01-04,2025-12-31,1255,True,True,True,True
15802,55471,04552810,,,X,,,N,2021-01-04,2025-09-05,1174,True,True,True,False
15826,55474,85223410,85223410,XYZ,N,NS,EQTY,Y,2021-01-04,2025-12-31,1255,True,True,True,True
15831,55477,05464T10,05464T10,AXSM,Q,NS,EQTY,Y,2021-01-04,2025-12-31,1255,True,True,True,True
15833,55454,05338F30,05338F30,AVTX,Q,NS,EQTY,Y,2021-01-04,2025-12-31,1255,True,True,True,True
15847,55484,50127T10,50127T10,KURA,Q,NS,EQTY,Y,2021-01-04,2025-12-31,1255,True,True,True,True
15853,55488,74967R10,74967R10,RMR,Q,NS,EQTY,Y,2021-01-04,2025-12-31,1255,True,True,True,True
15856,55490,92915B10,92915B10,VYGR,Q,NS,EQTY,Y,2021-01-04,2025-12-31,1255,True,True,True,True
15859,55493,05351W10,,,X,,,N,2021-01-04,2024-12-23,1000,True,True,True,False
15860,55056,69036R86,,,X,,,N,2021-01-04,2024-07-10,884,True,True,True,False
15863,55496,68235C20,68235C20,IMDX,Q,NS,EQTY,Y,2021-01-04,2025-12-31,1255,True,True,True,True
15906,55508,83190L20,83190L20,SMBK,N,NS,EQTY,Y,2021-01-04,2025-12-31,1255,True,True,True,True
15909,55509,04946810,04946810,TEAM,Q,NS,EQTY,Y,2021-01-04,2025-12-31,1255,True,True,True,True
15912,55510,37955N10,37955N10,SELF,Q,NS,EQTY,Y,2021-01-04,2025-12-31,1255,True,True,True,True
15917,55513,36164Y10,,,X,,,N,2021-01-04,2022-09-27,437,True,True,True,False
15921,55517,94909010,,,X,,,N,2021-01-04,2022-07-29,396,True,True,True,False
15937,55521,28106W10,28106W10,EDIT,Q,NS,EQTY,Y,2021-01-04,2025-12-31,1255,True,True,True,True
15948,55525,65406E10,65406E10,NIC,N,NS,EQTY,Y,2021-01-04,2025-12-31,1255,True,True,True,True
15956,55529,04238R10,,,X,,,N,2021-01-04,2022-05-23,350,True,True,True,False
15960,55530,22101510,22101510,CRVS,Q,NS,EQTY,Y,2021-01-04,2025-12-31,1255,True,True,True,True
15961,55531,23725P30,23725P30,DRIO,Q,NS,EQTY,Y,2021-01-04,2025-12-31,1255,True,True,True,True
15978,55538,92672L10,,,X,,,N,2021-01-04,2023-07-26,644,True,True,True,False
15980,48779,90431120,90431120,UA,N,NS,EQTY,Y,2021-01-04,2025-12-31,1255,True,True,True,True
15996,54311,53122970,,,X,,,Y,2021-01-04,2023-07-19,639,True,True,True,False
15997,54311,53122988,,,X,,,Y,2021-01-04,2023-07-19,639,True,True,True,False
15998,54311,53122981,,,X,,,Y,2021-01-04,2024-09-10,927,True,True,True,False
15999,54311,53122979,,,X,,,Y,2021-01-04,2024-09-10,927,True,True,True,False
16000,54311,53122978,,,X,,,Y,2021-01-04,2024-09-10,927,True,True,True,False
16007,55544,17107740,17107740,NAGE,Q,NS,EQTY,Y,2021-01-04,2025-12-31,1255,True,True,True,True
16012,55534,46524610,,,X,,,N,2021-01-04,2024-05-23,853,True,True,True,False
16019,55548,75700L10,75700L10,RRR,Q,NS,EQTY,Y,2021-01-04,2025-12-31,1255,True,True,True,True
16024,55551,02922710,,,X,,,N,2021-01-04,2021-01-26,16,True,True,True,False
16042,55555,55303A10,,,X,,,N,2021-01-04,2022-04-29,334,True,True,True,False
16049,55560,98923T10,98923T10,ZDGE,A,NS,EQTY,Y,2021-01-04,2025-12-31,1255,True,True,True,True
16051,55562,00401C10,,,X,,,N,2021-01-04,2021-03-01,39,True,True,True,False
16052,55563,00162710,,,X,,,N,2021-01-04,2022-09-12,426,True,True,True,False
16063,55567,59774210,59774210,MSBI,Q,NS,EQTY,Y,2021-01-04,2025-12-31,1255,True,True,True,True
16064,55568,45826J10,45826J10,NTLA,Q,NS,EQTY,Y,2021-01-04,2025-12-31,1255,True,True,True,True
16066,55570,74587B10,74587B10,PLSE,Q,NS,EQTY,Y,2021-01-04,2025-12-31,1255,True,True,True,True
16068,55572,75615P10,,,X,,,N,2021-01-04,2023-09-26,687,True,True,True,False
16069,55573,30315R10,,,X,,,N,2021-01-04,2023-03-09,549,True,True,True,False
16076,55577,36251C10,,,X,,,N,2021-01-04,2025-09-04,1173,True,True,True,False
16082,55580,82982L10,82982L10,SITE,N,NS,EQTY,Y,2021-01-04,2025-12-31,1255,True,True,True,True
16083,55581,90041L10,90041L10,TPB,N,NS,EQTY,Y,2021-01-04,2025-12-31,1255,True,True,True,True
16087,55585,34959J10,34959J10,FTV,N,NS,EQTY,Y,2021-01-04,2025-12-31,1255,True,True,True,True
16090,55586,18506320,,,X,,,N,2021-01-04,2025-12-01,1234,True,True,True,False
16097,55587,41165Y10,,,X,,,N,2021-01-04,2025-11-03,1216,True,True,True,False
16099,55588,60855D40,60855D40,MBRX,Q,NS,EQTY,Y,2021-01-04,2025-12-31,1255,True,True,True,True
16111,55593,87184Q20,,,X,,,N,2021-01-04,2025-03-20,1058,True,True,True,False
16112,55594,92852W50,,,X,,,N,2021-01-04,2023-01-19,515,True,True,True,False
16119,55595,04764910,04764910,ATKR,N,NS,EQTY,Y,2021-01-04,2025-12-31,1255,True,True,True,True
16126,430,00247410,00247410,AZZ,N,NS,EQTY,Y,2021-01-04,2025-12-31,1255,True,True,True,True
16136,55599,37954A30,37954A30,GMRE,N,NS,EQTY,Y,2021-01-04,2025-12-31,1255,True,True,True,True
16140,55601,90138F10,90138F10,TWLO,N,NS,EQTY,Y,2021-01-04,2025-12-31,1255,True,True,True,True
16145,55592,81728J10,81728J10,SRTS,Q,NS,EQTY,Y,2021-01-04,2025-12-31,1255,True,True,True,True
16146,55606,03835L70,03835L70,APVO,Q,NS,EQTY,Y,2021-01-04,2025-12-31,1255,True,True,True,True
16158,53017,92531L20,,,X,,,N,2021-01-04,2022-03-31,314,True,True,True,False
16171,55617,49714P10,49714P10,KNSL,N,NS,EQTY,Y,2021-01-04,2025-12-31,1255,True,True,True,True
16178,55621,65440520,,,X,,,N,2021-01-04,2023-07-26,644,True,True,True,False
16181,55547,70387R40,70387R40,PAVM,Q,NS,EQTY,Y,2021-01-04,2025-12-31,1255,True,True,True,True
16183,55624,75237810,,,X,,,N,2021-01-04,2022-10-10,447,True,True,True,False
16186,55625,87357P10,87357P10,TCMD,Q,NS,EQTY,Y,2021-01-04,2025-12-31,1255,True,True,True,True
16247,55667,00938A10,00938A10,AIRG,Q,NS,EQTY,Y,2021-01-04,2025-12-31,1255,True,True,True,True
16250,55668,04965B10,04965B10,ATOM,Q,NS,EQTY,Y,2021-01-04,2025-12-31,1255,True,True,True,True
16252,55669,28264440,28264440,EKSO,Q,NS,EQTY,Y,2021-01-04,2025-12-31,1255,True,True,True,True
16253,55670,32051X10,32051X10,FHB,Q,NS,EQTY,Y,2021-01-04,2025-12-31,1255,True,True,True,True
16260,55672,58506Q10,58506Q10,MEDP,Q,NS,EQTY,Y,2021-01-04,2025-12-31,1255,True,True,True,True
16261,55620,45686J10,,,X,,,N,2021-01-04,2022-10-07,446,True,True,True,False
16263,55673,74366E10,74366E10,PTGX,Q,NS,EQTY,Y,2021-01-04,2025-12-31,1255,True,True,True,True
16276,55684,00773T10,00773T10,ASIX,N,NS,EQTY,Y,2021-01-04,2025-12-31,1255,True,True,True,True
16277,55685,25787G10,25787G10,DFIN,N,NS,EQTY,Y,2021-01-04,2025-12-31,1255,True,True,True,True
16284,55614,82900L10,82900L10,SMPL,Q,NS,EQTY,Y,2021-01-04,2025-12-31,1255,True,True,True,True
16285,55691,14070T10,,,X,,,N,2021-01-04,2024-04-01,815,True,True,True,False
16287,55692,29978A10,,,X,,,N,2021-01-04,2024-07-02,879,True,True,True,False
16290,55694,35966410,35966410,FLGT,Q,NS,EQTY,Y,2021-01-04,2025-12-31,1255,True,True,True,True
16303,55696,66988N20,,,X,,,N,2021-01-04,2023-07-26,644,True,True,True,False
16306,55699,86725N10,,,X,,,N,2021-01-04,2021-03-19,53,True,True,True,False
16309,55701,88339J10,88339J10,TTD,Q,NS,EQTY,Y,2021-01-04,2025-12-31,1255,True,True,True,True
16318,55704,26856L10,26856L10,ELF,N,NS,EQTY,Y,2021-01-04,2025-12-31,1255,True,True,True,True
16338,55711,92047W10,92047W10,VVV,N,NS,EQTY,Y,2021-01-04,2025-12-31,1255,True,True,True,True
16343,55716,98850P10,98850P10,YUMC,N,NS,EQTY,Y,2021-01-04,2025-12-31,1255,True,True,True,True
16347,55718,01387210,01387210,AA,N,NS,EQTY,Y,2021-01-04,2025-12-31,1255,True,True,True,True
16376,55743,78396V20,78396V20,WORX,Q,NS,EQTY,Y,2021-01-04,2025-12-31,1255,True,True,True,True
16381,55746,09239B10,09239B10,BL,Q,NS,EQTY,Y,2021-01-04,2025-12-31,1255,True,True,True,True
16384,55749,34960W10,,,X,,,N,2021-01-04,2022-03-18,305,True,True,True,False
16386,55752,45005610,45005610,IRTC,Q,NS,EQTY,Y,2021-01-04,2025-12-31,1255,True,True,True,True
16392,55754,30041T10,30041T10,MRAM,Q,NS,EQTY,Y,2021-01-04,2025-12-31,1255,True,True,True,True
16399,55759,78472M10,,,X,,,N,2021-01-04,2023-03-09,549,True,True,True,False
16400,55675,71948P20,71948P20,PHUN,Q,NS,EQTY,Y,2021-01-04,2025-12-31,1255,True,True,True,True
16417,714,74368L10,,,X,,,N,2021-01-04,2021-06-01,103,True,True,True,False
16432,20834,38255010,38255010,GT,Q,NS,EQTY,Y,2021-01-04,2025-12-31,1255,True,True,True,True
16434,55775,00509810,00509810,GOLF,N,NS,EQTY,Y,2021-01-04,2025-12-31,1255,True,True,True,True
16436,20221,03940R10,,,X,,,N,2021-01-04,2025-01-14,1022,True,True,True,False
16437,55777,13462K10,13462K10,CWH,N,NS,EQTY,Y,2021-01-04,2025-12-31,1257,True,True,True,True
16448,52847,80007P86,80007P86,SD,N,NS,EQTY,Y,2021-01-04,2025-12-31,1255,True,True,True,True
16458,55788,33939J30,,,X,,,N,2021-01-04,2025-10-23,1208,True,True,True,False
16463,55790,37229T50,37229T50,TOON,A,NS,EQTY,Y,2021-01-04,2025-12-31,1255,True,True,True,True
16465,55688,74275G10,74275G10,PRTH,Q,NS,EQTY,Y,2021-01-04,2025-12-31,1255,True,True,True,True
16471,55794,83191H10,83191H10,SND,Q,NS,EQTY,Y,2021-01-04,2025-12-31,1255,True,True,True,True
16472,55795,57055L20,57055L20,MRKR,Q,NS,EQTY,Y,2021-01-04,2025-12-31,1255,True,True,True,True
16497,55805,20678710,20678710,CNDT,Q,NS,EQTY,Y,2021-01-04,2025-12-31,1255,True,True,True,True
16499,55807,70051710,70051710,PK,N,NS,EQTY,Y,2021-01-04,2025-12-31,1257,True,True,True,True
16505,475,73317470,73317470,BPOP,Q,NS,EQTY,Y,2021-01-04,2025-12-31,1255,True,True,True,True
16515,55816,45781V10,45781V10,IIPR,N,NS,EQTY,Y,2021-01-04,2025-12-31,1255,True,True,True,True
16528,55824,73102V20,73102V20,POLA,Q,NS,EQTY,Y,2021-01-04,2025-12-31,1255,True,True,True,True
16532,55827,81720R60,81720R60,SNES,Q,NS,EQTY,Y,2021-01-04,2025-12-31,1255,True,True,True,True
16533,55828,83422360,83422360,SNGX,Q,NS,EQTY,Y,2021-01-04,2025-12-31,1255,True,True,True,True
16541,55834,03842K30,03842K30,AQB,Q,NS,EQTY,Y,2021-01-04,2025-12-31,1255,True,True,True,True
16543,55836,92214X10,92214X10,VREX,Q,NS,EQTY,Y,2021-01-04,2025-12-31,1255,True,True,True,True
16548,589,06254010,06254010,BOH,N,NS,EQTY,Y,2021-01-04,2025-12-31,1255,True,True,True,True
16554,55841,47580P10,47580P10,JELD,N,NS,EQTY,Y,2021-01-04,2025-12-31,1255,True,True,True,True
16555,21838,91345610,91345610,UVV,N,NS,EQTY,Y,2021-01-04,2025-12-31,1255,True,True,True,True
16560,55844,74952710,74952710,REVG,N,NS,EQTY,Y,2021-01-04,2025-12-31,1255,True,True,True,True
16577,55856,18885T30,18885T30,CLPR,N,NS,EQTY,Y,2021-01-04,2025-12-31,1255,True,True,True,True
16579,55857,35039210,,,X,,,N,2021-01-04,2021-01-29,19,True,True,True,False
16581,55858,46187W10,46187W10,INVH,N,NS,EQTY,Y,2021-01-04,2025-12-31,1255,True,True,True,True
16585,55861,78590A10,78590A10,SACH,A,NS,EQTY,Y,2021-01-04,2025-12-31,1255,True,True,True,True
16590,55863,44953810,,,X,,,N,2021-01-04,2021-11-23,226,True,True,True,False
16591,12654,51861320,51861320,LAUR,Q,NS,EQTY,Y,2021-01-04,2025-12-31,1255,True,True,True,True
16593,55865,65019410,,,X,,,N,2021-01-04,2022-09-08,424,True,True,True,False
16595,55867,83304A10,83304A10,SNAP,N,NS,EQTY,Y,2021-01-04,2025-12-31,1255,True,True,True,True
16597,55869,02156B10,,,X,,,N,2021-01-04,2024-03-19,807,True,True,True,False
16600,20906,42786610,42786610,HSY,N,NS,EQTY,Y,2021-01-04,2025-12-31,1255,True,True,True,True
16611,55874,46620W20,46620W20,JILL,N,NS,EQTY,Y,2021-01-04,2025-12-31,1255,True,True,True,True
16622,55880,87407Q20,,,X,,,N,2021-01-04,2023-09-18,681,True,True,True,False
16625,55883,00973N10,,,X,,,N,2021-01-04,2024-12-18,997,True,True,True,False
16632,55886,40749710,40749710,HLNE,Q,NS,EQTY,Y,2021-01-04,2025-12-31,1255,True,True,True,True
16638,55890,65342T10,65342T10,NODK,Q,NS,EQTY,Y,2021-01-04,2025-12-31,1255,True,True,True,True
16649,55899,67929510,67929510,OKTA,Q,NS,EQTY,Y,2021-01-04,2025-12-31,1255,True,True,True,True
16653,55901,93627C10,93627C10,HCC,N,NS,EQTY,Y,2021-01-04,2025-12-31,1255,True,True,True,True
16654,55903,12739A10,,,X,,,N,2021-01-04,2021-10-29,209,True,True,True,False
16657,55906,18914U10,,,X,,,N,2021-01-04,2021-10-08,194,True,True,True,False
16659,55907,28621V10,,,X,,,N,2021-01-04,2023-02-28,542,True,True,True,False
16660,55908,29103W10,29103W10,EEX,N,NS,EQTY,Y,2021-01-04,2025-12-31,1255,True,True,True,True
16664,55909,33975010,33975010,FND,N,NS,EQTY,Y,2021-01-04,2025-12-31,1255,True,True,True,True
16667,55911,81617J30,81617J30,WTTR,N,NS,EQTY,Y,2021-01-04,2025-12-31,1255,True,True,True,True
16670,55914,68337340,,,X,,,N,2021-01-04,2025-08-18,1161,True,True,True,False
16671,55915,00832E10,00832E10,AFBI,Q,NS,EQTY,Y,2021-01-04,2025-12-31,1255,True,True,True,True
16675,55918,62887720,62887720,NCSM,Q,NS,EQTY,Y,2021-01-04,2025-12-31,1255,True,True,True,True
16676,55919,69324R10,,,X,,,N,2021-01-04,2023-01-03,505,True,True,True,False
16678,21068,50104410,50104410,KR,N,NS,EQTY,Y,2021-01-04,2025-12-31,1255,True,True,True,True
16690,21368,38241084,,,X,,,N,2021-01-04,2021-12-23,247,True,True,True,False
16691,55927,48251K10,48251K10,KREF,N,NS,EQTY,Y,2021-01-04,2025-12-31,1255,True,True,True,True
16692,55928,45687V10,45687V10,IR,N,NS,EQTY,Y,2021-01-04,2025-12-31,1255,True,True,True,True
16696,55930,14575E10,14575E10,CARS,N,NS,EQTY,Y,2021-01-04,2025-12-31,1255,True,True,True,True
16698,55932,03782L10,03782L10,APPN,Q,NS,EQTY,Y,2021-01-04,2025-12-31,1255,True,True,True,True
16703,55935,30779N10,30779N10,FMAO,Q,NS,EQTY,Y,2021-01-04,2025-12-31,1256,True,True,True,True
16705,55936,3621LQ10,,,X,,,N,2021-01-04,2024-09-18,933,True,True,True,False
16709,55940,69046910,69046910,OVID,Q,NS,EQTY,Y,2021-01-04,2025-12-31,1255,True,True,True,True
16712,55943,92347M10,92347M10,VERI,Q,NS,EQTY,Y,2021-01-04,2025-12-31,1255,True,True,True,True
16736,55954,92840M10,92840M10,VST,N,NS,EQTY,Y,2021-01-04,2025-12-31,1255,True,True,True,True
16738,55956,03676B10,03676B10,AM,N,NS,EQTY,Y,2021-01-04,2025-12-31,1255,True,True,True,True
16753,55965,02156K10,02156K10,OPTU,N,NS,EQTY,Y,2021-01-04,2025-12-31,1255,True,True,True,True
16756,55968,12441110,12441110,BY,N,NS,EQTY,Y,2021-01-04,2025-12-31,1255,True,True,True,True
16764,55969,38741L10,38741L10,GPMT,N,NS,EQTY,Y,2021-01-04,2025-12-31,1255,True,True,True,True
16770,55975,78645L10,,,X,,,N,2021-01-04,2023-03-31,565,True,True,True,False
16771,55962,55966310,55966310,MGY,N,NS,EQTY,Y,2021-01-04,2025-12-31,1255,True,True,True,True
16776,55978,00887A20,00887A20,RNTX,Q,NS,EQTY,Y,2021-01-04,2025-12-31,1255,True,True,True,True
16778,55980,05360L40,,,X,,,N,2021-01-04,2025-03-19,1057,True,True,True,False
16779,55982,10104410,10104410,BOC,N,NS,EQTY,Y,2021-01-04,2025-12-31,1255,True,True,True,True
16781,55984,16282820,,,X,,,N,2021-01-04,2025-05-30,1108,True,True,True,False
16784,55987,29667J10,29667J10,ESQ,Q,NS,EQTY,Y,2021-01-04,2025-12-31,1255,True,True,True,True
16792,55991,59045L20,59045L20,MRSN,Q,NS,EQTY,Y,2021-01-04,2025-12-31,1255,True,True,True,True
16795,55992,82452L50,,,X,,,N,2021-01-04,2024-10-28,961,True,True,True,False
16805,55994,82536T10,82536T10,SSTI,Q,NS,EQTY,Y,2021-01-04,2025-12-31,1255,True,True,True,True
16813,55998,87266M10,87266M10,TRTX,N,NS,EQTY,Y,2021-01-04,2025-12-31,1256,True,True,True,True
16816,56000,10922N10,10922N10,BHF,Q,NS,EQTY,Y,2021-01-04,2025-12-31,1255,True,True,True,True
16819,56003,19188U20,19188U20,CODA,Q,NS,EQTY,Y,2021-01-04,2025-12-31,1255,True,True,True,True
16820,56004,18976310,18976310,CODX,Q,NS,EQTY,Y,2021-01-04,2025-12-31,1255,True,True,True,True
16827,56012,71639T10,,,X,,,N,2021-01-04,2024-10-25,960,True,True,True,False
16828,56013,74930B10,74930B10,RBB,Q,NS,EQTY,Y,2021-01-04,2025-12-31,1255,True,True,True,True
16829,56014,75737F10,,,X,,,N,2021-01-04,2025-07-01,1128,True,True,True,False
16834,56016,90238J10,,,X,,,N,2021-01-04,2022-09-19,431,True,True,True,False
16837,56019,09630810,,,X,,,N,2021-01-04,2024-01-17,764,True,True,True,False
16851,56027,26614N10,26614N10,DD,N,NS,EQTY,Y,2021-01-04,2025-12-31,1255,True,True,True,True
16853,56029,74179A10,74179A10,BPRN,Q,NS,EQTY,Y,2021-01-04,2025-12-31,1255,True,True,True,True
16857,56031,17322U30,17322U30,CTXR,Q,NS,EQTY,Y,2021-01-04,2025-12-31,1255,True,True,True,True
16866,56036,75282U10,75282U10,RNGR,N,NS,EQTY,Y,2021-01-04,2025-12-31,1255,True,True,True,True
16874,55976,00436Q10,00436Q10,ACEL,N,NS,EQTY,Y,2021-01-04,2025-12-31,1255,True,True,True,True
16880,55985,24984K10,,,X,,,N,2021-01-04,2024-06-27,876,True,True,True,False
16883,56045,16842Q10,,,X,,,N,2021-01-04,2024-07-03,880,True,True,True,False
16895,56007,20670410,20670410,BBCP,Q,NS,EQTY,Y,2021-01-04,2025-12-31,1255,True,True,True,True
16903,56049,62818Q30,62818Q30,MBIO,Q,NS,EQTY,Y,2021-01-04,2025-12-31,1255,True,True,True,True
16904,56050,68375010,,,X,,,N,2021-01-04,2023-03-02,545,True,True,True,False
16911,56017,03038220,,,X,,,N,2021-01-04,2023-01-20,516,True,True,True,False
16915,56053,23258P10,,,X,,,N,2021-01-04,2022-09-01,420,True,True,True,False
16917,56055,09215C10,,,X,,,N,2021-01-04,2023-09-05,673,True,True,True,False
16922,56042,40417F10,40417F10,HFFG,Q,NS,EQTY,Y,2021-01-04,2025-12-31,1255,True,True,True,True
16924,56059,24344T10,,,X,,,N,2021-01-04,2024-06-11,865,True,True,True,False
16927,56061,03958720,,,X,,,N,2021-01-04,2024-05-01,837,True,True,True,False
16928,56062,50114710,50114710,KRYS,Q,NS,EQTY,Y,2021-01-04,2025-12-31,1255,True,True,True,True
16932,56066,77543R10,77543R10,ROKU,Q,NS,EQTY,Y,2021-01-04,2025-12-31,1255,True,True,True,True
16939,56071,57778K10,,,X,,,N,2021-01-04,2023-05-03,587,True,True,True,False
16961,56079,27923Q10,27923Q10,ECVT,N,NS,EQTY,Y,2021-01-04,2025-12-31,1255,True,True,True,True
16964,56082,92766K40,92766K40,SPCE,N,NS,EQTY,Y,2021-01-04,2025-12-31,1255,True,True,True,True
16965,56083,34623210,34623210,FOR,N,NS,EQTY,Y,2021-01-04,2025-12-31,1255,True,True,True,True
16967,56085,14178810,14178810,CARG,Q,NS,EQTY,Y,2021-01-04,2025-12-31,1255,True,True,True,True
16968,56086,60937P10,60937P10,MDB,Q,NS,EQTY,Y,2021-01-04,2025-12-31,1255,True,True,True,True
16971,56087,63845R10,63845R10,EYE,Q,NS,EQTY,Y,2021-01-04,2025-12-31,1255,True,True,True,True
16976,56091,13215210,,,X,,,N,2021-01-04,2024-07-15,887,True,True,True,False
16982,56094,31609R10,31609R10,FDBC,Q,NS,EQTY,Y,2021-01-04,2025-12-31,1255,True,True,True,True
16983,56095,30260M10,,,X,,,N,2021-01-04,2023-02-14,533,True,True,True,False
16991,56101,58844R10,58844R10,MBIN,Q,NS,EQTY,Y,2021-01-04,2025-12-31,1255,True,True,True,True
16995,56103,73234410,73234410,PDLB,Q,NS,EQTY,Y,2021-01-04,2025-12-31,1255,True,True,True,True
17005,21185,12665010,12665010,CVS,N,NS,EQTY,Y,2021-01-04,2025-12-31,1255,True,True,True,True
17034,56117,02136910,,,X,,,N,2021-01-04,2025-03-26,1062,True,True,True,False
17035,56118,30057T10,,,X,,,N,2021-01-04,2023-05-24,602,True,True,True,False
17037,56120,78781P10,,,X,,,N,2021-01-04,2022-08-16,408,True,True,True,False
17038,56121,86089710,86089710,SFIX,Q,NS,EQTY,Y,2021-01-04,2025-12-31,1255,True,True,True,True
17039,56122,21893710,21893710,CNR,N,NS,EQTY,Y,2021-01-04,2025-12-31,1255,True,True,True,True
17041,56124,63008J88,63008J88,FEED,Q,NS,EQTY,Y,2021-01-04,2025-12-31,1255,True,True,True,True
17042,56125,01811910,,,X,,,N,2021-01-04,2022-09-08,424,True,True,True,False
17044,56127,84833T10,84833T10,SPRO,Q,NS,EQTY,Y,2021-01-04,2025-12-31,1255,True,True,True,True
17047,56130,09629F10,,,X,,,N,2021-01-04,2021-05-06,86,True,True,True,False
17090,56138,70214110,,,X,,,N,2021-01-04,2023-12-27,751,True,True,True,False
17104,56148,03753U10,03753U10,APLS,Q,NS,EQTY,Y,2021-01-04,2025-12-31,1255,True,True,True,True
17106,56150,05988J10,05988J10,BAND,Q,NS,EQTY,Y,2021-01-04,2025-12-31,1255,True,True,True,True
17108,56153,85892710,85892710,STEL,N,NS,EQTY,Y,2021-01-04,2025-12-31,1255,True,True,True,True
17117,56158,58958P10,58958P10,MRBK,Q,NS,EQTY,Y,2021-01-04,2025-12-31,1256,True,True,True,True
17121,56160,85917W10,,,X,,,N,2021-01-04,2025-04-01,1066,True,True,True,False
17122,56161,81064810,,,X,,,N,2021-01-04,2025-10-07,1197,True,True,True,False
17125,56163,24823R10,24823R10,DNLI,Q,NS,EQTY,Y,2021-01-04,2025-12-31,1255,True,True,True,True
17126,56164,65158N10,65158N10,NMRK,Q,NS,EQTY,Y,2021-01-04,2025-12-31,1255,True,True,True,True
17133,56168,03763A20,03763A20,ASTH,Q,NS,EQTY,Y,2021-01-04,2025-12-31,1255,True,True,True,True
17135,56169,14713L10,,,X,,,N,2021-01-04,2024-04-05,819,True,True,True,False
17139,56170,19249J30,,,X,,,N,2021-01-04,2023-11-29,732,True,True,True,False
17140,56171,25686H30,25686H30,DLPN,Q,NS,EQTY,Y,2021-01-04,2025-12-31,1255,True,True,True,True
17144,20798,37033410,37033410,GIS,N,NS,EQTY,Y,2021-01-04,2025-12-31,1255,True,True,True,True
17148,56176,55055010,,,X,,,N,2021-01-04,2024-03-01,795,True,True,True,False
17151,56179,55381010,55381010,MVBF,Q,NS,EQTY,Y,2021-01-04,2025-12-31,1255,True,True,True,True
17154,56180,67607910,,,X,,,N,2021-01-04,2022-01-18,263,True,True,True,False
17201,56115,92854210,,,X,,,N,2021-01-04,2023-03-10,550,True,True,True,False
17226,56213,03064D10,03064D10,COLD,N,NS,EQTY,Y,2021-01-04,2025-12-31,1255,True,True,True,True
17234,56216,05351X10,,,X,,,N,2021-01-04,2023-02-15,534,True,True,True,False
17245,56192,48337920,,,X,,,N,2021-01-04,2023-10-05,694,True,True,True,False
17251,56220,65441V10,65441V10,NINE,N,NS,EQTY,Y,2021-01-04,2025-12-31,1255,True,True,True,True
17252,56221,72814N10,,,X,,,N,2021-01-04,2025-07-01,1128,True,True,True,False
17269,56236,64044220,,,X,,,N,2021-01-04,2024-01-05,757,True,True,True,False
17270,56237,75941910,75941910,REKR,Q,NS,EQTY,Y,2021-01-04,2025-12-31,1255,True,True,True,True
17271,56238,83422E20,83422E20,SLDB,Q,NS,EQTY,Y,2021-01-04,2025-12-31,1255,True,True,True,True
17273,56240,30283W30,,,X,,,N,2021-01-04,2022-03-07,296,True,True,True,False
17281,56251,12720310,12720310,WHD,N,NS,EQTY,Y,2021-01-04,2025-12-31,1255,True,True,True,True
17307,56259,92565210,92565210,VICI,N,NS,EQTY,Y,2021-01-04,2025-12-31,1255,True,True,True,True
17309,56223,75321W10,75321W10,PACK,N,NS,EQTY,Y,2021-01-04,2025-12-31,1255,True,True,True,True
17313,56265,09354A10,09354A10,BLNK,Q,NS,EQTY,Y,2021-01-04,2025-12-31,1255,True,True,True,True
17317,56270,30052C10,30052C10,EOLS,Q,NS,EQTY,Y,2021-01-04,2025-12-31,1255,True,True,True,True
17323,56273,53814X30,53814X30,LVO,Q,NS,EQTY,Y,2021-01-04,2025-12-31,1255,True,True,True,True
17325,56275,62014P50,,,X,,,N,2021-01-04,2024-04-16,826,True,True,True,False
17341,56287,98980G10,98980G10,ZS,Q,NS,EQTY,Y,2021-01-04,2025-12-31,1255,True,True,True,True
17342,56288,26210C10,26210C10,DBX,Q,NS,EQTY,Y,2021-01-04,2025-12-31,1255,True,True,True,True
17345,56290,81722530,81722530,AIHS,Q,NS,EQTY,Y,2021-01-04,2025-12-31,1255,True,True,True,True
17350,56293,10862110,10862110,BWB,Q,NS,EQTY,Y,2021-01-04,2025-12-31,1255,True,True,True,True
17357,56230,87615L10,87615L10,TH,Q,NS,EQTY,Y,2021-01-04,2025-12-31,1255,True,True,True,True
17359,56297,30257810,,,X,,,N,2021-01-04,2024-07-01,878,True,True,True,False
17360,56298,37244630,37244630,GNPX,Q,NS,EQTY,Y,2021-01-04,2025-12-31,1255,True,True,True,True
17361,56232,40619L20,,,X,,,N,2021-01-04,2025-06-27,1126,True,True,True,False
17368,56301,67109R10,67109R10,OPBK,Q,NS,EQTY,Y,2021-01-04,2025-12-31,1255,True,True,True,True
17369,56302,12122L10,,,X,,,N,2021-01-04,2024-09-23,936,True,True,True,False
17370,56303,68619K30,,,X,,,N,2021-01-04,2024-10-21,956,True,True,True,False
17372,56305,19240Q20,19240Q20,COGT,Q,NS,EQTY,Y,2021-01-04,2025-12-31,1255,True,True,True,True
17373,56306,92827K30,92827K30,VTSI,Q,NS,EQTY,Y,2021-01-04,2025-12-31,1255,True,True,True,True
17374,56308,03969F10,03969F10,RCUS,N,NS,EQTY,Y,2021-01-04,2025-12-31,1255,True,True,True,True
17478,21179,78409V10,78409V10,SPGI,N,NS,EQTY,Y,2021-01-04,2025-12-31,1255,True,True,True,True
17677,4255,08986R40,08986R40,BH,N,NS,EQTY,Y,2021-01-04,2025-12-31,1255,True,True,True,True
17679,56331,12326C10,12326C10,BFST,Q,NS,EQTY,Y,2021-01-04,2025-12-31,1255,True,True,True,True
17680,56332,09074B10,,,X,,,N,2021-01-04,2022-06-17,368,True,True,True,False
17683,56334,19764110,19764110,CLBK,Q,NS,EQTY,Y,2021-01-04,2025-12-31,1255,True,True,True,True
17685,56335,25616310,25616310,DOCU,Q,NS,EQTY,Y,2021-01-04,2025-12-31,1255,True,True,True,True
17688,56337,38267D10,38267D10,GSHD,Q,NS,EQTY,Y,2021-01-04,2025-12-31,1255,True,True,True,True
17691,56339,65487K10,65487K10,LASR,Q,NS,EQTY,Y,2021-01-04,2025-12-31,1255,True,True,True,True
17692,56340,52730D20,,,X,,,N,2021-01-04,2022-04-01,316,True,True,True,False
17695,56344,86877M20,,,X,,,N,2021-01-04,2023-09-08,676,True,True,True,False
17750,21055,49436810,49436810,KMB,Q,NS,EQTY,Y,2021-01-04,2025-12-31,1255,True,True,True,True
17778,540,08467010,08467010,BRK,N,NS,EQTY,Y,2021-01-04,2025-12-31,1255,True,True,True,True
17783,56347,15872M10,,,X,,,N,2021-01-04,2025-07-16,1138,True,True,True,False
17787,56352,29452E10,29452E10,EQH,N,NS,EQTY,Y,2021-01-04,2025-12-31,1255,True,True,True,True
17788,56353,72941B10,,,X,,,N,2021-01-04,2021-04-06,64,True,True,True,False
17789,56354,21872L10,,,X,,,N,2021-01-04,2022-03-03,294,True,True,True,False
17790,56355,26927E10,,,X,,,N,2021-01-04,2023-03-24,560,True,True,True,False
17792,56357,71534710,,,X,,,N,2021-01-04,2021-05-07,87,True,True,True,False
17794,56358,98311A10,98311A10,WH,N,NS,EQTY,Y,2021-01-04,2025-12-31,1255,True,True,True,True
17795,56359,39572G10,,,X,,,N,2021-01-04,2022-03-30,313,True,True,True,False
17798,56362,31948P10,,,X,,,N,2021-01-04,2021-07-22,139,True,True,True,False
17799,56363,45773010,45773010,INSP,N,NS,EQTY,Y,2021-01-04,2025-12-31,1255,True,True,True,True
17800,56364,07272M10,07272M10,BCML,Q,NS,EQTY,Y,2021-01-04,2025-12-31,1255,True,True,True,True
17802,56366,84861D10,,,X,,,N,2021-01-04,2022-04-11,321,True,True,True,False
17803,56367,47632P10,47632P10,JRSH,Q,NS,EQTY,Y,2021-01-04,2025-12-31,1255,True,True,True,True
17813,56373,29415J10,29415J10,NVNO,Q,NS,EQTY,Y,2021-01-04,2025-12-31,1255,True,True,True,True
17818,56376,68621T10,68621T10,OBK,N,NS,EQTY,Y,2021-01-04,2025-12-31,1255,True,True,True,True
17825,56381,91381U20,,,X,,,N,2021-01-04,2025-07-09,1133,True,True,True,False
17826,56383,92733020,,,X,,,N,2021-01-04,2023-07-28,646,True,True,True,False
17830,21832,75513E10,75513E10,RTX,N,NS,EQTY,Y,2021-01-04,2025-12-31,1255,True,True,True,True
17855,56390,05338G10,,,X,,,N,2021-01-04,2022-10-19,453,True,True,True,False
17859,56392,92336X10,,,X,,,N,2021-01-04,2022-04-01,315,True,True,True,False
17860,56393,76133Q10,,,X,,,N,2021-01-04,2022-04-07,319,True,True,True,False
17864,56394,05550J10,05550J10,BJ,N,NS,EQTY,Y,2021-01-04,2025-12-31,1255,True,True,True,True
17868,56396,03836N10,,,X,,,N,2021-01-04,2023-05-19,599,True,True,True,False
17876,56401,25755410,25755410,DOMO,Q,NS,EQTY,Y,2021-01-04,2025-12-31,1255,True,True,True,True
17878,56403,28249H10,,,X,,,N,2021-01-04,2021-01-26,16,True,True,True,False
17885,56408,39540F30,39540F30,GRNQ,Q,NS,EQTY,Y,2021-01-04,2025-12-31,1255,True,True,True,True
17887,56411,46571Y10,46571Y10,IIIV,Q,NS,EQTY,Y,2021-01-04,2025-12-31,1255,True,True,True,True
17900,56423,89610F10,,,X,,,N,2021-01-04,2023-01-24,518,True,True,True,False
17901,56379,54570M30,54570M30,SEGG,Q,NS,EQTY,Y,2021-01-04,2025-12-31,1255,True,True,True,True
17908,56428,98422E10,98422E10,XERS,Q,NS,EQTY,Y,2021-01-04,2025-12-31,1255,True,True,True,True
17919,56430,29670E10,29670E10,EPRT,N,NS,EQTY,Y,2021-01-04,2025-12-31,1255,True,True,True,True
17929,21794,90268110,90268110,UGI,N,NS,EQTY,Y,2021-01-04,2025-12-31,1255,True,True,True,True
17942,56438,49271V10,49271V10,KDP,Q,NS,EQTY,Y,2021-01-04,2025-12-31,1255,True,True,True,True
17944,56441,88025T10,88025T10,TENB,Q,NS,EQTY,Y,2021-01-04,2025-12-31,1255,True,True,True,True
17947,56440,78116T10,,,X,,,N,2021-01-04,2023-03-07,547,True,True,True,False
17950,56444,34417P10,,,X,,,N,2021-01-04,2023-08-31,670,True,True,True,False
17951,56446,00688A20,00688A20,ADIL,Q,NS,EQTY,Y,2021-01-04,2025-12-31,1255,True,True,True,True
17952,56447,02607T10,,,X,,,N,2021-01-04,2023-09-12,677,True,True,True,False
17955,56449,03843E10,03843E10,AQST,Q,NS,EQTY,Y,2021-01-04,2025-12-31,1255,True,True,True,True
17956,56450,08579X10,,,X,,,N,2021-01-04,2025-12-18,1254,True,True,True,False
17957,56451,19046P20,19046P20,CCB,Q,NS,EQTY,Y,2021-01-04,2025-12-31,1255,True,True,True,True
17958,56452,21037310,,,X,,,N,2021-01-04,2021-07-15,134,True,True,True,False
17959,56453,22663K10,22663K10,CRNX,Q,NS,EQTY,Y,2021-01-04,2025-12-31,1255,True,True,True,True
17969,56458,59548Q10,,,X,,,N,2021-01-04,2023-08-15,658,True,True,True,False
17970,56459,33751L10,33751L10,MYFW,Q,NS,EQTY,Y,2021-01-04,2025-12-31,1255,True,True,True,True
17973,56462,74374N10,,,X,,,N,2021-01-04,2023-04-27,583,True,True,True,False
17977,56465,88688T20,88688T20,TLRY,Q,NS,EQTY,Y,2021-01-04,2025-12-31,1255,True,True,True,True
18011,56473,83570H10,83570H10,SONO,Q,NS,EQTY,Y,2021-01-04,2025-12-31,1255,True,True,True,True
18013,56475,04206A10,04206A10,ARLO,N,NS,EQTY,Y,2021-01-04,2025-12-31,1255,True,True,True,True
18043,56481,02267110,02267110,AMAL,Q,NS,EQTY,Y,2021-01-04,2025-12-31,1255,True,True,True,True
18044,56482,04033410,,,X,,,N,2021-01-04,2023-07-19,639,True,True,True,False
18048,56485,48253L20,48253L20,KLXE,Q,NS,EQTY,Y,2021-01-04,2025-12-31,1255,True,True,True,True
18049,56487,02357610,02357610,AMTB,N,NS,EQTY,Y,2021-01-04,2025-12-31,1255,True,True,True,True
18050,56487,02357620,,,X,,,Y,2021-01-04,2021-11-18,223,True,True,True,False
18053,56489,76940Q10,,,X,,,N,2021-01-04,2021-12-01,231,True,True,True,False
18055,56491,81612030,,,X,,,N,2021-01-04,2021-10-21,203,True,True,True,False
18058,56495,70451A10,70451A10,PAYS,Q,NS,EQTY,Y,2021-01-04,2025-12-31,1255,True,True,True,True
18062,56498,28414H10,28414H10,ELAN,N,NS,EQTY,Y,2021-01-04,2025-12-31,1255,True,True,True,True
18063,56499,29975E10,29975E10,EB,N,NS,EQTY,Y,2021-01-04,2025-12-31,1255,True,True,True,True
18064,56500,35905A10,35905A10,FTDR,Q,NS,EQTY,Y,2021-01-04,2025-12-31,1255,True,True,True,True
18091,20546,23156110,23156110,CW,N,NS,EQTY,Y,2021-01-04,2025-12-31,1255,True,True,True,True
18098,56512,05073420,05073420,AEYE,Q,NS,EQTY,Y,2021-01-04,2025-12-31,1255,True,True,True,True
18102,56483,09075F40,09075F40,BNGO,Q,NS,EQTY,Y,2021-01-04,2025-12-31,1255,True,True,True,True
18106,56516,06652N10,06652N10,BSVN,Q,NS,EQTY,Y,2021-01-04,2025-12-31,1255,True,True,True,True
18107,56517,1248XT10,,,X,,,N,2021-01-04,2021-11-01,210,True,True,True,False
18108,56518,13973710,13973710,CBNK,Q,NS,EQTY,Y,2021-01-04,2025-12-31,1255,True,True,True,True
18113,56520,29361410,,,X,,,N,2021-01-04,2022-07-11,382,True,True,True,False
18114,56484,87663X10,,,X,,,N,2021-01-04,2023-07-12,634,True,True,True,False
18115,56521,36120Q10,36120Q10,FVCB,Q,NS,EQTY,Y,2021-01-04,2025-12-31,1255,True,True,True,True
18116,56523,39868T10,,,X,,,N,2021-01-04,2024-10-22,957,True,True,True,False
18128,56528,86936720,86936720,STRO,Q,NS,EQTY,Y,2021-01-04,2025-12-31,1255,True,True,True,True
18133,56532,98424110,,,X,,,N,2021-01-04,2025-09-16,1181,True,True,True,False
18134,56533,91688F10,91688F10,UPWK,Q,NS,EQTY,Y,2021-01-04,2025-12-31,1255,True,True,True,True
18135,56534,40131M10,40131M10,GH,Q,NS,EQTY,Y,2021-01-04,2025-12-31,1255,True,True,True,True
18137,56536,01977010,01977010,ALLO,Q,NS,EQTY,Y,2021-01-04,2025-12-31,1255,True,True,True,True
18138,56537,53814L10,,,X,,,N,2021-01-04,2024-01-04,756,True,True,True,False
18144,56541,03965310,03965310,ACA,N,NS,EQTY,Y,2021-01-04,2025-12-31,1255,True,True,True,True
18145,56542,98585X10,98585X10,YETI,N,NS,EQTY,Y,2021-01-04,2025-12-31,1255,True,True,True,True
18150,56546,29460010,,,X,,,N,2021-01-04,2024-07-22,892,True,True,True,False
18162,56547,92259F10,,,X,,,N,2021-01-04,2023-02-13,532,True,True,True,False
18163,21446,74271810,74271810,PG,N,NS,EQTY,Y,2021-01-04,2025-12-31,1255,True,True,True,True
18183,56550,83417Q20,,,X,,,N,2021-01-04,2025-04-16,1077,True,True,True,False
18184,56480,33813J10,,,X,,,N,2021-01-04,2024-03-26,812,True,True,True,False
18190,56556,05465P10,,,X,,,N,2021-01-04,2024-11-15,975,True,True,True,False
18191,56557,06211J10,06211J10,BFC,Q,NS,EQTY,Y,2021-01-04,2025-12-31,1256,True,True,True,True
18192,56558,39813G10,39813G10,GDYN,Q,NS,EQTY,Y,2021-01-04,2025-12-31,1255,True,True,True,True
18203,56563,50015M10,50015M10,KOD,Q,NS,EQTY,Y,2021-01-04,2025-12-31,1255,True,True,True,True
18205,56564,54142F10,,,X,,,N,2021-01-04,2022-11-16,473,True,True,True,False
18210,56569,71722410,,,X,,,N,2021-01-04,2022-11-03,464,True,True,True,False
18212,56571,82570410,82570410,SIBN,Q,NS,EQTY,Y,2021-01-04,2025-12-31,1255,True,True,True,True
18214,56573,90184D10,90184D10,TWST,Q,NS,EQTY,Y,2021-01-04,2025-12-31,1255,True,True,True,True
18215,56496,76152G10,76152G10,RVPH,Q,NS,EQTY,Y,2021-01-04,2025-12-31,1255,True,True,True,True
18248,56553,91809010,91809010,UTZ,N,NS,EQTY,Y,2021-01-04,2025-12-31,1258,True,True,True,True
18253,56585,05344R30,05344R30,ALBT,Q,NS,EQTY,Y,2021-01-04,2025-12-31,1255,True,True,True,True
18257,56588,29772L10,29772L10,ETON,Q,NS,EQTY,Y,2021-01-04,2025-12-31,1255,True,True,True,True
18267,55676,24703L20,24703L20,DELL,N,NS,EQTY,Y,2021-01-04,2025-12-31,1255,True,True,True,True
18311,56610,52472M10,52472M10,LEGH,Q,NS,EQTY,Y,2021-01-04,2025-12-31,1255,True,True,True,True
18312,56611,60770K10,60770K10,MRNA,Q,NS,EQTY,Y,2021-01-04,2025-12-31,1255,True,True,True,True
18320,56592,89157G86,,,X,,,N,2021-01-04,2024-08-09,906,True,True,True,False
18325,56618,01643A30,,,X,,,N,2021-01-04,2024-02-06,778,True,True,True,False
18327,56619,22304C10,,,X,,,N,2021-01-04,2022-10-13,449,True,True,True,False
18356,56626,28253R10,,,X,,,N,2021-01-04,2025-03-10,1050,True,True,True,False
18357,56586,04943010,,,X,,,N,2021-01-04,2023-04-19,577,True,True,True,False
18360,56605,36831E10,36831E10,GCMG,Q,NS,EQTY,Y,2021-01-04,2025-12-31,1255,True,True,True,True
18361,56589,70434P10,,,X,,,N,2021-01-04,2023-02-22,538,True,True,True,False
18369,56630,76209310,76209310,RBKB,Q,NS,EQTY,Y,2021-01-04,2025-12-31,1255,True,True,True,True
18376,56632,01444210,01444210,ALEC,Q,NS,EQTY,Y,2021-01-04,2025-12-31,1255,True,True,True,True
18401,56647,41358P20,,,X,,,N,2021-01-04,2024-03-11,801,True,True,True,False
18402,56649,44148G20,44148G20,HOTH,Q,NS,EQTY,Y,2021-01-04,2025-12-31,1255,True,True,True,True
18405,56650,44967K30,,,X,,,N,2021-01-04,2025-03-26,1062,True,True,True,False
18406,56651,45782T10,45782T10,INMB,Q,NS,EQTY,Y,2021-01-04,2025-12-31,1255,True,True,True,True
18408,56653,48334710,,,X,,,N,2021-01-04,2022-04-18,325,True,True,True,False
18411,21640,84258710,84258710,SO,N,NS,EQTY,Y,2021-01-04,2025-12-31,1255,True,True,True,True
18414,56657,83425110,,,X,,,N,2021-01-04,2021-12-16,242,True,True,True,False
18415,56658,87808K10,,,X,,,N,2021-01-04,2023-06-01,607,True,True,True,False
18418,56660,98986M10,,,X,,,N,2021-01-04,2025-12-24,1252,True,True,True,False
18422,33864,22058710,,,X,,,N,2021-01-04,2021-11-01,212,True,True,True,False
18424,25260,52736R10,52736R10,LEVI,N,NS,EQTY,Y,2021-01-04,2025-12-31,1255,True,True,True,True
18428,56668,26055710,26055710,DOW,N,NS,EQTY,Y,2021-01-04,2025-12-31,1255,True,True,True,True
18438,21665,85566810,,,X,,,N,2021-01-04,2024-05-23,853,True,True,True,False
18452,56673,55087P10,55087P10,LYFT,Q,NS,EQTY,Y,2021-01-04,2025-12-31,1255,True,True,True,True
18453,56646,55042430,,,X,,,N,2021-01-04,2025-12-24,1251,True,True,True,False
18456,56679,82489T10,,,X,,,N,2021-01-04,2024-05-31,858,True,True,True,False
18458,56683,74019P20,74019P20,DTIL,Q,NS,EQTY,Y,2021-01-04,2025-12-31,1255,True,True,True,True
18459,56685,14610310,14610310,CARE,Q,NS,EQTY,Y,2021-01-04,2025-12-31,1255,True,True,True,True
18461,56625,86368520,,,X,,,N,2021-01-04,2025-02-06,1029,True,True,True,False
18482,56688,69553P10,69553P10,PD,N,NS,EQTY,Y,2021-01-04,2025-12-31,1255,True,True,True,True
18484,56690,98980L10,98980L10,ZM,Q,NS,EQTY,Y,2021-01-04,2025-12-31,1255,True,True,True,True
18485,56691,72352L10,72352L10,PINS,N,NS,EQTY,Y,2021-01-04,2025-12-31,1255,True,True,True,True
18515,56693,10918L10,,,X,,,N,2021-01-04,2022-12-29,508,True,True,True,False
18539,56638,44910910,44910910,HYLN,A,NS,EQTY,Y,2021-01-04,2025-12-31,1255,True,True,True,True
18542,20408,14912310,14912310,CAT,N,NS,EQTY,Y,2021-01-04,2025-12-31,1255,True,True,True,True
18546,56639,14255210,,,X,,,N,2021-01-04,2022-12-09,489,True,True,True,False
18549,56675,53838L10,,,X,,,N,2021-01-04,2023-12-26,750,True,True,True,False
18555,56702,40145Q50,,,X,,,N,2021-01-04,2024-10-14,951,True,True,True,False
18556,56703,39533050,39533050,GNLN,Q,NS,EQTY,Y,2021-01-04,2025-12-31,1255,True,True,True,True
18558,56676,13803R30,,,X,,,N,2021-01-04,2025-01-29,1023,True,True,True,False
18560,56705,56064Y10,56064Y10,MNSB,Q,NS,EQTY,Y,2021-01-04,2025-12-31,1255,True,True,True,True
18561,56706,62921N10,,,X,,,N,2021-01-04,2024-04-05,819,True,True,True,False
18563,56708,69753M10,69753M10,PLMR,Q,NS,EQTY,Y,2021-01-04,2025-12-31,1255,True,True,True,True
18567,56712,90041T10,,,X,,,N,2021-01-04,2022-08-17,409,True,True,True,False
18575,56718,70202L10,70202L10,PSN,N,NS,EQTY,Y,2021-01-04,2025-12-31,1255,True,True,True,True
18576,56719,90353T10,90353T10,UBER,N,NS,EQTY,Y,2021-01-04,2025-12-31,1255,True,True,True,True
18578,56720,50050N10,50050N10,KTB,N,NS,EQTY,Y,2021-01-04,2025-12-31,1255,True,True,True,True
18579,56721,05352A10,05352A10,AVTR,N,NS,EQTY,Y,2021-01-04,2025-12-31,1255,True,True,True,True
18580,56722,31188V10,31188V10,FSLY,Q,NS,EQTY,Y,2021-01-04,2025-12-31,1255,True,True,True,True
18592,56723,22052L10,22052L10,CTVA,N,NS,EQTY,Y,2021-01-04,2025-12-31,1255,True,True,True,True
18643,56732,08862L20,08862L20,XAIR,Q,NS,EQTY,Y,2021-01-04,2025-12-31,1255,True,True,True,True
18644,56733,03828A10,03828A10,APLT,Q,NS,EQTY,Y,2021-01-04,2025-12-31,1255,True,True,True,True
18646,56735,05454B20,,,X,,,N,2021-01-04,2023-11-24,729,True,True,True,False
18649,21414,10969610,10969610,BCO,N,NS,EQTY,Y,2021-01-04,2025-12-31,1255,True,True,True,True
18652,56739,35352510,35352510,FRAF,Q,NS,EQTY,Y,2021-01-04,2025-12-31,1255,True,True,True,True
18656,56743,45166A10,45166A10,IDYA,Q,NS,EQTY,Y,2021-01-04,2025-12-31,1255,True,True,True,True
18664,56748,65343E20,65343E20,NXTC,Q,NS,EQTY,Y,2021-01-04,2025-12-31,1255,True,True,True,True
18668,56751,75686R20,75686R20,RRBI,Q,NS,EQTY,Y,2021-01-04,2025-12-31,1255,True,True,True,True
18671,56754,83946P10,83946P10,SPFI,Q,NS,EQTY,Y,2021-01-04,2025-12-31,1255,True,True,True,True
18676,56757,89377M10,89377M10,TMDX,Q,NS,EQTY,Y,2021-01-04,2025-12-31,1255,True,True,True,True
18709,56762,57860510,57860510,MEC,N,NS,EQTY,Y,2021-01-04,2025-12-31,1255,True,True,True,True
18715,56763,73757R10,73757R10,PSTL,N,NS,EQTY,Y,2021-01-04,2025-12-31,1255,True,True,True,True
18725,56768,76156B10,76156B10,RVLV,N,NS,EQTY,Y,2021-01-04,2025-12-31,1255,True,True,True,True
18726,56769,22788C10,22788C10,CRWD,Q,NS,EQTY,Y,2021-01-04,2025-12-31,1255,True,True,True,True
18727,56770,16679L10,16679L10,CHWY,N,NS,EQTY,Y,2021-01-04,2025-12-31,1255,True,True,True,True
18729,20473,19416210,19416210,CL,N,NS,EQTY,Y,2021-01-04,2025-12-31,1255,True,True,True,True
18734,56773,83088V10,,,X,,,N,2021-01-04,2021-07-21,139,True,True,True,False
18735,56774,39874R10,39874R10,GO,Q,NS,EQTY,Y,2021-01-04,2025-12-31,1255,True,True,True,True
18736,56775,44925310,,,X,,,N,2021-01-04,2023-03-21,558,True,True,True,False
18769,56786,00650F10,00650F10,ADPT,Q,NS,EQTY,Y,2021-01-04,2025-12-31,1255,True,True,True,True
18770,56787,10806X10,10806X10,BBIO,Q,NS,EQTY,Y,2021-01-04,2025-12-31,1255,True,True,True,True
18772,56789,00973Y10,,,X,,,N,2021-01-04,2025-12-09,1241,True,True,True,False
18774,56791,04965G10,,,X,,,N,2021-01-04,2024-03-19,807,True,True,True,False
18776,56742,45258J10,45258J10,IMVT,Q,NS,EQTY,Y,2021-01-04,2025-12-31,1255,True,True,True,True
18777,56794,48576A10,,,X,,,N,2021-01-04,2024-03-18,806,True,True,True,False
18780,56796,02156U20,02156U20,ATER,Q,NS,EQTY,Y,2021-01-04,2025-12-31,1255,True,True,True,True
18782,56797,74140Y10,,,X,,,N,2021-01-04,2021-01-22,15,True,True,True,False
18786,56802,04546L10,,,X,,,N,2021-01-04,2024-09-05,924,True,True,True,False
18787,56803,58402110,,,X,,,N,2021-01-04,2021-10-29,209,True,True,True,False
18806,56807,18507C10,18507C10,CLPT,Q,NS,EQTY,Y,2021-01-04,2025-12-31,1255,True,True,True,True
18808,56809,71944F10,71944F10,PHR,N,NS,EQTY,Y,2021-01-04,2025-12-31,1255,True,True,True,True
18810,56811,74349J10,,,X,,,N,2021-01-04,2021-08-04,148,True,True,True,False
18832,56824,14843C10,14843C10,CSTL,Q,NS,EQTY,Y,2021-01-04,2025-12-31,1255,True,True,True,True
18835,56738,26142V10,26142V10,DKNG,Q,NS,EQTY,Y,2021-01-04,2025-12-31,1255,True,True,True,True
18838,56828,35961610,35961610,FULC,Q,NS,EQTY,Y,2021-01-04,2025-12-31,1255,True,True,True,True
18847,56833,72356110,72356110,PBFS,Q,NS,EQTY,Y,2021-01-04,2025-12-31,1255,True,True,True,True
18851,56834,76525P10,76525P10,RMBI,Q,NS,EQTY,Y,2021-01-04,2025-12-31,1255,True,True,True,True
18852,56800,11778X10,,,X,,,N,2021-01-04,2022-12-16,494,True,True,True,False
18853,56835,90070A10,,,X,,,N,2021-01-04,2022-11-21,476,True,True,True,False
18856,56838,98379L10,98379L10,XPEL,Q,NS,EQTY,Y,2021-01-04,2025-12-31,1255,True,True,True,True
18886,56857,26815010,26815010,DT,N,NS,EQTY,Y,2021-01-04,2025-12-31,1255,True,True,True,True
18895,56860,22766M10,,,X,,,N,2021-01-04,2025-03-03,1045,True,True,True,False
18898,56863,50127010,50127010,KRUS,Q,NS,EQTY,Y,2021-01-04,2025-12-31,1255,True,True,True,True
18899,45536,64067140,64067140,NEPH,Q,NS,EQTY,Y,2021-01-04,2025-12-31,1255,True,True,True,True
18903,56869,92347D10,,,X,,,N,2021-01-04,2024-06-28,877,True,True,True,False
18907,56872,83192H10,,,X,,,N,2021-01-04,2023-10-04,693,True,True,True,False
18908,56873,88025U10,88025U10,TXG,Q,NS,EQTY,Y,2021-01-04,2025-12-31,1255,True,True,True,True
18909,56874,18915M10,18915M10,NET,N,NS,EQTY,Y,2021-01-04,2025-12-31,1255,True,True,True,True
18910,56875,29415F10,29415F10,NVST,N,NS,EQTY,Y,2021-01-04,2025-12-31,1255,True,True,True,True
18911,56876,23804L10,23804L10,DDOG,Q,NS,EQTY,Y,2021-01-04,2025-12-31,1255,True,True,True,True
18912,56877,72341T10,,,X,,,N,2021-01-04,2022-10-18,452,True,True,True,False
18913,56878,70805E10,70805E10,PNTG,Q,NS,EQTY,Y,2021-01-04,2025-12-31,1255,True,True,True,True
18915,56879,15672710,15672710,CRNC,Q,NS,EQTY,Y,2021-01-04,2025-12-31,1255,True,True,True,True
18940,56886,70614W10,70614W10,PTON,Q,NS,EQTY,Y,2021-01-04,2025-12-31,1255,True,True,True,True
18941,56887,01446U10,01446U10,ALRS,Q,NS,EQTY,Y,2021-01-04,2025-12-31,1255,True,True,True,True
18953,56823,00791N10,00791N10,ADV,Q,NS,EQTY,Y,2021-01-04,2025-12-31,1255,True,True,True,True
18955,56890,44958510,,,X,,,N,2021-01-04,2025-08-14,1160,True,True,True,False
18960,56893,80405P10,,,X,,,N,2021-01-04,2023-06-08,613,True,True,True,False
18967,56896,07982310,,,X,,,N,2021-01-04,2022-03-11,301,True,True,True,False
18973,7113,10467410,10467410,BRC,N,NS,EQTY,Y,2021-01-04,2025-12-31,1255,True,True,True,True
18997,56905,03836J20,03836J20,APRE,Q,NS,EQTY,Y,2021-01-04,2025-12-31,1255,True,True,True,True
19002,56907,05589G10,05589G10,BWIN,Q,NS,EQTY,Y,2021-01-04,2025-12-31,1255,True,True,True,True
19004,56908,12674W10,12674W10,CABA,Q,NS,EQTY,Y,2021-01-04,2025-12-31,1255,True,True,True,True
19011,56911,G4289N12,G4289N12,PAVS,Q,NS,EQTY,N,2021-01-04,2025-12-31,1255,True,True,True,True
19012,56912,40411110,40411110,HBT,Q,NS,EQTY,Y,2021-01-04,2025-12-31,1255,True,True,True,True
19015,56915,59165J10,59165J10,MCBS,Q,NS,EQTY,Y,2021-01-04,2025-12-31,1255,True,True,True,True
19016,56916,69242L10,,,X,,,N,2021-01-04,2023-01-03,505,True,True,True,False
19017,56917,71722W10,71722W10,PHAT,Q,NS,EQTY,Y,2021-01-04,2025-12-31,1255,True,True,True,True
19021,56919,75382E20,75382E20,RAPT,Q,NS,EQTY,Y,2021-01-04,2025-12-31,1255,True,True,True,True
19022,56920,05380C10,05380C10,RCEL,Q,NS,EQTY,Y,2021-01-04,2025-12-31,1255,True,True,True,True
19024,56921,75955J40,75955J40,RLMD,Q,NS,EQTY,Y,2021-01-04,2025-12-31,1255,True,True,True,True
19026,56922,87241J20,,,X,,,N,2021-01-04,2024-12-13,994,True,True,True,False
19031,56923,92661310,,,X,,,N,2021-01-04,2021-03-15,49,True,True,True,False
19032,56924,92764N10,92764N10,VIR,Q,NS,EQTY,Y,2021-01-04,2025-12-31,1255,True,True,True,True
19033,56925,11135B10,,,X,,,N,2021-01-04,2023-05-31,606,True,True,True,False
19034,56926,07160F40,,,X,,,N,2021-01-04,2023-11-16,724,True,True,True,False
19037,56927,02083X10,02083X10,PINE,N,NS,EQTY,Y,2021-01-04,2025-12-31,1255,True,True,True,True
19058,56932,82837P40,,,X,,,N,2021-01-04,2023-05-11,593,True,True,True,False
19081,56955,82982T10,82982T10,SITM,Q,NS,EQTY,Y,2021-01-04,2025-12-31,1255,True,True,True,True
19106,56930,48205G10,,,X,,,N,2021-01-04,2021-06-08,108,True,True,True,False
19136,56946,42309B60,,,X,,,N,2021-01-04,2023-12-20,747,True,True,True,False
19137,56971,39986L10,39986L10,GRWG,Q,NS,EQTY,Y,2021-01-04,2025-12-31,1255,True,True,True,True
19139,56975,53952P10,,,X,,,N,2021-01-04,2022-08-25,415,True,True,True,False
19140,56950,52178J30,,,X,,,N,2021-01-04,2025-01-17,1016,True,True,True,False
19142,56978,61023L20,61023L20,MNPR,Q,NS,EQTY,Y,2021-01-04,2025-12-31,1255,True,True,True,True
19143,56979,29073410,,,X,,,N,2021-01-04,2023-10-17,702,True,True,True,False
19145,56980,85209W10,85209W10,SPT,Q,NS,EQTY,Y,2021-01-04,2025-12-31,1255,True,True,True,True
19149,56983,03615A10,03615A10,ANVS,N,NS,EQTY,Y,2021-01-04,2025-12-31,1255,True,True,True,True
19166,20681,30249130,30249130,FMC,N,NS,EQTY,Y,2021-01-04,2025-12-31,1255,True,True,True,True
19172,56990,92262D10,92262D10,VEL,N,NS,EQTY,Y,2021-01-04,2025-12-31,1255,True,True,True,True
19176,56992,09203E10,09203E10,BDTX,Q,NS,EQTY,Y,2021-01-04,2025-12-31,1255,True,True,True,True
19177,56993,68269G10,,,X,,,N,2021-01-04,2023-02-23,539,True,True,True,False
19178,56994,76171L10,76171L10,REYN,Q,NS,EQTY,Y,2021-01-04,2025-12-31,1255,True,True,True,True
19184,56997,03969K10,03969K10,ARQT,Q,NS,EQTY,Y,2021-01-04,2025-12-31,1255,True,True,True,True
19185,56998,09723510,09723510,BSBK,Q,NS,EQTY,Y,2021-01-04,2025-12-31,1255,True,True,True,True
19186,56938,12558Y10,,,X,,,N,2021-01-04,2022-04-25,330,True,True,True,False
19187,56999,18452B20,18452B20,CLSK,Q,NS,EQTY,Y,2021-01-04,2025-12-31,1255,True,True,True,True
19188,57000,17187C10,,,X,,,N,2021-01-04,2023-02-06,527,True,True,True,False
19189,56972,78472F10,,,X,,,N,2021-01-04,2022-04-06,318,True,True,True,False
19196,56952,73324510,73324510,PRCH,Q,NS,EQTY,Y,2021-01-04,2025-12-31,1255,True,True,True,True
19197,56954,23130Q10,23130Q10,CURI,Q,NS,EQTY,Y,2021-01-04,2025-12-31,1255,True,True,True,True
19199,14304,69355F10,,,X,,,N,2021-01-04,2021-12-08,236,True,True,True,False
19200,57007,80810D10,80810D10,SDGR,Q,NS,EQTY,Y,2021-01-04,2025-12-31,1255,True,True,True,True
19201,57008,76155X10,76155X10,RVMD,Q,NS,EQTY,Y,2021-01-04,2025-12-31,1255,True,True,True,True
19202,57010,14762610,,,X,,,N,2021-01-04,2022-01-25,268,True,True,True,False
19225,57015,65342V10,65342V10,NREF,N,NS,EQTY,Y,2021-01-04,2025-12-31,1259,True,True,True,True
19228,57019,07373V10,07373V10,BEAM,Q,NS,EQTY,Y,2021-01-04,2025-12-31,1255,True,True,True,True
19230,56969,L0423Q12,,,X,,,N,2021-01-04,2024-01-30,773,True,True,True,False
19231,57021,17038610,17038610,COFS,Q,NS,EQTY,Y,2021-01-04,2025-12-31,1255,True,True,True,True
19232,57022,26604240,26604240,DUOT,Q,NS,EQTY,Y,2021-01-04,2025-12-31,1255,True,True,True,True
19249,57027,80880X10,80880X10,SCNX,Q,NS,EQTY,Y,2021-01-04,2025-12-31,1255,True,True,True,True
19251,57030,70271220,70271220,PASG,Q,NS,EQTY,Y,2021-01-04,2025-12-31,1255,True,True,True,True
19252,57031,74313910,,,X,,,N,2021-01-04,2023-02-01,524,True,True,True,False
19271,644,10876310,10876310,BRID,Q,NS,EQTY,Y,2021-01-04,2025-12-31,1255,True,True,True,True
19283,57034,03966V10,,,X,,,N,2021-01-04,2023-08-18,661,True,True,True,False
19286,57037,68902V10,68902V10,OTIS,N,NS,EQTY,Y,2021-01-04,2025-12-31,1255,True,True,True,True
19310,57050,13005U10,,,X,,,N,2021-01-04,2024-08-01,900,True,True,True,False
19331,57011,62548M20,62548M20,CTEV,N,NS,EQTY,Y,2021-01-04,2025-12-31,1255,True,True,True,True
19338,57039,83067L20,83067L20,SKLZ,N,NS,EQTY,Y,2021-01-04,2025-12-31,1255,True,True,True,True
19348,57066,29667K60,,,X,,,N,2021-01-04,2024-02-21,788,True,True,True,False
19350,20566,24419910,24419910,DE,N,NS,EQTY,Y,2021-01-04,2025-12-31,1255,True,True,True,True
19357,57071,81630730,81630730,SLQT,N,NS,EQTY,Y,2021-01-04,2025-12-31,1255,True,True,True,True
19358,57072,45332Y10,,,X,,,N,2021-01-04,2025-02-19,1037,True,True,True,False
19388,57078,23627240,,,X,,,N,2021-01-04,2024-12-31,1005,True,True,True,False
19392,57083,05465V10,,,X,,,N,2021-01-04,2023-01-19,515,True,True,True,False
19393,20331,11012210,11012210,BMY,N,NS,EQTY,Y,2021-01-04,2025-12-31,1255,True,True,True,True
19396,57086,70213Q10,,,X,,,N,2021-01-04,2023-12-01,735,True,True,True,False
19401,57053,92731L30,,,X,,,N,2021-01-04,2025-04-23,1081,True,True,True,False
19402,57089,55234L20,55234L20,LYRA,Q,NS,EQTY,Y,2021-01-04,2025-12-31,1255,True,True,True,True
19403,46685,93455020,93455020,WMG,Q,NS,EQTY,Y,2021-01-04,2025-12-31,1255,True,True,True,True
19404,57092,82452J10,82452J10,FOUR,N,NS,EQTY,Y,2021-01-04,2025-12-31,1255,True,True,True,True
19409,57095,05478C10,,,X,,,N,2021-01-04,2025-07-01,1129,True,True,True,False
19410,57096,34633R10,,,X,,,N,2021-01-04,2022-10-14,450,True,True,True,False
19413,57098,01309110,01309110,ACI,N,NS,EQTY,Y,2021-01-04,2025-12-31,1255,True,True,True,True
19433,57062,55336810,55336810,MP,N,NS,EQTY,Y,2021-01-04,2025-12-31,1255,True,True,True,True
19455,57064,68371210,68371210,OPEN,Q,NS,EQTY,Y,2021-01-04,2025-12-31,1257,True,True,True,True
19460,57108,00702588,00702588,ADTX,Q,NS,EQTY,Y,2021-01-04,2025-12-31,1255,True,True,True,True
19461,57109,00973J10,,,X,,,N,2021-01-04,2022-12-01,484,True,True,True,False
19462,57110,03824M10,,,X,,,N,2021-01-04,2023-12-27,751,True,True,True,False
19469,57084,19424L10,,,X,,,N,2021-01-04,2021-04-06,64,True,True,True,False
19476,57119,37148K20,37148K20,GBIO,Q,NS,EQTY,Y,2021-01-04,2025-12-31,1255,True,True,True,True
19479,57123,51654W10,51654W10,LTRN,Q,NS,EQTY,Y,2021-01-04,2025-12-31,1255,True,True,True,True
19484,57126,92243G10,92243G10,PCVX,Q,NS,EQTY,Y,2021-01-04,2025-12-31,1255,True,True,True,True
19486,57128,74319F40,,,X,,,N,2021-01-04,2024-12-11,992,True,True,True,False
19488,57130,05370A10,05370A10,RNA,Q,NS,EQTY,Y,2021-01-04,2025-12-31,1255,True,True,True,True
19497,57137,52567D10,52567D10,LMND,N,NS,EQTY,Y,2021-01-04,2025-12-31,1255,True,True,True,True
19499,57138,65487U10,65487U10,NKTX,Q,NS,EQTY,Y,2021-01-04,2025-12-31,1255,True,True,True,True
19501,57140,75943R10,75943R10,RLAY,Q,NS,EQTY,Y,2021-01-04,2025-12-31,1255,True,True,True,True
19502,21881,93142710,,,X,,,N,2021-01-04,2025-08-28,1170,True,True,True,False
19504,57141,08431010,,,X,,,N,2021-01-04,2023-10-02,691,True,True,True,False
19505,57142,47074L10,47074L10,JAMF,Q,NS,EQTY,Y,2021-01-04,2025-12-31,1255,True,True,True,True
19506,57143,92538J10,92538J10,VERX,Q,NS,EQTY,Y,2021-01-04,2025-12-31,1255,True,True,True,True
19519,57076,34431F10,,,X,,,N,2021-01-04,2021-07-06,127,True,True,True,False
19534,57152,61511110,61511110,MEG,N,NS,EQTY,Y,2021-01-04,2025-12-31,1255,True,True,True,True
19541,57161,92847W10,92847W10,VITL,Q,NS,EQTY,Y,2021-01-04,2025-12-31,1255,True,True,True,True
19542,57164,00166B10,00166B10,ALXO,Q,NS,EQTY,Y,2021-01-04,2025-12-31,1255,True,True,True,True
19549,57114,67054R20,67054R20,NUKK,Q,NS,EQTY,Y,2021-01-04,2025-12-31,1255,True,True,True,True
19561,20315,09702310,09702310,BA,N,NS,EQTY,Y,2021-01-04,2025-12-31,1255,True,True,True,True
19566,57182,67080M10,67080M10,NRIX,Q,NS,EQTY,Y,2021-01-04,2025-12-31,1255,True,True,True,True
19572,57189,89457R10,,,X,,,N,2021-01-04,2023-04-21,579,True,True,True,False
19575,57192,08975P10,08975P10,CMRC,Q,NS,EQTY,Y,2021-01-04,2025-12-31,1255,True,True,True,True
19576,57193,75010210,75010210,RXT,Q,NS,EQTY,Y,2021-01-04,2025-12-31,1255,True,True,True,True
19578,57195,26412010,,,X,,,N,2021-01-04,2023-03-30,564,True,True,True,False
19601,57208,64119V30,64119V30,NTST,N,NS,EQTY,Y,2021-01-04,2025-12-31,1255,True,True,True,True
19605,57212,67181A10,,,X,,,N,2021-01-04,2023-05-02,586,True,True,True,False
19619,57223,00511110,,,X,,,N,2021-01-04,2024-05-09,843,True,True,True,False
19631,57238,41150T30,,,X,,,N,2021-01-04,2023-12-21,748,True,True,True,False
19632,57240,43114Q10,43114Q10,HPK,Q,NS,EQTY,Y,2021-01-04,2025-12-31,1256,True,True,True,True
19635,57241,41319710,41319710,HRMY,Q,NS,EQTY,Y,2021-01-04,2025-12-31,1255,True,True,True,True
19639,57244,45720L10,,,X,,,N,2021-01-04,2024-05-30,859,True,True,True,False
19640,57245,50116V10,,,X,,,N,2021-01-04,2023-11-17,725,True,True,True,False
19652,57253,92840T10,,,X,,,N,2021-01-04,2022-02-04,276,True,True,True,False
19653,57254,69014520,69014520,OM,Q,NS,EQTY,Y,2021-01-04,2025-12-31,1255,True,True,True,True
19654,57255,83344510,83344510,SNOW,N,NS,EQTY,Y,2021-01-04,2025-12-31,1255,True,True,True,True
19657,57258,03044L20,03044L20,AMWL,N,NS,EQTY,Y,2021-01-04,2025-12-31,1255,True,True,True,True
19658,57259,11135E20,11135E20,BNL,N,NS,EQTY,Y,2021-01-04,2025-12-31,1255,True,True,True,True
19660,57261,86646P10,,,X,,,N,2021-01-04,2023-05-12,594,True,True,True,False
19681,57328,74065P10,74065P10,PRLD,Q,NS,EQTY,Y,2021-01-04,2025-12-31,1255,True,True,True,True
19682,57327,69353Y10,69353Y10,PMVP,Q,NS,EQTY,Y,2021-01-04,2025-12-31,1255,True,True,True,True
19721,20851,92552R40,92552R40,PRSU,N,NS,EQTY,Y,2021-01-04,2025-12-31,1255,True,True,True,True
19752,13960,24790A10,,,X,,,N,2021-01-04,2023-11-02,714,True,True,True,False
19767,57206,36201910,,,X,,,N,2021-01-04,2022-08-17,409,True,True,True,False
19787,57153,69375F10,,,X,,,N,2021-01-04,2021-09-30,188,True,True,True,False
19788,57309,69608A10,69608A10,PLTR,Q,NS,EQTY,Y,2021-01-04,2025-12-31,1255,True,True,True,True
19789,57155,71531R10,,,X,,,N,2021-01-04,2022-07-26,393,True,True,True,False
19794,57313,91332U10,91332U10,U,N,NS,EQTY,Y,2021-01-04,2025-12-31,1255,True,True,True,True
19807,57315,92888110,92888110,VNT,N,NS,EQTY,Y,2021-01-04,2025-12-31,1255,True,True,True,True
19808,57162,68622D10,68622D10,ORGN,Q,NS,EQTY,Y,2021-01-04,2025-12-31,1255,True,True,True,True
19811,57332,03109420,03109420,AMST,Q,NS,EQTY,Y,2021-01-04,2025-12-31,1255,True,True,True,True
19812,57333,04746L20,04746L20,ATHA,Q,NS,EQTY,Y,2021-01-04,2025-12-31,1255,True,True,True,True
19814,57335,09074F50,09074F50,BIVI,Q,NS,EQTY,Y,2021-01-04,2025-12-31,1255,True,True,True,True
19818,57336,08265T20,08265T20,BSY,Q,NS,EQTY,Y,2021-01-04,2025-12-31,1255,True,True,True,True
19823,57342,22526510,,,X,,,N,2021-01-04,2022-09-07,423,True,True,True,False
19825,57343,26818M10,26818M10,DYN,Q,NS,EQTY,Y,2021-01-04,2025-12-31,1255,True,True,True,True
19827,57171,26873Y10,,,X,,,N,2021-01-04,2022-09-06,422,True,True,True,False
19828,20550,95058W10,95058W10,WEN,Q,NS,EQTY,Y,2021-01-04,2025-12-31,1255,True,True,True,True
19831,57346,39687910,39687910,GLSI,Q,NS,EQTY,Y,2021-01-04,2025-12-31,1255,True,True,True,True
19832,57347,37367860,37367860,GOVX,Q,NS,EQTY,Y,2021-01-04,2025-12-31,1255,True,True,True,True
19834,57237,38286410,,,X,,,N,2021-01-04,2021-08-05,149,True,True,True,False
19837,57351,59101E10,,,X,,,N,2021-01-04,2023-02-09,530,True,True,True,False
19849,55216,86627T10,86627T10,SMMT,Q,NS,EQTY,Y,2021-01-04,2025-12-31,1255,True,True,True,True
19854,57369,27627N10,27627N10,EBC,Q,NS,EQTY,Y,2021-01-04,2025-12-31,1255,True,True,True,True
19856,57371,23821D10,,,X,,,N,2021-01-04,2022-06-23,371,True,True,True,False
19857,57372,57906310,,,X,,,N,2021-01-04,2022-03-01,292,True,True,True,False
19867,57376,04906P10,,,X,,,N,2021-01-04,2022-10-06,444,True,True,True,False
19875,57202,23327710,,,X,,,N,2021-01-04,2021-04-21,75,True,True,True,False
19880,678,57632310,57632310,MTZ,N,NS,EQTY,Y,2021-01-04,2025-12-31,1255,True,True,True,True
19886,57203,31187510,,,X,,,N,2021-01-04,2022-08-26,416,True,True,True,False
19891,57204,34432810,,,X,,,N,2021-01-04,2021-03-31,61,True,True,True,False
19894,57385,36803610,,,X,,,N,2021-01-04,2025-01-16,1015,True,True,True,False
19911,57210,66516T10,,,X,,,N,2021-01-04,2021-05-07,87,True,True,True,False
19918,57393,78472W10,,,X,,,N,2021-01-04,2023-07-05,629,True,True,True,False
19919,57213,85859N30,85859N30,STEM,N,NS,EQTY,Y,2021-01-04,2025-12-31,1255,True,True,True,True
19937,57416,52706420,52706420,LESL,Q,NS,EQTY,Y,2021-01-04,2025-12-31,1255,True,True,True,True
19938,57417,01749D10,01749D10,ALGM,Q,NS,EQTY,Y,2021-01-04,2025-12-31,1255,True,True,True,True
19945,57424,00402L10,00402L10,ASO,Q,NS,EQTY,Y,2021-01-04,2025-12-31,1255,True,True,True,True
19953,57431,12529R10,12529R10,CCCC,Q,NS,EQTY,Y,2021-01-04,2025-12-31,1255,True,True,True,True
19962,57438,34417410,34417410,FHTX,Q,NS,EQTY,Y,2021-01-04,2025-12-31,1255,True,True,True,True
19964,57439,33836P10,,,X,,,N,2021-01-04,2022-10-18,452,True,True,True,False
19972,57350,45635710,,,X,,,N,2021-01-04,2021-10-08,194,True,True,True,False
19979,57449,74584810,74584810,LUNG,Q,NS,EQTY,Y,2021-01-04,2025-12-31,1255,True,True,True,True
19981,57456,68236R10,,,X,,,N,2021-01-04,2023-06-21,620,True,True,True,False
19993,57463,85209E20,85209E20,SPRB,Q,NS,EQTY,Y,2021-01-04,2025-12-31,1255,True,True,True,True
19995,57466,87650L10,87650L10,TARS,Q,NS,EQTY,Y,2021-01-04,2025-12-31,1255,True,True,True,True
19996,57468,88602920,88602920,THRY,Q,NS,EQTY,Y,2021-01-04,2025-12-31,1255,True,True,True,True
19997,57471,89002320,89002320,TOMZ,Q,NS,EQTY,Y,2021-01-04,2025-12-31,1255,True,True,True,True
20053,781,87161C50,87161C50,SNV,N,NS,EQTY,Y,2021-01-04,2025-12-31,1255,True,True,True,True
20057,57529,92556V10,92556V10,VTRS,Q,NS,EQTY,Y,2021-01-04,2025-12-31,1255,True,True,True,True
20058,57530,68062P10,68062P10,OLMA,Q,NS,EQTY,Y,2021-01-04,2025-12-31,1255,True,True,True,True
20059,57531,56600D10,56600D10,MRVI,Q,NS,EQTY,Y,2021-01-04,2025-12-31,1255,True,True,True,True
20062,57532,83601L10,83601L10,SHC,Q,NS,EQTY,Y,2021-01-04,2025-12-31,1255,True,True,True,True
20064,57533,00258W10,,,X,,,N,2021-01-04,2024-10-04,945,True,True,True,False
20078,57300,29465E10,,,X,,,N,2021-01-04,2022-09-19,431,True,True,True,False
20081,57302,30158L10,,,X,,,N,2021-01-04,2022-10-25,457,True,True,True,False
20083,57383,33765Y10,,,X,,,N,2021-01-04,2022-03-29,312,True,True,True,False
20106,57394,84918M10,,,X,,,N,2021-01-04,2022-01-28,271,True,True,True,False
20117,6702,53815P10,53815P10,RAMP,N,NS,EQTY,Y,2021-01-04,2025-12-31,1255,True,True,True,True
20135,57555,71678J30,,,X,,,N,2021-01-04,2025-05-22,1102,True,True,True,False
20136,57329,74374T10,,,X,,,N,2021-01-04,2023-08-17,660,True,True,True,False
20146,57345,71367G10,71367G10,PWP,Q,NS,EQTY,Y,2021-01-04,2025-12-31,1255,True,True,True,True
20148,57443,44953410,,,X,,,N,2021-01-04,2023-01-12,511,True,True,True,False
20150,57567,44984F80,44984F80,IVF,Q,NS,EQTY,Y,2021-01-04,2025-12-31,1255,True,True,True,True
20152,57568,47760M10,,,X,,,N,2021-01-04,2022-11-25,479,True,True,True,False
20154,57569,53931930,53931930,LIXT,Q,NS,EQTY,Y,2021-01-04,2025-12-31,1255,True,True,True,True
20156,57453,56120410,,,X,,,N,2021-01-04,2022-05-02,335,True,True,True,False
20158,57352,66120410,,,X,,,N,2021-01-04,2022-10-03,441,True,True,True,False
20161,53438,67421520,67421520,CHRD,Q,NS,EQTY,Y,2021-01-04,2025-12-31,1264,True,True,True,True
20166,57462,75622910,,,X,,,N,2021-01-04,2022-10-05,443,True,True,True,False
20172,57359,23284C10,,,X,,,N,2021-01-04,2023-06-15,617,True,True,True,False
20173,57580,87969B10,87969B10,TLS,Q,NS,EQTY,Y,2021-01-04,2025-12-31,1255,True,True,True,True
20174,57470,84677L10,,,X,,,N,2021-01-04,2021-10-29,209,True,True,True,False
20177,57362,90117G10,,,X,,,N,2021-01-04,2021-08-31,167,True,True,True,False
20186,57585,49705R10,,,X,,,N,2021-01-04,2024-04-03,818,True,True,True,False
20189,57587,25809K10,25809K10,DASH,Q,NS,EQTY,Y,2021-01-04,2025-12-31,1255,True,True,True,True
20190,57588,00906610,00906610,ABNB,Q,NS,EQTY,Y,2021-01-04,2025-12-31,1255,True,True,True,True
20191,57589,03750L10,,,X,,,N,2021-01-04,2024-06-28,877,True,True,True,False
20193,57590,12468P10,12468P10,AI,N,NS,EQTY,Y,2021-01-04,2025-12-31,1255,True,True,True,True
20196,57593,91680M10,91680M10,UPST,Q,NS,EQTY,Y,2021-01-04,2025-12-31,1255,True,True,True,True
20204,20531,22444110,22444110,CXT,N,NS,EQTY,Y,2021-01-04,2025-12-31,1255,True,True,True,True
20209,57380,23344P10,,,X,,,N,2021-01-04,2022-08-08,402,True,True,True,False
20280,57614,09077B10,09077B10,BCAB,Q,NS,EQTY,Y,2021-01-04,2025-12-31,1255,True,True,True,True
20282,57558,10676210,,,X,,,N,2021-01-04,2024-05-29,856,True,True,True,False
20284,57559,08772B10,,,X,,,N,2021-01-04,2023-07-11,633,True,True,True,False
20288,57621,23254X20,,,X,,,N,2021-01-04,2025-03-26,1062,True,True,True,False
20290,57434,44951Y20,,,X,,,N,2021-01-04,2025-01-31,1025,True,True,True,False
20292,57626,35104E10,35104E10,FDMT,Q,NS,EQTY,Y,2021-01-04,2025-12-31,1255,True,True,True,True
20302,57448,52470X10,,,X,,,N,2021-01-04,2022-10-25,457,True,True,True,False
20303,57450,55068A10,,,X,,,N,2021-01-04,2022-10-31,461,True,True,True,False
20304,57452,61265710,,,X,,,N,2021-01-04,2021-10-01,189,True,True,True,False
20305,57638,65443P10,65443P10,MASS,Q,NS,EQTY,Y,2021-01-04,2025-12-31,1255,True,True,True,True
20313,57573,67113Q10,,,X,,,N,2021-01-04,2022-05-20,349,True,True,True,False
20315,57650,74467Q10,74467Q10,PUBM,Q,NS,EQTY,Y,2021-01-04,2025-12-31,1255,True,True,True,True
20322,57578,75724T10,,,X,,,N,2021-01-04,2022-08-11,405,True,True,True,False
20323,57658,82657L20,,,X,,,N,2021-01-04,2023-08-11,657,True,True,True,False
20333,57666,21077C30,,,X,,,N,2021-01-04,2025-06-04,1110,True,True,True,False
20339,57669,00827B10,00827B10,AFRM,Q,NS,EQTY,Y,2021-01-13,2025-12-31,1248,True,True,True,True
20340,57670,73739W10,,,X,,,N,2021-01-14,2023-01-05,498,True,True,True,False
20341,57671,71601V10,71601V10,WOOF,Q,NS,EQTY,Y,2021-01-14,2025-12-31,1247,True,True,True,True
20342,57672,26210V10,26210V10,DRVN,Q,NS,EQTY,Y,2021-01-15,2025-12-31,1246,True,True,True,True
20344,57673,26154D10,26154D10,DFH,N,NS,EQTY,Y,2021-01-21,2025-12-31,1243,True,True,True,True
20355,57537,14715110,,,X,,,N,2021-01-15,2022-06-08,352,True,True,True,False
20356,57597,20607110,,,X,,,N,2021-01-28,2022-12-12,473,True,True,True,False
20384,57543,68218L10,,,X,,,N,2021-01-12,2022-06-01,350,True,True,True,False
20388,57545,72261510,,,X,,,N,2021-01-07,2022-10-28,457,True,True,True,False
20413,57613,02156Y10,,,X,,,N,2021-01-29,2024-03-14,786,True,True,True,False
20414,57557,00775W10,,,X,,,N,2021-01-11,2023-08-04,646,True,True,True,False
20415,21097,47233W10,47233W10,JEF,N,NS,EQTY,Y,2021-01-04,2025-12-31,1255,True,True,True,True
20417,57714,08179B10,,,X,,,N,2021-01-28,2022-11-01,445,True,True,True,False
20421,57722,20565040,,,X,,,N,2021-01-22,2024-01-31,761,True,True,True,False
20422,57723,22833950,,,X,,,N,2021-01-26,2025-03-05,1032,True,True,True,False
20424,57623,23318M10,,,X,,,N,2021-01-27,2021-12-01,215,True,True,True,False
20426,57628,31810Q10,,,X,,,N,2021-01-25,2022-12-09,475,True,True,True,False
20429,57564,42226W10,,,X,,,N,2021-01-14,2022-11-04,457,True,True,True,False
20433,57632,42227K10,,,X,,,N,2021-01-05,2022-12-23,498,True,True,True,False
20434,57633,44487N10,,,X,,,N,2021-01-28,2022-12-02,467,True,True,True,False
20435,57748,43734L10,,,X,,,N,2021-01-29,2023-08-01,630,True,True,True,False
20440,57643,62477L10,,,X,,,N,2021-01-29,2022-09-13,409,True,True,True,False
20443,57572,63889L10,,,X,,,N,2021-01-29,2022-11-11,452,True,True,True,False
20460,57582,88025V10,,,X,,,N,2021-01-12,2021-07-23,134,True,True,True,False
20468,57796,79956610,79956610,SANA,Q,NS,EQTY,Y,2021-02-04,2025-12-31,1233,True,True,True,True
20470,57798,82671G10,,,X,,,N,2021-02-11,2023-03-29,536,True,True,True,False
20482,20017,00282410,00282410,ABT,N,NS,EQTY,Y,2021-01-04,2025-12-31,1255,True,True,True,True
20512,727,12719030,12719030,CACI,N,NS,EQTY,Y,2021-01-04,2025-12-31,1255,True,True,True,True
20522,57594,02217A10,,,X,,,N,2021-02-01,2025-04-16,1058,True,True,True,False
20523,57596,17144T10,,,X,,,N,2021-02-05,2023-10-17,679,True,True,True,False
20525,57680,22877P10,,,X,,,N,2021-02-25,2022-12-01,447,True,True,True,False
20534,57684,34964G10,,,X,,,N,2021-02-25,2022-11-23,442,True,True,True,False
20537,57599,38102H10,,,X,,,N,2021-02-08,2023-08-25,642,True,True,True,False
20542,57541,49686110,,,X,,,N,2021-02-17,2022-07-13,354,True,True,True,False
20548,57689,66573W10,,,X,,,N,2021-02-11,2024-01-29,745,True,True,True,False
20549,57603,71389510,,,X,,,N,2021-02-01,2022-12-15,474,True,True,True,False
20557,57604,92853V10,,,X,,,N,2021-02-04,2024-02-22,767,True,True,True,False
20566,57904,03211Q20,03211Q20,AMPG,Q,NS,EQTY,Y,2021-02-17,2025-12-31,1225,True,True,True,True
20568,57906,03836A10,,,X,,,N,2021-02-11,2022-03-29,285,True,True,True,False
20574,57712,03759B10,,,X,,,N,2021-02-22,2023-08-23,631,True,True,True,False
20577,57615,18271L10,,,X,,,N,2021-02-09,2022-08-31,394,True,True,True,False
20580,57917,92747V10,,,X,,,N,2021-02-08,2024-08-02,877,True,True,True,False
20582,57616,12520T10,,,X,,,N,2021-02-16,2023-12-08,710,True,True,True,False
20583,11937,16516773,16516773,EXE,Q,NS,EQTY,Y,2021-02-10,2025-12-31,1237,True,True,True,True
20586,57619,14363610,,,X,,,N,2021-02-01,2023-02-15,515,True,True,True,False
20587,57925,22979430,,,X,,,N,2021-02-02,2023-12-20,727,True,True,True,False
20595,57733,35166L10,,,X,,,N,2021-02-25,2023-01-30,486,True,True,True,False
20598,737,12803020,12803020,CALM,Q,NS,EQTY,Y,2021-01-04,2025-12-31,1255,True,True,True,True
20601,57630,57709610,,,X,,,N,2021-02-01,2025-02-28,1026,True,True,True,False
20602,57631,37958210,,,X,,,N,2021-02-05,2022-06-10,340,True,True,True,False
20603,57634,45781710,,,X,,,N,2021-02-08,2022-12-22,474,True,True,True,False
20607,57637,23248B10,23248B10,CXAI,Q,NS,EQTY,Y,2021-02-04,2025-12-31,1233,True,True,True,True
20610,57954,54948U10,,,X,,,N,2021-02-05,2023-03-06,523,True,True,True,False
20613,57958,65344D20,,,X,,,N,2021-02-12,2024-07-12,858,True,True,True,False
20614,57960,67011T30,,,X,,,N,2021-02-23,2024-11-06,934,True,True,True,False
20618,20398,14428510,14428510,CRS,N,NS,EQTY,Y,2021-01-04,2025-12-31,1255,True,True,True,True
20623,57970,75946W40,75946W40,RELI,Q,NS,EQTY,Y,2021-02-09,2025-12-31,1230,True,True,True,True
20629,57659,81723H10,,,X,,,N,2021-02-01,2023-06-12,595,True,True,True,False
20637,57989,91704K20,91704K20,UGRO,Q,NS,EQTY,Y,2021-02-12,2025-12-31,1227,True,True,True,True
20639,57992,36809R50,,,X,,,N,2021-02-17,2024-11-22,950,True,True,True,False
20644,57995,92825130,,,X,,,N,2021-02-17,2025-04-04,1039,True,True,True,False
20647,57998,45784A10,45784A10,INNV,Q,NS,EQTY,Y,2021-03-04,2025-12-31,1214,True,True,True,True
20648,57999,77104910,77104910,RBLX,N,NS,EQTY,Y,2021-03-10,2025-12-31,1210,True,True,True,True
20649,58000,42129810,42129810,HAYW,N,NS,EQTY,Y,2021-03-12,2025-12-31,1208,True,True,True,True
20652,58002,86668310,86668310,SNCY,Q,NS,EQTY,Y,2021-03-17,2025-12-31,1205,True,True,True,True
20653,58003,68134L10,,,X,,,N,2021-03-17,2025-09-12,1129,True,True,True,False
20657,58007,00091G10,00091G10,ACVA,N,NS,EQTY,Y,2021-03-24,2025-12-31,1200,True,True,True,True
20659,58009,92858V10,,,X,,,N,2021-03-25,2024-12-03,930,True,True,True,False
20660,58010,92803110,92803110,VABK,Q,NS,EQTY,Y,2021-04-05,2025-12-31,1193,True,True,True,True
20661,58011,01625V10,01625V10,ALHC,Q,NS,EQTY,Y,2021-03-26,2025-12-31,1198,True,True,True,True
20671,57852,04928710,,,X,,,N,2021-03-29,2022-12-02,426,True,True,True,False
20675,57678,18274B10,,,X,,,N,2021-03-08,2022-12-30,460,True,True,True,False
20676,57679,18717110,,,X,,,N,2021-03-19,2022-12-09,437,True,True,True,False
20679,57858,20483310,,,X,,,N,2021-03-29,2023-08-02,591,True,True,True,False
20681,58023,22266M10,22266M10,COUR,N,NS,EQTY,Y,2021-03-31,2025-12-31,1195,True,True,True,True
20682,58024,22266T10,22266T10,CPNG,N,NS,EQTY,Y,2021-03-11,2025-12-31,1209,True,True,True,True
20683,57681,23305Q10,,,X,,,N,2021-03-18,2023-01-30,471,True,True,True,False
20686,57682,26886A10,,,X,,,N,2021-03-22,2022-12-22,445,True,True,True,False
20688,57683,29248N10,,,X,,,N,2021-03-01,2022-12-14,454,True,True,True,False
20712,57866,55283P10,,,X,,,N,2021-03-25,2022-12-30,447,True,True,True,False
20713,57687,57520Y10,,,X,,,N,2021-03-22,2023-02-03,473,True,True,True,False
20716,57867,62752R10,,,X,,,N,2021-03-26,2022-12-02,427,True,True,True,False
20727,58043,81686C10,81686C10,SEMR,N,NS,EQTY,Y,2021-03-25,2025-12-31,1199,True,True,True,True
20736,58049,92735P10,,,X,,,N,2021-03-18,2021-11-02,161,True,True,True,False
20745,58054,31488V10,31488V10,FERG,N,NS,EQTY,Y,2021-03-08,2025-12-31,1213,True,True,True,True
20750,1222,13078810,13078810,CWT,N,NS,EQTY,Y,2021-01-04,2025-12-31,1256,True,True,True,True
20762,57708,90138P10,,,X,,,N,2021-03-08,2023-09-26,644,True,True,True,False
20767,57909,04637C10,,,X,,,N,2021-03-15,2022-12-30,455,True,True,True,False
20769,57716,10920K10,,,X,,,N,2021-03-01,2022-12-13,453,True,True,True,False
20770,57718,12510W10,,,X,,,N,2021-03-09,2021-09-29,143,True,True,True,False
20772,57719,12520R10,,,X,,,N,2021-03-22,2022-01-26,216,True,True,True,False
20775,57721,18049C10,,,X,,,N,2021-03-22,2022-12-08,435,True,True,True,False
20778,57927,24279410,,,X,,,N,2021-03-29,2022-01-14,204,True,True,True,False
20785,57726,28059Q10,,,X,,,N,2021-03-01,2024-03-12,764,True,True,True,False
20795,57734,34962M10,,,X,,,N,2021-03-19,2022-12-08,436,True,True,True,False
20796,58105,36269B10,36269B10,GANX,Q,NS,EQTY,Y,2021-03-18,2025-12-31,1204,True,True,True,True
20798,57736,15673X20,,,X,,,N,2021-03-22,2025-01-07,956,True,True,True,False
20799,57938,36468110,,,X,,,N,2021-03-26,2022-12-16,437,True,True,True,False
20804,57739,39947R10,,,X,,,N,2021-03-08,2022-12-22,455,True,True,True,False
20807,57744,42228C10,,,X,,,N,2021-03-08,2022-03-08,254,True,True,True,False
20808,57745,42589T10,,,X,,,N,2021-03-08,2022-12-22,455,True,True,True,False
20809,57746,44376010,,,X,,,N,2021-03-18,2022-12-22,447,True,True,True,False
20812,57747,40749M10,,,X,,,N,2021-03-05,2022-12-15,451,True,True,True,False
20815,57750,70470P10,,,X,,,N,2021-03-12,2023-01-10,462,True,True,True,False
20818,57751,63949410,,,X,,,N,2021-03-01,2023-12-19,708,True,True,True,False
20819,57945,46468P10,,,X,,,N,2021-03-29,2022-08-29,359,True,True,True,False
20823,58121,47768J10,,,X,,,N,2021-03-12,2024-03-28,767,True,True,True,False
20824,57947,46592C10,,,X,,,N,2021-03-29,2022-12-15,435,True,True,True,False
20826,57755,49837C10,,,X,,,N,2021-03-01,2022-12-19,457,True,True,True,False
20828,57907,66981N10,,,X,,,N,2021-03-30,2021-10-22,145,True,True,True,False
20831,58124,48250410,,,X,,,N,2021-03-04,2023-12-12,700,True,True,True,False
20833,58126,48250610,,,X,,,N,2021-03-24,2023-04-11,516,True,True,True,False
20836,57756,52473X10,,,X,,,N,2021-03-04,2021-10-20,161,True,True,True,False
20838,58133,52674910,,,X,,,N,2021-03-05,2022-12-14,450,True,True,True,False
20839,57758,53228M10,,,X,,,N,2021-03-02,2023-01-03,465,True,True,True,False
20840,57759,53073L10,,,X,,,N,2021-03-15,2022-12-01,435,True,True,True,False
20844,57762,08773T10,,,X,,,N,2021-03-15,2024-03-18,758,True,True,True,False
20847,57764,61531M10,,,X,,,N,2021-03-12,2022-12-27,453,True,True,True,False
20848,58138,62459M30,62459M30,MOVE,Q,NS,EQTY,Y,2021-03-23,2025-12-31,1201,True,True,True,True
20851,57768,67086510,,,X,,,N,2021-03-08,2024-07-23,850,True,True,True,False
20852,57769,68237L10,,,X,,,N,2021-03-15,2022-12-09,441,True,True,True,False
20856,57771,69242M10,,,X,,,N,2021-03-12,2022-12-20,449,True,True,True,False
20859,57963,74327P10,,,X,,,N,2021-03-16,2023-05-10,543,True,True,True,False
20866,58149,76087310,,,X,,,N,2021-03-18,2022-12-07,436,True,True,True,False
20870,58153,74349U10,,,X,,,N,2021-03-12,2023-06-16,571,True,True,True,False
20871,57976,86934L10,,,X,,,N,2021-03-29,2023-07-24,584,True,True,True,False
20872,57780,78406510,,,X,,,N,2021-03-15,2022-12-12,442,True,True,True,False
20874,57782,80864110,,,X,,,N,2021-03-18,2022-12-13,440,True,True,True,False
20877,57784,04748A10,,,X,,,N,2021-03-05,2022-12-02,442,True,True,True,False
20878,57982,88605T10,,,X,,,N,2021-03-29,2023-12-12,683,True,True,True,False
20879,57985,70472310,,,X,,,N,2021-03-25,2023-04-19,521,True,True,True,False
20880,57786,87654510,,,X,,,N,2021-03-01,2024-05-10,806,True,True,True,False
20885,57791,92837J10,,,X,,,N,2021-03-15,2021-11-19,176,True,True,True,False
20886,57793,92244F10,,,X,,,N,2021-03-03,2022-12-12,450,True,True,True,False
20887,58165,96927A10,,,X,,,N,2021-03-25,2025-05-01,1031,True,True,True,False
20890,57794,98880C10,,,X,,,N,2021-03-22,2022-12-09,436,True,True,True,False
20891,58166,35909R10,35909R10,ULCC,Q,NS,EQTY,Y,2021-04-01,2025-12-31,1194,True,True,True,True
20892,58167,19260Q10,19260Q10,COIN,Q,NS,EQTY,Y,2021-04-14,2025-12-31,1186,True,True,True,True
20893,58168,00857U10,00857U10,AGL,N,NS,EQTY,Y,2021-04-15,2025-12-31,1185,True,True,True,True
20894,58169,03831W10,03831W10,APP,Q,NS,EQTY,Y,2021-04-15,2025-12-31,1185,True,True,True,True
20900,58173,98985X10,,,X,,,N,2021-04-22,2022-10-19,378,True,True,True,False
20901,58174,00848J10,,,X,,,N,2021-04-23,2024-05-07,765,True,True,True,False
20902,58175,51819L10,51819L10,SWIM,Q,NS,EQTY,Y,2021-04-23,2025-12-31,1179,True,True,True,True
20906,58015,00777J10,,,X,,,N,2021-04-22,2022-12-15,418,True,True,True,False
20907,57853,05601A10,,,X,,,N,2021-04-05,2022-10-27,397,True,True,True,False
20908,57854,09175K10,,,X,,,N,2021-04-05,2024-07-01,816,True,True,True,False
20914,57855,17143W10,,,X,,,N,2021-04-05,2023-12-04,673,True,True,True,False
20915,57856,17144M10,,,X,,,N,2021-04-05,2024-08-19,850,True,True,True,False
20916,58179,20464U10,20464U10,COMP,N,NS,EQTY,Y,2021-04-01,2025-12-31,1194,True,True,True,True
20920,58180,25862V10,25862V10,DV,N,NS,EQTY,Y,2021-04-21,2025-12-31,1181,True,True,True,True
20924,57859,30243810,,,X,,,N,2021-04-12,2022-12-30,436,True,True,True,False
20931,58028,34619V10,,,X,,,N,2021-04-30,2023-12-13,661,True,True,True,False
20932,57861,36118N10,,,X,,,N,2021-04-19,2023-10-18,631,True,True,True,False
20946,58033,46064R10,,,X,,,N,2021-04-26,2023-12-11,663,True,True,True,False
20948,57864,49006L10,,,X,,,N,2021-04-19,2021-10-04,118,True,True,True,False
20950,58035,53812610,,,X,,,N,2021-04-22,2023-03-07,472,True,True,True,False
20951,58037,55380010,,,X,,,N,2021-04-26,2023-12-11,663,True,True,True,False
20952,58038,60501L10,,,X,,,N,2021-04-23,2022-12-08,412,True,True,True,False
20954,58041,66575B10,,,X,,,N,2021-04-22,2023-09-13,603,True,True,True,False
20962,58042,79979210,,,X,,,N,2021-04-30,2022-11-30,401,True,True,True,False
20964,57872,82880R10,,,X,,,N,2021-04-12,2022-12-16,427,True,True,True,False
20965,57873,83363K10,,,X,,,N,2021-04-05,2024-02-27,730,True,True,True,False
20966,57874,84677R10,,,X,,,N,2021-04-01,2022-03-17,243,True,True,True,False
20970,58045,87301L10,,,X,,,N,2021-04-22,2022-12-16,419,True,True,True,False
20972,58186,90364P10,90364P10,PATH,N,NS,EQTY,Y,2021-04-21,2025-12-31,1181,True,True,True,True
20974,57878,91748P10,,,X,,,N,2021-04-19,2022-12-28,429,True,True,True,False
20979,57879,93627310,,,X,,,N,2021-04-19,2022-09-06,350,True,True,True,False
20996,57898,45767910,,,X,,,N,2021-04-05,2025-02-13,972,True,True,True,False
21020,20010,02376R10,02376R10,AAL,Q,NS,EQTY,Y,2021-01-04,2025-12-31,1255,True,True,True,True
21026,58195,05356F10,05356F10,AVAH,Q,NS,EQTY,Y,2021-04-29,2025-12-31,1175,True,True,True,True
21028,57916,31423J10,,,X,,,N,2021-04-09,2024-03-08,734,True,True,True,False
21031,57923,19417010,,,X,,,N,2021-04-16,2022-12-21,426,True,True,True,False
21033,58089,23291W10,,,X,,,N,2021-04-22,2022-12-12,415,True,True,True,False
21036,58199,27870020,,,X,,,N,2021-04-15,2023-10-13,630,True,True,True,False
21045,58101,33616910,,,X,,,N,2021-04-26,2023-03-08,471,True,True,True,False
21046,58102,74709Q10,,,X,,,N,2021-04-30,2022-11-29,400,True,True,True,False
21049,57934,31809Y10,,,X,,,N,2021-04-12,2023-12-08,672,True,True,True,False
21051,58202,30320C30,30320C30,FTCI,Q,NS,EQTY,Y,2021-04-28,2025-12-31,1176,True,True,True,True
21054,57940,38286310,,,X,,,N,2021-04-19,2022-12-30,431,True,True,True,False
21057,57942,38286T10,,,X,,,N,2021-04-15,2022-12-16,424,True,True,True,False
21059,57943,44376L10,,,X,,,N,2021-04-16,2022-12-22,427,True,True,True,False
21067,58120,46064T10,,,X,,,N,2021-04-26,2023-04-25,504,True,True,True,False
21080,58141,65413D10,,,X,,,N,2021-04-22,2022-12-05,410,True,True,True,False
21083,58143,68626A10,,,X,,,N,2021-04-22,2022-12-02,409,True,True,True,False
21087,58215,74276R10,74276R10,PRVA,Q,NS,EQTY,Y,2021-04-29,2025-12-31,1175,True,True,True,True
21088,58146,74350A10,,,X,,,N,2021-04-09,2022-12-23,433,True,True,True,False
21090,58217,75644T10,75644T10,RCAT,Q,NS,EQTY,Y,2021-04-30,2025-12-31,1174,True,True,True,True
21092,58154,74981W10,,,X,,,N,2021-04-26,2022-12-21,420,True,True,True,False
21093,57972,82836L10,,,X,,,N,2021-04-19,2022-02-10,208,True,True,True,False
21094,57973,11134Y10,,,X,,,N,2021-04-05,2022-12-12,428,True,True,True,False
21096,58219,83089J10,83089J10,SKYT,Q,NS,EQTY,Y,2021-04-21,2025-12-31,1181,True,True,True,True
21099,57980,84919610,,,X,,,N,2021-04-09,2022-12-28,435,True,True,True,False
21105,58222,89455T10,89455T10,TMCI,Q,NS,EQTY,Y,2021-04-23,2025-12-31,1179,True,True,True,True
21106,58223,89689F40,,,X,,,N,2021-04-20,2023-12-18,672,True,True,True,False
21107,57987,88825H10,,,X,,,N,2021-04-05,2022-12-01,421,True,True,True,False
21108,57988,90118T10,,,X,,,N,2021-04-19,2024-06-10,792,True,True,True,False
21116,58229,96327X20,96327X20,WFCF,Q,NS,EQTY,Y,2021-04-12,2025-12-31,1188,True,True,True,True
21118,58230,43833310,43833310,HNST,Q,NS,EQTY,Y,2021-05-05,2025-12-31,1171,True,True,True,True
21120,58231,92719V10,,,X,,,N,2021-05-25,2025-11-24,1132,True,True,True,False
21122,58233,30249210,30249210,FLYW,Q,NS,EQTY,Y,2021-05-26,2025-12-31,1156,True,True,True,True
21123,58234,70439P10,70439P10,PAY,N,NS,EQTY,Y,2021-05-26,2025-12-31,1156,True,True,True,True
21124,58235,68622V10,68622V10,OGN,N,NS,EQTY,Y,2021-06-03,2025-12-31,1151,True,True,True,True
21125,58236,98980B10,98980B10,ZIP,N,NS,EQTY,Y,2021-05-26,2025-12-31,1156,True,True,True,True
21178,21110,53983010,53983010,LMT,N,NS,EQTY,Y,2021-01-04,2025-12-31,1255,True,True,True,True
21186,21913,96145D10,,,X,,,N,2021-01-04,2024-07-08,883,True,True,True,False
21193,58014,00439D10,,,X,,,N,2021-05-10,2022-12-16,407,True,True,True,False
21198,58018,42329E20,,,X,,,N,2021-05-07,2023-11-08,632,True,True,True,False
21199,58021,12008J10,,,X,,,N,2021-05-07,2023-03-17,469,True,True,True,False
21207,21286,65163910,65163910,NEM,N,NS,EQTY,Y,2021-01-04,2025-12-31,1255,True,True,True,True
21211,58026,31187410,,,X,,,N,2021-05-06,2023-10-06,611,True,True,True,False
21217,58029,34964K10,,,X,,,N,2021-05-06,2022-11-23,393,True,True,True,False
21218,58030,36146G10,,,X,,,N,2021-05-03,2022-11-16,391,True,True,True,False
21221,58034,48253T10,,,X,,,N,2021-05-07,2022-12-15,407,True,True,True,False
21229,58039,66516W10,,,X,,,N,2021-05-14,2023-03-27,470,True,True,True,False
21237,58267,74275K10,74275K10,PCOR,N,NS,EQTY,Y,2021-05-20,2025-12-31,1160,True,True,True,True
21267,58074,00104010,,,X,,,N,2021-05-18,2022-12-23,406,True,True,True,False
21270,58081,89601Y10,,,X,,,N,2021-05-18,2024-09-06,832,True,True,True,False
21285,58287,23786R20,23786R20,DTST,Q,NS,EQTY,Y,2021-05-14,2025-12-31,1164,True,True,True,True
21292,58097,34987510,,,X,,,N,2021-05-13,2023-07-17,547,True,True,True,False
21295,58103,30319B10,,,X,,,N,2021-05-03,2023-03-16,472,True,True,True,False
21299,58108,37857910,,,X,,,N,2021-05-11,2022-12-19,407,True,True,True,False
21300,58109,38286Q10,,,X,,,N,2021-05-13,2022-06-24,282,True,True,True,False
21305,58111,38287010,,,X,,,N,2021-05-03,2022-12-16,412,True,True,True,False
21306,58112,38287L10,,,X,,,N,2021-05-03,2022-12-16,412,True,True,True,False
21307,58113,36260F10,,,X,,,N,2021-05-10,2023-03-20,469,True,True,True,False
21308,58296,46265P20,46265P20,IPW,Q,NS,EQTY,Y,2021-05-12,2025-12-31,1166,True,True,True,True
21310,58123,48284E10,,,X,,,N,2021-05-07,2023-03-17,469,True,True,True,False
21313,58130,51477A10,,,X,,,N,2021-05-17,2024-02-28,701,True,True,True,False
21322,58301,64130M20,64130M20,NMTC,Q,NS,EQTY,Y,2021-05-26,2025-12-31,1156,True,True,True,True
21325,56377,72016P10,,,X,,,N,2021-05-18,2025-09-02,1078,True,True,True,False
21327,58147,72285010,,,X,,,N,2021-05-03,2023-03-13,469,True,True,True,False
21330,58150,76155Y10,,,X,,,N,2021-05-10,2022-12-07,400,True,True,True,False
21332,58155,86309R10,,,X,,,N,2021-05-03,2023-07-14,554,True,True,True,False
21335,58309,80512Q50,80512Q50,NITO,Q,NS,EQTY,Y,2021-05-14,2025-12-31,1164,True,True,True,True
21340,58160,87823R10,,,X,,,N,2021-05-07,2023-03-29,477,True,True,True,False
21344,58314,98978N30,,,X,,,N,2021-05-28,2023-11-27,629,True,True,True,False
21345,58315,57142B10,57142B10,MQ,Q,NS,EQTY,Y,2021-06-09,2025-12-31,1147,True,True,True,True
21348,58316,53228F10,53228F10,LFST,Q,NS,EQTY,Y,2021-06-10,2025-12-31,1146,True,True,True,True
21349,58317,98956A10,98956A10,ZETA,N,NS,EQTY,Y,2021-06-10,2025-12-31,1146,True,True,True,True
21351,58319,55083R20,55083R20,LYEL,Q,NS,EQTY,Y,2021-06-17,2025-12-31,1141,True,True,True,True
21352,58320,31846B10,31846B10,FA,Q,NS,EQTY,Y,2021-06-23,2025-12-31,1137,True,True,True,True
21356,58322,23345M10,23345M10,DTM,N,NS,EQTY,Y,2021-07-01,2025-12-31,1131,True,True,True,True
21357,58323,26622P10,26622P10,DOCS,N,NS,EQTY,Y,2021-06-24,2025-12-31,1136,True,True,True,True
21358,58324,20717M10,20717M10,CFLT,Q,NS,EQTY,Y,2021-06-24,2025-12-31,1136,True,True,True,True
21359,58325,60646V10,60646V10,MCW,Q,NS,EQTY,Y,2021-06-25,2025-12-31,1135,True,True,True,True
21368,58331,08771Y40,08771Y40,SRXH,A,NS,EQTY,Y,2021-06-29,2025-12-31,1133,True,True,True,True
21369,58332,10920V40,,,X,,,N,2021-06-24,2025-10-02,1074,True,True,True,False
21371,6262,14149Y10,14149Y10,CAH,N,NS,EQTY,Y,2021-01-04,2025-12-31,1255,True,True,True,True
21372,58333,18467V10,18467V10,YOU,N,NS,EQTY,Y,2021-06-30,2025-12-31,1134,True,True,True,True
21373,58335,21258C10,,,X,,,N,2021-06-16,2022-10-07,332,True,True,True,False
21412,58343,50125G30,50125G30,KULR,A,NS,EQTY,Y,2021-06-07,2025-12-31,1149,True,True,True,True
21517,58430,45232V10,,,X,,,N,2021-06-10,2023-09-11,567,True,True,True,False
21524,58197,08954L10,,,X,,,N,2021-06-18,2022-12-13,376,True,True,True,False
21532,58286,68270C10,68270C10,ONMD,Q,NS,EQTY,Y,2021-06-24,2025-12-31,1136,True,True,True,True
21546,58457,39878L50,,,X,,,N,2021-06-17,2024-08-19,798,True,True,True,False
21551,58460,39959A20,39959A20,UPXI,Q,NS,EQTY,Y,2021-06-24,2025-12-31,1136,True,True,True,True
21554,58464,45828L10,,,X,,,N,2021-06-30,2025-12-23,1127,True,True,True,False
21556,58465,45569U10,45569U10,INDI,Q,NS,EQTY,Y,2021-06-11,2025-12-31,1145,True,True,True,True
21561,58468,46301G10,,,X,,,N,2021-06-09,2022-12-29,394,True,True,True,False
21564,58474,52466B10,52466B10,LZ,Q,NS,EQTY,Y,2021-06-30,2025-12-31,1132,True,True,True,True
21568,58300,62402U10,,,X,,,N,2021-06-17,2023-02-21,423,True,True,True,False
21573,20994,46014610,46014610,IP,N,NS,EQTY,Y,2021-01-04,2025-12-31,1255,True,True,True,True
21577,58483,75630B40,75630B40,NIXX,Q,NS,EQTY,Y,2021-06-30,2025-12-31,1132,True,True,True,True
21580,58488,87167T30,87167T30,TAOX,Q,NS,EQTY,Y,2021-06-07,2025-12-31,1149,True,True,True,True
21589,58495,92539P10,,,X,,,N,2021-06-17,2025-07-25,1032,True,True,True,False
21593,58497,98423F10,98423F10,XMTR,Q,NS,EQTY,Y,2021-06-30,2025-12-31,1132,True,True,True,True
21598,58503,10806B10,,,X,,,N,2021-07-16,2025-09-02,1037,True,True,True,False
21600,58505,70435P10,,,X,,,N,2021-07-21,2025-04-14,938,True,True,True,False
21601,58506,12632710,12632710,LAW,N,NS,EQTY,Y,2021-07-21,2025-12-31,1118,True,True,True,True
21607,58510,21874C10,21874C10,CNM,N,NS,EQTY,Y,2021-07-23,2025-12-31,1116,True,True,True,True
21612,58513,73939C10,,,X,,,N,2021-07-28,2024-10-01,800,True,True,True,False
21613,58514,58985J10,,,X,,,N,2021-07-28,2025-10-24,1067,True,True,True,False
21614,58515,26603R10,26603R10,DUOL,Q,NS,EQTY,Y,2021-07-28,2025-12-31,1113,True,True,True,True
21648,58522,45779010,,,X,,,N,2021-07-22,2024-11-13,835,True,True,True,False
21664,58525,62464R10,62464R10,MITQ,A,NS,EQTY,Y,2021-07-08,2025-12-31,1127,True,True,True,True
21671,58266,73746510,,,X,,,N,2021-07-16,2023-05-30,471,True,True,True,False
21683,58528,89142B10,89142B10,CURV,N,NS,EQTY,Y,2021-07-01,2025-12-31,1131,True,True,True,True
21703,58551,09549B10,09549B10,BLFY,Q,NS,EQTY,Y,2021-07-16,2025-12-31,1121,True,True,True,True
21711,58559,23312M10,,,X,,,N,2021-07-28,2023-07-31,505,True,True,True,False
21713,58562,29977X10,29977X10,EVCM,Q,NS,EQTY,Y,2021-07-01,2025-12-31,1131,True,True,True,True
21715,58450,37892B10,,,X,,,N,2021-07-30,2022-12-28,357,True,True,True,False
21719,58294,37518W10,,,X,,,N,2021-07-09,2022-12-27,371,True,True,True,False
21732,58576,45254E10,45254E10,IMRX,Q,NS,EQTY,Y,2021-07-30,2025-12-31,1111,True,True,True,True
21736,58578,48310440,,,X,,,N,2021-07-29,2025-12-23,1107,True,True,True,False
21740,58475,62403K10,,,X,,,N,2021-07-28,2024-04-01,673,True,True,True,False
21742,6515,14752810,14752810,CASY,Q,NS,EQTY,Y,2021-01-04,2025-12-31,1255,True,True,True,True
21744,58582,56146T10,56146T10,MAMA,Q,NS,EQTY,Y,2021-07-15,2025-12-31,1122,True,True,True,True
21746,50976,66412110,66412110,NECB,Q,NS,EQTY,Y,2021-07-13,2025-12-31,1125,True,True,True,True
21750,58587,68217N10,,,X,,,N,2021-07-30,2025-02-25,897,True,True,True,False
21752,58304,67550710,,,X,,,N,2021-07-19,2024-01-24,634,True,True,True,False
21753,58588,69318V10,69318V10,PBBK,Q,NS,EQTY,Y,2021-07-15,2025-12-31,1122,True,True,True,True
21767,58601,83303Y10,,,X,,,N,2021-07-28,2024-06-17,727,True,True,True,False
21772,58489,84865110,,,X,,,N,2021-07-23,2022-12-30,364,True,True,True,False
21774,58606,87224V10,,,X,,,N,2021-07-21,2024-08-02,764,True,True,True,False
21775,58607,88231Q10,88231Q10,TCBS,Q,NS,EQTY,Y,2021-07-15,2025-12-31,1123,True,True,True,True
21776,21396,30161N10,30161N10,EXC,Q,NS,EQTY,Y,2021-01-04,2025-12-31,1255,True,True,True,True
21780,58611,90466Y20,90466Y20,UNCY,Q,NS,EQTY,Y,2021-07-13,2025-12-31,1124,True,True,True,True
21786,58616,37892C10,37892C10,VRAR,Q,NS,EQTY,Y,2021-07-01,2025-12-31,1131,True,True,True,True
21789,58621,94770D10,,,X,,,N,2021-08-05,2023-02-21,389,True,True,True,False
21791,56093,30258N60,30258N60,FATBB,Q,NS,EQTY,Y,2021-08-23,2025-12-31,1095,True,True,True,True
21792,20939,15189T10,15189T10,CNP,N,NS,EQTY,Y,2021-01-04,2025-12-31,1255,True,True,True,True
21795,58516,00502910,,,X,,,N,2021-08-30,2023-12-19,581,True,True,True,False
21807,58627,44951N10,,,X,,,N,2021-08-04,2023-05-19,452,True,True,True,False
21831,58647,09074H20,,,X,,,N,2021-08-26,2024-08-05,739,True,True,True,False
21837,58656,23816M20,23816M20,MYSE,Q,NS,EQTY,Y,2021-08-13,2025-12-31,1101,True,True,True,True
21839,58440,25402810,,,X,,,N,2021-08-04,2022-12-23,352,True,True,True,False
21843,58661,29882P10,29882P10,EWCZ,Q,NS,EQTY,Y,2021-08-05,2025-12-31,1107,True,True,True,True
21844,58662,34417J20,34417J20,FCUV,Q,NS,EQTY,Y,2021-08-31,2025-12-31,1089,True,True,True,True
21846,58449,31811H10,,,X,,,N,2021-08-16,2022-12-28,346,True,True,True,False
21850,58566,36242510,,,X,,,N,2021-08-17,2022-07-07,224,True,True,True,False
21851,58567,38216G10,,,X,,,N,2021-08-23,2023-03-16,394,True,True,True,False
21852,58461,47201B10,,,X,,,N,2021-08-02,2023-06-20,474,True,True,True,False
21858,58473,54141L10,,,X,,,N,2021-08-04,2023-06-16,471,True,True,True,False
21861,58670,68417L10,68417L10,OBT,Q,NS,EQTY,Y,2021-08-05,2025-12-31,1107,True,True,True,True
21863,58673,69764K10,69764K10,IPM,Q,NS,EQTY,Y,2021-08-03,2025-12-31,1109,True,True,True,True
21875,58680,75989R10,75989R10,RNXT,Q,NS,EQTY,Y,2021-08-26,2025-12-31,1092,True,True,True,True
21877,58485,82282110,,,X,,,N,2021-08-20,2022-12-22,339,True,True,True,False
21883,58491,88605L10,,,X,,,N,2021-08-20,2024-12-11,833,True,True,True,False
21886,58689,98139Q30,98139Q30,WKSP,Q,NS,EQTY,Y,2021-08-04,2025-12-31,1108,True,True,True,True
21887,58690,27888N40,,,X,,,N,2021-08-04,2024-02-28,646,True,True,True,False
21888,58498,98957010,,,X,,,N,2021-08-06,2023-06-16,469,True,True,True,False
21891,58693,24477E10,24477E10,DH,Q,NS,EQTY,Y,2021-09-15,2025-12-31,1079,True,True,True,True
21897,58699,85917T10,,,X,,,N,2021-09-23,2024-10-31,783,True,True,True,False
21898,58700,18512310,18512310,CWAN,N,NS,EQTY,Y,2021-09-24,2025-12-31,1072,True,True,True,True
21905,58703,93403J10,93403J10,WRBY,N,NS,EQTY,Y,2021-09-29,2025-12-31,1069,True,True,True,True
21906,58704,29249E10,29249E10,ACT,Q,NS,EQTY,Y,2021-09-16,2025-12-31,1080,True,True,True,True
21908,58546,14292212,,,X,,,N,2021-09-16,2025-09-12,1002,True,True,True,False
21916,58712,10950410,10950410,BRLT,Q,NS,EQTY,Y,2021-09-23,2025-12-31,1073,True,True,True,True
21920,58713,05581M40,05581M40,BTCS,Q,NS,EQTY,Y,2021-09-14,2025-12-31,1080,True,True,True,True
21922,58714,20848V10,20848V10,CCSI,Q,NS,EQTY,Y,2021-10-08,2025-12-31,1062,True,True,True,True
21924,58556,18915E10,,,X,,,N,2021-09-09,2024-09-04,751,True,True,True,False
21925,58654,21289P10,,,X,,,N,2021-09-30,2023-08-14,470,True,True,True,False
21928,20965,45110710,45110710,IDA,N,NS,EQTY,Y,2021-01-04,2025-12-31,1255,True,True,True,True
21932,58664,37653T10,,,X,,,N,2021-09-27,2024-01-24,585,True,True,True,False
21936,21394,71708110,71708110,PFE,N,NS,EQTY,Y,2021-01-04,2025-12-31,1255,True,True,True,True
21938,58729,04625J40,,,X,,,N,2021-09-29,2024-07-24,708,True,True,True,False
21942,58734,53227510,53227510,LWLG,Q,NS,EQTY,Y,2021-09-01,2025-12-31,1088,True,True,True,True
21943,58580,58938110,,,X,,,N,2021-09-17,2024-07-17,711,True,True,True,False
21949,58737,67936910,67936910,OLPX,Q,NS,EQTY,Y,2021-09-30,2025-12-31,1068,True,True,True,True
21950,58738,68217M10,,,X,,,N,2021-09-02,2024-05-07,673,True,True,True,False
21951,58740,69512X10,,,X,,,N,2021-09-27,2022-12-19,311,True,True,True,False
21957,58742,75960P10,75960P10,RELY,Q,NS,EQTY,Y,2021-09-23,2025-12-31,1073,True,True,True,True
21958,58682,76939510,,,X,,,N,2021-09-28,2022-08-29,232,True,True,True,False
21962,58746,84612U10,,,X,,,N,2021-09-23,2024-03-12,620,True,True,True,False
21966,58685,85205U10,,,X,,,N,2021-09-23,2024-06-11,683,True,True,True,False
21967,58748,88526010,,,X,,,N,2021-09-23,2023-10-16,519,True,True,True,False
21969,58610,09001T10,,,X,,,N,2021-09-08,2023-07-26,473,True,True,True,False
21975,58753,00152K20,00152K20,AKA,N,NS,EQTY,Y,2021-09-22,2025-12-31,1074,True,True,True,True
22003,58758,29283F10,,,X,,,N,2021-09-23,2024-01-26,589,True,True,True,False
22027,58765,46817M10,46817M10,JXN,N,NS,EQTY,Y,2021-09-20,2025-12-31,1076,True,True,True,True
22069,58530,96951B10,,,X,,,N,2021-09-16,2024-03-01,618,True,True,True,False
22080,58776,35243J10,35243J10,FBRT,N,NS,EQTY,Y,2021-10-19,2025-12-31,1055,True,True,True,True
22081,58777,05368X10,,,X,,,N,2021-10-13,2025-10-15,1006,True,True,True,False
22084,58778,37637K10,37637K10,GTLB,Q,NS,EQTY,Y,2021-10-14,2025-12-31,1058,True,True,True,True
22087,58781,45674M10,,,X,,,N,2021-10-27,2025-11-18,1020,True,True,True,False
22088,58782,34379V10,34379V10,FLNC,Q,NS,EQTY,Y,2021-10-28,2025-12-31,1048,True,True,True,True
22089,58783,83425V20,83425V20,SBDS,N,NS,EQTY,Y,2021-10-28,2025-12-31,1048,True,True,True,True
22092,58784,50155Q10,50155Q10,KD,N,NS,EQTY,Y,2021-11-04,2025-12-31,1043,True,True,True,True
22100,58756,20607U10,,,X,,,N,2021-10-22,2024-09-03,719,True,True,True,False
22103,20643,29101110,29101110,EMR,N,NS,EQTY,Y,2021-01-04,2025-12-31,1255,True,True,True,True
22111,21018,47816010,47816010,JNJ,N,NS,EQTY,Y,2021-01-04,2025-12-31,1255,True,True,True,True
22127,58763,02095210,02095210,AMOD,Q,NS,EQTY,Y,2021-10-25,2025-12-31,1051,True,True,True,True
22128,58796,46124J20,46124J20,IVT,N,NS,EQTY,Y,2021-10-12,2025-12-31,1060,True,True,True,True
22148,58770,69901P10,,,X,,,N,2021-10-26,2023-02-01,319,True,True,True,False
22149,58802,69913P10,,,X,,,N,2021-10-15,2025-04-21,882,True,True,True,False
22158,58804,83543110,,,X,,,N,2021-10-29,2023-11-22,520,True,True,True,False
22177,58822,04302A10,04302A10,AIP,Q,NS,EQTY,Y,2021-10-27,2025-12-31,1049,True,True,True,True
22178,58823,00949610,00949610,AIRS,Q,NS,EQTY,Y,2021-10-29,2025-12-31,1047,True,True,True,True
22179,58824,02083E20,,,X,,,N,2021-10-20,2024-10-18,754,True,True,True,False
22180,58643,05467C10,,,X,,,N,2021-10-04,2023-08-18,472,True,True,True,False
22183,58828,05105P10,,,X,,,N,2021-10-26,2024-10-02,738,True,True,True,False
22185,58832,09807060,09807060,BBLG,Q,NS,EQTY,Y,2021-10-13,2025-12-31,1059,True,True,True,True
22187,58710,06664410,,,X,,,N,2021-10-28,2025-03-17,848,True,True,True,False
22188,58711,06654K10,,,X,,,N,2021-10-29,2023-05-15,387,True,True,True,False
22192,58649,14739D10,,,X,,,N,2021-10-18,2023-09-01,472,True,True,True,False
22196,58841,21077P10,21077P10,CNTX,Q,NS,EQTY,Y,2021-10-20,2025-12-31,1054,True,True,True,True
22199,58842,92846Q10,92846Q10,COCO,Q,NS,EQTY,Y,2021-10-21,2025-12-31,1053,True,True,True,True
22202,58717,23344T10,,,X,,,N,2021-10-25,2023-02-02,321,True,True,True,False
22204,58853,33748L10,33748L10,FWRG,Q,NS,EQTY,Y,2021-10-01,2025-12-31,1067,True,True,True,True
22207,58723,37149D20,37149D20,GIPR,Q,NS,EQTY,Y,2021-10-04,2025-12-31,1066,True,True,True,True
22214,58867,54911Q10,,,X,,,N,2021-11-08,2023-03-21,343,True,True,True,False
22216,58668,60436Q10,,,X,,,N,2021-10-18,2023-05-25,404,True,True,True,False
22223,58672,47714H30,47714H30,JTAI,Q,NS,EQTY,Y,2021-10-01,2025-12-31,1067,True,True,True,True
22228,58677,69291C10,,,X,,,N,2021-10-04,2024-04-19,640,True,True,True,False
22233,58678,02083L10,,,X,,,N,2021-10-21,2023-04-11,369,True,True,True,False
22245,58896,90138410,,,X,,,N,2021-11-05,2025-05-13,882,True,True,True,False
22248,58897,90268510,90268510,UDMY,Q,NS,EQTY,Y,2021-10-29,2025-12-31,1047,True,True,True,True
22257,58752,97655B10,,,X,,,N,2021-10-04,2025-03-21,870,True,True,True,False
22260,58907,01675A20,01675A20,BIRD,Q,NS,EQTY,Y,2021-11-03,2025-12-31,1044,True,True,True,True
22263,58909,64082B10,64082B10,NRDS,Q,NS,EQTY,Y,2021-11-04,2025-12-31,1043,True,True,True,True
22265,58911,76954A10,76954A10,RIVN,Q,NS,EQTY,Y,2021-11-10,2025-12-31,1039,True,True,True,True
22266,58912,30219Q10,30219Q10,EXFY,Q,NS,EQTY,Y,2021-11-10,2025-12-31,1039,True,True,True,True
22267,58914,10576N10,10576N10,BRZE,Q,NS,EQTY,Y,2021-11-17,2025-12-31,1034,True,True,True,True
22268,58915,87043Q10,87043Q10,SG,N,NS,EQTY,Y,2021-11-18,2025-12-31,1033,True,True,True,True
22271,58639,04208V10,,,X,,,N,2021-11-10,2024-08-16,695,True,True,True,False
22275,58707,04026L10,,,X,,,N,2021-11-12,2022-12-21,279,True,True,True,False
22276,58709,04303A10,,,X,,,N,2021-11-22,2023-11-06,492,True,True,True,False
22279,58831,00444X10,,,X,,,N,2021-11-17,2024-04-09,600,True,True,True,False
22280,58921,07279B10,07279B10,BAFN,Q,NS,EQTY,Y,2021-11-30,2025-12-31,1026,True,True,True,True
22287,58927,05637B10,05637B10,BLZE,Q,NS,EQTY,Y,2021-11-11,2025-12-31,1038,True,True,True,True
22288,58835,09370F10,,,X,,,N,2021-11-04,2023-04-25,369,True,True,True,False
22290,58929,09606H30,,,X,,,N,2021-11-03,2024-12-20,788,True,True,True,False
22291,58930,0557MQ20,0557MQ20,BTBD,Q,NS,EQTY,Y,2021-11-12,2025-12-31,1037,True,True,True,True
22292,58715,12561U10,,,X,,,N,2021-11-05,2023-05-01,372,True,True,True,False
22293,20523,21935010,21935010,GLW,N,NS,EQTY,Y,2021-01-04,2025-12-31,1255,True,True,True,True
22296,58935,48115J10,48115J10,DERM,Q,NS,EQTY,Y,2021-11-12,2025-12-31,1037,True,True,True,True
22301,58941,31813A10,31813A10,FINW,Q,NS,EQTY,Y,2021-11-19,2025-12-31,1032,True,True,True,True
22303,58854,56608A10,,,X,,,N,2021-11-22,2025-04-02,843,True,True,True,False
22305,58724,42600H10,,,X,,,N,2021-11-19,2025-04-04,846,True,True,True,False
22309,58727,43734R10,,,X,,,N,2021-11-22,2023-10-19,480,True,True,True,False
22318,58864,57778T10,,,X,,,N,2021-11-26,2023-03-30,337,True,True,True,False
22321,58960,55003A20,55003A20,LVLU,Q,NS,EQTY,Y,2021-11-11,2025-12-31,1038,True,True,True,True
22335,58887,80821210,,,X,,,N,2021-11-29,2023-10-12,471,True,True,True,False
22336,58888,79956P10,,,X,,,N,2021-11-09,2022-10-21,240,True,True,True,False
22339,58744,82633210,,,X,,,N,2021-11-05,2022-12-19,282,True,True,True,False
22342,58979,83370P20,83370P20,SOPA,Q,NS,EQTY,Y,2021-11-09,2025-12-31,1040,True,True,True,True
22343,58980,86260J10,86260J10,SWAG,Q,NS,EQTY,Y,2021-11-09,2025-12-31,1040,True,True,True,True
22344,58981,86882L20,86882L20,SURG,Q,NS,EQTY,Y,2021-11-02,2025-12-31,1045,True,True,True,True
22347,58986,88870530,88870530,TIVC,Q,NS,EQTY,Y,2021-11-11,2025-12-31,1038,True,True,True,True
22351,58989,92244V10,,,X,,,N,2021-11-11,2024-05-09,626,True,True,True,False
22355,58754,08369010,,,X,,,N,2021-11-18,2024-09-30,719,True,True,True,False
22359,58789,09216A10,,,X,,,N,2021-11-12,2023-12-08,521,True,True,True,False
22362,58999,18270D10,18270D10,CMTG,N,NS,EQTY,Y,2021-11-03,2025-12-31,1044,True,True,True,True
22370,58792,23324710,,,X,,,N,2021-11-22,2023-04-06,345,True,True,True,False
22378,58757,25460L10,,,X,,,N,2021-11-12,2024-04-30,618,True,True,True,False
22390,58793,42032P10,,,X,,,N,2021-11-29,2023-07-12,406,True,True,True,False
22395,58767,53808610,,,X,,,N,2021-11-15,2023-11-30,514,True,True,True,False
22413,59011,91734E10,,,X,,,N,2021-11-17,2023-01-12,290,True,True,True,False
22417,59013,97265W10,,,X,,,N,2021-11-11,2022-12-13,274,True,True,True,False
22422,59021,71385M10,71385M10,PRM,N,NS,EQTY,Y,2021-11-09,2025-12-31,1040,True,True,True,True
22424,59023,41810010,,,X,,,N,2021-12-09,2025-02-27,807,True,True,True,False
22439,58995,03752A10,,,X,,,N,2021-12-30,2023-02-01,274,True,True,True,False
22440,58787,04684M10,,,X,,,N,2021-12-10,2023-10-20,468,True,True,True,False
22447,59000,36170N10,36170N10,GCTS,N,NS,EQTY,Y,2021-12-27,2025-12-31,1008,True,True,True,True
22470,58795,45617P10,,,X,,,N,2021-12-10,2022-11-14,234,True,True,True,False
22474,59005,48203N10,,,X,,,N,2021-12-23,2023-10-10,451,True,True,True,False
22480,58799,55407R10,,,X,,,N,2021-12-13,2023-09-21,446,True,True,True,False
22509,21351,69350610,69350610,PPG,N,NS,EQTY,Y,2021-01-04,2025-12-31,1255,True,True,True,True
22517,21376,69351T10,69351T10,PPL,N,NS,EQTY,Y,2021-01-04,2025-12-31,1255,True,True,True,True
22521,58821,02157M10,,,X,,,N,2021-12-13,2024-11-05,729,True,True,True,False
22522,58917,04005A10,,,X,,,N,2021-12-31,2022-12-09,238,True,True,True,False
22523,59054,01674450,01674450,ALLR,Q,NS,EQTY,Y,2021-12-21,2025-12-31,1011,True,True,True,True
22524,58826,03881F10,,,X,,,N,2021-12-20,2023-01-13,269,True,True,True,False
22527,58920,04045010,,,X,,,N,2021-12-09,2024-03-01,559,True,True,True,False
22528,58830,05338E10,,,X,,,N,2021-12-03,2023-06-08,380,True,True,True,False
22537,59064,22529Y40,22529Y40,CELZ,Q,NS,EQTY,Y,2021-12-03,2025-12-31,1023,True,True,True,True
22544,58845,00438Y10,,,X,,,N,2021-12-01,2023-12-27,521,True,True,True,False
22549,58851,25193620,25193620,DEVS,Q,NS,EQTY,Y,2021-12-20,2025-12-31,1012,True,True,True,True
22556,59077,37892F10,,,X,,,N,2021-12-23,2024-12-17,750,True,True,True,False
22561,59083,45824Q80,45824Q80,GCTK,Q,NS,EQTY,Y,2021-12-10,2025-12-31,1018,True,True,True,True
22570,58957,53118A10,,,X,,,N,2021-12-27,2024-03-27,566,True,True,True,False
22571,58958,53626210,,,X,,,N,2021-12-07,2023-03-08,314,True,True,True,False
22572,58866,51934510,,,X,,,N,2021-12-17,2023-05-15,353,True,True,True,False
22574,58963,62404B10,,,X,,,N,2021-12-02,2024-11-21,748,True,True,True,False
22575,58966,58176U10,,,X,,,N,2021-12-23,2023-03-06,300,True,True,True,False
22579,58967,58759A10,,,X,,,N,2021-12-27,2023-10-02,444,True,True,True,False
22581,58871,65145010,,,X,,,N,2021-12-13,2023-04-26,344,True,True,True,False
22586,59094,65344E10,65344E10,NXGL,Q,NS,EQTY,Y,2021-12-22,2025-12-31,1010,True,True,True,True
22587,58875,67100510,,,X,,,N,2021-12-20,2023-12-28,509,True,True,True,False
22589,58877,84753T10,,,X,,,N,2021-12-20,2024-08-07,661,True,True,True,False
22590,58878,70184A10,,,X,,,N,2021-12-14,2022-12-19,256,True,True,True,False
22592,21205,88579Y10,88579Y10,MMM,N,NS,EQTY,Y,2021-01-04,2025-12-31,1255,True,True,True,True
22595,59097,16723910,16723910,REFI,Q,NS,EQTY,Y,2021-12-08,2025-12-31,1023,True,True,True,True
22599,58889,81220410,,,X,,,N,2021-12-20,2023-02-02,282,True,True,True,False
22601,58978,84854Q10,,,X,,,N,2021-12-27,2022-12-28,254,True,True,True,False
22602,59102,82616520,82616520,SIDU,Q,NS,EQTY,Y,2021-12-14,2025-12-31,1016,True,True,True,True
22612,58992,92838J10,,,X,,,N,2021-12-23,2024-10-28,715,True,True,True,False
22616,58904,30069X10,,,X,,,N,2021-12-13,2024-10-02,705,True,True,True,False
22623,59113,21037T10,21037T10,CEG,Q,NS,EQTY,Y,2022-02-02,2025-12-31,982,True,True,True,True
22640,58933,13767K10,,,X,,,N,2022-01-20,2024-06-28,613,True,True,True,False
22646,58850,31813610,,,X,,,N,2022-01-11,2024-08-20,655,True,True,True,False
22647,59072,31772T10,,,X,,,N,2022-01-10,2023-08-31,413,True,True,True,False
22650,59073,36550610,,,X,,,N,2022-01-13,2023-12-18,485,True,True,True,False
22659,59132,44170P10,44170P10,HOUR,Q,NS,EQTY,Y,2022-01-07,2025-12-31,999,True,True,True,True
22661,59084,45333D10,,,X,,,N,2022-01-21,2024-12-17,731,True,True,True,False
22667,59135,49907V20,49907V20,KSCP,Q,NS,EQTY,Y,2022-01-27,2025-12-31,986,True,True,True,True
22668,58952,50202D10,,,X,,,N,2022-01-07,2023-10-03,436,True,True,True,False
22671,59138,6293JP10,6293JP10,NSTS,Q,NS,EQTY,Y,2022-01-19,2025-12-31,992,True,True,True,True
22677,58883,62300610,,,X,,,N,2022-01-03,2023-03-01,291,True,True,True,False
22678,59099,77867R10,,,X,,,N,2022-01-05,2024-12-09,736,True,True,True,False
22690,58991,91842V10,,,X,,,N,2022-01-03,2023-05-16,344,True,True,True,False
22694,58994,30320F10,,,X,,,N,2022-01-10,2023-08-23,407,True,True,True,False
22703,59028,04687C10,,,X,,,N,2022-01-28,2024-12-11,722,True,True,True,False
22704,58996,07402Q10,,,X,,,N,2022-01-14,2023-12-12,480,True,True,True,False
22715,59002,29978K10,,,X,,,N,2022-01-14,2024-12-02,724,True,True,True,False
22722,59004,45827R10,,,X,,,N,2022-01-03,2024-03-12,550,True,True,True,False
22723,59032,46653C10,,,X,,,N,2022-01-31,2023-06-13,344,True,True,True,False
22726,59006,62956710,,,X,,,N,2022-01-07,2023-12-19,490,True,True,True,False
22738,59008,82537G10,,,X,,,N,2022-01-10,2023-12-04,478,True,True,True,False
22746,59038,89301B10,,,X,,,N,2022-01-31,2024-09-06,654,True,True,True,False
22752,21188,58933Y10,58933Y10,MRK,N,NS,EQTY,Y,2021-01-04,2025-12-31,1255,True,True,True,True
22764,59056,04264410,,,X,,,N,2022-02-11,2024-09-17,652,True,True,True,False
22766,59119,11125B10,,,X,,,N,2022-02-23,2025-01-23,732,True,True,True,False
22769,59065,12521H10,,,X,,,N,2022-02-10,2024-12-23,721,True,True,True,False
22775,59078,00809J10,,,X,,,N,2022-02-22,2024-06-21,586,True,True,True,False
22776,59180,42240Q10,42240Q10,HTCR,Q,NS,EQTY,Y,2022-02-10,2025-12-31,976,True,True,True,True
22779,21230,62007630,62007630,MSI,N,NS,EQTY,Y,2021-01-04,2025-12-31,1255,True,True,True,True
22783,59185,60785L20,60785L20,MODD,Q,NS,EQTY,Y,2022-02-10,2025-12-31,976,True,True,True,True
22791,59096,76137R10,,,X,,,N,2022-02-07,2024-03-04,520,True,True,True,False
22793,59192,86778170,86778170,SBFM,Q,NS,EQTY,Y,2022-02-15,2025-12-31,973,True,True,True,True
22800,58983,83014E10,,,X,,,N,2022-02-01,2024-02-28,521,True,True,True,False
22802,59198,89386L10,,,X,,,N,2022-02-22,2024-06-21,586,True,True,True,False
22803,59144,92838K10,,,X,,,N,2022-02-28,2023-07-20,350,True,True,True,False
22810,59029,05150A10,,,X,,,N,2022-02-07,2024-10-11,674,True,True,True,False
22812,59201,07831C10,07831C10,BRBR,N,NS,EQTY,Y,2022-03-11,2025-12-31,956,True,True,True,True
22823,59149,12530D10,,,X,,,N,2022-02-28,2023-10-24,417,True,True,True,False
22857,58768,60784B10,60784B10,MDV,N,NS,EQTY,Y,2022-02-11,2025-12-31,975,True,True,True,True
22879,59217,29082K10,29082K10,EMBC,Q,NS,EQTY,Y,2022-04-01,2025-12-31,941,True,True,True,True
22888,59167,23290B20,,,X,,,N,2022-03-21,2025-11-07,914,True,True,True,False
22895,59128,26431Q10,,,X,,,N,2022-03-14,2024-11-26,682,True,True,True,False
22898,59129,38287A10,,,X,,,N,2022-03-04,2024-12-06,695,True,True,True,False
22901,59134,45635R10,,,X,,,N,2022-03-04,2023-11-03,421,True,True,True,False
22910,59139,69882P10,,,X,,,N,2022-03-04,2025-01-23,725,True,True,True,False
22914,59193,82664R10,,,X,,,N,2022-03-28,2023-05-30,295,True,True,True,False
22928,30963,25271C20,,,X,,,N,2022-03-30,2024-09-04,612,True,True,True,False
22937,59153,42237V10,,,X,,,N,2022-03-14,2023-07-26,344,True,True,True,False
22945,59214,49436K10,,,X,,,N,2022-03-28,2023-05-09,281,True,True,True,False
22946,59154,49910310,,,X,,,N,2022-03-14,2023-12-06,437,True,True,True,False
22952,59240,57403M10,57403M10,MGLD,A,NS,EQTY,Y,2022-03-10,2025-12-31,957,True,True,True,True
22953,59241,64582720,64582720,IDR,A,NS,EQTY,Y,2022-03-11,2025-12-31,956,True,True,True,True
22995,59251,46655E10,46655E10,DC,A,NS,EQTY,Y,2022-04-05,2025-12-31,939,True,True,True,True
23008,59255,65518740,65518740,ACON,Q,NS,EQTY,Y,2022-04-22,2025-12-31,927,True,True,True,True
23011,59169,12442010,,,X,,,N,2022-04-01,2025-02-18,722,True,True,True,False
23021,59176,45095830,,,X,,,N,2022-04-18,2025-05-22,778,True,True,True,False
23024,59177,36119D10,,,X,,,N,2022-04-08,2025-02-26,723,True,True,True,False
23025,59223,38136Y10,,,X,,,N,2022-04-14,2025-03-26,739,True,True,True,False
23028,59178,37187C10,,,X,,,N,2022-04-07,2023-08-04,333,True,True,True,False
23033,59266,46583A30,46583A30,IVDA,Q,NS,EQTY,Y,2022-04-01,2025-12-31,941,True,True,True,True
23039,59268,47805L10,47805L10,JMSB,Q,NS,EQTY,Y,2022-04-27,2025-12-31,924,True,True,True,True
23048,59191,75944B10,,,X,,,N,2022-04-04,2023-01-12,196,True,True,True,False
23049,59230,74954L10,,,X,,,N,2022-04-20,2025-02-14,709,True,True,True,False
23052,59232,49876K10,49876K10,KLTO,Q,NS,EQTY,Y,2022-04-29,2025-12-31,922,True,True,True,True
23056,59272,82003F30,82003F30,STSS,Q,NS,EQTY,Y,2022-04-14,2025-12-31,932,True,True,True,True
23062,59275,30218B20,30218B20,XPON,Q,NS,EQTY,Y,2022-04-01,2025-12-31,941,True,True,True,True
23101,59286,00503R50,00503R50,ASNS,Q,NS,EQTY,Y,2022-05-13,2025-12-31,912,True,True,True,True
23120,59300,83359240,83359240,SOBR,Q,NS,EQTY,Y,2022-05-16,2025-12-31,911,True,True,True,True
23129,59303,29332G10,29332G10,EHAB,N,NS,EQTY,Y,2022-07-01,2025-12-31,879,True,True,True,True
23179,59312,17461510,17461510,CZFS,Q,NS,EQTY,Y,2022-06-03,2025-12-31,902,True,True,True,True
23182,892,16530310,16530310,CPK,N,NS,EQTY,Y,2021-01-04,2025-12-31,1255,True,True,True,True
23183,59291,37961B10,,,X,,,N,2022-06-16,2025-04-15,710,True,True,True,False
23200,59276,98741Y10,,,X,,,N,2022-06-27,2025-04-28,712,True,True,True,False
23223,59335,26828M10,26828M10,ECBK,Q,NS,EQTY,Y,2022-07-28,2025-12-31,861,True,True,True,True
23229,20361,12589610,12589610,CMS,N,NS,EQTY,Y,2021-01-04,2025-12-31,1255,True,True,True,True
23233,59340,60737110,,,X,,,N,2022-07-29,2024-04-18,433,True,True,True,False
23236,59343,64065510,64065510,NEOV,Q,NS,EQTY,Y,2022-07-28,2025-12-31,861,True,True,True,True
23252,59346,96188430,96188430,NXTT,Q,NS,EQTY,Y,2022-07-19,2025-12-31,868,True,True,True,True
23256,59350,34988N10,,,X,,,N,2022-08-12,2024-10-10,544,True,True,True,False
23263,59354,26740W10,26740W10,QBTS,N,NS,EQTY,Y,2022-08-08,2025-12-31,854,True,True,True,True
23265,59355,65518650,65518650,NCRA,Q,NS,EQTY,Y,2022-08-11,2025-12-31,851,True,True,True,True
23267,59357,28252B85,,,X,,,N,2022-08-03,2025-04-04,671,True,True,True,False
23268,59358,68277K20,68277K20,ONFO,Q,NS,EQTY,Y,2022-08-26,2025-12-31,840,True,True,True,True
23271,59361,42371L20,,,X,,,N,2022-08-30,2024-09-06,508,True,True,True,False
23272,59362,82569340,82569340,SHPH,Q,NS,EQTY,Y,2022-08-31,2025-12-31,837,True,True,True,True
23273,59363,00653L30,00653L30,ATXG,Q,NS,EQTY,Y,2022-08-31,2025-12-31,837,True,True,True,True
23297,6760,10964110,10964110,EAT,N,NS,EQTY,Y,2021-01-04,2025-12-31,1255,True,True,True,True
23306,59368,09076W30,09076W30,BIAF,Q,NS,EQTY,Y,2022-09-01,2025-12-31,836,True,True,True,True
23345,59384,09631H10,09631H10,BHM,A,NS,EQTY,Y,2022-10-06,2025-12-31,812,True,True,True,True
23372,59387,45825X20,45825X20,INLX,A,NS,EQTY,Y,2022-09-09,2025-12-31,831,True,True,True,True
23379,59389,53838J10,53838J10,LVWR,N,NS,EQTY,Y,2022-09-27,2025-12-31,819,True,True,True,True
23380,59390,54352F20,,,X,,,N,2022-09-22,2024-08-09,473,True,True,True,False
23393,1103,17134010,17134010,CHD,N,NS,EQTY,Y,2021-01-04,2025-12-31,1255,True,True,True,True
23397,59395,62956D30,,,X,,,N,2022-09-27,2025-04-10,637,True,True,True,False
23415,59399,51807Q10,51807Q10,LASE,Q,NS,EQTY,Y,2022-09-30,2025-12-31,816,True,True,True,True
23418,59377,60742N10,,,X,,,N,2022-09-26,2023-12-11,305,True,True,True,False
23423,59401,65345B20,65345B20,NXL,Q,NS,EQTY,Y,2022-09-16,2025-12-31,826,True,True,True,True
23426,59404,82711P20,82711P20,SILO,Q,NS,EQTY,Y,2022-09-27,2025-12-31,819,True,True,True,True
23433,59410,74982T10,74982T10,RXO,N,NS,EQTY,Y,2022-11-01,2025-12-31,794,True,True,True,True
23439,59414,60741F10,60741F10,MBLY,Q,NS,EQTY,Y,2022-10-26,2025-12-31,798,True,True,True,True
23451,59412,03842W10,,,X,,,N,2022-10-19,2025-03-07,597,True,True,True,False
23473,912,17206210,17206210,CINF,Q,NS,EQTY,Y,2021-01-04,2025-12-31,1255,True,True,True,True
23505,30020,02358650,02358650,UHAL,N,NS,EQTY,Y,2022-11-10,2025-12-31,787,True,True,True,True
23506,59433,30190A10,30190A10,FG,N,NS,EQTY,Y,2022-12-01,2025-12-31,773,True,True,True,True
23509,59435,00218A10,00218A10,ASPI,Q,NS,EQTY,Y,2022-11-10,2025-12-31,787,True,True,True,True
23511,59398,37962G10,,,X,,,N,2022-11-10,2025-03-10,582,True,True,True,False
23512,59403,74738V10,,,X,,,N,2022-11-25,2024-11-22,502,True,True,True,False
23513,59437,83301J10,83301J10,SNAL,Q,NS,EQTY,Y,2022-11-10,2025-12-31,787,True,True,True,True
23517,59441,52661A10,52661A10,DRS,Q,NS,EQTY,Y,2022-11-29,2025-12-31,775,True,True,True,True
23536,21931,92939U10,92939U10,WEC,N,NS,EQTY,Y,2021-01-04,2025-12-31,1255,True,True,True,True
23568,59444,57638P10,57638P10,MBC,N,NS,EQTY,Y,2022-12-15,2025-12-31,763,True,True,True,True
23570,59446,36266G10,36266G10,GEHC,Q,NS,EQTY,Y,2023-01-04,2025-12-31,751,True,True,True,True
23579,21743,88320310,88320310,TXT,N,NS,EQTY,Y,2021-01-04,2025-12-31,1255,True,True,True,True
23615,59456,22407B10,22407B10,COYA,Q,NS,EQTY,Y,2022-12-29,2025-12-31,754,True,True,True,True
23620,59413,44364H10,,,X,,,N,2022-12-23,2024-07-23,395,True,True,True,False
23622,59459,00548H10,,,X,,,N,2022-12-09,2024-09-05,436,True,True,True,False
23660,6304,17290810,17290810,CTAS,Q,NS,EQTY,Y,2021-01-04,2025-12-31,1255,True,True,True,True
23670,59473,36870H10,36870H10,GNLX,Q,NS,EQTY,Y,2023-01-26,2025-12-31,736,True,True,True,True
23673,59475,55317F20,,,X,,,N,2023-01-13,2025-02-20,527,True,True,True,False
23677,59443,72942P10,,,X,,,N,2023-01-11,2024-06-07,354,True,True,True,False
23679,59478,83094010,83094010,SKWD,Q,NS,EQTY,Y,2023-01-13,2025-12-31,744,True,True,True,True
23681,59479,65290E10,65290E10,NXT,Q,NS,EQTY,Y,2023-02-09,2025-12-31,726,True,True,True,True
23711,59483,86318210,86318210,STRW,A,NS,EQTY,Y,2023-02-22,2025-12-31,718,True,True,True,True
23712,21458,74457310,74457310,PEG,N,NS,EQTY,Y,2021-01-04,2025-12-31,1255,True,True,True,True
23716,59485,12021E10,12021E10,BFRG,Q,NS,EQTY,Y,2023-02-14,2025-12-31,723,True,True,True,True
23731,59499,62911P30,62911P30,GXAI,Q,NS,EQTY,Y,2023-02-15,2025-12-31,722,True,True,True,True
23744,59505,22440810,22440810,CR,N,NS,EQTY,Y,2023-04-04,2025-12-31,689,True,True,True,True
23779,59486,68840D10,68840D10,OSRH,Q,NS,EQTY,Y,2023-03-17,2025-12-31,701,True,True,True,True
23782,59488,15719Y10,,,X,,,N,2023-03-24,2024-08-01,341,True,True,True,False
23783,59512,18452H30,18452H30,CETY,Q,NS,EQTY,Y,2023-03-23,2025-12-31,697,True,True,True,True
23799,913,17474010,17474010,CIA,N,NS,EQTY,Y,2021-01-04,2025-12-31,1255,True,True,True,True
23819,20868,40621610,40621610,HAL,N,NS,EQTY,Y,2021-01-04,2025-12-31,1255,True,True,True,True
23829,59537,39818P79,39818P79,PKST,N,NS,EQTY,Y,2023-04-13,2025-12-31,683,True,True,True,True
23846,59482,82836N10,,,X,,,N,2023-04-28,2024-11-04,383,True,True,True,False
23854,59543,12135Y10,12135Y10,BHRB,Q,NS,EQTY,Y,2023-04-26,2025-12-31,674,True,True,True,True
23860,59547,46501C10,46501C10,ISPR,Q,NS,EQTY,Y,2023-04-04,2025-12-31,689,True,True,True,True
23875,59558,49889410,49889410,KNF,N,NS,EQTY,Y,2023-06-01,2025-12-31,649,True,True,True,True
23876,59559,49177J10,49177J10,KVUE,N,NS,EQTY,Y,2023-05-04,2025-12-31,668,True,True,True,True
23877,59560,04956D10,04956D10,ATMU,N,NS,EQTY,Y,2023-05-26,2025-12-31,652,True,True,True,True
23881,59514,35088F10,,,X,,,N,2023-05-12,2025-10-17,611,True,True,True,False
23882,59562,84252A10,84252A10,BCAL,Q,NS,EQTY,Y,2023-05-11,2025-12-31,663,True,True,True,True
23883,59563,13000T60,13000T60,CWD,Q,NS,EQTY,Y,2023-05-17,2025-12-31,659,True,True,True,True
23885,59530,89278D10,89278D10,TBMC,Q,NS,EQTY,Y,2023-05-15,2025-12-31,661,True,True,True,True
23931,21300,98389B10,98389B10,XEL,Q,NS,EQTY,Y,2021-01-04,2025-12-31,1255,True,True,True,True
23941,59576,14892910,14892910,CAVA,N,NS,EQTY,Y,2023-06-15,2025-12-31,639,True,True,True,True
23944,59578,71880K10,71880K10,PHIN,N,NS,EQTY,Y,2023-07-05,2025-12-31,627,True,True,True,True
23978,59581,80517M10,80517M10,SVV,N,NS,EQTY,Y,2023-06-29,2025-12-31,630,True,True,True,True
24010,21201,29364G10,29364G10,ETR,N,NS,EQTY,Y,2021-01-04,2025-12-31,1255,True,True,True,True
24017,59593,45828J10,45828J10,INTS,Q,NS,EQTY,Y,2023-06-30,2025-12-31,629,True,True,True,True
24051,59595,86892720,86892720,SRFM,N,NS,EQTY,Y,2023-07-27,2025-12-31,611,True,True,True,True
24053,21035,30034W10,30034W10,EVRG,Q,NS,EQTY,Y,2021-01-04,2025-12-31,1255,True,True,True,True
24070,59590,29642410,29642410,ESHA,Q,NS,EQTY,Y,2023-07-21,2025-12-31,615,True,True,True,True
24078,59611,78670010,78670010,SGMT,Q,NS,EQTY,Y,2023-07-14,2025-12-31,620,True,True,True,True
24079,59612,83006G40,83006G40,SXTP,Q,NS,EQTY,Y,2023-07-12,2025-12-31,622,True,True,True,True
24085,54311,53122972,,,X,,,Y,2023-08-04,2025-12-16,595,True,True,True,False
24091,59618,05603E20,05603E20,BVFL,Q,NS,EQTY,Y,2023-08-01,2025-12-31,608,True,True,True,True
24109,20077,02553710,02553710,AEP,Q,NS,EQTY,Y,2021-01-04,2025-12-31,1255,True,True,True,True
24114,59628,45784E30,45784E30,IVP,Q,NS,EQTY,Y,2023-08-30,2025-12-31,587,True,True,True,True
24172,59642,78637J20,78637J20,RENX,Q,NS,EQTY,Y,2023-09-28,2025-12-31,567,True,True,True,True
24174,59644,92338C10,92338C10,VLTO,N,NS,EQTY,Y,2023-10-02,2025-12-31,565,True,True,True,True
24205,20684,65339F10,65339F10,NEE,N,NS,EQTY,Y,2021-01-04,2025-12-31,1255,True,True,True,True
24248,21206,01852230,,,X,,,N,2021-01-04,2025-12-15,1244,True,True,True,False
24250,59654,02451V30,02451V30,ABAT,Q,NS,EQTY,Y,2023-09-21,2025-12-31,572,True,True,True,True
24263,59659,33817P40,33817P40,FTLF,Q,NS,EQTY,Y,2023-09-18,2025-12-31,575,True,True,True,True
24283,59665,75525N10,,,X,,,N,2023-09-15,2024-02-26,112,True,True,True,False
24286,59667,85227J10,85227J10,SRBK,Q,NS,EQTY,Y,2023-09-20,2025-12-31,573,True,True,True,True
24288,59669,87168W20,,,X,,,N,2023-09-29,2025-04-21,390,True,True,True,False
24296,59672,63001N10,63001N10,NATL,N,NS,EQTY,Y,2023-10-17,2025-12-31,554,True,True,True,True
24328,20662,26884L10,26884L10,EQT,N,NS,EQTY,Y,2021-01-04,2025-12-31,1255,True,True,True,True
24378,59681,64187110,,,X,,,N,2023-10-12,2024-03-07,101,True,True,True,False
24440,21328,67083710,67083710,OGE,N,NS,EQTY,Y,2021-01-04,2025-12-31,1255,True,True,True,True
24441,1071,19210850,19210850,CDE,N,NS,EQTY,Y,2021-01-04,2025-12-31,1255,True,True,True,True
24465,59690,75607T10,75607T10,AIRE,Q,NS,EQTY,Y,2023-10-23,2025-12-31,550,True,True,True,True
24469,59692,00838920,00838920,ATPC,Q,NS,EQTY,Y,2023-10-11,2025-12-31,558,True,True,True,True
24476,1033,19247910,,,X,,,N,2021-01-04,2022-07-01,378,True,True,True,False
24478,59697,36466210,,,X,,,N,2023-10-09,2024-08-05,207,True,True,True,False
24484,59699,50172T20,50172T20,LRHC,Q,NS,EQTY,Y,2023-10-10,2025-12-31,559,True,True,True,True
24486,59701,56066710,56066710,MSS,Q,NS,EQTY,Y,2023-10-05,2025-12-31,562,True,True,True,True
24487,59639,65445K10,,,X,,,N,2023-10-09,2024-09-13,235,True,True,True,False
24493,59706,91693120,91693120,ULY,Q,NS,EQTY,Y,2023-10-19,2025-12-31,552,True,True,True,True
24508,59711,52886X10,52886X10,LXEO,Q,NS,EQTY,Y,2023-11-03,2025-12-31,541,True,True,True,True
24511,59714,76550410,76550410,RR,Q,NS,EQTY,Y,2023-11-17,2025-12-31,531,True,True,True,True
24589,59704,74841A10,74841A10,QETA,Q,NS,EQTY,Y,2023-11-30,2025-12-31,523,True,True,True,True
24591,59181,45333F10,45333F10,IXHL,Q,NS,EQTY,Y,2023-11-30,2025-12-31,523,True,True,True,True
24626,59737,82932V50,,,X,,,N,2023-12-15,2024-09-11,185,True,True,True,False
24643,20060,44320110,44320110,HWM,N,NS,EQTY,Y,2021-01-04,2025-12-31,1255,True,True,True,True
24658,59749,63945M10,63945M10,NBBK,Q,NS,EQTY,Y,2023-12-28,2025-12-31,504,True,True,True,True
24700,59760,31573L10,31573L10,FBLG,Q,NS,EQTY,Y,2024-01-31,2025-12-31,482,True,True,True,True
24766,21303,66680710,66680710,NOC,N,NS,EQTY,Y,2021-01-04,2025-12-31,1255,True,True,True,True
24795,59782,83207R10,83207R10,SDHC,N,NS,EQTY,Y,2024-01-11,2025-12-31,495,True,True,True,True
24816,59794,02157Q10,02157Q10,ANRO,N,NS,EQTY,Y,2024-02-02,2025-12-31,480,True,True,True,True
24817,59795,39818230,39818230,AHR,N,NS,EQTY,Y,2024-02-07,2025-12-31,477,True,True,True,True
24820,59798,35168W10,35168W10,GUTS,Q,NS,EQTY,Y,2024-02-02,2025-12-31,480,True,True,True,True
24821,59747,46283710,46283710,UCFI,Q,NS,EQTY,Y,2024-02-16,2025-12-31,470,True,True,True,True
24823,59800,59102M10,59102M10,MGX,Q,NS,EQTY,Y,2024-02-09,2025-12-31,475,True,True,True,True
24824,59801,87975F10,87975F10,TELO,Q,NS,EQTY,Y,2024-02-09,2025-12-31,475,True,True,True,True
24825,59802,96188120,96188120,WETH,Q,NS,EQTY,Y,2024-02-21,2025-12-31,468,True,True,True,True
24829,59806,83419H10,83419H10,SMXT,Q,NS,EQTY,Y,2024-02-27,2025-12-31,464,True,True,True,True
24875,59812,04626A10,04626A10,ALAB,Q,NS,EQTY,Y,2024-03-20,2025-12-31,448,True,True,True,True
24877,59814,83444M10,83444M10,SOLV,N,NS,EQTY,Y,2024-04-01,2025-12-31,441,True,True,True,True
24878,59815,36828A10,36828A10,GEV,N,NS,EQTY,Y,2024-04-02,2025-12-31,440,True,True,True,True
24882,59816,25063F10,25063F10,DXYZ,N,NS,EQTY,Y,2024-03-26,2025-12-31,444,True,True,True,True
24937,59823,09032H10,09032H10,BCG,Q,NS,EQTY,Y,2024-03-27,2025-12-31,443,True,True,True,True
24964,59835,69380Q10,69380Q10,PACS,N,NS,EQTY,Y,2024-04-11,2025-12-31,433,True,True,True,True
24965,59836,90373110,90373110,ULS,N,NS,EQTY,Y,2024-04-12,2025-12-31,432,True,True,True,True
24967,59838,45105110,45105110,IBTA,N,NS,EQTY,Y,2024-04-18,2025-12-31,428,True,True,True,True
24969,21890,05379B10,05379B10,AVA,N,NS,EQTY,Y,2021-01-04,2025-12-31,1255,True,True,True,True
24971,59840,53947R10,53947R10,LOAR,N,NS,EQTY,Y,2024-04-25,2025-12-31,423,True,True,True,True
24985,21808,02360810,02360810,AEE,N,NS,EQTY,Y,2021-01-04,2025-12-31,1255,True,True,True,True
25017,59848,21217B10,21217B10,CTNM,Q,NS,EQTY,Y,2024-04-05,2025-12-31,437,True,True,True,True
25045,59867,10240L10,10240L10,BOW,N,NS,EQTY,Y,2024-05-23,2025-12-31,403,True,True,True,True
25050,59870,04225510,04225510,BTOC,Q,NS,EQTY,Y,2024-05-14,2025-12-31,410,True,True,True,True
25051,59871,63010H10,63010H10,NNE,Q,NS,EQTY,Y,2024-05-08,2025-12-31,414,True,True,True,True
25052,59872,74317M10,74317M10,PAL,Q,NS,EQTY,Y,2024-05-09,2025-12-31,413,True,True,True,True
25053,59873,82728C10,82728C10,SVCO,Q,NS,EQTY,Y,2024-05-09,2025-12-31,413,True,True,True,True
25054,59874,84612H10,84612H10,SOWG,Q,NS,EQTY,Y,2024-05-02,2025-12-31,418,True,True,True,True
25066,59881,49457M10,49457M10,NAKA,Q,NS,EQTY,Y,2024-05-31,2025-12-31,398,True,True,True,True
25081,1261,20034010,20034010,CMA,N,NS,EQTY,Y,2021-01-04,2025-12-31,1255,True,True,True,True
25129,779,20052510,20052510,CBSH,Q,NS,EQTY,Y,2021-01-04,2025-12-31,1260,True,True,True,True
25142,59889,88023B10,88023B10,TEM,Q,NS,EQTY,Y,2024-06-14,2025-12-31,388,True,True,True,True
25143,59890,38474710,38474710,GRAL,Q,NS,EQTY,Y,2024-06-25,2025-12-31,382,True,True,True,True
25166,59897,14628050,14628050,SILA,N,NS,EQTY,Y,2024-06-13,2025-12-31,389,True,True,True,True
25219,59908,34392730,34392730,FLYE,Q,NS,EQTY,Y,2024-06-06,2025-12-31,394,True,True,True,True
25228,59911,53220610,53220610,LIF,Q,NS,EQTY,Y,2024-06-06,2025-12-31,394,True,True,True,True
25229,59912,51216F10,51216F10,LSH,Q,NS,EQTY,Y,2024-06-28,2025-12-31,379,True,True,True,True
25232,21332,68268010,68268010,OKE,N,NS,EQTY,Y,2021-01-04,2025-12-31,1255,True,True,True,True
25239,59917,94845U10,94845U10,WBTN,Q,NS,EQTY,Y,2024-06-27,2025-12-31,380,True,True,True,True
25243,59919,68278B10,68278B10,OS,Q,NS,EQTY,Y,2024-07-24,2025-12-31,362,True,True,True,True
25244,59920,53566V10,53566V10,LINE,Q,NS,EQTY,Y,2024-07-25,2025-12-31,361,True,True,True,True
25252,59924,03980N10,03980N10,ARDT,N,NS,EQTY,Y,2024-07-18,2025-12-31,366,True,True,True,True
25320,20384,13442910,13442910,CPB,Q,NS,EQTY,Y,2021-01-04,2025-12-31,1255,True,True,True,True
25336,59945,33767U10,33767U10,FSUN,Q,NS,EQTY,Y,2024-07-12,2025-12-31,370,True,True,True,True
25359,59957,87422Q10,87422Q10,TLN,Q,NS,EQTY,Y,2024-07-10,2025-12-31,372,True,True,True,True
25361,59959,87318A10,87318A10,TWFG,Q,NS,EQTY,Y,2024-07-18,2025-12-31,366,True,True,True,True
25393,59966,00534B10,00534B10,ADGM,Q,NS,EQTY,Y,2024-08-01,2025-12-31,356,True,True,True,True
25403,59970,31692610,31692610,FDSB,Q,NS,EQTY,Y,2024-08-01,2025-12-31,356,True,True,True,True
25416,59978,74940T10,74940T10,GIFT,Q,NS,EQTY,Y,2024-08-07,2025-12-31,352,True,True,True,True
25419,21916,96332010,96332010,WHR,N,NS,EQTY,Y,2021-01-04,2025-12-31,1255,True,True,True,True
25441,59987,05603J10,05603J10,BKV,N,NS,EQTY,Y,2024-09-26,2025-12-31,317,True,True,True,True
25481,59991,48301N10,48301N10,KAPA,A,NS,EQTY,Y,2024-09-16,2025-12-31,325,True,True,True,True
25487,6391,05377410,05377410,CAR,Q,NS,EQTY,Y,2021-01-04,2025-12-31,1255,True,True,True,True
25582,20883,50243110,50243110,LHX,N,NS,EQTY,Y,2021-01-04,2025-12-31,1255,True,True,True,True
25590,21255,63618010,63618010,NFG,N,NS,EQTY,Y,2021-01-04,2025-12-31,1255,True,True,True,True
25637,60014,85423L10,85423L10,SARO,N,NS,EQTY,Y,2024-10-02,2025-12-31,313,True,True,True,True
25640,60015,49456W10,49456W10,KLC,N,NS,EQTY,Y,2024-10-09,2025-12-31,308,True,True,True,True
25661,60018,30042610,30042610,ECG,N,NS,EQTY,Y,2024-11-01,2025-12-31,291,True,True,True,True
25682,60021,35922N10,35922N10,FVR,N,NS,EQTY,Y,2024-10-02,2025-12-31,313,True,True,True,True
25687,60023,45715210,45715210,INGM,N,NS,EQTY,Y,2024-10-24,2025-12-31,297,True,True,True,True
25721,60033,31425A10,31425A10,FBLA,Q,NS,EQTY,Y,2024-10-23,2025-12-31,298,True,True,True,True
25758,60050,83087C20,83087C20,SKYQ,Q,NS,EQTY,Y,2024-10-10,2025-12-31,307,True,True,True,True
25765,60054,25691810,25691810,DTCX,Q,NS,EQTY,Y,2024-10-29,2025-12-31,294,True,True,True,True
25785,20750,34537086,34537086,F,N,NS,EQTY,Y,2021-01-04,2025-12-31,1258,True,True,True,True
25799,60065,69004510,,,X,,,N,2024-11-27,2025-01-06,26,True,True,True,False
25820,60073,58471K20,58471K20,MDCX,Q,NS,EQTY,Y,2024-11-14,2025-12-31,282,True,True,True,True
25829,60075,92333E10,92333E10,VENU,A,NS,EQTY,Y,2024-11-27,2025-12-31,273,True,True,True,True
25870,60082,42727R20,42727R20,IPST,Q,NS,EQTY,Y,2024-11-22,2025-12-31,276,True,True,True,True
25886,60090,81764X10,81764X10,TTAN,Q,NS,EQTY,Y,2024-12-12,2025-12-31,263,True,True,True,True
25953,20596,26000310,26000310,DOV,N,NS,EQTY,Y,2021-01-04,2025-12-31,1255,True,True,True,True
25980,60103,03675P10,03675P10,AVR,Q,NS,EQTY,Y,2024-12-13,2025-12-31,262,True,True,True,True
26003,60106,42217D10,42217D10,HIT,Q,NS,EQTY,Y,2024-12-23,2025-12-31,256,True,True,True,True
26037,60123,98980W10,98980W10,ZSPC,Q,NS,EQTY,Y,2024-12-05,2025-12-31,268,True,True,True,True
26042,60126,34290910,34290910,FLOC,N,NS,EQTY,Y,2025-01-16,2025-12-31,241,True,True,True,True
26043,60127,92333F10,92333F10,VG,N,NS,EQTY,Y,2025-01-24,2025-12-31,236,True,True,True,True
26044,60128,90164310,90164310,TWNP,Q,NS,EQTY,Y,2025-01-30,2025-12-31,232,True,True,True,True
26074,60132,45694110,45694110,INR,N,NS,EQTY,Y,2025-01-31,2025-12-31,231,True,True,True,True
26132,60137,08659B10,08659B10,BBNX,Q,NS,EQTY,Y,2025-01-30,2025-12-31,232,True,True,True,True
26135,60140,18912E20,18912E20,CSAI,Q,NS,EQTY,Y,2025-01-30,2025-12-31,232,True,True,True,True
26146,60151,57878410,57878410,MAZE,Q,NS,EQTY,Y,2025-01-31,2025-12-31,231,True,True,True,True
26164,4062,83224820,83224820,SFD,Q,NS,EQTY,Y,2025-01-28,2025-12-31,234,True,True,True,True
26178,60163,78781J10,78781J10,SAIL,Q,NS,EQTY,Y,2025-02-13,2025-12-31,222,True,True,True,True
26179,60164,48592410,48592410,KRMN,N,NS,EQTY,Y,2025-02-13,2025-12-31,222,True,True,True,True
26181,14105,80004C20,80004C20,SNDK,Q,NS,EQTY,Y,2025-02-24,2025-12-31,216,True,True,True,True
26183,60144,30334J10,30334J10,FGMC,Q,NS,EQTY,Y,2025-02-11,2025-12-31,224,True,True,True,True
26190,60171,00294210,00294210,AARD,Q,NS,EQTY,Y,2025-02-13,2025-12-31,222,True,True,True,True
26191,60172,13110010,13110010,CJMB,Q,NS,EQTY,Y,2025-02-05,2025-12-31,228,True,True,True,True
26192,60173,26951R10,26951R10,EFSI,Q,NS,EQTY,Y,2025-02-07,2025-12-31,226,True,True,True,True
26193,60174,81063V20,81063V20,ODYS,Q,NS,EQTY,Y,2025-02-11,2025-12-31,224,True,True,True,True
26195,60176,88024520,88024520,XHLD,Q,NS,EQTY,Y,2025-02-13,2025-12-31,222,True,True,True,True
26196,60177,94950310,94950310,WGRX,Q,NS,EQTY,Y,2025-02-21,2025-12-31,217,True,True,True,True
26246,60282,02694810,02694810,AII,N,NS,EQTY,Y,2025-05-08,2025-12-31,164,True,True,True,True
26269,60294,46265G20,46265G20,IQST,Q,NS,EQTY,Y,2025-05-14,2025-12-31,160,True,True,True,True
26276,60297,04272H20,04272H20,ARAI,Q,NS,EQTY,Y,2025-05-15,2025-12-31,159,True,True,True,True
26322,60195,66661N88,66661N88,NPB,N,NS,EQTY,Y,2025-02-14,2025-12-31,221,True,True,True,True
26403,20587,25468710,25468710,DIS,N,NS,EQTY,Y,2021-01-04,2025-12-31,1255,True,True,True,True
26444,60212,21873S10,21873S10,CRWV,Q,NS,EQTY,Y,2025-03-28,2025-12-31,192,True,True,True,True
26448,60213,00752P10,00752P10,ADVB,Q,NS,EQTY,Y,2025-03-06,2025-12-31,208,True,True,True,True
26487,60221,57386310,57386310,MWYN,Q,NS,EQTY,Y,2025-03-13,2025-12-31,203,True,True,True,True
26509,60229,10481320,10481320,TBH,Q,NS,EQTY,Y,2025-03-06,2025-12-31,208,True,True,True,True
26571,60244,31192110,31192110,FATN,Q,NS,EQTY,Y,2025-04-08,2025-12-31,185,True,True,True,True
26573,60247,00809R20,00809R20,ATHR,Q,NS,EQTY,Y,2025-04-10,2025-12-31,183,True,True,True,True
26607,4255,08986R30,08986R30,BH,N,NS,EQTY,Y,2021-01-04,2025-12-31,1255,True,True,True,True
26614,21637,83851810,,,X,,,N,2021-01-04,2023-02-01,524,True,True,True,False
26639,60266,05453U20,05453U20,SSII,Q,NS,EQTY,Y,2025-04-25,2025-12-31,173,True,True,True,True
26650,1177,22948Q10,22948Q10,CTO,N,NS,EQTY,Y,2021-01-04,2025-12-31,1255,True,True,True,True
26653,60302,36317J20,36317J20,GLXY,Q,NS,EQTY,Y,2025-05-16,2025-12-31,158,True,True,True,True
26662,60305,43331310,43331310,HNGE,N,NS,EQTY,Y,2025-05-22,2025-12-31,154,True,True,True,True
26668,60310,55318A10,55318A10,MNTN,N,NS,EQTY,Y,2025-05-22,2025-12-31,154,True,True,True,True
26710,21111,54042410,54042410,L,N,NS,EQTY,Y,2021-01-04,2025-12-31,1255,True,True,True,True
26713,60322,17257310,17257310,CRCL,N,NS,EQTY,Y,2025-06-05,2025-12-31,145,True,True,True,True
26719,60324,92671130,92671130,VBIX,Q,NS,EQTY,Y,2025-06-05,2025-12-31,145,True,True,True,True
26723,60327,68170A10,68170A10,OMDA,Q,NS,EQTY,Y,2025-06-06,2025-12-31,144,True,True,True,True
26731,60330,98400U10,98400U10,SAFX,Q,NS,EQTY,Y,2025-06-09,2025-12-31,143,True,True,True,True
26744,60332,92892B10,92892B10,VOYG,N,NS,EQTY,Y,2025-06-11,2025-12-31,141,True,True,True,True
26747,60333,04681Y10,04681Y10,ASIC,N,NS,EQTY,Y,2025-06-11,2025-12-31,141,True,True,True,True
26748,60334,09592410,09592410,OTF,N,NS,EQTY,Y,2025-06-12,2025-12-31,140,True,True,True,True
26756,60336,16935C10,16935C10,CHYM,Q,NS,EQTY,Y,2025-06-12,2025-12-31,140,True,True,True,True
26798,60343,14215210,14215210,CAI,Q,NS,EQTY,Y,2025-06-18,2025-12-31,136,True,True,True,True
26800,60345,83134910,83134910,SLDE,Q,NS,EQTY,Y,2025-06-18,2025-12-31,136,True,True,True,True
26803,60347,00942210,00942210,AIRO,Q,NS,EQTY,Y,2025-06-13,2025-12-31,139,True,True,True,True
26839,60350,75094010,75094010,RAL,N,NS,EQTY,Y,2025-06-30,2025-12-31,129,True,True,True,True
26880,60357,47248R10,47248R10,JCAP,Q,NS,EQTY,Y,2025-06-26,2025-12-31,131,True,True,True,True
26904,60368,19058X20,19058X20,COSO,N,NS,EQTY,Y,2025-07-02,2025-12-31,127,True,True,True,True
26907,60370,14093510,14093510,CV,Q,NS,EQTY,Y,2025-07-02,2025-12-31,127,True,True,True,True
26977,60386,92795010,92795010,VWAV,Q,NS,EQTY,Y,2025-07-15,2025-12-31,119,True,True,True,True
26978,60387,38387Q10,38387Q10,PEW,N,NS,EQTY,Y,2025-07-16,2025-12-31,118,True,True,True,True
27021,60398,14280C10,14280C10,CARL,Q,NS,EQTY,Y,2025-07-23,2025-12-31,113,True,True,True,True
27043,21859,92220P10,,,X,,,N,2021-01-04,2021-04-15,71,True,True,True,False
27045,60402,58090710,58090710,MH,N,NS,EQTY,Y,2025-07-24,2025-12-31,112,True,True,True,True
27046,60403,53578M10,53578M10,LHAI,Q,NS,EQTY,Y,2025-07-24,2025-12-31,112,True,True,True,True
27070,60404,02319310,02319310,AMBQ,N,NS,EQTY,Y,2025-07-30,2025-12-31,108,True,True,True,True
27083,60410,69932A20,69932A20,PSKY,Q,NS,EQTY,Y,2025-08-07,2025-12-31,102,True,True,True,True
27092,60411,05369T10,05369T10,AVBC,N,NS,EQTY,Y,2025-08-01,2025-12-31,106,True,True,True,True
27118,60417,31816X10,31816X10,FLY,Q,NS,EQTY,Y,2025-08-07,2025-12-31,102,True,True,True,True
27125,60422,42238D10,42238D10,HTFL,Q,NS,EQTY,Y,2025-08-08,2025-12-31,101,True,True,True,True
27154,60434,74346N70,74346N70,PPCB,Q,NS,EQTY,Y,2025-08-15,2025-12-31,96,True,True,True,True
27157,60435,67119K10,67119K10,NUTR,Q,NS,EQTY,Y,2025-08-15,2025-12-31,96,True,True,True,True
27197,60439,28661C10,28661C10,ETS,Q,NS,EQTY,Y,2025-08-21,2025-12-31,92,True,True,True,True
27222,60440,23126K10,23126K10,CURX,Q,NS,EQTY,Y,2025-08-26,2025-12-31,89,True,True,True,True
27233,60447,71953R10,71953R10,PMI,A,NS,EQTY,Y,2025-08-29,2025-12-31,86,True,True,True,True
27291,60458,34938110,34938110,FIGR,Q,NS,EQTY,Y,2025-09-11,2025-12-31,78,True,True,True,True
27295,60459,52476L10,52476L10,LGN,Q,NS,EQTY,Y,2025-09-12,2025-12-31,77,True,True,True,True
27296,60460,36866J10,36866J10,GEMI,Q,NS,EQTY,Y,2025-09-12,2025-12-31,77,True,True,True,True
27302,60464,92556W10,92556W10,VIA,N,NS,EQTY,Y,2025-09-12,2025-12-31,77,True,True,True,True
27333,60468,94092310,94092310,WBI,N,NS,EQTY,Y,2025-09-17,2025-12-31,74,True,True,True,True
27334,20392,14233910,14233910,CSL,N,NS,EQTY,Y,2021-01-04,2025-12-31,1255,True,True,True,True
27336,60469,86384P10,86384P10,STUB,N,NS,EQTY,Y,2025-09-17,2025-12-31,74,True,True,True,True
27348,60475,64119N60,64119N60,NTSK,Q,NS,EQTY,Y,2025-09-18,2025-12-31,73,True,True,True,True
27422,20462,18589910,18589910,CLF,N,NS,EQTY,Y,2021-01-04,2025-12-31,1255,True,True,True,True
27424,60495,64073B10,64073B10,NP,N,NS,EQTY,Y,2025-10-01,2025-12-31,64,True,True,True,True
27430,20518,21683110,,,X,,,N,2021-01-04,2021-06-07,108,True,True,True,False
27444,60497,31491110,31491110,FRMI,Q,NS,EQTY,Y,2025-10-01,2025-12-31,64,True,True,True,True
27471,60507,01862Q10,01862Q10,ALH,N,NS,EQTY,Y,2025-10-09,2025-12-31,58,True,True,True,True
27497,60510,90021W10,90021W10,TTRX,Q,NS,EQTY,Y,2025-10-08,2025-12-31,59,True,True,True,True
27501,60513,71896810,71896810,PXED,N,NS,EQTY,Y,2025-10-09,2025-12-31,58,True,True,True,True
27511,1072,22279550,22279550,CUZ,N,NS,EQTY,Y,2021-01-04,2025-12-31,1255,True,True,True,True
27532,60519,03835W10,03835W10,SEV,Q,NS,EQTY,Y,2025-10-16,2025-12-31,53,True,True,True,True
27549,60521,83443Q10,83443Q10,SOLS,Q,NS,EQTY,Y,2025-10-30,2025-12-31,43,True,True,True,True
27562,5169,22410J10,22410J10,CBRL,Q,NS,EQTY,Y,2021-01-04,2025-12-31,1255,True,True,True,True
27592,60530,36118R10,36118R10,FUSE,Q,NS,EQTY,Y,2025-10-23,2025-12-31,48,True,True,True,True
27598,60532,74743L10,74743L10,Q,N,NS,EQTY,Y,2025-11-03,2025-12-31,41,True,True,True,True
27618,1100,22463310,22463310,CRD,N,NS,EQTY,Y,2021-01-04,2025-12-31,1255,True,True,True,True
27632,60542,63919310,63919310,NAVN,Q,NS,EQTY,Y,2025-10-30,2025-12-31,43,True,True,True,True
27640,60546,65531Y10,65531Y10,NOMA,Q,NS,EQTY,Y,2025-10-31,2025-12-31,42,True,True,True,True
27656,60548,09016810,09016810,BLLN,Q,NS,EQTY,Y,2025-11-06,2025-12-31,38,True,True,True,True
27666,60552,30234F10,30234F10,XZO,N,NS,EQTY,Y,2025-11-05,2025-12-31,39,True,True,True,True
27667,60553,28417M10,28417M10,ELWT,Q,NS,EQTY,Y,2025-11-05,2025-12-31,39,True,True,True,True
27670,60554,36094810,36094810,MEHA,Q,NS,EQTY,Y,2025-11-05,2025-12-31,39,True,True,True,True
27684,20239,05380710,05380710,AVT,Q,NS,EQTY,Y,2021-01-04,2025-12-31,1255,True,True,True,True
27716,60567,67620610,67620610,OTH,A,NS,EQTY,Y,2025-11-13,2025-12-31,33,True,True,True,True
27717,60568,14216J10,14216J10,CABR,Q,NS,EQTY,Y,2025-11-13,2025-12-31,33,True,True,True,True
27828,20908,40434L10,40434L10,HPQ,N,NS,EQTY,Y,2021-01-04,2025-12-31,1255,True,True,True,True
27859,60595,70040210,70040210,PARK,Q,NS,EQTY,Y,2025-12-03,2025-12-31,20,True,True,True,True
27862,60596,44916Y10,44916Y10,PURR,Q,NS,EQTY,Y,2025-12-03,2025-12-31,20,True,True,True,True
27868,60604,44326H10,44326H10,HYNE,Q,NS,EQTY,Y,2025-12-04,2025-12-31,19,True,True,True,True
27875,60607,58507V10,58507V10,MDLN,Q,NS,EQTY,Y,2025-12-17,2025-12-31,10,True,True,True,True
27886,60609,90138L10,90138L10,XXI,N,NS,EQTY,Y,2025-12-09,2025-12-31,16,True,True,True,True
27887,20277,07181310,07181310,BAX,N,NS,EQTY,Y,2021-01-04,2025-12-31,1255,True,True,True,True
27888,840,22989910,22989910,CFR,N,NS,EQTY,Y,2021-01-04,2025-12-31,1255,True,True,True,True
27910,60613,14154A10,14154A10,CDNL,Q,NS,EQTY,Y,2025-12-10,2025-12-31,15,True,True,True,True
27936,60619,55024910,55024910,LMRI,Q,NS,EQTY,Y,2025-12-11,2025-12-31,14,True,True,True,True
27945,60622,94700210,94700210,WLTH,Q,NS,EQTY,Y,2025-12-12,2025-12-31,13,True,True,True,True
27959,20608,26441C20,26441C20,DUK,N,NS,EQTY,Y,2021-01-04,2025-12-31,1255,True,True,True,True
27977,60628,03385310,03385310,ANDG,N,NS,EQTY,Y,2025-12-17,2025-12-31,10,True,True,True,True
27981,60631,85529M10,85529M10,FJET,A,NS,EQTY,Y,2025-12-18,2025-12-31,9,True,True,True,True
27983,21945,98421M10,98421M10,XRX,Q,NS,EQTY,Y,2021-01-04,2025-12-31,1255,True,True,True,True
27991,21409,72348410,72348410,PNW,N,NS,EQTY,Y,2021-01-04,2025-12-31,1255,True,True,True,True
28222,20030,00915810,00915810,APD,N,NS,EQTY,Y,2021-01-04,2025-12-31,1255,True,True,True,True
28345,21236,62671710,62671710,MUR,N,NS,EQTY,Y,2021-01-04,2025-12-31,1255,True,True,True,True
28484,20064,42809H10,,,X,,,N,2021-01-04,2025-07-18,1140,True,True,True,False
28629,1239,23769010,23769010,DAIO,Q,NS,EQTY,Y,2021-01-04,2025-12-31,1255,True,True,True,True
28804,20035,01165910,01165910,ALK,N,NS,EQTY,Y,2021-01-04,2025-12-31,1255,True,True,True,True
29058,6213,23946710,23946710,DXR,Q,NS,EQTY,Y,2021-01-04,2025-12-31,1255,True,True,True,True
29209,20217,04273510,04273510,ARW,N,NS,EQTY,Y,2021-01-04,2025-12-31,1255,True,True,True,True
29612,20283,03820C10,03820C10,AIT,N,NS,EQTY,Y,2021-01-04,2025-12-31,1255,True,True,True,True
29744,1308,36254L30,36254L30,GTBP,Q,NS,EQTY,Y,2021-01-04,2025-12-31,1255,True,True,True,True
29938,20340,11563710,11563710,BF,N,NS,EQTY,Y,2021-01-04,2025-12-31,1255,True,True,True,True
29946,20340,11563720,11563720,BF,N,NS,EQTY,Y,2021-01-04,2025-12-31,1255,True,True,True,True
30648,20470,19257610,19257610,COHU,Q,NS,EQTY,Y,2021-01-04,2025-12-31,1255,True,True,True,True
30680,20484,20172310,20172310,CMC,N,NS,EQTY,Y,2021-01-04,2025-12-31,1255,True,True,True,True
30681,1367,68191910,68191910,OMC,N,NS,EQTY,Y,2021-01-04,2025-12-31,1255,True,True,True,True
30940,1425,34354P10,34354P10,FLS,N,NS,EQTY,Y,2021-01-04,2025-12-31,1255,True,True,True,True
31051,6593,26815750,,,X,,,N,2021-01-04,2024-07-09,883,True,True,True,False
31077,20541,22966910,,,X,,,N,2021-01-04,2021-05-25,99,True,True,True,False
31480,20622,27631710,27631710,EML,Q,NS,EQTY,Y,2021-01-04,2025-12-31,1255,True,True,True,True
31500,1451,27826510,,,X,,,N,2021-01-04,2021-03-01,40,True,True,True,False
31691,20666,29665010,29665010,ESP,A,NS,EQTY,Y,2021-01-04,2025-12-31,1256,True,True,True,True
32651,20897,42270410,42270410,HL,N,NS,EQTY,Y,2021-01-04,2025-12-31,1270,True,True,True,True
32678,20898,42280610,42280610,HEI,N,NS,EQTY,Y,2021-01-04,2025-12-31,1255,True,True,True,True
32707,20902,42345210,42345210,HP,N,NS,EQTY,Y,2021-01-04,2025-12-31,1263,True,True,True,True
32870,20932,44045210,44045210,HRL,N,NS,EQTY,Y,2021-01-04,2025-12-31,1255,True,True,True,True
32942,20945,44351060,44351060,HUBB,N,NS,EQTY,Y,2021-01-04,2025-12-31,1255,True,True,True,True
32986,6748,04956010,04956010,ATO,N,NS,EQTY,Y,2021-01-04,2025-12-31,1255,True,True,True,True
33532,1582,29605610,29605610,ESCA,Q,NS,EQTY,Y,2021-01-04,2025-12-31,1255,True,True,True,True
33849,21125,50186A10,50186A10,LGL,A,NS,EQTY,Y,2021-01-04,2025-12-31,1255,True,True,True,True
34032,21161,57459910,57459910,MAS,N,NS,EQTY,Y,2021-01-04,2025-12-31,1255,True,True,True,True
34666,1783,12805830,12805830,LSTA,Q,NS,EQTY,Y,2021-01-04,2025-12-31,1255,True,True,True,True
34746,1741,31677310,31677310,FITB,Q,NS,EQTY,Y,2021-01-04,2025-12-31,1255,True,True,True,True
34817,21308,67034610,67034610,NUE,N,NS,EQTY,Y,2021-01-04,2025-12-31,1255,True,True,True,True
34833,21322,67459910,67459910,OXY,N,NS,EQTY,Y,2021-01-04,2025-12-31,1255,True,True,True,True
34936,34941,64121N10,64121N10,NTIP,A,NS,EQTY,Y,2021-01-04,2025-12-31,1255,True,True,True,True
34948,21348,69149730,69149730,OXM,N,NS,EQTY,Y,2021-01-04,2025-12-31,1255,True,True,True,True
35044,1620,7591EP10,7591EP10,RF,N,NS,EQTY,Y,2021-01-04,2025-12-31,1255,True,True,True,True
35107,21365,70014A10,70014A10,PKE,N,NS,EQTY,Y,2021-01-04,2025-12-31,1255,True,True,True,True
35263,1658,89840210,89840210,TRMK,Q,NS,EQTY,Y,2021-01-04,2025-12-31,1255,True,True,True,True
35554,1689,55261F10,55261F10,MTB,N,NS,EQTY,Y,2021-01-04,2025-12-31,1255,True,True,True,True
35685,6736,32020910,32020910,FFBC,Q,NS,EQTY,Y,2021-01-04,2025-12-31,1255,True,True,True,True
35917,5908,32086710,,,X,,,N,2021-01-04,2022-02-16,284,True,True,True,False
36003,21530,77571110,77571110,ROL,N,NS,EQTY,Y,2021-01-04,2025-12-31,1256,True,True,True,True
36281,21587,81154310,81154310,SEB,A,NS,EQTY,Y,2021-01-04,2025-12-31,1255,True,True,True,True
36346,6281,33690110,33690110,SRCE,Q,NS,EQTY,Y,2021-01-04,2025-12-31,1255,True,True,True,True
36397,1856,32051710,32051710,FHN,N,NS,EQTY,Y,2021-01-04,2025-12-31,1255,True,True,True,True
36468,21609,82434810,82434810,SHW,N,NS,EQTY,Y,2021-01-04,2025-12-31,1255,True,True,True,True
36898,21669,85858610,85858610,SCL,N,NS,EQTY,Y,2021-01-04,2025-12-31,1255,True,True,True,True
37154,5152,34443740,34443740,FONR,Q,NS,EQTY,Y,2021-01-04,2025-12-31,1255,True,True,True,True
37568,1688,35351410,35351410,FELE,Q,NS,EQTY,Y,2021-01-04,2025-12-31,1255,True,True,True,True
37584,6407,35461310,35461310,BEN,N,NS,EQTY,Y,2021-01-04,2025-12-31,1255,True,True,True,True
37875,1868,35969410,35969410,FUL,N,NS,EQTY,Y,2021-01-04,2025-12-31,1255,True,True,True,True
38033,4905,96214910,96214910,WEYS,Q,NS,EQTY,Y,2021-01-04,2025-12-31,1257,True,True,True,True
38093,7094,36357610,36357610,AJG,N,NS,EQTY,Y,2021-01-04,2025-12-31,1255,True,True,True,True
38156,21923,96945710,96945710,WMB,N,NS,EQTY,Y,2021-01-04,2025-12-31,1255,True,True,True,True
38295,21948,84790A10,84790A10,SPB,N,NS,EQTY,Y,2021-01-04,2025-12-31,1255,True,True,True,True
38659,5242,37190110,37190110,GNTX,Q,NS,EQTY,Y,2021-01-04,2025-12-31,1255,True,True,True,True
38682,20594,25786720,,,X,,,N,2021-01-04,2022-02-28,291,True,True,True,False
38703,21305,94974610,94974610,WFC,N,NS,EQTY,Y,2021-01-04,2025-12-31,1255,True,True,True,True
38762,21244,65473P10,65473P10,NI,N,NS,EQTY,Y,2021-01-04,2025-12-31,1255,True,True,True,True
38850,21623,83083010,83083010,SKY,N,NS,EQTY,Y,2021-01-04,2025-12-31,1255,True,True,True,True
39490,20204,03743Q10,03743Q10,APA,Q,NS,EQTY,Y,2021-01-04,2025-12-31,1255,True,True,True,True
39538,21168,57708110,57708110,MAT,Q,NS,EQTY,Y,2021-01-04,2025-12-31,1255,True,True,True,True
39571,2002,38410910,38410910,GGG,N,NS,EQTY,Y,2021-01-04,2025-12-31,1255,True,True,True,True
39642,20284,07588710,07588710,BDX,N,NS,EQTY,Y,2021-01-04,2025-12-31,1255,True,True,True,True
39731,1908,38937520,38937520,GTN,N,NS,EQTY,Y,2021-01-04,2025-12-31,1255,True,True,True,True
39917,21914,96216610,96216610,WY,N,NS,EQTY,Y,2021-01-04,2025-12-31,1255,True,True,True,True
40125,20493,23355L10,23355L10,DXC,N,NS,EQTY,Y,2021-01-04,2025-12-31,1255,True,True,True,True
40272,20991,45950610,45950610,IFF,N,NS,EQTY,Y,2021-01-04,2025-12-31,1255,True,True,True,True
40440,20582,25365110,,,X,,,N,2021-01-04,2023-05-30,605,True,True,True,False
40539,21949,87254010,87254010,TJX,N,NS,EQTY,Y,2021-01-04,2025-12-31,1255,True,True,True,True
41080,20543,23102110,23102110,CMI,N,NS,EQTY,Y,2021-01-04,2025-12-31,1255,True,True,True,True
41187,20890,41987010,41987010,HE,N,NS,EQTY,Y,2021-01-04,2025-12-31,1255,True,True,True,True
41217,2089,41959610,41959610,HVT,N,NS,EQTY,Y,2021-01-04,2025-12-31,1258,True,True,True,True
41241,2238,42026110,42026110,HWKN,Q,NS,EQTY,Y,2021-01-04,2025-12-31,1255,True,True,True,True
41292,6616,42190610,42190610,HCSG,Q,NS,EQTY,Y,2021-01-04,2025-12-31,1255,True,True,True,True
41355,21367,70109410,70109410,PH,N,NS,EQTY,Y,2021-01-04,2025-12-31,1255,True,True,True,True
41574,21594,46121H10,,,X,,,N,2021-01-04,2022-05-25,352,True,True,True,False
42059,21900,94884910,94884910,WMK,N,NS,EQTY,Y,2021-01-04,2025-12-31,1255,True,True,True,True
42200,20616,71404610,71404610,RVTY,N,NS,EQTY,Y,2021-01-04,2025-12-31,1255,True,True,True,True
42286,21935,97809710,97809710,WWW,N,NS,EQTY,Y,2021-01-04,2025-12-31,1255,True,True,True,True
42439,2191,40425110,40425110,HNI,N,NS,EQTY,Y,2021-01-04,2025-12-31,1255,True,True,True,True
42550,20672,65158710,65158710,NEU,N,NS,EQTY,Y,2021-01-04,2025-12-31,1255,True,True,True,True
42585,21629,83269640,83269640,SJM,N,NS,EQTY,Y,2021-01-04,2025-12-31,1255,True,True,True,True
42614,21219,61539430,61539430,MOGB,N,NS,EQTY,Y,2021-01-04,2025-12-31,1255,True,True,True,True
42796,21189,58943310,,,X,,,N,2021-01-04,2021-12-02,233,True,True,True,False
42877,6606,44565810,44565810,JBHT,Q,NS,EQTY,Y,2021-01-04,2025-12-31,1255,True,True,True,True
42906,2093,44615010,44615010,HBAN,Q,NS,EQTY,Y,2021-01-04,2025-12-31,1255,True,True,True,True
42922,2235,44732410,44732410,HURC,Q,NS,EQTY,Y,2021-01-04,2025-12-31,1255,True,True,True,True
43123,21722,01741R10,01741R10,ATI,N,NS,EQTY,Y,2021-01-04,2025-12-31,1255,True,True,True,True
43350,21664,85450210,85450210,SWK,N,NS,EQTY,Y,2021-01-04,2025-12-31,1255,True,True,True,True
43449,21177,58013510,58013510,MCD,N,NS,EQTY,Y,2021-01-04,2025-12-31,1255,True,True,True,True
43481,21662,85423110,85423110,SXI,N,NS,EQTY,Y,2021-01-04,2025-12-31,1255,True,True,True,True
43553,21849,91820410,91820410,VFC,N,NS,EQTY,Y,2021-01-04,2025-12-31,1255,True,True,True,True
43634,2293,87960W20,,,X,,,N,2021-01-04,2021-10-18,200,True,True,True,False
43837,5342,45344030,,,X,,,N,2021-01-04,2022-02-16,284,True,True,True,False
44134,21045,48917010,48917010,KMT,N,NS,EQTY,Y,2021-01-04,2025-12-31,1255,True,True,True,True
44206,21299,30040W10,30040W10,ES,N,NS,EQTY,Y,2021-01-04,2025-12-31,1255,True,True,True,True
44230,6104,69283050,,,X,,,N,2021-01-04,2023-12-21,748,True,True,True,False
44274,2366,00770F10,,,X,,,N,2021-01-04,2021-05-17,93,True,True,True,False
44329,21723,87936910,87936910,TFX,N,NS,EQTY,Y,2021-01-04,2025-12-31,1255,True,True,True,True
44601,20238,05361110,05361110,AVY,N,NS,EQTY,Y,2021-01-04,2025-12-31,1255,True,True,True,True
44644,20235,05301510,05301510,ADP,Q,NS,EQTY,Y,2021-01-04,2025-12-31,1255,True,True,True,True
44768,5925,45866530,45866530,TILE,Q,NS,EQTY,Y,2021-01-04,2025-12-31,1255,True,True,True,True
44813,6617,15083770,15083770,CVM,A,NS,EQTY,Y,2021-01-04,2025-12-31,1255,True,True,True,True
44943,20585,25454310,25454310,DIOD,Q,NS,EQTY,Y,2021-01-04,2025-12-31,1255,True,True,True,True
45225,21854,91890520,91890520,VHI,N,NS,EQTY,Y,2021-01-04,2025-12-31,1255,True,True,True,True
45306,5184,45867G10,45867G10,IDCC,Q,NS,EQTY,Y,2021-01-04,2025-12-31,1255,True,True,True,True
45751,21158,57174810,57174810,MMC,N,NS,EQTY,Y,2021-01-04,2025-12-31,1255,True,True,True,True
45911,20058,83088M10,83088M10,SWKS,Q,NS,EQTY,Y,2021-01-04,2025-12-31,1255,True,True,True,True
46068,21893,94262210,94262210,WSO,N,NS,EQTY,Y,2021-01-04,2025-12-31,1255,True,True,True,True
46340,21551,78644930,,,X,,,N,2021-01-04,2024-02-12,782,True,True,True,False
46578,20463,18905410,18905410,CLX,N,NS,EQTY,Y,2021-01-04,2025-12-31,1255,True,True,True,True
46674,20807,37246010,37246010,GPC,N,NS,EQTY,Y,2021-01-04,2025-12-31,1255,True,True,True,True
46690,20374,12705510,12705510,CBT,N,NS,EQTY,Y,2021-01-04,2025-12-31,1255,True,True,True,True
46703,21157,44107P10,44107P10,HST,Q,NS,EQTY,Y,2021-01-04,2025-12-31,1259,True,True,True,True
46886,2551,48248010,48248010,KLAC,Q,NS,EQTY,Y,2021-01-04,2025-12-31,1255,True,True,True,True
46922,21515,76775487,,,X,,,N,2021-01-04,2023-10-16,701,True,True,True,False
47002,2488,48354810,,,X,,,N,2021-01-04,2024-04-19,829,True,True,True,False
47379,2519,48815220,48815220,KELYA,Q,NS,EQTY,Y,2021-01-04,2025-12-31,1255,True,True,True,True
47387,2519,48815230,48815230,KELYB,Q,NS,EQTY,Y,2021-01-04,2025-12-31,1255,True,True,True,True
47511,20653,29338910,29338910,EBF,N,NS,EQTY,Y,2021-01-04,2025-12-31,1256,True,True,True,True
47619,6093,49314410,49314410,KTCC,Q,NS,EQTY,Y,2021-01-04,2025-12-31,1255,True,True,True,True
47677,20448,17187150,,,X,,,N,2021-01-04,2021-09-07,171,True,True,True,False
47706,20698,31385510,31385510,FSS,N,NS,EQTY,Y,2021-01-04,2025-12-31,1255,True,True,True,True
47715,2498,49427410,,,X,,,N,2021-01-04,2023-06-01,608,True,True,True,False
47730,20068,00095710,00095710,ABM,N,NS,EQTY,Y,2021-01-04,2025-12-31,1255,True,True,True,True
47861,21694,86835810,86835810,SGC,Q,NS,EQTY,Y,2021-01-04,2025-12-31,1255,True,True,True,True
47896,20436,46625H10,46625H10,JPM,N,NS,EQTY,Y,2021-01-04,2025-12-31,1255,True,True,True,True
47941,20782,87901J10,87901J10,TGNA,N,NS,EQTY,Y,2021-01-04,2025-12-31,1255,True,True,True,True
48144,2552,50124210,50124210,KLIC,Q,NS,EQTY,Y,2021-01-04,2025-12-31,1255,True,True,True,True
48347,2615,50533610,50533610,LZB,N,NS,EQTY,Y,2021-01-04,2025-12-31,1255,True,True,True,True
48486,7013,51280730,51280730,LRCX,Q,NS,EQTY,Y,2021-01-04,2025-12-31,1255,True,True,True,True
48506,20610,61536910,61536910,MCO,N,NS,EQTY,Y,2021-01-04,2025-12-31,1255,True,True,True,True
48523,2600,51384710,51384710,MZTI,Q,NS,EQTY,Y,2021-01-04,2025-12-31,1255,True,True,True,True
48653,20950,44485910,44485910,HUM,N,NS,EQTY,Y,2021-01-04,2025-12-31,1255,True,True,True,True
48725,21810,90781810,90781810,UNP,N,NS,EQTY,Y,2021-01-04,2025-12-31,1255,True,True,True,True
48961,2612,52077610,52077610,DSGR,Q,NS,EQTY,Y,2021-01-04,2025-12-31,1255,True,True,True,True
49138,21617,82654610,82654610,SIF,A,NS,EQTY,Y,2021-01-04,2025-12-31,1255,True,True,True,True
49154,20561,87612E10,87612E10,TGT,N,NS,EQTY,Y,2021-01-04,2025-12-31,1255,True,True,True,True
49330,20041,01475210,01475210,ALX,N,NS,EQTY,Y,2021-01-04,2025-12-31,1255,True,True,True,True
49373,20309,09367110,09367110,HRB,N,NS,EQTY,Y,2021-01-04,2025-12-31,1255,True,True,True,True
49429,20584,25406710,25406710,DDS,N,NS,EQTY,Y,2021-01-04,2025-12-31,1255,True,True,True,True
49656,20265,06405810,06405810,BK,N,NS,EQTY,Y,2021-01-04,2025-12-31,1255,True,True,True,True
49680,20557,23585110,23585110,DHR,N,NS,EQTY,Y,2021-01-04,2025-12-31,1255,True,True,True,True
49744,21431,73763010,73763010,PCH,Q,NS,EQTY,Y,2021-01-04,2025-12-31,1255,True,True,True,True
50017,2706,75281A10,75281A10,RRC,N,NS,EQTY,Y,2021-01-04,2025-12-31,1255,True,True,True,True
50550,21385,90110910,90110910,TPC,N,NS,EQTY,Y,2021-01-04,2025-12-31,1255,True,True,True,True
50585,20867,91728610,,,X,,,N,2021-01-04,2023-08-18,661,True,True,True,False
50623,3083,55377710,,,X,,,N,2021-01-04,2021-04-07,65,True,True,True,False
50789,2847,55277P10,55277P10,MGEE,Q,NS,EQTY,Y,2021-01-04,2025-12-31,1255,True,True,True,True
50876,21102,53245710,53245710,LLY,N,NS,EQTY,Y,2021-01-04,2025-12-31,1255,True,True,True,True
50948,21596,81685010,81685010,SMTC,Q,NS,EQTY,Y,2021-01-04,2025-12-31,1255,True,True,True,True
51086,21927,97463710,97463710,WGO,N,NS,EQTY,Y,2021-01-04,2025-12-31,1255,True,True,True,True
51263,2767,56357140,56357140,MTW,N,NS,EQTY,Y,2021-01-04,2025-12-31,1255,True,True,True,True
51369,21731,88077010,88077010,TER,Q,NS,EQTY,Y,2021-01-04,2025-12-31,1255,True,True,True,True
51625,21599,81756510,81756510,SCI,N,NS,EQTY,Y,2021-01-04,2025-12-31,1255,True,True,True,True
51925,2784,57734510,57734510,MLP,N,NS,EQTY,Y,2021-01-04,2025-12-31,1255,True,True,True,True
52038,21698,87182910,87182910,SYY,N,NS,EQTY,Y,2021-01-04,2025-12-31,1255,True,True,True,True
52090,2801,57978020,57978020,MKC,N,NS,EQTY,Y,2021-01-04,2025-12-31,1255,True,True,True,True
52230,469,77032310,77032310,RHI,N,NS,EQTY,Y,2021-01-04,2025-12-31,1255,True,True,True,True
52250,2809,36867810,36867810,GENC,A,NS,EQTY,Y,2021-01-04,2025-12-31,1255,True,True,True,True
52329,21011,46982L10,46982L10,J,N,NS,EQTY,Y,2021-01-04,2025-12-31,1255,True,True,True,True
52337,21258,88033G40,88033G40,THC,N,NS,EQTY,Y,2021-01-04,2025-12-31,1255,True,True,True,True
52476,20659,29442910,29442910,EFX,N,NS,EQTY,Y,2021-01-04,2025-12-31,1255,True,True,True,True
52695,20841,38480210,38480210,GWW,N,NS,EQTY,Y,2021-01-04,2025-12-31,1255,True,True,True,True
52708,21095,52605710,52605710,LEN,N,NS,EQTY,Y,2021-01-04,2025-12-31,1255,True,True,True,True
52716,20913,43147510,,,X,,,N,2021-01-04,2021-12-13,239,True,True,True,False
52898,21397,29670G10,29670G10,WTRG,N,NS,EQTY,Y,2021-01-04,2025-12-31,1255,True,True,True,True
52936,7863,58940010,58940010,MCY,N,NS,EQTY,Y,2021-01-04,2025-12-31,1255,True,True,True,True
52978,20887,41805610,41805610,HAS,Q,NS,EQTY,Y,2021-01-04,2025-12-31,1255,True,True,True,True
53065,20997,46069010,,,X,,,N,2021-01-04,2025-11-28,1233,True,True,True,False
53074,6883,59064R10,59064R10,MLAB,Q,NS,EQTY,Y,2021-01-04,2025-12-31,1255,True,True,True,True
53110,20250,05652510,05652510,BMI,N,NS,EQTY,Y,2021-01-04,2025-12-31,1255,True,True,True,True
53197,2881,59152020,59152020,MEI,N,NS,EQTY,Y,2021-01-04,2025-12-31,1255,True,True,True,True
53613,7065,59511210,59511210,MU,Q,NS,EQTY,Y,2021-01-04,2025-12-31,1255,True,True,True,True
53859,3048,59668010,59668010,MSEX,Q,NS,EQTY,Y,2021-01-04,2025-12-31,1255,True,True,True,True
54114,2949,60054410,60054410,MLKN,Q,NS,EQTY,Y,2021-01-04,2025-12-31,1255,True,True,True,True
54148,21349,74586710,74586710,PHM,N,NS,EQTY,Y,2021-01-04,2025-12-31,1255,True,True,True,True
54199,21545,78430510,78430510,HTO,Q,NS,EQTY,Y,2021-01-04,2025-12-31,1255,True,True,True,True
54253,2971,55349810,55349810,MSA,N,NS,EQTY,Y,2021-01-04,2025-12-31,1255,True,True,True,True
54594,20000,00036110,00036110,AIR,N,NS,EQTY,Y,2021-01-04,2025-12-31,1255,True,True,True,True
54704,7093,60782810,60782810,MOD,N,NS,EQTY,Y,2021-01-04,2025-12-31,1255,True,True,True,True
55001,21783,89652210,89652210,TRN,N,NS,EQTY,Y,2021-01-04,2025-12-31,1255,True,True,True,True
55029,9480,60972010,,,X,,,N,2021-01-04,2022-02-28,291,True,True,True,False
55212,21548,78473E10,78473E10,SPXC,N,NS,EQTY,Y,2021-01-04,2025-12-31,1255,True,True,True,True
55597,20345,57669010,57669010,MTRN,N,NS,EQTY,Y,2021-01-04,2025-12-31,1255,True,True,True,True
55634,20866,40423210,,,X,,,N,2021-01-04,2022-01-25,268,True,True,True,False
55678,3091,45868510,45868510,INTG,Q,NS,EQTY,Y,2021-01-04,2025-12-31,1255,True,True,True,True
55862,3213,09061H40,09061H40,BMRA,Q,NS,EQTY,Y,2021-01-04,2025-12-31,1255,True,True,True,True
55993,5253,63040210,63040210,NSSC,Q,NS,EQTY,Y,2021-01-04,2025-12-31,1255,True,True,True,True
56223,21121,54634710,54634710,LPX,N,NS,EQTY,Y,2021-01-04,2025-12-31,1255,True,True,True,True
56274,20495,20588710,20588710,CAG,N,NS,EQTY,Y,2021-01-04,2025-12-31,1255,True,True,True,True
56573,20968,45230810,45230810,ITW,N,NS,EQTY,Y,2021-01-04,2025-12-31,1255,True,True,True,True
56710,3262,63754610,,,X,,,N,2021-01-04,2022-07-01,377,True,True,True,False
56856,20247,05564530,05564530,BRT,N,NS,EQTY,Y,2021-01-04,2025-12-31,1255,True,True,True,True
56945,250,63902710,63902710,NATR,Q,NS,EQTY,Y,2021-01-04,2025-12-31,1255,True,True,True,True
57007,21718,87908010,87908010,TRC,N,NS,EQTY,Y,2021-01-04,2025-12-31,1255,True,True,True,True
57665,3194,65410610,65410610,NKE,N,NS,EQTY,Y,2021-01-04,2025-12-31,1255,True,True,True,True
57808,21869,92829810,92829810,VSH,N,NS,EQTY,Y,2021-01-04,2025-12-31,1255,True,True,True,True
57809,3160,65566310,65566310,NDSN,Q,NS,EQTY,Y,2021-01-04,2025-12-31,1255,True,True,True,True
57904,92,00105510,00105510,AFL,N,NS,EQTY,Y,2021-01-04,2025-12-31,1255,True,True,True,True
57913,3133,92243A20,,,X,,,N,2021-01-04,2025-07-08,1132,True,True,True,False
58246,3275,66585910,66585910,NTRS,Q,NS,EQTY,Y,2021-01-04,2025-12-31,1255,True,True,True,True
58318,3302,88077910,88077910,TEX,N,NS,EQTY,Y,2021-01-04,2025-12-31,1255,True,True,True,True
58334,3306,66765N10,66765N10,NWN,N,NS,EQTY,Y,2021-01-04,2025-12-31,1255,True,True,True,True
58501,3236,36225V10,,,X,,,N,2021-01-04,2021-10-15,199,True,True,True,False
58771,3840,75875010,75875010,RRX,N,NS,EQTY,Y,2021-01-04,2025-12-31,1255,True,True,True,True
58819,4980,01880210,01880210,LNT,Q,NS,EQTY,Y,2021-01-04,2025-12-31,1255,True,True,True,True
58975,3326,67523210,67523210,OII,N,NS,EQTY,Y,2021-01-04,2025-12-31,1255,True,True,True,True
59010,1892,36476010,36476010,GAP,N,NS,EQTY,Y,2021-01-04,2025-12-31,1255,True,True,True,True
59045,21057,49726610,49726610,KEX,N,NS,EQTY,Y,2021-01-04,2025-12-31,1255,True,True,True,True
59176,90,02581610,02581610,AXP,N,NS,EQTY,Y,2021-01-04,2025-12-31,1255,True,True,True,True
59185,3348,67786410,67786410,ODC,N,NS,EQTY,Y,2021-01-04,2025-12-31,1255,True,True,True,True
59248,33,60871R20,60871R20,TAP,N,NS,EQTY,Y,2021-01-04,2025-12-31,1255,True,True,True,True
59256,20538,22830910,22830910,CRWS,Q,NS,EQTY,Y,2021-01-04,2025-12-31,1256,True,True,True,True
59300,3334,90265310,90265310,UDR,N,NS,EQTY,Y,2021-01-04,2025-12-31,1255,True,True,True,True
59328,2367,45814010,45814010,INTC,Q,NS,EQTY,Y,2021-01-04,2025-12-31,1255,True,True,True,True
59396,3363,68022310,68022310,ORI,N,NS,EQTY,Y,2021-01-04,2025-12-31,1256,True,True,True,True
59408,3151,06050510,06050510,BAC,N,NS,EQTY,Y,2021-01-04,2025-12-31,1255,True,True,True,True
59459,4293,89417E10,89417E10,TRV,N,NS,EQTY,Y,2021-01-04,2025-12-31,1255,True,True,True,True
59619,4684,81725T10,81725T10,SXT,N,NS,EQTY,Y,2021-01-04,2025-12-31,1255,True,True,True,True
59627,4805,92765110,92765110,VIRC,Q,NS,EQTY,Y,2021-01-04,2025-12-31,1255,True,True,True,True
59628,5941,68240610,68240610,OLP,N,NS,EQTY,Y,2021-01-04,2025-12-31,1255,True,True,True,True
60038,370,00481610,00481610,ACU,A,NS,EQTY,Y,2021-01-04,2025-12-31,1255,True,True,True,True
60098,3418,68964810,68964810,OTTR,Q,NS,EQTY,Y,2021-01-04,2025-12-31,1255,True,True,True,True
60206,4162,83303410,83303410,SNA,N,NS,EQTY,Y,2021-01-04,2025-12-31,1255,True,True,True,True
60442,3685,69347510,69347510,PNC,N,NS,EQTY,Y,2021-01-04,2025-12-31,1255,True,True,True,True
60468,2004,38455610,38455610,GHM,N,NS,EQTY,Y,2021-01-04,2025-12-31,1255,True,True,True,True
60506,3487,69371810,69371810,PCAR,Q,NS,EQTY,Y,2021-01-04,2025-12-31,1255,True,True,True,True
60580,4516,89109210,89109210,TTC,N,NS,EQTY,Y,2021-01-04,2025-12-31,1255,True,True,True,True
60599,20421,55024110,55024110,LUMN,N,NS,EQTY,Y,2021-01-04,2025-12-31,1255,True,True,True,True
60628,1685,31428X10,31428X10,FDX,N,NS,EQTY,Y,2021-01-04,2025-12-31,1255,True,True,True,True
60687,21372,02593210,02593210,AFG,N,NS,EQTY,Y,2021-01-04,2025-12-31,1255,True,True,True,True
60871,282,03265410,03265410,ADI,Q,NS,EQTY,Y,2021-01-04,2025-12-31,1255,True,True,True,True
60943,2636,52466010,52466010,LEG,N,NS,EQTY,Y,2021-01-04,2025-12-31,1255,True,True,True,True
60986,3178,65122910,65122910,NWL,Q,NS,EQTY,Y,2021-01-04,2025-12-31,1255,True,True,True,True
61146,5708,69888410,69888410,PAR,N,NS,EQTY,Y,2021-01-04,2025-12-31,1255,True,True,True,True
61241,211,00790310,00790310,AMD,Q,NS,EQTY,Y,2021-01-04,2025-12-31,1255,True,True,True,True
61269,3588,70066610,70066610,PKOH,Q,NS,EQTY,Y,2021-01-04,2025-12-31,1255,True,True,True,True
61313,1344,25765110,25765110,DCI,N,NS,EQTY,Y,2021-01-04,2025-12-31,1255,True,True,True,True
61399,2709,54866110,54866110,LOW,N,NS,EQTY,Y,2021-01-04,2025-12-31,1255,True,True,True,True
61496,3466,70334310,70334310,PATK,Q,NS,EQTY,Y,2021-01-04,2025-12-31,1255,True,True,True,True
61508,655,09057210,09057210,BIO,N,NS,EQTY,Y,2021-01-04,2025-12-31,1255,True,True,True,True
61516,655,09057220,09057220,BIO,N,NS,EQTY,Y,2021-01-04,2025-12-31,1255,True,True,True,True
61567,2130,42829110,42829110,HXL,N,NS,EQTY,Y,2021-01-04,2025-12-31,1255,True,True,True,True
61621,6333,70432610,70432610,PAYX,Q,NS,EQTY,Y,2021-01-04,2025-12-31,1255,True,True,True,True
61743,1285,24801910,24801910,DLX,N,NS,EQTY,Y,2021-01-04,2025-12-31,1255,True,True,True,True
61807,21219,61539420,61539420,MOG,N,NS,EQTY,Y,2021-01-04,2025-12-31,1255,True,True,True,True
61946,511,09211310,09211310,BKH,N,NS,EQTY,Y,2021-01-04,2025-12-31,1255,True,True,True,True
62033,3781,75421210,,,X,,,N,2021-01-04,2021-11-30,230,True,True,True,False
62092,4557,88355610,88355610,TMO,N,NS,EQTY,Y,2021-01-04,2025-12-31,1255,True,True,True,True
62148,20370,12640810,12640810,CSX,Q,NS,EQTY,Y,2021-01-04,2025-12-31,1255,True,True,True,True
62156,20378,09257W10,09257W10,BXMT,N,NS,EQTY,Y,2021-01-04,2025-12-31,1255,True,True,True,True
62228,1686,35801010,35801010,FEIM,Q,NS,EQTY,Y,2021-01-04,2025-12-31,1255,True,True,True,True
62308,21764,37959E10,37959E10,GL,N,NS,EQTY,Y,2021-01-04,2025-12-31,1255,True,True,True,True
62341,3526,69327R10,,,X,,,N,2021-01-04,2023-08-07,654,True,True,True,False
62367,3641,37429710,37429710,GTY,N,NS,EQTY,Y,2021-01-04,2025-12-31,1255,True,True,True,True
62498,4998,95530610,95530610,WST,N,NS,EQTY,Y,2021-01-04,2025-12-31,1255,True,True,True,True
62958,3659,81707010,81707010,SENEB,Q,NS,EQTY,Y,2021-01-04,2025-12-31,1255,True,True,True,True
63125,3580,00847J10,00847J10,AGYS,Q,NS,EQTY,Y,2021-01-04,2025-12-31,1255,True,True,True,True
63467,3624,11523610,11523610,BRO,N,NS,EQTY,Y,2021-01-04,2025-12-31,1255,True,True,True,True
63546,1409,90291C20,90291C20,USAU,Q,NS,EQTY,Y,2021-01-04,2025-12-31,1255,True,True,True,True
63715,3642,73912810,73912810,POWL,Q,NS,EQTY,Y,2021-01-04,2025-12-31,1255,True,True,True,True
63765,4338,84546710,,,X,,,N,2021-01-04,2024-10-01,942,True,True,True,False
63773,5230,87943382,87943382,TDS,N,NS,EQTY,Y,2021-01-04,2025-12-31,1255,True,True,True,True
64186,20357,12552310,12552310,CI,N,NS,EQTY,Y,2021-01-04,2025-12-31,1255,True,True,True,True
64194,20435,16359R10,16359R10,CHE,N,NS,EQTY,Y,2021-01-04,2025-12-31,1255,True,True,True,True
64311,21294,65584410,65584410,NSC,N,NS,EQTY,Y,2021-01-04,2025-12-31,1255,True,True,True,True
64390,3682,74331510,74331510,PGR,N,NS,EQTY,Y,2021-01-04,2025-12-31,1258,True,True,True,True
64450,3200,64602510,64602510,NJR,N,NS,EQTY,Y,2021-01-04,2025-12-31,1255,True,True,True,True
64785,5130,04010E10,04010E10,AGX,N,NS,EQTY,Y,2021-01-04,2025-12-31,1255,True,True,True,True
64899,1015,21036P20,,,X,,,Y,2021-01-04,2022-11-11,471,True,True,True,False
64929,3741,74731610,74731610,KWR,N,NS,EQTY,Y,2021-01-04,2025-12-31,1255,True,True,True,True
64936,20592,25746U10,25746U10,D,N,NS,EQTY,Y,2021-01-04,2025-12-31,1255,True,True,True,True
65008,6244,03233250,03233250,ASYS,Q,NS,EQTY,Y,2021-01-04,2025-12-31,1255,True,True,True,True
65270,5660,74936040,74936040,RCMT,Q,NS,EQTY,Y,2021-01-04,2025-12-31,1255,True,True,True,True
65294,3860,74960710,74960710,RLI,N,NS,EQTY,Y,2021-01-04,2025-12-31,1260,True,True,True,True
65307,3911,74968510,74968510,RPM,N,NS,EQTY,Y,2021-01-04,2025-12-31,1255,True,True,True,True
65402,21625,83186520,83186520,AOS,N,NS,EQTY,Y,2021-01-04,2025-12-31,1255,True,True,True,True
65541,5780,21664850,21664850,COO,Q,NS,EQTY,Y,2021-01-04,2025-12-31,1255,True,True,True,True
65700,3772,91192210,91192210,USLM,Q,NS,EQTY,Y,2021-01-04,2025-12-31,1255,True,True,True,True
65875,20288,92343V10,92343V10,VZ,N,NS,EQTY,Y,2021-01-04,2025-12-31,1255,True,True,True,True
65947,2105,95040Q10,95040Q10,WELL,N,NS,EQTY,Y,2021-01-04,2025-12-31,1255,True,True,True,True
66093,21645,00206R10,00206R10,T,N,NS,EQTY,Y,2021-01-04,2025-12-31,1255,True,True,True,True
66157,1645,90297330,90297330,USB,N,NS,EQTY,Y,2021-01-04,2025-12-31,1255,True,True,True,True
66181,5085,43707610,43707610,HD,N,NS,EQTY,Y,2021-01-04,2025-12-31,1255,True,True,True,True
66245,21130,55267610,,,X,,,N,2021-01-04,2024-04-19,829,True,True,True,False
66376,21893,94262220,94262220,WSO,N,NS,EQTY,Y,2021-01-04,2025-12-31,1255,True,True,True,True
66384,4879,95810210,95810210,WDC,Q,NS,EQTY,Y,2021-01-04,2025-12-31,1255,True,True,True,True
66683,21482,74966010,74966010,RES,N,NS,EQTY,Y,2021-01-04,2025-12-31,1255,True,True,True,True
66852,6533,76316510,76316510,RELL,Q,NS,EQTY,Y,2021-01-04,2025-12-31,1255,True,True,True,True
67029,3333,46564T10,,,X,,,N,2021-01-04,2024-11-01,965,True,True,True,False
67360,21835,91325910,91325910,UTL,N,NS,EQTY,Y,2021-01-04,2025-12-31,1255,True,True,True,True
67598,20891,42250P10,42250P10,DOC,N,NS,EQTY,Y,2021-01-04,2025-12-31,1255,True,True,True,True
67847,3914,78028710,78028710,RGLD,Q,NS,EQTY,Y,2021-01-04,2025-12-31,1255,True,True,True,True
68021,21114,14067E50,,,X,,,N,2021-01-04,2021-10-19,202,True,True,True,False
68145,3984,64051M70,64051M70,NEON,Q,NS,EQTY,Y,2021-01-04,2025-12-31,1255,True,True,True,True
68196,4040,78411710,78411710,SEIC,Q,NS,EQTY,Y,2021-01-04,2025-12-31,1255,True,True,True,True
68292,4234,81630010,81630010,SIGI,Q,NS,EQTY,Y,2021-01-04,2025-12-31,1255,True,True,True,True
68830,7135,76162410,76162410,REX,N,NS,EQTY,Y,2021-01-04,2025-12-31,1255,True,True,True,True
69032,21224,61744644,61744644,MS,N,NS,EQTY,Y,2021-01-04,2025-12-31,1255,True,True,True,True
69586,6827,81170780,81170780,SBCF,Q,NS,EQTY,Y,2021-01-04,2025-12-31,1255,True,True,True,True
69649,6137,75473010,75473010,RJF,N,NS,EQTY,Y,2021-01-04,2025-12-31,1255,True,True,True,True
69796,1015,21036P10,21036P10,STZ,N,NS,EQTY,Y,2021-01-04,2025-12-31,1255,True,True,True,True
70092,21037,48666K10,48666K10,KBH,N,NS,EQTY,Y,2021-01-04,2025-12-31,1255,True,True,True,True
70228,8372,88947810,88947810,TOL,N,NS,EQTY,Y,2021-01-04,2025-12-31,1255,True,True,True,True
70519,20483,17296742,17296742,C,N,NS,EQTY,Y,2021-01-04,2025-12-31,1255,True,True,True,True
70578,1467,27886510,27886510,ECL,N,NS,EQTY,Y,2021-01-04,2025-12-31,1255,True,True,True,True
70704,4246,58039P30,58039P30,MUX,N,NS,EQTY,Y,2021-01-04,2025-12-31,1255,True,True,True,True
71175,21798,91529Y10,91529Y10,UNM,N,NS,EQTY,Y,2021-01-04,2025-12-31,1255,True,True,True,True
71176,4196,83549510,83549510,SON,N,NS,EQTY,Y,2021-01-04,2025-12-31,1255,True,True,True,True
71271,20043,01717510,,,X,,,N,2021-01-04,2022-10-19,453,True,True,True,False
71475,4350,02989910,02989910,AWR,N,NS,EQTY,Y,2021-01-04,2025-12-31,1255,True,True,True,True
71563,4163,89832Q10,89832Q10,TFC,N,NS,EQTY,Y,2021-01-04,2025-12-31,1255,True,True,True,True
71985,7064,82569810,,,X,,,N,2021-01-04,2025-07-01,1128,True,True,True,False
72119,20982,45816D10,,,X,,,N,2021-01-04,2025-10-31,1214,True,True,True,False
72338,21256,63590610,63590610,NHC,A,NS,EQTY,Y,2021-01-04,2025-12-31,1255,True,True,True,True
72726,4260,85747710,85747710,STT,N,NS,EQTY,Y,2021-01-04,2025-12-31,1255,True,True,True,True
72980,4120,86037210,86037210,STC,N,NS,EQTY,Y,2021-01-04,2025-12-31,1255,True,True,True,True
72996,6185,86063010,86063010,SF,N,NS,EQTY,Y,2021-01-04,2025-12-31,1255,True,True,True,True
73139,4298,86366710,86366710,SYK,N,NS,EQTY,Y,2021-01-04,2025-12-31,1255,True,True,True,True
74500,4456,87288520,,,X,,,N,2021-01-04,2024-07-01,878,True,True,True,False
74740,4381,87716310,87716310,TAYD,Q,NS,EQTY,Y,2021-01-04,2025-12-31,1255,True,True,True,True
74836,6389,87840910,,,X,,,N,2021-01-04,2021-01-25,15,True,True,True,False
75034,20253,05722G10,05722G10,BKR,Q,NS,EQTY,Y,2021-01-04,2025-12-31,1255,True,True,True,True
75069,20974,45292610,45292610,IOR,A,NS,EQTY,Y,2021-01-04,2025-12-31,1255,True,True,True,True
75070,8526,98147510,98147510,WKC,N,NS,EQTY,Y,2021-01-04,2025-12-31,1255,True,True,True,True
75100,21753,88654710,,,X,,,N,2021-01-04,2021-01-07,4,True,True,True,False
75104,21866,92556H10,,,X,,,N,2021-01-04,2025-08-07,1154,True,True,True,False
75107,20018,00365410,,,X,,,N,2021-01-04,2022-12-22,499,True,True,True,False
75175,21128,55262C10,55262C10,MBI,N,NS,EQTY,Y,2021-01-04,2025-12-31,1255,True,True,True,True
75182,21425,73106810,73106810,PII,N,NS,EQTY,Y,2021-01-04,2025-12-31,1255,True,True,True,True
75186,21578,80851310,80851310,SCHW,N,NS,EQTY,Y,2021-01-04,2025-12-31,1255,True,True,True,True
75241,21366,72378710,,,X,,,N,2021-01-04,2024-05-03,841,True,True,True,False
75269,21478,26817Q88,26817Q88,DX,N,NS,EQTY,Y,2021-01-04,2025-12-31,1255,True,True,True,True
75285,20312,56418H10,56418H10,MAN,N,NS,EQTY,Y,2021-01-04,2025-12-31,1255,True,True,True,True
75320,21826,91168410,91168410,AD,N,NS,EQTY,Y,2021-01-04,2025-12-31,1255,True,True,True,True
75341,20609,26441150,,,X,,,N,2021-01-04,2022-10-03,441,True,True,True,False
75342,20642,59001A10,59001A10,MTH,N,NS,EQTY,Y,2021-01-04,2025-12-31,1255,True,True,True,True
75460,4375,88034510,88034510,TNC,N,NS,EQTY,Y,2021-01-04,2025-12-31,1255,True,True,True,True
75510,8476,00724F10,00724F10,ADBE,Q,NS,EQTY,Y,2021-01-04,2025-12-31,1255,True,True,True,True
75517,8600,57307510,57307510,MRTN,Q,NS,EQTY,Y,2021-01-04,2025-12-31,1256,True,True,True,True
75556,9438,66405S10,66405S10,NBN,Q,NS,EQTY,Y,2021-01-04,2025-12-31,1255,True,True,True,True
75578,9868,58805610,58805610,MERC,Q,NS,EQTY,Y,2021-01-04,2025-12-31,1255,True,True,True,True
75591,22075,45167R10,45167R10,IEX,N,NS,EQTY,Y,2021-01-04,2025-12-31,1255,True,True,True,True
75603,10210,17275510,17275510,CRUS,Q,NS,EQTY,Y,2021-01-04,2025-12-31,1255,True,True,True,True
75605,10218,32081710,32081710,FRME,Q,NS,EQTY,Y,2021-01-04,2025-12-31,1255,True,True,True,True
75649,22095,89465010,89465010,TG,N,NS,EQTY,Y,2021-01-04,2025-12-31,1255,True,True,True,True
75654,10256,19242210,19242210,CGNX,Q,NS,EQTY,Y,2021-01-04,2025-12-31,1255,True,True,True,True
75672,10070,96168420,96168420,WWR,A,NS,EQTY,Y,2021-01-04,2025-12-31,1255,True,True,True,True
75694,10107,09073M10,09073M10,TECH,Q,NS,EQTY,Y,2021-01-04,2025-12-31,1255,True,True,True,True
75819,10302,92276F10,92276F10,VTR,N,NS,EQTY,Y,2021-01-04,2025-12-31,1255,True,True,True,True
75825,22113,26875P10,26875P10,EOG,N,NS,EQTY,Y,2021-01-04,2025-12-31,1256,True,True,True,True
75831,10323,25379810,25379810,DGII,Q,NS,EQTY,Y,2021-01-04,2025-12-31,1255,True,True,True,True
75854,10359,51841510,51841510,LSCC,Q,NS,EQTY,Y,2021-01-04,2025-12-31,1255,True,True,True,True
75860,10380,45253H10,,,X,,,N,2021-01-04,2024-02-12,782,True,True,True,False
75905,10419,36237H10,36237H10,GIII,Q,NS,EQTY,Y,2021-01-04,2025-12-31,1255,True,True,True,True
75906,10421,39090510,39090510,GSBC,Q,NS,EQTY,Y,2021-01-04,2025-12-31,1255,True,True,True,True
75912,10408,69370C10,69370C10,PTC,Q,NS,EQTY,Y,2021-01-04,2025-12-31,1255,True,True,True,True
75976,10288,64049110,64049110,NEOG,Q,NS,EQTY,Y,2021-01-04,2025-12-31,1255,True,True,True,True
76038,10390,09062W20,09062W20,BLFS,Q,NS,EQTY,Y,2021-01-04,2025-12-31,1255,True,True,True,True
76052,10416,71416710,71416710,PPIH,Q,NS,EQTY,Y,2021-01-04,2025-12-31,1255,True,True,True,True
76076,10486,17275R10,17275R10,CSCO,Q,NS,EQTY,Y,2021-01-04,2025-12-31,1255,True,True,True,True
76082,26024,12709710,12709710,CTRA,N,NS,EQTY,Y,2021-01-04,2025-12-31,1261,True,True,True,True
76095,10504,43644010,43644010,HOLX,Q,NS,EQTY,Y,2021-01-04,2025-12-31,1255,True,True,True,True
76123,26048,79014810,79014810,JOE,N,NS,EQTY,Y,2021-01-04,2025-12-31,1255,True,True,True,True
76128,10545,92581510,92581510,VICR,Q,NS,EQTY,Y,2021-01-04,2025-12-31,1255,True,True,True,True
76135,10561,38732810,38732810,GVA,N,NS,EQTY,Y,2021-01-04,2025-12-31,1255,True,True,True,True
76136,10563,48840110,48840110,KMPR,N,NS,EQTY,Y,2021-01-04,2025-12-31,1255,True,True,True,True
76185,26080,90225210,90225210,TYL,N,NS,EQTY,Y,2021-01-04,2025-12-31,1255,True,True,True,True
76201,10634,98391910,,,X,,,N,2021-01-04,2022-02-14,282,True,True,True,False
76215,10467,45105530,,,X,,,N,2021-01-04,2021-08-04,148,True,True,True,False
76224,26087,08160H10,08160H10,BHE,N,NS,EQTY,Y,2021-01-04,2025-12-31,1255,True,True,True,True
76230,10691,89623910,89623910,TRMB,Q,NS,EQTY,Y,2021-01-04,2025-12-31,1255,True,True,True,True
76261,10724,30214U10,30214U10,EXPO,Q,NS,EQTY,Y,2021-01-04,2025-12-31,1255,True,True,True,True
76266,10743,70065810,70065810,PRK,A,NS,EQTY,Y,2021-01-04,2025-12-31,1260,True,True,True,True
76274,1100,22463320,22463320,CRD,N,NS,EQTY,Y,2021-01-04,2025-12-31,1255,True,True,True,True
76279,10758,57685310,57685310,MTRX,Q,NS,EQTY,Y,2021-01-04,2025-12-31,1255,True,True,True,True
76392,10512,58988910,58988910,MMSI,Q,NS,EQTY,Y,2021-01-04,2025-12-31,1255,True,True,True,True
76461,10684,92536C20,92536C20,VERU,Q,NS,EQTY,Y,2021-01-04,2025-12-31,1255,True,True,True,True
76478,26113,29631510,29631510,ESE,N,NS,EQTY,Y,2021-01-04,2025-12-31,1255,True,True,True,True
76504,10805,14915010,14915010,CATY,Q,NS,EQTY,Y,2021-01-04,2025-12-31,1255,True,True,True,True
76515,28924,22282E10,,,X,,,N,2021-01-04,2021-11-30,230,True,True,True,False
76529,28947,66676210,66676210,NRIM,Q,NS,EQTY,Y,2021-01-04,2025-12-31,1255,True,True,True,True
76573,22807,62475610,62475610,MLI,N,NS,EQTY,Y,2021-01-04,2025-12-31,1255,True,True,True,True
76582,10855,25827810,25827810,DORM,Q,NS,EQTY,Y,2021-01-04,2025-12-31,1255,True,True,True,True
76586,10867,92660E10,,,X,,,N,2021-01-04,2022-05-25,352,True,True,True,False
76602,29005,69360J10,,,X,,,N,2021-01-04,2022-07-20,392,True,True,True,False
76605,29009,05333210,05333210,AZO,N,NS,EQTY,Y,2021-01-04,2025-12-31,1255,True,True,True,True
76614,10876,75886F10,75886F10,REGN,Q,NS,EQTY,Y,2021-01-04,2025-12-31,1255,True,True,True,True
76644,29028,91290910,,,X,,,N,2021-01-04,2025-06-18,1120,True,True,True,False
76661,10937,46222210,46222210,IONS,Q,NS,EQTY,Y,2021-01-04,2025-12-31,1255,True,True,True,True
76672,27836,75049110,75049110,RDNT,Q,NS,EQTY,Y,2021-01-04,2025-12-31,1255,True,True,True,True
76684,10954,41012010,41012010,HWC,Q,NS,EQTY,Y,2021-01-04,2025-12-31,1255,True,True,True,True
76686,10959,53222Q10,53222Q10,LCUT,Q,NS,EQTY,Y,2021-01-04,2025-12-31,1255,True,True,True,True
76708,10992,00737L10,00737L10,ATGE,N,NS,EQTY,Y,2021-01-04,2025-12-31,1255,True,True,True,True
76709,10989,45168D10,45168D10,IDXX,Q,NS,EQTY,Y,2021-01-04,2025-12-31,1255,True,True,True,True
76712,10996,00130H10,00130H10,AES,N,NS,EQTY,Y,2021-01-04,2025-12-31,1255,True,True,True,True
76721,11003,22100610,22100610,CRVL,Q,NS,EQTY,Y,2021-01-04,2025-12-31,1255,True,True,True,True
76722,11001,85570710,,,X,,,N,2021-01-04,2022-03-01,292,True,True,True,False
76732,11018,25442310,25442310,DIN,N,NS,EQTY,Y,2021-01-04,2025-12-31,1255,True,True,True,True
76744,11042,92532F10,92532F10,VRTX,Q,NS,EQTY,Y,2021-01-04,2025-12-31,1255,True,True,True,True
76752,11050,74331210,74331210,PRGS,Q,NS,EQTY,Y,2021-01-04,2025-12-31,1255,True,True,True,True
76788,11083,88870R10,,,X,,,N,2021-01-04,2022-06-28,374,True,True,True,False
76795,11092,98920710,98920710,ZBRA,Q,NS,EQTY,Y,2021-01-04,2025-12-31,1255,True,True,True,True
76798,11099,30230110,30230110,EZPW,Q,NS,EQTY,Y,2021-01-04,2025-12-31,1255,True,True,True,True
76804,29067,55284810,55284810,MTG,N,NS,EQTY,Y,2021-01-04,2025-12-31,1255,True,True,True,True
76837,2075,40502410,40502410,HAE,N,NS,EQTY,Y,2021-01-04,2025-12-31,1255,True,True,True,True
76839,11111,63501710,63501710,FIZZ,Q,NS,EQTY,Y,2021-01-04,2025-12-31,1255,True,True,True,True
76841,11112,09062X10,09062X10,BIIB,Q,NS,EQTY,Y,2021-01-04,2025-12-31,1255,True,True,True,True
76868,10817,00036020,00036020,AAON,Q,NS,EQTY,Y,2021-01-04,2025-12-31,1255,True,True,True,True
76869,11029,00674340,,,X,,,N,2021-01-04,2024-02-13,783,True,True,True,False
76892,11106,05561Q20,05561Q20,BOKF,Q,NS,EQTY,Y,2021-01-04,2025-12-31,1255,True,True,True,True
76908,11064,04367G10,,,X,,,N,2021-01-04,2024-08-22,915,True,True,True,False
76927,11011,85924110,85924110,STRL,Q,NS,EQTY,Y,2021-01-04,2025-12-31,1255,True,True,True,True
76928,10836,79957L10,79957L10,SMTI,Q,NS,EQTY,Y,2021-01-04,2025-12-31,1255,True,True,True,True
76934,10993,45765Y20,45765Y20,LDWY,Q,NS,EQTY,Y,2021-01-04,2025-12-31,1255,True,True,True,True
76946,4560,89352910,89352910,TRNS,Q,NS,EQTY,Y,2021-01-04,2025-12-31,1255,True,True,True,True
77007,11005,45246520,,,X,,,N,2021-01-04,2023-07-10,632,True,True,True,False
77037,11161,67958010,67958010,ODFL,Q,NS,EQTY,Y,2021-01-04,2025-12-31,1255,True,True,True,True
77057,29106,63633D10,63633D10,NHI,N,NS,EQTY,Y,2021-01-04,2025-12-31,1255,True,True,True,True
77114,11225,98141910,98141910,WRLD,Q,NS,EQTY,Y,2021-01-04,2025-12-31,1255,True,True,True,True
77117,29327,92956610,92956610,WNC,N,NS,EQTY,Y,2021-01-04,2025-12-31,1255,True,True,True,True
77120,29347,44032710,44032710,HMN,N,NS,EQTY,Y,2021-01-04,2025-12-31,1255,True,True,True,True
77129,29335,49446R10,49446R10,KIM,N,NS,EQTY,Y,2021-01-04,2025-12-31,1256,True,True,True,True
77157,22462,67098H10,67098H10,OI,N,NS,EQTY,Y,2021-01-04,2025-12-31,1255,True,True,True,True
77165,11238,80042210,80042210,JBSS,Q,NS,EQTY,Y,2021-01-04,2025-12-31,1260,True,True,True,True
77175,11248,03011120,03011120,AMSC,Q,NS,EQTY,Y,2021-01-04,2025-12-31,1255,True,True,True,True
77178,11253,74752510,74752510,QCOM,Q,NS,EQTY,Y,2021-01-04,2025-12-31,1255,True,True,True,True
77235,11157,97652410,,,X,,,N,2021-01-04,2023-08-04,651,True,True,True,False
77236,11270,69291A10,,,X,,,N,2021-01-04,2025-06-23,1122,True,True,True,False
77259,11282,01922220,,,X,,,N,2021-01-04,2023-02-03,526,True,True,True,False
77274,11300,37555810,37555810,GILD,Q,NS,EQTY,Y,2021-01-04,2025-12-31,1255,True,True,True,True
77282,11304,60487110,,,X,,,N,2021-01-04,2021-10-29,210,True,True,True,False
77300,11324,81018610,81018610,SMG,N,NS,EQTY,Y,2021-01-04,2025-12-31,1255,True,True,True,True
77327,11335,00484820,00484820,ACFN,Q,NS,EQTY,Y,2021-01-04,2025-12-31,1255,True,True,True,True
77338,11344,77669610,77669610,ROP,Q,NS,EQTY,Y,2021-01-04,2025-12-31,1255,True,True,True,True
77357,11361,87160710,87160710,SNPS,Q,NS,EQTY,Y,2021-01-04,2025-12-31,1255,True,True,True,True
77379,11371,32021810,32021810,THFF,Q,NS,EQTY,Y,2021-01-04,2025-12-31,1257,True,True,True,True
77415,11403,62877810,62877810,NBTB,Q,NS,EQTY,Y,2021-01-04,2025-12-31,1255,True,True,True,True
77437,11432,59503A20,59503A20,MBOT,Q,NS,EQTY,Y,2021-01-04,2025-12-31,1255,True,True,True,True
77462,22856,55616P10,55616P10,M,N,NS,EQTY,Y,2021-01-04,2025-12-31,1255,True,True,True,True
77488,29468,66580910,66580910,NTIC,Q,NS,EQTY,Y,2021-01-04,2025-12-31,1255,True,True,True,True
77496,11446,60819010,60819010,MHK,N,NS,EQTY,Y,2021-01-04,2025-12-31,1255,True,True,True,True
77501,11454,21925D10,,,X,,,N,2021-01-04,2022-07-25,392,True,True,True,False
77505,11455,04649U10,04649U10,ASUR,Q,NS,EQTY,Y,2021-01-04,2025-12-31,1255,True,True,True,True
77515,11469,50060010,50060010,KOPN,Q,NS,EQTY,Y,2021-01-04,2025-12-31,1255,True,True,True,True
77519,5926,89834920,89834920,TRST,Q,NS,EQTY,Y,2021-01-04,2025-12-31,1255,True,True,True,True
77520,11473,00108410,00108410,AGCO,N,NS,EQTY,Y,2021-01-04,2025-12-31,1255,True,True,True,True
77526,11479,75970E10,75970E10,RNST,N,NS,EQTY,Y,2021-01-04,2025-12-31,1255,True,True,True,True
77528,11480,78385910,78385910,STBA,Q,NS,EQTY,Y,2021-01-04,2025-12-31,1255,True,True,True,True
77584,11506,11844010,11844010,BKE,N,NS,EQTY,Y,2021-01-04,2025-12-31,1259,True,True,True,True
77595,11512,03937C10,03937C10,ARCB,Q,NS,EQTY,Y,2021-01-04,2025-12-31,1255,True,True,True,True
77605,29489,10113710,10113710,BSX,N,NS,EQTY,Y,2021-01-04,2025-12-31,1255,True,True,True,True
77610,11522,91347P10,91347P10,OLED,Q,NS,EQTY,Y,2021-01-04,2025-12-31,1255,True,True,True,True
77624,11537,46121E30,46121E30,INTZ,Q,NS,EQTY,Y,2021-01-04,2025-12-31,1255,True,True,True,True
77629,11542,90337L10,90337L10,USPH,N,NS,EQTY,Y,2021-01-04,2025-12-31,1255,True,True,True,True
77637,29506,35346910,35346910,FC,N,NS,EQTY,Y,2021-01-04,2025-12-31,1255,True,True,True,True
77643,29505,31982910,31982910,FCF,N,NS,EQTY,Y,2021-01-04,2025-12-31,1255,True,True,True,True
77661,11559,23331A10,23331A10,DHI,N,NS,EQTY,Y,2021-01-04,2025-12-31,1255,True,True,True,True
77679,11576,19723610,19723610,COLB,Q,NS,EQTY,Y,2021-01-04,2025-12-31,1255,True,True,True,True
77699,11591,35952H70,35952H70,FCEL,Q,NS,EQTY,Y,2021-01-04,2025-12-31,1255,True,True,True,True
77702,11592,85524410,85524410,SBUX,Q,NS,EQTY,Y,2021-01-04,2025-12-31,1255,True,True,True,True
77730,4620,90249410,90249410,TSN,N,NS,EQTY,Y,2021-01-04,2025-12-31,1255,True,True,True,True
77780,11617,15352710,15352710,CENT,Q,NS,EQTY,Y,2021-01-04,2025-12-31,1255,True,True,True,True
77785,11621,29256210,,,X,,,N,2021-01-04,2024-07-02,879,True,True,True,False
77790,11600,86316720,86316720,STRS,Q,NS,EQTY,Y,2021-01-04,2025-12-31,1255,True,True,True,True
77857,29554,68193610,68193610,OHI,N,NS,EQTY,Y,2021-01-04,2025-12-31,1255,True,True,True,True
77878,29553,50217510,50217510,LTC,N,NS,EQTY,Y,2021-01-04,2025-12-31,1255,True,True,True,True
77889,11691,33741H10,33741H10,FUNC,Q,NS,EQTY,Y,2021-01-04,2025-12-31,1255,True,True,True,True
77900,11705,12591930,12591930,CVU,A,NS,EQTY,Y,2021-01-04,2025-12-31,1255,True,True,True,True
77902,11706,16307210,16307210,CAKE,Q,NS,EQTY,Y,2021-01-04,2025-12-31,1255,True,True,True,True
77917,11713,00191U10,00191U10,ASGN,N,NS,EQTY,Y,2021-01-04,2025-12-31,1255,True,True,True,True
77918,11709,53700810,53700810,LFUS,Q,NS,EQTY,Y,2021-01-04,2025-12-31,1255,True,True,True,True
78015,29610,60315810,60315810,MTX,N,NS,EQTY,Y,2021-01-04,2025-12-31,1255,True,True,True,True
78034,11778,70339510,,,X,,,N,2021-01-04,2025-04-17,1078,True,True,True,False
78038,29602,75023610,75023610,RDN,N,NS,EQTY,Y,2021-01-04,2025-12-31,1255,True,True,True,True
78054,11789,74906310,,,X,,,N,2021-01-04,2023-02-09,530,True,True,True,False
78066,11795,63937X20,,,X,,,N,2021-01-04,2023-10-06,695,True,True,True,False
78071,11801,09091170,,,X,,,N,2021-01-04,2024-06-20,871,True,True,True,False
78077,29710,48282T10,48282T10,KAI,N,NS,EQTY,Y,2021-01-04,2025-12-31,1255,True,True,True,True
78081,11806,53220K50,53220K50,LGND,Q,NS,EQTY,Y,2021-01-04,2025-12-31,1255,True,True,True,True
78091,11807,40251W50,40251W50,GURE,Q,NS,EQTY,Y,2021-01-04,2025-12-31,1255,True,True,True,True
78137,11865,81190410,,,X,,,N,2021-01-04,2021-04-16,72,True,True,True,False
78156,11871,40425J10,,,X,,,N,2021-01-04,2021-04-01,62,True,True,True,False
78170,11857,78454L10,78454L10,SM,N,NS,EQTY,Y,2021-01-04,2025-12-31,1255,True,True,True,True
78189,11830,71415720,71415720,PESI,Q,NS,EQTY,Y,2021-01-04,2025-12-31,1255,True,True,True,True
78213,11879,90389910,90389910,ULBI,Q,NS,EQTY,Y,2021-01-04,2025-12-31,1255,True,True,True,True
78451,26284,68379710,68379710,OPY,N,NS,EQTY,Y,2021-01-04,2025-12-31,1255,True,True,True,True
78664,26127,88554D20,88554D20,DDD,N,NS,EQTY,Y,2021-01-04,2025-12-31,1255,True,True,True,True
78690,26126,24345A50,,,X,,,N,2021-01-04,2024-07-05,881,True,True,True,False
78693,4643,91034010,91034010,UFCS,Q,NS,EQTY,Y,2021-01-04,2025-12-31,1255,True,True,True,True
78749,4690,91057110,91057110,UG,Q,NS,EQTY,Y,2021-01-04,2025-12-31,1255,True,True,True,True
78829,4673,90278810,90278810,UMBF,Q,NS,EQTY,Y,2021-01-04,2025-12-31,1255,True,True,True,True
78836,11922,14068E20,14068E20,CAPS,Q,NS,EQTY,Y,2021-01-04,2025-12-31,1255,True,True,True,True
78840,11901,44891N20,44891N20,IAC,Q,NS,EQTY,Y,2021-01-04,2025-12-31,1255,True,True,True,True
78841,11923,91851C20,91851C20,EGY,N,NS,EQTY,Y,2021-01-04,2025-12-31,1255,True,True,True,True
78875,11946,97785W10,97785W10,WOLF,N,NS,EQTY,Y,2021-01-04,2025-12-31,1255,True,True,True,True
78892,11963,44949L10,,,X,,,N,2021-01-04,2021-10-05,191,True,True,True,False
78900,11980,63234710,63234710,NATH,Q,NS,EQTY,Y,2021-01-04,2025-12-31,1256,True,True,True,True
78903,11950,70978910,70978910,PEBO,Q,NS,EQTY,Y,2021-01-04,2025-12-31,1255,True,True,True,True
78908,11934,77451510,77451510,RCKY,Q,NS,EQTY,Y,2021-01-04,2025-12-31,1255,True,True,True,True
78927,29753,82981J85,82981J85,SITC,N,NS,EQTY,Y,2021-01-04,2025-12-31,1255,True,True,True,True
78947,29758,29472R10,29472R10,ELS,N,NS,EQTY,Y,2021-01-04,2025-12-31,1255,True,True,True,True
78950,12025,01131110,01131110,ALG,N,NS,EQTY,Y,2021-01-04,2025-12-31,1255,True,True,True,True
78960,4715,91154910,91154910,UAMY,A,NS,EQTY,Y,2021-01-04,2025-12-31,1255,True,True,True,True
78963,12036,16861510,,,X,,,N,2021-01-04,2024-01-05,757,True,True,True,False
78975,12011,46120210,46120210,INTU,Q,NS,EQTY,Y,2021-01-04,2025-12-31,1255,True,True,True,True
78981,28858,51509810,51509810,LSTR,Q,NS,EQTY,Y,2021-01-04,2025-12-31,1255,True,True,True,True
78987,12027,59501710,59501710,MCHP,Q,NS,EQTY,Y,2021-01-04,2025-12-31,1255,True,True,True,True
78988,10238,42727E10,42727E10,HGBL,Q,NS,EQTY,Y,2021-01-04,2025-12-31,1255,True,True,True,True
79007,12015,82488910,82488910,SCVL,Q,NS,EQTY,Y,2021-01-04,2025-12-31,1255,True,True,True,True
79019,11981,90991110,90991110,UBCP,Q,NS,EQTY,Y,2021-01-04,2025-12-31,1260,True,True,True,True
79026,27849,17148410,17148410,CHDN,Q,NS,EQTY,Y,2021-01-04,2025-12-31,1255,True,True,True,True
79037,29780,29760210,29760210,ETD,N,NS,EQTY,Y,2021-01-04,2025-12-31,1261,True,True,True,True
79072,12058,05945F10,05945F10,BANF,Q,NS,EQTY,Y,2021-01-04,2025-12-31,1255,True,True,True,True
79089,12074,34988V10,34988V10,FOSL,Q,NS,EQTY,Y,2021-01-04,2025-12-31,1255,True,True,True,True
79094,12108,46631310,46631310,JBL,N,NS,EQTY,Y,2021-01-04,2025-12-31,1255,True,True,True,True
79103,12097,67103H10,67103H10,ORLY,Q,NS,EQTY,Y,2021-01-04,2025-12-31,1255,True,True,True,True
79108,12083,80105610,80105610,SANM,Q,NS,EQTY,Y,2021-01-04,2025-12-31,1255,True,True,True,True
79116,12086,89609510,89609510,TCBK,Q,NS,EQTY,Y,2021-01-04,2025-12-31,1255,True,True,True,True
79129,29807,11282X10,,,X,,,N,2021-01-04,2021-07-27,144,True,True,True,False
79133,29805,03833610,03833610,ATR,N,NS,EQTY,Y,2021-01-04,2025-12-31,1255,True,True,True,True
79166,12139,37386510,37386510,GABC,Q,NS,EQTY,Y,2021-01-04,2025-12-31,1255,True,True,True,True
79210,29863,75935160,75935160,RGA,N,NS,EQTY,Y,2021-01-04,2025-12-31,1255,True,True,True,True
79233,29844,42194610,,,X,,,N,2021-01-04,2022-07-21,390,True,True,True,False
79238,29867,87546510,87546510,SKT,N,NS,EQTY,Y,2021-01-04,2025-12-31,1255,True,True,True,True
79248,12194,37253A10,37253A10,THRM,Q,NS,EQTY,Y,2021-01-04,2025-12-31,1255,True,True,True,True
79249,12197,06846310,06846310,BBSI,Q,NS,EQTY,Y,2021-01-04,2025-12-31,1255,True,True,True,True
79265,12214,30244510,,,X,,,N,2021-01-04,2021-05-14,93,True,True,True,False
79280,12178,45875130,45875130,LINK,Q,NS,EQTY,Y,2021-01-04,2025-12-31,1255,True,True,True,True
79299,12185,69881310,69881310,PZZA,Q,NS,EQTY,Y,2021-01-04,2025-12-31,1255,True,True,True,True
79322,29244,65655310,65655310,NSYS,Q,NS,EQTY,Y,2021-01-04,2025-12-31,1255,True,True,True,True
79323,29870,02000210,02000210,ALL,N,NS,EQTY,Y,2021-01-04,2025-12-31,1255,True,True,True,True
79338,7195,80874P10,,,X,,,N,2021-01-04,2025-11-13,1223,True,True,True,False
79382,12289,74052F10,,,X,,,N,2021-01-04,2025-03-03,1045,True,True,True,False
79490,12346,35967810,35967810,FLL,Q,NS,EQTY,Y,2021-01-04,2025-12-31,1255,True,True,True,True
79491,12378,97425010,97425010,WINA,Q,NS,EQTY,Y,2021-01-04,2025-12-31,1260,True,True,True,True
79499,12347,45764220,45764220,INOD,Q,NS,EQTY,Y,2021-01-04,2025-12-31,1255,True,True,True,True
79507,12339,60902710,60902710,MCRI,Q,NS,EQTY,Y,2021-01-04,2025-12-31,1255,True,True,True,True
79545,29936,09972410,09972410,BWA,N,NS,EQTY,Y,2021-01-04,2025-12-31,1255,True,True,True,True
79558,29951,80439510,80439510,BFS,N,NS,EQTY,Y,2021-01-04,2025-12-31,1255,True,True,True,True
79571,12412,59100U10,59100U10,CASH,Q,NS,EQTY,Y,2021-01-04,2025-12-31,1255,True,True,True,True
79586,12390,35952310,35952310,FTEK,Q,NS,EQTY,Y,2021-01-04,2025-12-31,1255,True,True,True,True
79611,27626,62458010,62458010,MOV,N,NS,EQTY,Y,2021-01-04,2025-12-31,1256,True,True,True,True
79637,4655,91390310,91390310,UHS,N,NS,EQTY,Y,2021-01-04,2025-12-31,1255,True,True,True,True
79668,29956,07745410,07745410,BDC,N,NS,EQTY,Y,2021-01-04,2025-12-31,1255,True,True,True,True
79678,12499,00507V10,,,X,,,N,2021-01-04,2023-10-13,700,True,True,True,False
79686,12484,24353710,24353710,DECK,N,NS,EQTY,Y,2021-01-04,2025-12-31,1255,True,True,True,True
79698,12457,36665110,36665110,IT,N,NS,EQTY,Y,2021-01-04,2025-12-31,1255,True,True,True,True
79702,12516,69607760,69607760,PTN,A,NS,EQTY,Y,2021-01-04,2025-12-31,1255,True,True,True,True
79731,12462,74727A10,74727A10,QCRH,Q,NS,EQTY,Y,2021-01-04,2025-12-31,1255,True,True,True,True
79747,12461,04911A10,04911A10,AUB,N,NS,EQTY,Y,2021-01-04,2025-12-31,1255,True,True,True,True
79770,30004,52904340,52904340,LXP,N,NS,EQTY,Y,2021-01-04,2025-12-31,1255,True,True,True,True
79776,5705,91748810,91748810,UTMD,Q,NS,EQTY,Y,2021-01-04,2025-12-31,1255,True,True,True,True
79782,30011,75884910,75884910,REG,Q,NS,EQTY,Y,2021-01-04,2025-12-31,1255,True,True,True,True
79785,21242,62944T10,62944T10,NVR,N,NS,EQTY,Y,2021-01-04,2025-12-31,1255,True,True,True,True
79791,12557,15649210,15649210,CNTY,Q,NS,EQTY,Y,2021-01-04,2025-12-31,1255,True,True,True,True
79824,12525,32020R10,32020R10,FFIN,Q,NS,EQTY,Y,2021-01-04,2025-12-31,1255,True,True,True,True
79839,12539,46574110,46574110,ITRI,Q,NS,EQTY,Y,2021-01-04,2025-12-31,1255,True,True,True,True
79851,12561,68027710,68027710,OSBC,Q,NS,EQTY,Y,2021-01-04,2025-12-31,1255,True,True,True,True
79857,12530,70348110,70348110,PTEN,Q,NS,EQTY,Y,2021-01-04,2025-12-31,1255,True,True,True,True
79862,12541,37468910,37468910,ROCK,Q,NS,EQTY,Y,2021-01-04,2025-12-31,1255,True,True,True,True
79864,5653,91828410,91828410,VSEC,Q,NS,EQTY,Y,2021-01-04,2025-12-31,1255,True,True,True,True
79878,12553,90278Q10,90278Q10,UFPI,Q,NS,EQTY,Y,2021-01-04,2025-12-31,1255,True,True,True,True
79879,12583,92555010,92555010,VIAV,Q,NS,EQTY,Y,2021-01-04,2025-12-31,1255,True,True,True,True
79881,12546,91704710,91704710,URBN,Q,NS,EQTY,Y,2021-01-04,2025-12-31,1255,True,True,True,True
79885,12618,92935810,,,X,,,N,2021-01-04,2022-06-13,364,True,True,True,False
79906,30033,45337C10,45337C10,INCY,Q,NS,EQTY,Y,2021-01-04,2025-12-31,1255,True,True,True,True
79909,30036,55305B10,55305B10,MHO,N,NS,EQTY,Y,2021-01-04,2025-12-31,1255,True,True,True,True
80034,12669,55626910,55626910,SHOO,Q,NS,EQTY,Y,2021-01-04,2025-12-31,1255,True,True,True,True
80050,12706,90267310,90267310,UFPT,Q,NS,EQTY,Y,2021-01-04,2025-12-31,1255,True,True,True,True
80054,12740,58470H10,58470H10,MED,N,NS,EQTY,Y,2021-01-04,2025-12-31,1255,True,True,True,True
80080,30070,27743210,27743210,EMN,N,NS,EQTY,Y,2021-01-04,2025-12-31,1255,True,True,True,True
80100,30086,82880610,82880610,SPG,N,NS,EQTY,Y,2021-01-04,2025-12-31,1255,True,True,True,True
80102,30087,86667410,86667410,SUI,N,NS,EQTY,Y,2021-01-04,2025-12-31,1255,True,True,True,True
80128,4761,92025310,92025310,VMI,N,NS,EQTY,Y,2021-01-04,2025-12-31,1255,True,True,True,True
80167,12569,40521710,40521710,HAIN,Q,NS,EQTY,Y,2021-01-04,2025-12-31,1255,True,True,True,True
80168,28392,31314810,31314810,AGM,N,NS,EQTY,Y,2021-01-04,2025-12-31,1255,True,True,True,True
80169,28392,31314830,31314830,AGM,N,NS,EQTY,Y,2021-01-04,2025-12-31,1255,True,True,True,True
80179,5974,92043710,92043710,VALU,Q,NS,EQTY,Y,2021-01-04,2025-12-31,1255,True,True,True,True
80183,30104,59522J10,59522J10,MAA,N,NS,EQTY,Y,2021-01-04,2025-12-31,1255,True,True,True,True
80185,30106,72749310,,,X,,,N,2021-01-04,2022-08-29,417,True,True,True,False
80191,30249,01265310,01265310,ALB,N,NS,EQTY,Y,2021-01-04,2025-12-31,1255,True,True,True,True
80204,30260,57328410,57328410,MLM,N,NS,EQTY,Y,2021-01-04,2025-12-31,1255,True,True,True,True
80210,30265,75490710,75490710,RYN,N,NS,EQTY,Y,2021-01-04,2025-12-31,1255,True,True,True,True
80223,12848,10111910,,,X,,,N,2021-01-04,2021-07-01,126,True,True,True,False
80236,12846,23332B10,,,X,,,N,2021-01-04,2021-12-03,233,True,True,True,False
80274,12835,82661L10,,,X,,,N,2021-01-04,2025-07-28,1146,True,True,True,False
80286,12863,89235610,89235610,TSCO,Q,NS,EQTY,Y,2021-01-04,2025-12-31,1255,True,True,True,True
80306,12902,09058V10,09058V10,BCRX,Q,NS,EQTY,Y,2021-01-04,2025-12-31,1255,True,True,True,True
80320,12926,21720410,21720410,CPRT,Q,NS,EQTY,Y,2021-01-04,2025-12-31,1255,True,True,True,True
80336,12951,51504L10,51504L10,LARK,Q,NS,EQTY,Y,2021-01-04,2025-12-31,1255,True,True,True,True
80362,12933,80603710,80603710,SCSC,Q,NS,EQTY,Y,2021-01-04,2025-12-31,1255,True,True,True,True
80375,12908,68162K10,68162K10,ZEUS,Q,NS,EQTY,Y,2021-01-04,2025-12-31,1255,True,True,True,True
80381,30345,05348410,05348410,AVB,N,NS,EQTY,Y,2021-01-04,2025-12-31,1255,True,True,True,True
80399,30362,55438210,55438210,MAC,N,NS,EQTY,Y,2021-01-04,2025-12-31,1255,True,True,True,True
80412,30378,00849210,00849210,ADC,N,NS,EQTY,Y,2021-01-04,2025-12-31,1255,True,True,True,True
80415,30381,26969P10,26969P10,EXP,N,NS,EQTY,Y,2021-01-04,2025-12-31,1255,True,True,True,True
80432,13001,02553E10,02553E10,AEO,N,NS,EQTY,Y,2021-01-04,2025-12-31,1255,True,True,True,True
80478,12994,84338010,84338010,SMBC,Q,NS,EQTY,Y,2021-01-04,2025-12-31,1255,True,True,True,True
80498,13092,03076K10,03076K10,ABCB,N,NS,EQTY,Y,2021-01-04,2025-12-31,1255,True,True,True,True
80534,13087,87165510,87165510,SYPR,Q,NS,EQTY,Y,2021-01-04,2025-12-31,1255,True,True,True,True
80539,13036,64026830,64026830,NKTR,Q,NS,EQTY,Y,2021-01-04,2025-12-31,1255,True,True,True,True
80575,13114,82907310,82907310,SSD,N,NS,EQTY,Y,2021-01-04,2025-12-31,1255,True,True,True,True
80577,13099,04216R10,04216R10,ARMP,A,NS,EQTY,Y,2021-01-04,2025-12-31,1255,True,True,True,True
80633,13187,40424G10,,,X,,,N,2021-01-04,2024-10-10,949,True,True,True,False
80681,30421,29717810,29717810,ESS,N,NS,EQTY,Y,2021-01-04,2025-12-31,1255,True,True,True,True
80683,30423,32054K10,32054K10,FR,N,NS,EQTY,Y,2021-01-04,2025-12-31,1255,True,True,True,True
80688,30427,43128410,43128410,HIW,N,NS,EQTY,Y,2021-01-04,2025-12-31,1255,True,True,True,True
80719,30446,39365710,39365710,GBX,N,NS,EQTY,Y,2021-01-04,2025-12-31,1255,True,True,True,True
80774,13225,36162J10,36162J10,GEO,N,NS,EQTY,Y,2021-01-04,2025-12-31,1255,True,True,True,True
80779,30458,55448910,55448910,VRE,N,NS,EQTY,Y,2021-01-04,2025-12-31,1255,True,True,True,True
80795,13269,02343610,,,X,,,N,2021-01-04,2025-08-15,1160,True,True,True,False
80828,13240,60055120,60055120,MLR,N,NS,EQTY,Y,2021-01-04,2025-12-31,1255,True,True,True,True
80857,4815,92710740,92710740,VLGEA,Q,NS,EQTY,Y,2021-01-04,2025-12-31,1255,True,True,True,True
80864,30474,75950910,75950910,RS,N,NS,EQTY,Y,2021-01-04,2025-12-31,1255,True,True,True,True
80928,13300,23726610,23726610,DAR,N,NS,EQTY,Y,2021-01-04,2025-12-31,1255,True,True,True,True
80951,13338,87238610,,,X,,,N,2021-01-04,2023-07-17,637,True,True,True,False
80955,13302,96913610,96913610,WVVI,Q,NS,EQTY,Y,2021-01-04,2025-12-31,1255,True,True,True,True
80957,13398,04532710,,,X,,,N,2021-01-04,2022-05-17,347,True,True,True,False
80969,13402,22284P10,22284P10,CVLG,N,NS,EQTY,Y,2021-01-04,2025-12-31,1255,True,True,True,True
81045,30500,75610910,75610910,O,N,NS,EQTY,Y,2021-01-04,2025-12-31,1255,True,True,True,True
81055,30513,14040H10,14040H10,COF,N,NS,EQTY,Y,2021-01-04,2025-12-31,1256,True,True,True,True
81061,30521,58155Q10,58155Q10,MCK,N,NS,EQTY,Y,2021-01-04,2025-12-31,1255,True,True,True,True
81073,30020,02358610,02358610,UHAL,N,NS,EQTY,Y,2021-01-04,2025-12-31,1255,True,True,True,True
81087,13449,20676Y40,,,X,,,N,2021-01-04,2021-12-31,252,True,True,True,False
81095,13413,66734010,66734010,NWBI,Q,NS,EQTY,Y,2021-01-04,2025-12-31,1255,True,True,True,True
81116,13447,92241710,92241710,VECO,Q,NS,EQTY,Y,2021-01-04,2025-12-31,1255,True,True,True,True
81124,1519,29108720,29108720,MSN,A,NS,EQTY,Y,2021-01-04,2025-12-31,1255,True,True,True,True
81165,13487,60256630,60256630,MIND,Q,NS,EQTY,Y,2021-01-04,2025-12-31,1255,True,True,True,True
81182,13273,13811E10,13811E10,CPHC,Q,NS,EQTY,Y,2021-01-04,2025-12-31,1255,True,True,True,True
81190,4825,92870310,,,X,,,N,2021-01-04,2022-04-26,331,True,True,True,False
81225,13536,80687020,,,X,,,N,2021-01-04,2023-01-17,513,True,True,True,False
81254,12949,86189610,86189610,SNEX,Q,NS,EQTY,Y,2021-01-04,2025-12-31,1255,True,True,True,True
81282,13587,00449810,00449810,ACIW,Q,NS,EQTY,Y,2021-01-04,2025-12-31,1255,True,True,True,True
81294,4881,92923610,92923610,WDFC,Q,NS,EQTY,Y,2021-01-04,2025-12-31,1255,True,True,True,True
81501,13617,63651810,,,X,,,N,2021-01-04,2023-10-11,698,True,True,True,False
81540,13650,03073E10,03073E10,COR,N,NS,EQTY,Y,2021-01-04,2025-12-31,1255,True,True,True,True
81560,13662,40108P10,,,X,,,N,2021-01-04,2022-04-01,316,True,True,True,False
81577,5679,93882410,93882410,WAFD,Q,NS,EQTY,Y,2021-01-04,2025-12-31,1255,True,True,True,True
81584,13695,12480510,12480510,CBZ,N,NS,EQTY,Y,2021-01-04,2025-12-31,1255,True,True,True,True
81588,13682,87402810,,,X,,,N,2021-01-04,2025-12-04,1238,True,True,True,False
81593,5849,62482R10,,,X,,,N,2021-01-04,2025-10-01,1192,True,True,True,False
81624,13710,05330610,,,X,,,N,2021-01-04,2022-12-30,503,True,True,True,False
81655,30886,23719410,23719410,DRI,N,NS,EQTY,Y,2021-01-04,2025-12-31,1255,True,True,True,True
81665,30897,37892E10,37892E10,GIC,N,NS,EQTY,Y,2021-01-04,2025-12-31,1255,True,True,True,True
81666,30898,41987910,,,X,,,N,2021-01-04,2024-09-18,933,True,True,True,False
81675,30909,53223X10,,,X,,,N,2021-01-04,2023-07-20,640,True,True,True,False
81677,30913,92974010,92974010,WAB,N,NS,EQTY,Y,2021-01-04,2025-12-31,1255,True,True,True,True
81678,27454,53390010,53390010,LECO,Q,NS,EQTY,Y,2021-01-04,2025-12-31,1255,True,True,True,True
81696,13790,25470M10,,,X,,,N,2021-01-04,2024-01-02,754,True,True,True,False
81728,13796,63888P40,63888P40,NHTC,Q,NS,EQTY,Y,2021-01-04,2025-12-31,1255,True,True,True,True
81736,13753,76115210,76115210,RMD,N,NS,EQTY,Y,2021-01-04,2025-12-31,1255,True,True,True,True
81774,20763,35671D85,35671D85,FCX,N,NS,EQTY,Y,2021-01-04,2025-12-31,1271,True,True,True,True
81893,13852,94676010,94676010,CLMB,Q,NS,EQTY,Y,2021-01-04,2025-12-31,1255,True,True,True,True
82107,2253,95709010,95709010,WABC,Q,NS,EQTY,Y,2021-01-04,2025-12-31,1255,True,True,True,True
82156,13915,97382D60,,,X,,,N,2021-01-04,2025-08-21,1164,True,True,True,False
82171,13913,02341Q20,02341Q20,DIT,A,NS,EQTY,Y,2021-01-04,2025-12-31,1255,True,True,True,True
82179,13943,45798520,45798520,IART,Q,NS,EQTY,Y,2021-01-04,2025-12-31,1255,True,True,True,True
82212,13938,49373210,49373210,KFRC,N,NS,EQTY,Y,2021-01-04,2025-12-31,1255,True,True,True,True
82213,13912,75807540,75807540,RWT,N,NS,EQTY,Y,2021-01-04,2025-12-31,1255,True,True,True,True
82215,13950,29405E50,29405E50,ENVB,Q,NS,EQTY,Y,2021-01-04,2025-12-31,1255,True,True,True,True
82234,30943,30246210,,,X,,,N,2021-01-04,2024-03-01,795,True,True,True,False
82272,13979,58502B10,58502B10,MD,N,NS,EQTY,Y,2021-01-04,2025-12-31,1255,True,True,True,True
82279,3659,81707050,81707050,SENEA,Q,NS,EQTY,Y,2021-01-04,2025-12-31,1255,True,True,True,True
82292,30958,41086710,41086710,THG,N,NS,EQTY,Y,2021-01-04,2025-12-31,1255,True,True,True,True
82307,30975,23918K10,23918K10,DVA,N,NS,EQTY,Y,2021-01-04,2025-12-31,1255,True,True,True,True
82486,14013,29530P10,29530P10,ERIE,Q,NS,EQTY,Y,2021-01-04,2025-12-31,1255,True,True,True,True
82508,14031,62855J10,62855J10,MYGN,Q,NS,EQTY,Y,2021-01-04,2025-12-31,1255,True,True,True,True
82515,14046,73278L10,73278L10,POOL,Q,NS,EQTY,Y,2021-01-04,2025-12-31,1255,True,True,True,True
82518,14049,74934Q10,74934Q10,RICK,Q,NS,EQTY,Y,2021-01-04,2025-12-31,1255,True,True,True,True
82547,14143,00797310,00797310,AEIS,Q,NS,EQTY,Y,2021-01-04,2025-12-31,1255,True,True,True,True
82573,14157,34387310,34387310,FFIC,Q,NS,EQTY,Y,2021-01-04,2025-12-31,1255,True,True,True,True
82575,14091,06652V20,06652V20,BANR,Q,NS,EQTY,Y,2021-01-04,2025-12-31,1255,True,True,True,True
82598,14152,64110D10,64110D10,NTAP,Q,NS,EQTY,Y,2021-01-04,2025-12-31,1255,True,True,True,True
82599,14175,66774610,66774610,NWPX,Q,NS,EQTY,Y,2021-01-04,2025-12-31,1255,True,True,True,True
82621,14097,59935P20,59935P20,MLSS,A,NS,EQTY,Y,2021-01-04,2025-12-31,1255,True,True,True,True
82634,31190,10055710,10055710,SAM,N,NS,EQTY,Y,2021-01-04,2025-12-31,1255,True,True,True,True
82639,31194,45254P50,,,X,,,N,2021-01-04,2023-04-27,583,True,True,True,False
82649,31205,80854110,80854110,MATV,N,NS,EQTY,Y,2021-01-04,2025-12-31,1255,True,True,True,True
82651,31208,94184810,94184810,WAT,N,NS,EQTY,Y,2021-01-04,2025-12-31,1255,True,True,True,True
82656,13987,21867A10,21867A10,CLB,N,NS,EQTY,Y,2021-01-04,2025-12-31,1255,True,True,True,True
82670,14232,88322Q10,88322Q10,TGTX,Q,NS,EQTY,Y,2021-01-04,2025-12-31,1255,True,True,True,True
82686,14201,17737610,,,X,,,N,2021-01-04,2022-09-30,440,True,True,True,False
82694,14268,29084Q10,29084Q10,EME,N,NS,EQTY,Y,2021-01-04,2025-12-31,1255,True,True,True,True
82702,14243,03168L10,03168L10,AMRX,Q,NS,EQTY,Y,2021-01-04,2025-12-31,1255,True,True,True,True
82745,14221,83215610,83215610,SMID,Q,NS,EQTY,Y,2021-01-04,2025-12-31,1255,True,True,True,True
82759,14205,67020Y10,,,X,,,N,2021-01-04,2022-03-04,295,True,True,True,False
82768,31377,09369810,,,X,,,N,2021-01-04,2022-06-27,373,True,True,True,False
82775,31386,41651510,41651510,HIG,N,NS,EQTY,Y,2021-01-04,2025-12-31,1255,True,True,True,True
82800,31574,84265V10,84265V10,SCCO,N,NS,EQTY,Y,2021-01-04,2025-12-31,1261,True,True,True,True
82812,14283,11144470,11144470,BYFC,Q,NS,EQTY,Y,2021-01-04,2025-12-31,1255,True,True,True,True
82824,14310,00445F10,,,X,,,N,2021-01-04,2023-08-22,663,True,True,True,False
82859,23373,76152560,,,X,,,N,2021-01-04,2022-10-21,455,True,True,True,False
82924,4922,96822320,96822320,WLY,N,NS,EQTY,Y,2021-01-04,2025-12-31,1255,True,True,True,True
82932,4922,96822330,96822330,WLYB,N,NS,EQTY,Y,2021-01-04,2025-12-31,1255,True,True,True,True
83011,6149,96990410,96990410,WSM,N,NS,EQTY,Y,2021-01-04,2025-12-31,1255,True,True,True,True
83111,14394,01535110,,,X,,,N,2021-01-04,2021-07-21,139,True,True,True,False
83112,14382,03416410,03416410,ANDE,Q,NS,EQTY,Y,2021-01-04,2025-12-31,1255,True,True,True,True
83120,14387,19933310,19933310,CMCO,Q,NS,EQTY,Y,2021-01-04,2025-12-31,1255,True,True,True,True
83124,14393,12634910,12634910,CSGS,Q,NS,EQTY,Y,2021-01-04,2025-12-31,1255,True,True,True,True
83143,14330,46284V10,46284V10,IRM,N,NS,EQTY,Y,2021-01-04,2025-12-31,1255,True,True,True,True
83155,14355,67771910,67771910,OVBC,Q,NS,EQTY,Y,2021-01-04,2025-12-31,1255,True,True,True,True
83244,14479,15643110,15643110,CENX,Q,NS,EQTY,Y,2021-01-04,2025-12-31,1255,True,True,True,True
83272,14427,44332010,44332010,HUBG,Q,NS,EQTY,Y,2021-01-04,2025-12-31,1255,True,True,True,True
83304,14470,69357C50,,,X,,,N,2021-01-04,2021-03-04,42,True,True,True,False
83399,14498,68382720,68382720,OCC,Q,NS,EQTY,Y,2021-01-04,2025-12-31,1255,True,True,True,True
83411,14518,30049A10,30049A10,EPM,A,NS,EQTY,Y,2021-01-04,2025-12-31,1255,True,True,True,True
83414,14531,80036310,,,X,,,N,2021-01-04,2025-04-01,1066,True,True,True,False
83443,540,08467070,08467070,BRK,N,NS,EQTY,Y,2021-01-04,2025-12-31,1255,True,True,True,True
83462,31647,89989610,,,X,,,N,2021-01-04,2024-09-17,932,True,True,True,False
83469,14661,04311320,04311320,ARTNA,Q,NS,EQTY,Y,2021-01-04,2025-12-31,1255,True,True,True,True
83509,14602,30294110,30294110,FCN,N,NS,EQTY,Y,2021-01-04,2025-12-31,1255,True,True,True,True
83534,14659,64125C10,64125C10,NBIX,Q,NS,EQTY,Y,2021-01-04,2025-12-31,1255,True,True,True,True
83547,14633,74050M10,,,X,,,N,2021-01-04,2021-09-20,180,True,True,True,False
83597,31661,30307510,30307510,FDS,N,NS,EQTY,Y,2021-01-04,2025-12-31,1255,True,True,True,True
83601,5009,98181110,98181110,WOR,N,NS,EQTY,Y,2021-01-04,2025-12-31,1255,True,True,True,True
83621,14744,03662Q10,,,X,,,N,2021-01-04,2025-07-17,1140,True,True,True,False
83642,14751,20786W10,20786W10,CNOB,Q,NS,EQTY,Y,2021-01-04,2025-12-31,1255,True,True,True,True
83671,14722,89785X10,89785X10,TBI,N,NS,EQTY,Y,2021-01-04,2025-12-31,1255,True,True,True,True
83683,14778,74386810,74386810,PROV,Q,NS,EQTY,Y,2021-01-04,2025-12-31,1255,True,True,True,True
83690,14705,78184630,78184630,RUSHB,Q,NS,EQTY,Y,2021-01-04,2025-12-31,1255,True,True,True,True
83720,31689,30239F10,,,X,,,N,2021-01-04,2021-05-26,100,True,True,True,False
83738,14781,14808P10,14808P10,CASS,Q,NS,EQTY,Y,2021-01-04,2025-12-31,1255,True,True,True,True
83756,14859,37416310,37416310,GERN,Q,NS,EQTY,Y,2021-01-04,2025-12-31,1255,True,True,True,True
83774,14795,67523410,67523410,OCFC,Q,NS,EQTY,Y,2021-01-04,2025-12-31,1255,True,True,True,True
83779,14828,70557310,70557310,PEGA,Q,NS,EQTY,Y,2021-01-04,2025-12-31,1255,True,True,True,True
83799,14838,86272C10,86272C10,STRA,Q,NS,EQTY,Y,2021-01-04,2025-12-31,1255,True,True,True,True
83815,14762,25392210,,,X,,,N,2021-01-04,2021-02-01,20,True,True,True,False
83827,31714,55315D10,,,X,,,N,2021-01-04,2021-08-13,155,True,True,True,False
83844,14889,05453N10,05453N10,AWRE,Q,NS,EQTY,Y,2021-01-04,2025-12-31,1255,True,True,True,True
83856,14888,14390510,14390510,CSV,N,NS,EQTY,Y,2021-01-04,2025-12-31,1255,True,True,True,True
83879,14873,51281610,51281610,LAMR,Q,NS,EQTY,Y,2021-01-04,2025-12-31,1259,True,True,True,True
83885,14931,59496030,59496030,MVIS,Q,NS,EQTY,Y,2021-01-04,2025-12-31,1255,True,True,True,True
83906,14927,85891210,,,X,,,N,2021-01-04,2024-11-04,966,True,True,True,False
83916,14863,89854H10,89854H10,TTEC,Q,NS,EQTY,Y,2021-01-04,2025-12-31,1255,True,True,True,True
83969,14958,97064610,97064610,WLFC,Q,NS,EQTY,Y,2021-01-04,2025-12-31,1255,True,True,True,True
83976,22200,00289620,00289620,ANF,N,NS,EQTY,Y,2021-01-04,2025-12-31,1255,True,True,True,True
83989,1908,38937510,38937510,GTN,N,NS,EQTY,Y,2021-01-04,2025-12-31,1255,True,True,True,True
84010,14845,90328M10,90328M10,USNA,N,NS,EQTY,Y,2021-01-04,2025-12-31,1255,True,True,True,True
84026,31764,26017410,,,X,,,N,2021-01-04,2021-12-22,246,True,True,True,False
84032,31769,62955J10,62955J10,NOV,N,NS,EQTY,Y,2021-01-04,2025-12-31,1255,True,True,True,True
84041,31779,89681810,,,X,,,N,2021-01-04,2025-07-25,1145,True,True,True,False
84042,31780,70959W10,70959W10,PAG,N,NS,EQTY,Y,2021-01-04,2025-12-31,1255,True,True,True,True
84129,5057,98970110,98970110,ZION,Q,NS,EQTY,Y,2021-01-04,2025-12-31,1255,True,True,True,True
84172,31802,67018T10,67018T10,NUS,N,NS,EQTY,Y,2021-01-04,2025-12-31,1255,True,True,True,True
84185,15135,29976620,,,X,,,N,2021-01-04,2022-12-27,500,True,True,True,False
84203,15061,05551A10,,,X,,,N,2021-01-04,2022-09-28,438,True,True,True,False
84210,15190,34656310,34656310,FORR,Q,NS,EQTY,Y,2021-01-04,2025-12-31,1255,True,True,True,True
84234,15147,29426810,29426810,PLUS,Q,NS,EQTY,Y,2021-01-04,2025-12-31,1255,True,True,True,True
84255,15114,81169940,,,X,,,N,2021-01-04,2023-08-28,667,True,True,True,False
84262,15171,85811910,85811910,STLD,Q,NS,EQTY,Y,2021-01-04,2025-12-31,1255,True,True,True,True
84275,15108,91116310,91116310,UNFI,N,NS,EQTY,Y,2021-01-04,2025-12-31,1255,True,True,True,True
84319,15243,53679710,53679710,LAD,N,NS,EQTY,Y,2021-01-04,2025-12-31,1255,True,True,True,True
84321,15244,74365N30,74365N30,PTIX,Q,NS,EQTY,Y,2021-01-04,2025-12-31,1255,True,True,True,True
84372,31832,62886E10,62886E10,VYX,N,NS,EQTY,Y,2021-01-04,2025-12-31,1255,True,True,True,True
84373,31838,74834L10,74834L10,DGX,N,NS,EQTY,Y,2021-01-04,2025-12-31,1255,True,True,True,True
84375,31841,88034910,,,X,,,N,2021-01-04,2022-11-17,474,True,True,True,False
84381,31847,77390310,77390310,ROK,N,NS,EQTY,Y,2021-01-04,2025-12-31,1255,True,True,True,True
84385,31890,45778Q10,45778Q10,NSP,N,NS,EQTY,Y,2021-01-04,2025-12-31,1256,True,True,True,True
84387,31894,21868310,21868310,CMT,A,NS,EQTY,Y,2021-01-04,2025-12-31,1255,True,True,True,True
84389,31896,84472E10,84472E10,SSB,N,NS,EQTY,Y,2021-01-04,2025-12-31,1255,True,True,True,True
84392,31899,49427F10,49427F10,KRC,N,NS,EQTY,Y,2021-01-04,2025-12-31,1255,True,True,True,True
84397,31907,91329010,91329010,UNTY,Q,NS,EQTY,Y,2021-01-04,2025-12-31,1255,True,True,True,True
84403,27497,98074510,98074510,WWD,Q,NS,EQTY,Y,2021-01-04,2025-12-31,1255,True,True,True,True
84411,15276,22889510,22889510,CCEL,A,NS,EQTY,Y,2021-01-04,2025-12-31,1255,True,True,True,True
84413,15306,15708510,15708510,CERS,Q,NS,EQTY,Y,2021-01-04,2025-12-31,1255,True,True,True,True
84438,15267,42328H10,42328H10,HLIO,N,NS,EQTY,Y,2021-01-04,2025-12-31,1255,True,True,True,True
84511,15314,92346J10,92346J10,VCEL,Q,NS,EQTY,Y,2021-01-04,2025-12-31,1255,True,True,True,True
84516,15307,13967410,13967410,CCBG,Q,NS,EQTY,Y,2021-01-04,2025-12-31,1255,True,True,True,True
84519,15321,17177930,17177930,CIEN,N,NS,EQTY,Y,2021-01-04,2025-12-31,1255,True,True,True,True
84563,15339,82704810,82704810,SLGN,N,NS,EQTY,Y,2021-01-04,2025-12-31,1255,True,True,True,True
84588,31933,91879Q10,91879Q10,MTN,N,NS,EQTY,Y,2021-01-04,2025-12-31,1255,True,True,True,True
84604,15401,12648L60,,,X,,,N,2021-01-04,2023-06-26,623,True,True,True,False
84606,15376,29873610,29873610,EEFT,Q,NS,EQTY,Y,2021-01-04,2025-12-31,1255,True,True,True,True
84636,15385,97650W10,97650W10,WTFC,Q,NS,EQTY,Y,2021-01-04,2025-12-31,1255,True,True,True,True
84656,31946,05280010,05280010,ALV,N,NS,EQTY,Y,2021-01-04,2025-12-31,1255,True,True,True,True
84723,15434,16411R20,16411R20,LNG,N,NS,EQTY,Y,2021-01-04,2025-12-31,1255,True,True,True,True
84734,15454,33793070,,,X,,,N,2021-01-04,2022-12-01,484,True,True,True,False
84737,15423,40230710,40230710,GIFI,Q,NS,EQTY,Y,2021-01-04,2025-12-31,1255,True,True,True,True
84757,15441,09060C50,09060C50,BKYI,Q,NS,EQTY,Y,2021-01-04,2025-12-31,1255,True,True,True,True
84761,15436,87405410,87405410,TTWO,Q,NS,EQTY,Y,2021-01-04,2025-12-31,1255,True,True,True,True
84767,31965,01527110,01527110,ARE,N,NS,EQTY,Y,2021-01-04,2025-12-31,1255,True,True,True,True
84769,31967,03209510,03209510,APH,N,NS,EQTY,Y,2021-01-04,2025-12-31,1255,True,True,True,True
84780,31979,49890420,,,X,,,N,2021-01-04,2021-07-19,137,True,True,True,False
84788,15473,02313510,02313510,AMZN,Q,NS,EQTY,Y,2021-01-04,2025-12-31,1255,True,True,True,True
84825,15490,70319R10,70319R10,PBHC,Q,NS,EQTY,Y,2021-01-04,2025-12-31,1255,True,True,True,True
84827,15471,75091710,75091710,RMBS,Q,NS,EQTY,Y,2021-01-04,2025-12-31,1255,True,True,True,True
85002,15507,80360710,80360710,SRPT,Q,NS,EQTY,Y,2021-01-04,2025-12-31,1255,True,True,True,True
85020,15547,69478X10,,,X,,,N,2021-01-04,2025-09-02,1171,True,True,True,False
85040,15534,82921410,82921410,SLP,Q,NS,EQTY,Y,2021-01-04,2025-12-31,1255,True,True,True,True
85058,31991,10112110,10112110,BXP,N,NS,EQTY,Y,2021-01-04,2025-12-31,1255,True,True,True,True
85059,31994,19990810,19990810,FIX,N,NS,EQTY,Y,2021-01-04,2025-12-31,1255,True,True,True,True
85067,32004,57793310,57793310,MMS,N,NS,EQTY,Y,2021-01-04,2025-12-31,1255,True,True,True,True
85072,32009,75121210,75121210,RL,N,NS,EQTY,Y,2021-01-04,2025-12-31,1255,True,True,True,True
85082,32019,27727610,27727610,EGP,N,NS,EQTY,Y,2021-01-04,2025-12-31,1255,True,True,True,True
85176,15568,23337740,23337740,DXPE,Q,NS,EQTY,Y,2021-01-04,2025-12-31,1255,True,True,True,True
85187,15560,42805E30,,,X,,,N,2021-01-04,2023-06-13,615,True,True,True,False
85198,15596,06417N10,06417N10,OZK,Q,NS,EQTY,Y,2021-01-04,2025-12-31,1255,True,True,True,True
85205,15580,74345W20,74345W20,PRPH,Q,NS,EQTY,Y,2021-01-04,2025-12-31,1255,True,True,True,True
85246,32039,48020Q10,48020Q10,JLL,N,NS,EQTY,Y,2021-01-04,2025-12-31,1255,True,True,True,True
85257,32054,03110010,03110010,AME,N,NS,EQTY,Y,2021-01-04,2025-12-31,1255,True,True,True,True
85265,32062,78440X88,78440X88,SLG,N,NS,EQTY,Y,2021-01-04,2025-12-31,1256,True,True,True,True
85269,32066,91913Y10,91913Y10,VLO,N,NS,EQTY,Y,2021-01-04,2025-12-31,1255,True,True,True,True
85272,15658,00760J10,00760J10,AEHR,Q,NS,EQTY,Y,2021-01-04,2025-12-31,1255,True,True,True,True
85299,15657,51165610,51165610,LKFN,Q,NS,EQTY,Y,2021-01-04,2025-12-31,1255,True,True,True,True
85314,15632,74727D20,,,X,,,N,2021-01-04,2021-11-05,214,True,True,True,False
85332,32069,06684910,06684910,BHB,A,NS,EQTY,Y,2021-01-04,2025-12-31,1255,True,True,True,True
85348,32093,98849810,98849810,YUM,N,NS,EQTY,Y,2021-01-04,2025-12-31,1255,True,True,True,True
85394,15678,74151110,74151110,PSMT,Q,NS,EQTY,Y,2021-01-04,2025-12-31,1255,True,True,True,True
85414,32098,03571083,03571083,NLY,N,NS,EQTY,Y,2021-01-04,2025-12-31,1255,True,True,True,True
85418,32101,13303410,13303410,CAC,Q,NS,EQTY,Y,2021-01-04,2025-12-31,1255,True,True,True,True
85426,32110,78377T10,78377T10,RHP,N,NS,EQTY,Y,2021-01-04,2025-12-31,1255,True,True,True,True
85427,32111,39890510,39890510,GPI,N,NS,EQTY,Y,2021-01-04,2025-12-31,1255,True,True,True,True
85440,32122,86183P10,86183P10,SRI,N,NS,EQTY,Y,2021-01-04,2025-12-31,1255,True,True,True,True
85459,15758,12541W20,12541W20,CHRW,Q,NS,EQTY,Y,2021-01-04,2025-12-31,1255,True,True,True,True
85464,15783,14744810,14744810,CWST,Q,NS,EQTY,Y,2021-01-04,2025-12-31,1255,True,True,True,True
85488,15739,67104410,67104410,OSIS,Q,NS,EQTY,Y,2021-01-04,2025-12-31,1255,True,True,True,True
85517,32132,16990510,16990510,CHH,N,NS,EQTY,Y,2021-01-04,2025-12-31,1255,True,True,True,True
85567,15841,37364X10,37364X10,GEOS,Q,NS,EQTY,Y,2021-01-04,2025-12-31,1255,True,True,True,True
85576,15843,75605L70,,,X,,,N,2021-01-04,2022-12-22,498,True,True,True,False
85586,7914,04071210,04071210,ARKR,Q,NS,EQTY,Y,2021-01-04,2025-12-31,1255,True,True,True,True
85592,32135,74340W10,74340W10,PLD,N,NS,EQTY,Y,2021-01-04,2025-12-31,1255,True,True,True,True
85593,32136,00825210,00825210,AMG,N,NS,EQTY,Y,2021-01-04,2025-12-31,1255,True,True,True,True
85621,32158,59268810,59268810,MTD,N,NS,EQTY,Y,2021-01-04,2025-12-31,1255,True,True,True,True
85627,32164,83545G10,83545G10,SAH,N,NS,EQTY,Y,2021-01-04,2025-12-31,1255,True,True,True,True
85631,7623,05276910,05276910,ADSK,Q,NS,EQTY,Y,2021-01-04,2025-12-31,1255,True,True,True,True
85645,32174,45718710,45718710,INGR,N,NS,EQTY,Y,2021-01-04,2025-12-31,1255,True,True,True,True
85653,32183,04135620,,,X,,,N,2021-01-04,2023-12-14,744,True,True,True,False
85663,32191,91136310,91136310,URI,N,NS,EQTY,Y,2021-01-04,2025-12-31,1255,True,True,True,True
85686,15802,04546C30,04546C30,ASRT,Q,NS,EQTY,Y,2021-01-04,2025-12-31,1255,True,True,True,True
85710,15890,73927610,73927610,POWI,Q,NS,EQTY,Y,2021-01-04,2025-12-31,1255,True,True,True,True
85724,15934,71363P10,71363P10,PRDO,Q,NS,EQTY,Y,2021-01-04,2025-12-31,1255,True,True,True,True
85725,15926,12466Q10,12466Q10,CFFI,Q,NS,EQTY,Y,2021-01-04,2025-12-31,1255,True,True,True,True
85731,15918,42722X10,42722X10,HFWA,Q,NS,EQTY,Y,2021-01-04,2025-12-31,1255,True,True,True,True
85741,15933,43940T10,43940T10,HOPE,Q,NS,EQTY,Y,2021-01-04,2025-12-31,1255,True,True,True,True
85744,15928,77437430,77437430,RMTI,Q,NS,EQTY,Y,2021-01-04,2025-12-31,1255,True,True,True,True
85751,15921,88709810,88709810,TSBK,Q,NS,EQTY,Y,2021-01-04,2025-12-31,1258,True,True,True,True
85753,15940,92343E10,92343E10,VRSN,Q,NS,EQTY,Y,2021-01-04,2025-12-31,1255,True,True,True,True
85763,34627,92936U10,92936U10,WPC,N,NS,EQTY,Y,2021-01-04,2025-12-31,1255,True,True,True,True
85768,34633,44951W10,44951W10,IESC,Q,NS,EQTY,Y,2021-01-04,2025-12-31,1255,True,True,True,True
85789,7784,12740C10,12740C10,CADE,N,NS,EQTY,Y,2021-01-04,2025-12-31,1255,True,True,True,True
85792,34660,74762E10,74762E10,PWR,N,NS,EQTY,Y,2021-01-04,2025-12-31,1255,True,True,True,True
85860,16026,11373M10,,,X,,,N,2021-01-04,2025-09-02,1171,True,True,True,False
85863,16029,19851610,19851610,COLM,Q,NS,EQTY,Y,2021-01-04,2025-12-31,1255,True,True,True,True
85875,31854,45904410,45904410,IBOC,Q,NS,EQTY,Y,2021-01-04,2025-12-31,1255,True,True,True,True
85883,15993,66954910,66954910,NWFL,Q,NS,EQTY,Y,2021-01-04,2025-12-31,1255,True,True,True,True
85886,15994,69318J10,69318J10,CNXN,Q,NS,EQTY,Y,2021-01-04,2025-12-31,1255,True,True,True,True
85897,34672,03734710,,,X,,,N,2021-01-04,2021-03-22,55,True,True,True,False
85903,34680,20563P10,20563P10,CIX,A,NS,EQTY,Y,2021-01-04,2025-12-31,1255,True,True,True,True
85908,34684,38388F10,,,X,,,N,2021-01-04,2021-09-22,182,True,True,True,False
85913,30005,57190320,57190320,MAR,Q,NS,EQTY,Y,2021-01-04,2025-12-31,1255,True,True,True,True
85914,7506,08651610,08651610,BBY,N,NS,EQTY,Y,2021-01-04,2025-12-31,1255,True,True,True,True
85926,34702,81211K10,81211K10,SEE,N,NS,EQTY,Y,2021-01-04,2025-12-31,1255,True,True,True,True
85931,34707,93005910,,,X,,,N,2021-01-04,2021-05-03,83,True,True,True,False
85935,34710,55272X60,55272X60,MFA,N,NS,EQTY,Y,2021-01-04,2025-12-31,1255,True,True,True,True
85945,20898,42280620,42280620,HEI,N,NS,EQTY,Y,2021-01-04,2025-12-31,1255,True,True,True,True
85953,34728,83545R20,,,X,,,N,2021-01-04,2023-12-05,736,True,True,True,False
85972,16066,12618T10,12618T10,CRAI,Q,NS,EQTY,Y,2021-01-04,2025-12-31,1255,True,True,True,True
85992,16065,56275010,56275010,MANH,Q,NS,EQTY,Y,2021-01-04,2025-12-31,1255,True,True,True,True
86004,16035,90421410,,,X,,,N,2021-01-04,2023-03-01,543,True,True,True,False
86026,34751,45768S10,45768S10,IOSP,Q,NS,EQTY,Y,2021-01-04,2025-12-31,1255,True,True,True,True
86047,16080,03165210,03165210,AMKR,Q,NS,EQTY,Y,2021-01-04,2025-12-31,1256,True,True,True,True
86048,16130,40460910,40460910,HCKT,Q,NS,EQTY,Y,2021-01-04,2025-12-31,1255,True,True,True,True
86051,16121,00246W10,00246W10,AXTI,Q,NS,EQTY,Y,2021-01-04,2025-12-31,1255,True,True,True,True
86062,16101,30049R20,,,X,,,N,2021-01-04,2022-04-25,330,True,True,True,False
86067,16115,40076410,,,X,,,N,2021-01-04,2025-10-01,1192,True,True,True,False
86080,16110,74365A30,74365A30,PLX,A,NS,EQTY,Y,2021-01-04,2025-12-31,1255,True,True,True,True
86091,16107,84470P10,84470P10,SBSI,N,NS,EQTY,Y,2021-01-04,2025-12-31,1258,True,True,True,True
86092,16127,18270P10,18270P10,CLAR,Q,NS,EQTY,Y,2021-01-04,2025-12-31,1255,True,True,True,True
86102,34765,31421110,31421110,FHI,N,NS,EQTY,Y,2021-01-04,2025-12-31,1256,True,True,True,True
86111,34770,03027X10,03027X10,AMT,N,NS,EQTY,Y,2021-01-04,2025-12-31,1255,True,True,True,True
86113,34772,05343P10,05343P10,AWX,A,NS,EQTY,Y,2021-01-04,2025-12-31,1255,True,True,True,True
86124,7676,11766510,,,X,,,N,2021-01-04,2022-01-03,253,True,True,True,False
86136,34798,81685110,81685110,SRE,N,NS,EQTY,Y,2021-01-04,2025-12-31,1255,True,True,True,True
86158,16167,19244610,19244610,CTSH,Q,NS,EQTY,Y,2021-01-04,2025-12-31,1255,True,True,True,True
86211,16149,59497240,59497240,MSTR,Q,NS,EQTY,Y,2021-01-04,2025-12-31,1255,True,True,True,True
86228,34838,76075910,76075910,RSG,N,NS,EQTY,Y,2021-01-04,2025-12-31,1255,True,True,True,True
86233,34843,15643U10,15643U10,LEU,N,NS,EQTY,Y,2021-01-04,2025-12-31,1255,True,True,True,True
86288,16188,22160N10,22160N10,CSGP,Q,NS,EQTY,Y,2021-01-04,2025-12-31,1255,True,True,True,True
86302,34846,42692710,42692710,HTBK,Q,NS,EQTY,Y,2021-01-04,2025-12-31,1255,True,True,True,True
86312,34857,79522610,,,X,,,N,2021-01-04,2023-08-14,657,True,True,True,False
86313,20867,91728620,,,X,,,N,2021-01-04,2023-08-18,661,True,True,True,False
86339,16268,22822V10,22822V10,CCI,N,NS,EQTY,Y,2021-01-04,2025-12-31,1255,True,True,True,True
86356,16285,27864210,27864210,EBAY,Q,NS,EQTY,Y,2021-01-04,2025-12-31,1255,True,True,True,True
86382,16290,31938320,31938320,BUSE,Q,NS,EQTY,Y,2021-01-04,2025-12-31,1255,True,True,True,True
86384,16300,12612810,12612810,CCNE,Q,NS,EQTY,Y,2021-01-04,2025-12-31,1255,True,True,True,True
86432,16313,74360610,74360610,PB,N,NS,EQTY,Y,2021-01-04,2025-12-31,1255,True,True,True,True
86435,16310,31431B10,,,X,,,N,2021-01-04,2022-11-07,466,True,True,True,False
86444,34949,45773H40,45773H40,INO,Q,NS,EQTY,Y,2021-01-04,2025-12-31,1255,True,True,True,True
86526,16365,12520L10,12520L10,CFBK,Q,NS,EQTY,Y,2021-01-04,2025-12-31,1255,True,True,True,True
86544,16347,09522910,,,X,,,N,2021-01-04,2023-11-28,731,True,True,True,False
86547,34964,02406110,02406110,AXL,N,NS,EQTY,Y,2021-01-04,2025-12-31,1255,True,True,True,True
86560,34977,05070N10,,,X,,,N,2021-01-04,2023-05-17,597,True,True,True,False
86573,16367,31942S10,31942S10,FCAP,Q,NS,EQTY,Y,2021-01-04,2025-12-31,1255,True,True,True,True
86580,16382,67066G10,67066G10,NVDA,Q,NS,EQTY,Y,2021-01-04,2025-12-31,1255,True,True,True,True
86582,16374,85917A10,,,X,,,N,2021-01-04,2022-02-01,273,True,True,True,False
86593,34992,36143810,,,X,,,N,2021-01-04,2022-10-07,445,True,True,True,False
86594,2572,50064320,50064320,KFY,N,NS,EQTY,Y,2021-01-04,2025-12-31,1255,True,True,True,True
86717,16410,10138810,,,X,,,N,2021-01-04,2022-05-13,344,True,True,True,False
86719,16402,27579R10,27579R10,EWBC,Q,NS,EQTY,Y,2021-01-04,2025-12-31,1255,True,True,True,True
86728,16415,56377120,56377120,MTEX,Q,NS,EQTY,Y,2021-01-04,2025-12-31,1256,True,True,True,True
86778,16455,55306N10,55306N10,MKSI,Q,NS,EQTY,Y,2021-01-04,2025-12-31,1255,True,True,True,True
86783,16454,09857L10,09857L10,BKNG,Q,NS,EQTY,Y,2021-01-04,2025-12-31,1255,True,True,True,True
86799,35026,12653C10,12653C10,CNX,N,NS,EQTY,Y,2021-01-04,2025-12-31,1255,True,True,True,True
86810,35037,89531P10,89531P10,TREX,N,NS,EQTY,Y,2021-01-04,2025-12-31,1255,True,True,True,True
86812,16473,85236P10,85236P10,SLNG,Q,NS,EQTY,Y,2021-01-04,2025-12-31,1255,True,True,True,True
86814,16487,02774510,,,X,,,N,2021-01-04,2024-04-01,815,True,True,True,False
86818,16470,25264R20,25264R20,DHIL,Q,NS,EQTY,Y,2021-01-04,2025-12-31,1258,True,True,True,True
86820,16457,14057J10,14057J10,CFFN,Q,NS,EQTY,Y,2021-01-04,2025-12-31,1255,True,True,True,True
86822,16466,30226D10,30226D10,EXTR,Q,NS,EQTY,Y,2021-01-04,2025-12-31,1255,True,True,True,True
86868,35048,38141G10,38141G10,GS,N,NS,EQTY,Y,2021-01-04,2025-12-31,1255,True,True,True,True
86876,35057,95082P10,95082P10,WCC,N,NS,EQTY,Y,2021-01-04,2025-12-31,1255,True,True,True,True
86887,16526,56280310,56280310,LOAN,Q,NS,EQTY,Y,2021-01-04,2025-12-31,1255,True,True,True,True
86896,7871,20360710,20360710,CBU,N,NS,EQTY,Y,2021-01-04,2025-12-31,1255,True,True,True,True
86916,16512,91705J10,91705J10,UONE,Q,NS,EQTY,Y,2021-01-04,2025-12-31,1255,True,True,True,True
86964,16561,31561610,31561610,FFIV,Q,NS,EQTY,Y,2021-01-04,2025-12-31,1255,True,True,True,True
86979,16614,48203R10,,,X,,,N,2021-01-04,2025-07-02,1129,True,True,True,False
86996,16584,78410G10,78410G10,SBAC,Q,NS,EQTY,Y,2021-01-04,2025-12-31,1255,True,True,True,True
87000,16612,85285720,,,X,,,N,2021-01-04,2021-10-05,191,True,True,True,False
87006,16587,91307C10,91307C10,UTHR,Q,NS,EQTY,Y,2021-01-04,2025-12-31,1255,True,True,True,True
87014,16578,82620P10,82620P10,BSRR,Q,NS,EQTY,Y,2021-01-04,2025-12-31,1255,True,True,True,True
87053,16636,36872P10,36872P10,GNSS,Q,NS,EQTY,Y,2021-01-04,2025-12-31,1255,True,True,True,True
87055,7882,22160K10,22160K10,COST,Q,NS,EQTY,Y,2021-01-04,2025-12-31,1255,True,True,True,True
87056,16668,09061G10,09061G10,BMRN,Q,NS,EQTY,Y,2021-01-04,2025-12-31,1255,True,True,True,True
87066,16650,62914B10,,,X,,,N,2021-01-04,2021-04-21,75,True,True,True,False
87067,16649,31866P10,31866P10,FNLC,Q,NS,EQTY,Y,2021-01-04,2025-12-31,1255,True,True,True,True
87069,16640,39435710,39435710,GCBC,Q,NS,EQTY,Y,2021-01-04,2025-12-31,1255,True,True,True,True
87075,16665,48123V10,48123V10,ZD,Q,NS,EQTY,Y,2021-01-04,2025-12-31,1255,True,True,True,True
87077,16641,29255410,29255410,ECPG,Q,NS,EQTY,Y,2021-01-04,2025-12-31,1255,True,True,True,True
87086,16678,71375U10,,,X,,,N,2021-01-04,2024-10-02,943,True,True,True,False
87114,35205,58737610,58737610,MBWM,Q,NS,EQTY,Y,2021-01-04,2025-12-31,1255,True,True,True,True
87121,16631,79409310,,,X,,,N,2021-01-04,2024-01-19,766,True,True,True,False
87162,16695,68243Q10,68243Q10,FLWS,Q,NS,EQTY,Y,2021-01-04,2025-12-31,1255,True,True,True,True
87179,16758,64115T10,64115T10,NTCT,Q,NS,EQTY,Y,2021-01-04,2025-12-31,1255,True,True,True,True
87267,36336,09290D10,09290D10,BLK,N,NS,EQTY,Y,2021-01-04,2025-12-31,1255,True,True,True,True
87268,36337,17273K10,,,X,,,N,2021-01-04,2023-10-18,703,True,True,True,False
87269,36338,17471510,,,X,,,N,2021-01-04,2023-12-15,744,True,True,True,False
87299,17300,00971T10,00971T10,AKAM,Q,NS,EQTY,Y,2021-01-04,2025-12-31,1255,True,True,True,True
87318,17183,26894810,26894810,EGBN,Q,NS,EQTY,Y,2021-01-04,2025-12-31,1255,True,True,True,True
87361,17208,69325Q10,,,X,,,N,2021-01-04,2023-12-18,745,True,True,True,False
87364,17202,74837P40,74837P40,QUIK,Q,NS,EQTY,Y,2021-01-04,2025-12-31,1255,True,True,True,True
87379,17317,19421R20,,,X,,,N,2021-01-04,2021-02-08,25,True,True,True,False
87426,7557,50189K10,50189K10,LCII,N,NS,EQTY,Y,2021-01-04,2025-12-31,1255,True,True,True,True
87430,17314,50077B20,50077B20,KTOS,Q,NS,EQTY,Y,2021-01-04,2025-12-31,1255,True,True,True,True
87432,36364,00846U10,00846U10,A,N,NS,EQTY,Y,2021-01-04,2025-12-31,1255,True,True,True,True
87437,36370,26929N10,26929N10,EVI,A,NS,EQTY,Y,2021-01-04,2025-12-31,1255,True,True,True,True
87439,36373,45817G20,45817G20,IDN,Q,NS,EQTY,Y,2021-01-04,2025-12-31,1255,True,True,True,True
87445,36380,87936010,87936010,TDY,N,NS,EQTY,Y,2021-01-04,2025-12-31,1255,True,True,True,True
87447,36383,91131210,91131210,UPS,N,NS,EQTY,Y,2021-01-04,2025-12-31,1255,True,True,True,True
87464,36557,44845110,,,X,,,N,2021-01-04,2022-05-03,336,True,True,True,False
87487,17502,08892910,08892910,BGC,Q,NS,EQTY,Y,2021-01-04,2025-12-31,1255,True,True,True,True
87488,17667,31205910,,,X,,,N,2021-01-04,2021-04-01,62,True,True,True,False
87501,17665,55422510,,,X,,,N,2021-01-04,2024-08-01,900,True,True,True,False
87505,17469,63486510,63486510,NKSH,Q,NS,EQTY,Y,2021-01-04,2025-12-31,1255,True,True,True,True
87510,17473,71709820,,,X,,,N,2021-01-04,2023-10-24,707,True,True,True,False
87532,20454,75540810,75540810,RDI,Q,NS,EQTY,Y,2021-01-04,2025-12-31,1255,True,True,True,True
87533,20454,75540820,75540820,RDIB,Q,NS,EQTY,Y,2021-01-04,2025-12-31,1255,True,True,True,True
87541,23511,69515610,69515610,PKG,N,NS,EQTY,Y,2021-01-04,2025-12-31,1255,True,True,True,True
87583,17936,00847G80,00847G80,AGEN,Q,NS,EQTY,Y,2021-01-04,2025-12-31,1255,True,True,True,True
87589,17970,07401420,07401420,BBGI,Q,NS,EQTY,Y,2021-01-04,2025-12-31,1255,True,True,True,True
87614,18304,51163710,,,X,,,N,2021-01-04,2024-05-16,848,True,True,True,False
87656,36949,00289Y20,00289Y20,ABEO,Q,NS,EQTY,Y,2021-01-04,2025-12-31,1255,True,True,True,True
87657,36952,28176E10,28176E10,EW,N,NS,EQTY,Y,2021-01-04,2025-12-31,1255,True,True,True,True
87659,36954,28035Q10,28035Q10,EPC,N,NS,EQTY,Y,2021-01-04,2025-12-31,1255,True,True,True,True
87717,7232,30213010,30213010,EXPD,N,NS,EQTY,Y,2021-01-04,2025-12-31,1255,True,True,True,True
87725,7518,45774W10,45774W10,IIIN,N,NS,EQTY,Y,2021-01-04,2025-12-31,1260,True,True,True,True
87753,17489,91731310,91731310,USIO,Q,NS,EQTY,Y,2021-01-04,2025-12-31,1255,True,True,True,True
87789,18709,55027E10,,,X,,,N,2021-01-04,2021-07-14,133,True,True,True,False
87812,18455,82691910,82691910,SLAB,Q,NS,EQTY,Y,2021-01-04,2025-12-31,1255,True,True,True,True
87842,37138,59156R10,59156R10,MET,N,NS,EQTY,Y,2021-01-04,2025-12-31,1255,True,True,True,True
87952,6944,37637Q10,37637Q10,GBCI,N,NS,EQTY,Y,2021-01-04,2025-12-31,1255,True,True,True,True
88031,7902,61174X10,61174X10,MNST,Q,NS,EQTY,Y,2021-01-04,2025-12-31,1255,True,True,True,True
88152,37148,12571T10,,,X,,,N,2021-01-04,2022-07-06,380,True,True,True,False
88167,37161,42222N10,42222N10,HSTM,Q,NS,EQTY,Y,2021-01-04,2025-12-31,1255,True,True,True,True
88173,37167,52887230,52887230,LXRX,Q,NS,EQTY,Y,2021-01-04,2025-12-31,1255,True,True,True,True
88177,37171,81577F40,,,X,,,N,2021-01-04,2024-10-16,953,True,True,True,False
88182,37176,68218910,68218910,ON,Q,NS,EQTY,Y,2021-01-04,2025-12-31,1255,True,True,True,True
88183,37177,68019410,,,X,,,N,2021-01-04,2025-09-02,1172,True,True,True,False
88195,37188,80067710,80067710,SGMO,Q,NS,EQTY,Y,2021-01-04,2025-12-31,1255,True,True,True,True
88197,5440,36027110,36027110,FULT,Q,NS,EQTY,Y,2021-01-04,2025-12-31,1255,True,True,True,True
88260,37524,72581M40,72581M40,PXLW,Q,NS,EQTY,Y,2021-01-04,2025-12-31,1255,True,True,True,True
88264,37528,76254410,76254410,RBBN,Q,NS,EQTY,Y,2021-01-04,2025-12-31,1255,True,True,True,True
88280,37659,08468010,08468010,BBT,N,NS,EQTY,Y,2021-01-04,2025-12-31,1255,True,True,True,True
88281,37660,15986410,15986410,CRL,N,NS,EQTY,Y,2021-01-04,2025-12-31,1255,True,True,True,True
88284,37664,20366810,20366810,CYH,N,NS,EQTY,Y,2021-01-04,2025-12-31,1255,True,True,True,True
88319,37682,92839U20,92839U20,VC,Q,NS,EQTY,Y,2021-01-04,2025-12-31,1255,True,True,True,True
88332,37707,14067D50,,,X,,,N,2021-01-04,2023-10-05,694,True,True,True,False
88343,37718,69526310,,,X,,,N,2021-01-04,2023-12-01,734,True,True,True,False
88351,37726,45766930,45766930,INSM,Q,NS,EQTY,Y,2021-01-04,2025-12-31,1255,True,True,True,True
88352,37727,46120E60,46120E60,ISRG,Q,NS,EQTY,Y,2021-01-04,2025-12-31,1255,True,True,True,True
88360,37731,57387410,57387410,MRVL,Q,NS,EQTY,Y,2021-01-04,2025-12-31,1255,True,True,True,True
88368,37737,69455210,,,X,,,N,2021-01-04,2021-10-19,201,True,True,True,False
88372,16512,91705J20,91705J20,UONEK,Q,NS,EQTY,Y,2021-01-04,2025-12-31,1255,True,True,True,True
88373,7257,63741710,63741710,NNN,N,NS,EQTY,Y,2021-01-04,2025-12-31,1255,True,True,True,True
88417,37913,05454020,05454020,ACLS,Q,NS,EQTY,Y,2021-01-04,2025-12-31,1255,True,True,True,True
88421,37917,04004760,,,X,,,N,2021-01-04,2022-03-11,300,True,True,True,False
88434,37929,45665G30,,,X,,,N,2021-01-04,2023-09-14,679,True,True,True,False
88439,37932,29362U10,29362U10,ENTG,Q,NS,EQTY,Y,2021-01-04,2025-12-31,1255,True,True,True,True
88446,37938,45232710,45232710,ILMN,Q,NS,EQTY,Y,2021-01-04,2025-12-31,1255,True,True,True,True
88462,37952,14817C10,14817C10,SAVA,Q,NS,EQTY,Y,2021-01-04,2025-12-31,1255,True,True,True,True
88466,37956,83268220,,,X,,,N,2021-01-04,2021-04-05,63,True,True,True,False
88471,37961,74019L60,74019L60,PRPO,Q,NS,EQTY,Y,2021-01-04,2025-12-31,1255,True,True,True,True
88485,38389,29382R10,29382R10,EVC,N,NS,EQTY,Y,2021-01-04,2025-12-31,1255,True,True,True,True
88504,38406,11679410,11679410,BRKR,Q,NS,EQTY,Y,2021-01-04,2025-12-31,1255,True,True,True,True
88511,38412,23126930,23126930,CRIS,Q,NS,EQTY,Y,2021-01-04,2025-12-31,1255,True,True,True,True
88518,38418,25400W10,25400W10,APPS,Q,NS,EQTY,Y,2021-01-04,2025-12-31,1255,True,True,True,True
88568,38463,84721510,,,X,,,N,2021-01-04,2025-09-22,1185,True,True,True,False
88597,39140,05368V10,05368V10,AVNT,N,NS,EQTY,Y,2021-01-04,2025-12-31,1255,True,True,True,True
88615,39150,45826H10,45826H10,ITGR,N,NS,EQTY,Y,2021-01-04,2025-12-31,1255,True,True,True,True
88620,39154,04537Y20,,,X,,,N,2021-01-04,2025-04-17,1078,True,True,True,False
88626,39159,26660550,,,X,,,N,2021-01-04,2025-09-11,1179,True,True,True,False
88648,39177,87305R10,87305R10,TTMI,Q,NS,EQTY,Y,2021-01-04,2025-12-31,1255,True,True,True,True
88661,40143,87603010,87603010,TPR,N,NS,EQTY,Y,2021-01-04,2025-12-31,1255,True,True,True,True
88664,7864,42628110,42628110,JKHY,Q,NS,EQTY,Y,2021-01-04,2025-12-31,1255,True,True,True,True
88719,40193,02932610,,,X,,,N,2021-01-04,2021-08-09,151,True,True,True,False
88779,7343,44934S20,,,X,,,N,2021-01-04,2025-07-17,1139,True,True,True,False
88810,40998,76655970,76655970,RIGL,Q,NS,EQTY,Y,2021-01-04,2025-12-31,1255,True,True,True,True
88820,41007,70469910,70469910,PGC,Q,NS,EQTY,Y,2021-01-04,2025-12-31,1255,True,True,True,True
88839,41060,41690610,41690610,HBIO,Q,NS,EQTY,Y,2021-01-04,2025-12-31,1255,True,True,True,True
88853,41080,34341210,34341210,FLR,N,NS,EQTY,Y,2021-01-04,2025-12-31,1255,True,True,True,True
88857,27610,98718410,98718410,YORW,Q,NS,EQTY,Y,2021-01-04,2025-12-31,1255,True,True,True,True
88860,41154,01625510,01625510,ALGN,Q,NS,EQTY,Y,2021-01-04,2025-12-31,1255,True,True,True,True
88863,41157,30063P10,30063P10,EXAS,Q,NS,EQTY,Y,2021-01-04,2025-12-31,1255,True,True,True,True
88865,41159,41049520,41049520,HAFC,Q,NS,EQTY,Y,2021-01-04,2025-12-31,1255,True,True,True,True
88871,41163,21075N20,,,X,,,N,2021-01-04,2021-12-08,236,True,True,True,False
88873,41168,37940X10,37940X10,GPN,N,NS,EQTY,Y,2021-01-04,2025-12-31,1255,True,True,True,True
88895,41257,56842710,56842710,MPX,N,NS,EQTY,Y,2021-01-04,2025-12-31,1256,True,True,True,True
88897,41259,67802610,67802610,OIS,N,NS,EQTY,Y,2021-01-04,2025-12-31,1255,True,True,True,True
88912,7720,45383860,45383860,IBCP,Q,NS,EQTY,Y,2021-01-04,2025-12-31,1255,True,True,True,True
88924,41367,34349810,34349810,FLO,N,NS,EQTY,Y,2021-01-04,2025-12-31,1255,True,True,True,True
88944,41388,31983A10,31983A10,FCBC,Q,NS,EQTY,Y,2021-01-04,2025-12-31,1256,True,True,True,True
88949,41391,81181C10,,,X,,,N,2021-01-04,2023-12-14,743,True,True,True,False
88951,41393,90945810,,,X,,,N,2021-01-04,2022-08-29,417,True,True,True,False
88963,8686,25770120,25770120,DGICA,Q,NS,EQTY,Y,2021-01-04,2025-12-31,1255,True,True,True,True
88965,41460,17886710,17886710,CIVB,Q,NS,EQTY,Y,2021-01-04,2025-12-31,1255,True,True,True,True
88970,41464,82510710,82510710,SHBI,Q,NS,EQTY,Y,2021-01-04,2025-12-31,1255,True,True,True,True
88987,41577,96951A10,,,X,,,N,2021-01-04,2023-07-24,642,True,True,True,False
88988,14442,44894750,44894750,IDT,N,NS,EQTY,Y,2021-01-04,2025-12-31,1255,True,True,True,True
88994,41584,76129W10,76129W10,RVP,A,NS,EQTY,Y,2021-01-04,2025-12-31,1255,True,True,True,True
89002,41671,01858110,01858110,BFH,N,NS,EQTY,Y,2021-01-04,2025-12-31,1255,True,True,True,True
89003,41673,31620M10,31620M10,FIS,N,NS,EQTY,Y,2021-01-04,2025-12-31,1255,True,True,True,True
89006,41680,60920710,60920710,MDLZ,Q,NS,EQTY,Y,2021-01-04,2025-12-31,1255,True,True,True,True
89022,41698,37740710,,,X,,,N,2021-01-04,2025-12-23,1250,True,True,True,False
89031,41562,05464C10,05464C10,AXON,Q,NS,EQTY,Y,2021-01-04,2025-12-31,1255,True,True,True,True
89036,41813,63905010,,,X,,,N,2021-01-04,2022-07-21,390,True,True,True,False
89044,41820,69328210,69328210,PDFS,Q,NS,EQTY,Y,2021-01-04,2025-12-31,1255,True,True,True,True
89070,41870,98956P10,98956P10,ZBH,N,NS,EQTY,Y,2021-01-04,2025-12-31,1255,True,True,True,True
89109,41979,55457110,,,X,,,N,2021-01-04,2021-09-07,172,True,True,True,False
89110,41980,68213N10,68213N10,OMCL,Q,NS,EQTY,Y,2021-01-04,2025-12-31,1255,True,True,True,True
89134,42001,69047Q10,69047Q10,OVV,N,NS,EQTY,Y,2021-01-04,2025-12-31,1255,True,True,True,True
89141,42114,74044410,74044410,PLPC,Q,NS,EQTY,Y,2021-01-04,2025-12-31,1255,True,True,True,True
89155,2801,57978010,57978010,MKC,N,NS,EQTY,Y,2021-01-04,2025-12-31,1255,True,True,True,True
89179,42273,03675210,03675210,ELV,N,NS,EQTY,Y,2021-01-04,2025-12-31,1255,True,True,True,True
89195,42285,74251V10,74251V10,PFG,Q,NS,EQTY,Y,2021-01-04,2025-12-31,1255,True,True,True,True
89202,33945,78408D10,78408D10,SBFG,Q,NS,EQTY,Y,2021-01-04,2025-12-31,1255,True,True,True,True
89211,42396,70843010,,,X,,,N,2021-01-04,2025-07-28,1146,True,True,True,False
89215,42400,00174410,00174410,AMN,N,NS,EQTY,Y,2021-01-04,2025-12-31,1255,True,True,True,True
89216,42401,00508Y10,00508Y10,AYI,N,NS,EQTY,Y,2021-01-04,2025-12-31,1255,True,True,True,True
89217,42402,00751Y10,00751Y10,AAP,N,NS,EQTY,Y,2021-01-04,2025-12-31,1255,True,True,True,True
89252,42517,33832D20,,,X,,,N,2021-01-04,2023-03-20,556,True,True,True,False
89258,42524,74432010,74432010,PRU,N,NS,EQTY,Y,2021-01-04,2025-12-31,1255,True,True,True,True
89262,42533,95889210,95889210,WNEB,Q,NS,EQTY,Y,2021-01-04,2025-12-31,1255,True,True,True,True
89269,42540,15135B10,15135B10,CNC,N,NS,EQTY,Y,2021-01-04,2025-12-31,1255,True,True,True,True
89270,42541,31986N10,,,X,,,N,2021-01-04,2022-01-07,257,True,True,True,False
89279,42549,90540010,90540010,UNB,Q,NS,EQTY,Y,2021-01-04,2025-12-31,1255,True,True,True,True
89290,42651,87157D10,87157D10,SYNA,Q,NS,EQTY,Y,2021-01-04,2025-12-31,1255,True,True,True,True
89297,42769,19239V30,19239V30,CCOI,Q,NS,EQTY,Y,2021-01-04,2025-12-31,1255,True,True,True,True
89301,42775,36467W10,36467W10,GME,N,NS,EQTY,Y,2021-01-04,2025-12-31,1255,True,True,True,True
89307,42784,56456310,,,X,,,N,2021-01-04,2022-09-14,428,True,True,True,False
89323,42912,90984P30,90984P30,UCB,N,NS,EQTY,Y,2021-01-04,2025-12-31,1255,True,True,True,True
89369,43014,51601220,,,X,,,N,2021-01-04,2023-04-20,578,True,True,True,False
89393,43145,64110L10,64110L10,NFLX,Q,NS,EQTY,Y,2021-01-04,2025-12-31,1255,True,True,True,True
89395,43147,72346Q10,72346Q10,PNFP,Q,NS,EQTY,Y,2021-01-04,2025-12-31,1255,True,True,True,True
89397,43149,92343X10,,,X,,,N,2021-01-04,2025-11-26,1232,True,True,True,False
89406,43159,29355X10,29355X10,NPO,N,NS,EQTY,Y,2021-01-04,2025-12-31,1255,True,True,True,True
89424,43260,81811M10,,,X,,,N,2021-01-04,2021-11-01,211,True,True,True,False
89425,43261,95123P10,95123P10,WTBA,Q,NS,EQTY,Y,2021-01-04,2025-12-31,1255,True,True,True,True
89447,43326,12824610,12824610,CVGW,Q,NS,EQTY,Y,2021-01-04,2025-12-31,1255,True,True,True,True
89455,14705,78184620,78184620,RUSHA,Q,NS,EQTY,Y,2021-01-04,2025-12-31,1255,True,True,True,True
89456,7459,50216C10,50216C10,LYTS,Q,NS,EQTY,Y,2021-01-04,2025-12-31,1255,True,True,True,True
89506,43508,78709Y10,78709Y10,SAIA,Q,NS,EQTY,Y,2021-01-04,2025-12-31,1255,True,True,True,True
89508,43519,14313010,14313010,KMX,N,NS,EQTY,Y,2021-01-04,2025-12-31,1255,True,True,True,True
89525,43613,20030N10,20030N10,CMCSA,Q,NS,EQTY,Y,2021-01-04,2025-12-31,1255,True,True,True,True
89533,43620,98313410,98313410,WYNN,Q,NS,EQTY,Y,2021-01-04,2025-12-31,1255,True,True,True,True
89540,43626,25339310,25339310,DKS,N,NS,EQTY,Y,2021-01-04,2025-12-31,1256,True,True,True,True
89548,43633,26207710,,,X,,,N,2021-01-04,2023-01-03,504,True,True,True,False
89572,43688,15721010,15721010,CEVA,Q,NS,EQTY,Y,2021-01-04,2025-12-31,1255,True,True,True,True
89575,43691,78648T10,78648T10,SAFT,Q,NS,EQTY,Y,2021-01-04,2025-12-31,1255,True,True,True,True
89576,43692,92705T20,,,X,,,N,2021-01-04,2025-04-01,1066,True,True,True,False
89606,43722,83175410,83175410,SWBI,Q,NS,EQTY,Y,2021-01-04,2025-12-31,1255,True,True,True,True
89617,38419,29444U70,29444U70,EQIX,Q,NS,EQTY,Y,2021-01-04,2025-12-31,1255,True,True,True,True
89626,43791,12572Q10,12572Q10,CME,Q,NS,EQTY,Y,2021-01-04,2025-12-31,1255,True,True,True,True
89643,43845,31983510,31983510,FCCO,Q,NS,EQTY,Y,2021-01-04,2025-12-31,1255,True,True,True,True
89653,43857,74386T10,74386T10,PFS,N,NS,EQTY,Y,2021-01-04,2025-12-31,1255,True,True,True,True
89655,43861,62944520,62944520,NVEC,Q,NS,EQTY,Y,2021-01-04,2025-12-31,1255,True,True,True,True
89731,21095,52605730,52605730,LEN,N,NS,EQTY,Y,2021-01-04,2025-12-31,1255,True,True,True,True
89741,44059,68401P40,68401P40,OPHC,A,NS,EQTY,Y,2021-01-04,2025-12-31,1255,True,True,True,True
89753,44115,34637510,34637510,FORM,Q,NS,EQTY,Y,2021-01-04,2025-12-31,1255,True,True,True,True
89756,44117,75955K30,,,X,,,N,2021-01-04,2024-02-14,784,True,True,True,False
89781,44184,60855R10,60855R10,MOH,N,NS,EQTY,Y,2021-01-04,2025-12-31,1255,True,True,True,True
89792,44168,14956810,14956810,CVCO,Q,NS,EQTY,Y,2021-01-04,2025-12-31,1255,True,True,True,True
89800,44176,64111Q10,64111Q10,NTGR,Q,NS,EQTY,Y,2021-01-04,2025-12-31,1255,True,True,True,True
89803,44265,04410379,04410379,AHT,N,NS,EQTY,Y,2021-01-04,2025-12-31,1255,True,True,True,True
89823,44289,37653610,37653610,GOOD,Q,NS,EQTY,Y,2021-01-04,2025-12-31,1255,True,True,True,True
89826,44292,88224Q10,88224Q10,TCBI,Q,NS,EQTY,Y,2021-01-04,2025-12-31,1255,True,True,True,True
89828,44293,91527110,91527110,UVSP,Q,NS,EQTY,Y,2021-01-04,2025-12-31,1255,True,True,True,True
89841,7850,12621E10,12621E10,CNO,N,NS,EQTY,Y,2021-01-04,2025-12-31,1255,True,True,True,True
89857,27321,59277010,59277010,MXC,A,NS,EQTY,Y,2021-01-04,2025-12-31,1255,True,True,True,True
89866,44497,50188920,50188920,LKQ,Q,NS,EQTY,Y,2021-01-04,2025-12-31,1255,True,True,True,True
89876,44506,14622910,14622910,CRI,N,NS,EQTY,Y,2021-01-04,2025-12-31,1255,True,True,True,True
89889,44600,17240630,17240630,CNVS,Q,NS,EQTY,Y,2021-01-04,2025-12-31,1255,True,True,True,True
89898,44608,67611820,67611820,OMEX,Q,NS,EQTY,Y,2021-01-04,2025-12-31,1255,True,True,True,True
89901,44613,96638750,,,X,,,N,2021-01-04,2022-07-01,378,True,True,True,False
89913,44623,57115710,,,X,,,N,2021-01-04,2022-01-20,265,True,True,True,False
89915,7301,58058910,58058910,MGRC,Q,NS,EQTY,Y,2021-01-04,2025-12-31,1255,True,True,True,True
89916,44625,65336K10,65336K10,NXST,Q,NS,EQTY,Y,2021-01-04,2025-12-31,1255,True,True,True,True
89941,44695,89421Q20,89421Q20,TZOO,Q,NS,EQTY,Y,2021-01-04,2025-12-31,1255,True,True,True,True
89948,44702,12562N10,12562N10,CKX,A,NS,EQTY,Y,2021-01-04,2025-12-31,1255,True,True,True,True
89960,44712,50105F10,50105F10,KRO,N,NS,EQTY,Y,2021-01-04,2025-12-31,1255,True,True,True,True
89968,44721,72407810,72407810,PIPR,N,NS,EQTY,Y,2021-01-04,2025-12-31,1261,True,True,True,True
89971,44726,88023U10,88023U10,SGI,N,NS,EQTY,Y,2021-01-04,2025-12-31,1255,True,True,True,True
90011,25268,55907920,,,X,,,N,2021-01-04,2022-01-04,254,True,True,True,False
90029,44885,26815820,26815820,DVAX,Q,NS,EQTY,Y,2021-01-04,2025-12-31,1255,True,True,True,True
90031,44887,68236P20,,,X,,,N,2021-01-04,2024-12-03,986,True,True,True,False
90037,44892,43274810,43274810,HTH,N,NS,EQTY,Y,2021-01-04,2025-12-31,1255,True,True,True,True
90038,44893,04621X10,04621X10,AIZ,N,NS,EQTY,Y,2021-01-04,2025-12-31,1255,True,True,True,True
90071,37496,62937750,62937750,NRG,N,NS,EQTY,Y,2021-01-04,2025-12-31,1255,True,True,True,True
90088,44998,56624R10,56624R10,MCHX,Q,NS,EQTY,Y,2021-01-04,2025-12-31,1255,True,True,True,True
90092,29931,78573L10,78573L10,SBRA,Q,NS,EQTY,Y,2021-01-04,2025-12-31,1255,True,True,True,True
90097,45004,90385V10,90385V10,UCTT,Q,NS,EQTY,Y,2021-01-04,2025-12-31,1255,True,True,True,True
90102,45059,03892310,03892310,ABR,N,NS,EQTY,Y,2021-01-04,2025-12-31,1255,True,True,True,True
90125,45081,21835210,21835210,CORT,Q,NS,EQTY,Y,2021-01-04,2025-12-31,1255,True,True,True,True
90126,45082,23282W60,23282W60,CYTK,Q,NS,EQTY,Y,2021-01-04,2025-12-31,1255,True,True,True,True
90162,45174,37247D10,37247D10,GNW,N,NS,EQTY,Y,2021-01-04,2025-12-31,1255,True,True,True,True
90164,45176,39525910,,,X,,,N,2021-01-04,2023-12-01,734,True,True,True,False
90175,45186,98379310,98379310,XPO,N,NS,EQTY,Y,2021-01-04,2025-12-31,1255,True,True,True,True
90177,45190,00422510,00422510,ACAD,Q,NS,EQTY,Y,2021-01-04,2025-12-31,1255,True,True,True,True
90178,45191,02043Q10,02043Q10,ALNY,Q,NS,EQTY,Y,2021-01-04,2025-12-31,1255,True,True,True,True
90179,45192,03475V10,03475V10,ANGO,Q,NS,EQTY,Y,2021-01-04,2025-12-31,1255,True,True,True,True
90188,45197,67070410,,,X,,,N,2021-01-04,2023-09-01,671,True,True,True,False
90199,45270,12504L10,12504L10,CBRE,N,NS,EQTY,Y,2021-01-04,2025-12-31,1255,True,True,True,True
90213,45286,60935Y20,,,X,,,N,2021-01-04,2023-06-01,607,True,True,True,False
90215,45288,79466L30,79466L30,CRM,N,NS,EQTY,Y,2021-01-04,2025-12-31,1255,True,True,True,True
90221,45295,06424J10,,,X,,,N,2021-01-04,2021-10-01,189,True,True,True,False
90248,45379,25754A20,25754A20,DPZ,Q,NS,EQTY,Y,2021-01-04,2025-12-31,1255,True,True,True,True
90249,45380,29275Y10,29275Y10,ENS,N,NS,EQTY,Y,2021-01-04,2025-12-31,1255,True,True,True,True
90285,45425,56400P70,56400P70,MNKD,Q,NS,EQTY,Y,2021-01-04,2025-12-31,1255,True,True,True,True
90288,45428,64125588,,,X,,,N,2021-01-04,2025-05-02,1089,True,True,True,False
90300,45464,02483510,,,X,,,N,2021-01-04,2022-08-10,404,True,True,True,False
90303,45467,19247A10,19247A10,CNS,N,NS,EQTY,Y,2021-01-04,2025-12-31,1256,True,True,True,True
90305,45469,30225T10,30225T10,EXR,N,NS,EQTY,Y,2021-01-04,2025-12-31,1255,True,True,True,True
90307,45471,49803T30,49803T30,KRG,N,NS,EQTY,Y,2021-01-04,2025-12-31,1255,True,True,True,True
90312,45475,96041310,96041310,WLK,N,NS,EQTY,Y,2021-01-04,2025-12-31,1255,True,True,True,True
90313,45477,G2125H10,G2125H10,CAAS,Q,NS,EQTY,N,2021-01-04,2025-12-31,1255,True,True,True,True
90319,45483,02079K30,02079K30,GOOGL,Q,NS,EQTY,Y,2021-01-04,2025-12-31,1255,True,True,True,True
90325,45488,85916J40,85916J40,STXS,A,NS,EQTY,Y,2021-01-04,2025-12-31,1255,True,True,True,True
90353,45555,07368510,,,X,,,N,2021-01-04,2025-04-29,1085,True,True,True,False
90358,45559,84287310,84287310,SFST,Q,NS,EQTY,Y,2021-01-04,2025-12-31,1255,True,True,True,True
90366,45566,86184W10,,,X,,,N,2021-01-04,2022-11-04,465,True,True,True,False
90373,45684,25386810,25386810,DLR,N,NS,EQTY,Y,2021-01-04,2025-12-31,1255,True,True,True,True
90377,7317,68334410,68334410,ONTO,N,NS,EQTY,Y,2021-01-04,2025-12-31,1255,True,True,True,True
90386,45695,61945C10,61945C10,MOS,N,NS,EQTY,Y,2021-01-04,2025-12-31,1255,True,True,True,True
90394,45703,86789210,86789210,SHO,N,NS,EQTY,Y,2021-01-04,2025-12-31,1256,True,True,True,True
90409,45716,44746210,44746210,HURN,Q,NS,EQTY,Y,2021-01-04,2025-12-31,1255,True,True,True,True
90427,45732,88268110,88268110,TXRH,Q,NS,EQTY,Y,2021-01-04,2025-12-31,1255,True,True,True,True
90436,45865,40637H10,40637H10,HALO,Q,NS,EQTY,Y,2021-01-04,2025-12-31,1255,True,True,True,True
90440,45869,64007910,,,X,,,N,2021-01-04,2022-07-06,379,True,True,True,False
90444,45871,68668810,68668810,ORA,N,NS,EQTY,Y,2021-01-04,2025-12-31,1255,True,True,True,True
90454,45878,57060D10,57060D10,MKTX,Q,NS,EQTY,Y,2021-01-04,2025-12-31,1255,True,True,True,True
90455,45879,60983910,60983910,MPWR,Q,NS,EQTY,Y,2021-01-04,2025-12-31,1255,True,True,True,True
90458,3309,66807430,66807430,NWE,Q,NS,EQTY,Y,2021-01-04,2025-12-31,1255,True,True,True,True
90470,45993,03100110,03100110,ATLO,Q,NS,EQTY,Y,2021-01-04,2025-12-31,1255,True,True,True,True
90490,44891,05969A10,05969A10,TBBK,Q,NS,EQTY,Y,2021-01-04,2025-12-31,1255,True,True,True,True
90494,46014,43114K20,,,X,,,N,2021-01-04,2021-04-05,63,True,True,True,False
90496,46016,09624H20,09624H20,BXC,N,NS,EQTY,Y,2021-01-04,2025-12-31,1255,True,True,True,True
90505,46024,51783410,51783410,LVS,N,NS,EQTY,Y,2021-01-04,2025-12-31,1255,True,True,True,True
90520,46091,15087010,15087010,CE,N,NS,EQTY,Y,2021-01-04,2025-12-31,1255,True,True,True,True
90533,46102,92922P10,92922P10,WTI,N,NS,EQTY,Y,2021-01-04,2025-12-31,1255,True,True,True,True
90534,46103,17292210,17292210,CZNC,Q,NS,EQTY,Y,2021-01-04,2025-12-31,1255,True,True,True,True
90539,46107,73109420,,,X,,,N,2021-01-04,2023-06-16,618,True,True,True,False
90544,46112,86606G10,,,X,,,N,2021-01-04,2024-05-03,839,True,True,True,False
90548,46146,00191G10,,,X,,,N,2021-01-04,2024-11-22,980,True,True,True,False
90550,46149,25659T10,25659T10,DLB,N,NS,EQTY,Y,2021-01-04,2025-12-31,1255,True,True,True,True
90562,33,60871R10,60871R10,TAP,N,NS,EQTY,Y,2021-01-04,2025-12-31,1255,True,True,True,True
90564,46162,74112D10,74112D10,PBH,N,NS,EQTY,Y,2021-01-04,2025-12-31,1255,True,True,True,True
90568,46168,56342010,,,X,,,N,2021-01-04,2025-01-02,1006,True,True,True,False
90590,46272,29366810,,,X,,,N,2021-01-04,2025-07-01,1129,True,True,True,False
90591,46273,29371210,29371210,EFSC,Q,NS,EQTY,Y,2021-01-04,2025-12-31,1255,True,True,True,True
90600,46281,48716P10,48716P10,KRNY,Q,NS,EQTY,Y,2021-01-04,2025-12-31,1255,True,True,True,True
90603,46284,74036740,74036740,PFBC,Q,NS,EQTY,Y,2021-01-04,2025-12-31,1255,True,True,True,True
90604,46285,60855020,,,X,,,N,2021-01-04,2024-12-26,1002,True,True,True,False
90605,46287,91388P10,91388P10,ULH,Q,NS,EQTY,Y,2021-01-04,2025-12-31,1255,True,True,True,True
90608,46418,46122W30,46122W30,INUV,A,NS,EQTY,Y,2021-01-04,2025-12-31,1255,True,True,True,True
90634,46441,05465C10,05465C10,AX,N,NS,EQTY,Y,2021-01-04,2025-12-31,1255,True,True,True,True
90636,46443,49129210,49129210,KFFB,Q,NS,EQTY,Y,2021-01-04,2025-12-31,1255,True,True,True,True
90637,46444,74431A10,,,X,,,N,2021-01-04,2022-07-01,378,True,True,True,False
90664,46559,25213110,25213110,DXCM,Q,NS,EQTY,Y,2021-01-04,2025-12-31,1255,True,True,True,True
90679,46668,19217610,19217610,JVA,Q,NS,EQTY,Y,2021-01-04,2025-12-31,1255,True,True,True,True
90680,46669,25278430,25278430,DRH,Q,NS,EQTY,Y,2021-01-04,2025-12-31,1258,True,True,True,True
90682,46671,26745T10,26745T10,DYAI,Q,NS,EQTY,Y,2021-01-04,2025-12-31,1255,True,True,True,True
90701,46687,52110M10,52110M10,LAZ,N,NS,EQTY,Y,2021-01-04,2025-12-31,1255,True,True,True,True
90708,46692,61770010,61770010,MORN,Q,NS,EQTY,Y,2021-01-04,2025-12-31,1255,True,True,True,True
90710,46694,72927310,72927310,PLBC,Q,NS,EQTY,Y,2021-01-04,2025-12-31,1255,True,True,True,True
90715,46697,98981710,98981710,ZUMZ,Q,NS,EQTY,Y,2021-01-04,2025-12-31,1255,True,True,True,True
90716,46701,00922R10,,,X,,,N,2021-01-04,2025-04-11,1074,True,True,True,False
90720,46846,12008R10,12008R10,BLDR,N,NS,EQTY,Y,2021-01-04,2025-12-31,1255,True,True,True,True
90734,46857,50187A10,,,X,,,N,2021-01-04,2023-02-22,538,True,True,True,False
90735,46858,53353510,53353510,LINC,Q,NS,EQTY,Y,2021-01-04,2025-12-31,1255,True,True,True,True
90751,46874,25056510,25056510,DBI,N,NS,EQTY,Y,2021-01-04,2025-12-31,1255,True,True,True,True
90756,7765,68823920,68823920,OSK,N,NS,EQTY,Y,2021-01-04,2025-12-31,1255,True,True,True,True
90776,46890,95763810,95763810,WAL,N,NS,EQTY,Y,2021-01-04,2025-12-31,1255,True,True,True,True
90790,47000,58463J30,58463J30,MPW,N,NS,EQTY,Y,2021-01-04,2025-12-31,1255,True,True,True,True
90803,47009,20903410,,,X,,,N,2021-01-04,2024-12-27,1003,True,True,True,False
90805,47011,25470F10,,,X,,,N,2021-01-04,2022-04-11,321,True,True,True,False
90806,47011,25470F20,,,X,,,N,2021-01-04,2022-04-11,321,True,True,True,False
90808,47013,30212P30,30212P30,EXPE,Q,NS,EQTY,Y,2021-01-04,2025-12-31,1255,True,True,True,True
90825,47179,00081T10,00081T10,ACCO,N,NS,EQTY,Y,2021-01-04,2025-12-31,1255,True,True,True,True
90829,47183,12526910,12526910,CF,N,NS,EQTY,Y,2021-01-04,2025-12-31,1255,True,True,True,True
90856,47203,04963C20,04963C20,ATRC,Q,NS,EQTY,Y,2021-01-04,2025-12-31,1255,True,True,True,True
90868,47214,68209510,68209510,OFLX,Q,NS,EQTY,Y,2021-01-04,2025-12-31,1255,True,True,True,True
90870,47216,75524B10,75524B10,RBC,N,NS,EQTY,Y,2021-01-04,2025-12-31,1255,True,True,True,True
90875,47220,64107N20,64107N20,LSAK,Q,NS,EQTY,Y,2021-01-04,2025-12-31,1255,True,True,True,True
90880,47422,03076C10,03076C10,AMP,N,NS,EQTY,Y,2021-01-04,2025-12-31,1255,True,True,True,True
90885,47428,30034T10,,,X,,,N,2021-01-04,2025-07-01,1128,True,True,True,False
90907,47447,92765F10,,,X,,,N,2021-01-04,2025-02-04,1027,True,True,True,False
90925,47864,31620R30,31620R30,FNF,N,NS,EQTY,Y,2021-01-04,2025-12-31,1255,True,True,True,True
90926,46994,02155H20,02155H20,ALT,Q,NS,EQTY,Y,2021-01-04,2025-12-31,1255,True,True,True,True
90949,47877,31939010,31939010,FBIZ,Q,NS,EQTY,Y,2021-01-04,2025-12-31,1255,True,True,True,True
90952,47880,46146L10,,,X,,,N,2021-01-04,2022-04-07,320,True,True,True,False
90961,47887,94188P10,94188P10,WSBF,Q,NS,EQTY,Y,2021-01-04,2025-12-31,1256,True,True,True,True
90963,48766,03071H10,03071H10,AMSF,Q,NS,EQTY,Y,2021-01-04,2025-12-31,1259,True,True,True,True
90971,48773,46272610,,,X,,,N,2021-01-04,2025-12-22,1249,True,True,True,False
90979,48779,90431110,90431110,UAA,N,NS,EQTY,Y,2021-01-04,2025-12-31,1255,True,True,True,True
90988,48786,11246310,11246310,BKD,N,NS,EQTY,Y,2021-01-04,2025-12-31,1255,True,True,True,True
90993,48793,45866F10,45866F10,ICE,N,NS,EQTY,Y,2021-01-04,2025-12-31,1255,True,True,True,True
91015,49991,05529810,05529810,BCBP,Q,NS,EQTY,Y,2021-01-04,2025-12-31,1255,True,True,True,True
91018,49994,21868110,,,X,,,N,2021-01-04,2021-09-02,170,True,True,True,False
91021,49997,72941H50,72941H50,PSTV,Q,NS,EQTY,Y,2021-01-04,2025-12-31,1255,True,True,True,True
91024,50000,54388110,,,X,,,N,2021-01-04,2021-11-19,224,True,True,True,False
91068,50184,16965610,16965610,CMG,N,NS,EQTY,Y,2021-01-04,2025-12-31,1255,True,True,True,True
91080,50199,40403010,,,X,,,N,2021-01-04,2025-06-02,1109,True,True,True,False
91083,50202,55977T20,55977T20,MGYR,Q,NS,EQTY,Y,2021-01-04,2025-12-31,1255,True,True,True,True
91090,50293,22704610,22704610,CROX,Q,NS,EQTY,Y,2021-01-04,2025-12-31,1255,True,True,True,True
91095,50297,53635B10,53635B10,LQDT,Q,NS,EQTY,Y,2021-01-04,2025-12-31,1255,True,True,True,True
91103,21793,91004710,91004710,UAL,Q,NS,EQTY,Y,2021-01-04,2025-12-31,1255,True,True,True,True
91114,50314,50060P10,50060P10,KOP,N,NS,EQTY,Y,2021-01-04,2025-12-31,1255,True,True,True,True
91152,50481,89364110,89364110,TDG,N,NS,EQTY,Y,2021-01-04,2025-12-31,1255,True,True,True,True
91186,50601,92165910,92165910,VNDA,Q,NS,EQTY,Y,2021-01-04,2025-12-31,1255,True,True,True,True
91204,21430,73650884,73650884,POR,N,NS,EQTY,Y,2021-01-04,2025-12-31,1255,True,True,True,True
91215,50694,24665A10,24665A10,DK,N,NS,EQTY,Y,2021-01-04,2025-12-31,1255,True,True,True,True
91233,50700,57636Q10,57636Q10,MA,N,NS,EQTY,Y,2021-01-04,2025-12-31,1255,True,True,True,True
91234,50701,62475810,62475810,MWA,N,NS,EQTY,Y,2021-01-04,2025-12-31,1255,True,True,True,True
91237,50706,92886T20,,,X,,,N,2021-01-04,2022-07-21,390,True,True,True,False
91262,13927,04916420,,,X,,,N,2021-01-04,2023-03-20,556,True,True,True,False
91274,50731,31891610,,,X,,,N,2021-01-04,2025-04-01,1066,True,True,True,False
91277,41998,74915M60,74915M60,QVCGA,Q,NS,EQTY,Y,2021-01-04,2025-12-31,1255,True,True,True,True
91278,41998,74915M70,,,X,,,Y,2021-01-04,2025-05-28,1105,True,True,True,False
91287,27739,90295210,90295210,GROW,Q,NS,EQTY,Y,2021-01-04,2025-12-31,1255,True,True,True,True
91299,50609,36982210,,,X,,,N,2021-01-04,2021-05-26,100,True,True,True,False
91356,50861,43689320,43689320,HOMB,N,NS,EQTY,Y,2021-01-04,2025-12-31,1255,True,True,True,True
91357,50862,44244K10,,,X,,,N,2021-01-04,2021-06-16,114,True,True,True,False
91360,50865,81617L10,,,X,,,N,2021-01-04,2021-10-18,200,True,True,True,False
91363,50867,69336V10,,,X,,,N,2021-01-04,2024-03-28,814,True,True,True,False
91365,50869,14161910,,,X,,,N,2021-01-04,2023-04-28,584,True,True,True,False
91392,50965,89416410,89416410,TNL,N,NS,EQTY,Y,2021-01-04,2025-12-31,1255,True,True,True,True
91395,50969,85756110,,,X,,,N,2021-01-04,2023-01-12,511,True,True,True,False
91402,29717,16115Q30,16115Q30,GTLS,N,NS,EQTY,Y,2021-01-04,2025-12-31,1255,True,True,True,True
91403,23285,48300770,48300770,KALU,Q,NS,EQTY,Y,2021-01-04,2025-12-31,1255,True,True,True,True
91408,50979,86626420,86626420,SSBI,Q,NS,EQTY,Y,2021-01-04,2025-12-31,1255,True,True,True,True
91421,51103,8342EP10,8342EP10,XPL,A,NS,EQTY,Y,2021-01-04,2025-12-31,1255,True,True,True,True
91437,51184,35639010,35639010,FRHC,Q,NS,EQTY,Y,2021-01-04,2025-12-31,1255,True,True,True,True
91446,50830,20361210,,,X,,,N,2021-01-04,2021-12-06,234,True,True,True,False
91461,51196,95980210,95980210,WU,N,NS,EQTY,Y,2021-01-04,2025-12-31,1255,True,True,True,True
91463,51198,20416610,20416610,CVLT,Q,NS,EQTY,Y,2021-01-04,2025-12-31,1255,True,True,True,True
91468,51205,44925C10,44925C10,ICFI,Q,NS,EQTY,Y,2021-01-04,2025-12-31,1255,True,True,True,True
91471,51208,00444P10,,,X,,,N,2021-01-04,2023-11-09,719,True,True,True,False
91500,51308,30208110,30208110,EXLS,Q,NS,EQTY,Y,2021-01-04,2025-12-31,1255,True,True,True,True
91503,51311,52555820,52555820,LMAT,Q,NS,EQTY,Y,2021-01-04,2025-12-31,1255,True,True,True,True
91516,51321,04247X10,04247X10,AWI,N,NS,EQTY,Y,2021-01-04,2025-12-31,1255,True,True,True,True
91519,51326,25960P10,25960P10,DEI,N,NS,EQTY,Y,2021-01-04,2025-12-31,1255,True,True,True,True
91522,51092,29271Q10,29271Q10,ESOA,Q,NS,EQTY,Y,2021-01-04,2025-12-31,1255,True,True,True,True
91531,51337,69074210,69074210,OC,N,NS,EQTY,Y,2021-01-04,2025-12-31,1255,True,True,True,True
91547,51338,52532710,52532710,LDOS,N,NS,EQTY,Y,2021-01-04,2025-12-31,1255,True,True,True,True
91556,7684,77829610,77829610,ROST,Q,NS,EQTY,Y,2021-01-04,2025-12-31,1255,True,True,True,True
91571,51421,29089Q10,29089Q10,EBS,N,NS,EQTY,Y,2021-01-04,2025-12-31,1255,True,True,True,True
91575,51423,42704L10,42704L10,HRI,N,NS,EQTY,Y,2021-01-04,2025-12-31,1255,True,True,True,True
91579,51426,48242W10,48242W10,KBR,N,NS,EQTY,Y,2021-01-04,2025-12-31,1255,True,True,True,True
91594,51433,84857410,,,X,,,N,2021-01-04,2025-12-08,1239,True,True,True,False
91606,51442,14888U10,14888U10,CPRX,Q,NS,EQTY,Y,2021-01-04,2025-12-31,1255,True,True,True,True
91609,51445,17490310,17490310,CZWI,Q,NS,EQTY,Y,2021-01-04,2025-12-31,1255,True,True,True,True
91612,51448,37897350,37897350,GSAT,Q,NS,EQTY,Y,2021-01-04,2025-12-31,1255,True,True,True,True
91618,51454,68555P10,,,X,,,N,2021-01-04,2021-09-01,168,True,True,True,False
91627,51408,75903M30,,,X,,,N,2021-01-04,2025-02-04,1027,True,True,True,False
91658,51546,02208R10,,,X,,,N,2021-01-04,2023-03-27,561,True,True,True,False
91659,51547,01748X10,01748X10,ALGT,Q,NS,EQTY,Y,2021-01-04,2025-12-31,1255,True,True,True,True
91665,51552,39060710,39060710,GLDD,Q,NS,EQTY,Y,2021-01-04,2025-12-31,1255,True,True,True,True
91683,51568,79546E10,79546E10,SBH,N,NS,EQTY,Y,2021-01-04,2025-12-31,1255,True,True,True,True
91688,51635,29221810,29221810,EIG,N,NS,EQTY,Y,2021-01-04,2025-12-31,1255,True,True,True,True
91742,51660,83558L30,83558L30,SNOA,Q,NS,EQTY,Y,2021-01-04,2025-12-31,1255,True,True,True,True
91754,51792,45675Y10,45675Y10,III,Q,NS,EQTY,Y,2021-01-04,2025-12-31,1255,True,True,True,True
91801,51798,21870U50,,,X,,,N,2021-01-04,2023-12-04,735,True,True,True,False
91815,11617,15352720,15352720,CENTA,Q,NS,EQTY,Y,2021-01-04,2025-12-31,1255,True,True,True,True
91826,51815,14427M10,14427M10,PRTS,Q,NS,EQTY,Y,2021-01-04,2025-12-31,1255,True,True,True,True
91849,51962,11133T10,11133T10,BR,N,NS,EQTY,Y,2021-01-04,2025-12-31,1255,True,True,True,True
91854,51966,25755920,,,X,,,N,2021-01-04,2021-11-30,230,True,True,True,False
91855,7460,82873020,82873020,SFNC,Q,NS,EQTY,Y,2021-01-04,2025-12-31,1255,True,True,True,True
91900,51992,37989010,,,X,,,N,2021-01-04,2021-04-29,81,True,True,True,False
91902,29231,42087720,,,X,,,N,2021-01-04,2024-11-21,979,True,True,True,False
91907,51998,86800U30,86800U30,SMCI,Q,NS,EQTY,Y,2021-01-04,2025-12-31,1255,True,True,True,True
91909,52000,86564630,,,X,,,N,2021-01-04,2022-06-22,370,True,True,True,False
91910,52001,13810310,13810310,CTLP,Q,NS,EQTY,Y,2021-01-04,2025-12-31,1255,True,True,True,True
91915,52115,17243V10,17243V10,CNK,N,NS,EQTY,Y,2021-01-04,2025-12-31,1255,True,True,True,True
91926,20569,24736170,24736170,DAL,N,NS,EQTY,Y,2021-01-04,2025-12-31,1255,True,True,True,True
91937,52120,87259010,87259010,TMUS,Q,NS,EQTY,Y,2021-01-04,2025-12-31,1255,True,True,True,True
91959,52134,29667D10,,,X,,,N,2021-01-04,2025-07-24,1144,True,True,True,False
91968,52142,87240R10,87240R10,TFSL,Q,NS,EQTY,Y,2021-01-04,2025-12-31,1255,True,True,True,True
91975,52247,00766T10,00766T10,ACM,N,NS,EQTY,Y,2021-01-04,2025-12-31,1255,True,True,True,True
91977,45679,05508R10,05508R10,BGS,N,NS,EQTY,Y,2021-01-04,2025-12-31,1255,True,True,True,True
91983,52253,21201510,,,X,,,N,2021-01-04,2022-11-23,478,True,True,True,False
92010,52268,46629U10,,,X,,,N,2021-01-04,2021-11-16,221,True,True,True,False
92020,52278,37185X10,,,X,,,N,2021-01-04,2021-03-26,58,True,True,True,False
92032,52284,01345P10,,,X,,,N,2021-01-04,2023-03-03,546,True,True,True,False
92035,52287,18449910,18449910,CLNE,Q,NS,EQTY,Y,2021-01-04,2025-12-31,1255,True,True,True,True
92043,52295,45841N10,45841N10,IBKR,Q,NS,EQTY,Y,2021-01-04,2025-12-31,1255,True,True,True,True
92050,52301,45784P10,45784P10,PODD,Q,NS,EQTY,Y,2021-01-04,2025-12-31,1255,True,True,True,True
92089,52369,39270910,39270910,GRBK,N,NS,EQTY,Y,2021-01-04,2025-12-31,1255,True,True,True,True
92095,52376,45667G10,,,X,,,N,2021-01-04,2025-02-28,1045,True,True,True,False
92108,52388,09260D10,09260D10,BX,N,NS,EQTY,Y,2021-01-04,2025-12-31,1261,True,True,True,True
92121,52396,25470910,,,X,,,N,2021-01-04,2025-05-19,1099,True,True,True,False
92143,52408,74346Y10,,,X,,,N,2021-01-04,2025-12-09,1240,True,True,True,False
92172,52520,23331S10,23331S10,DHX,N,NS,EQTY,Y,2021-01-04,2025-12-31,1255,True,True,True,True
92203,52547,55002110,55002110,LULU,Q,NS,EQTY,Y,2021-01-04,2025-12-31,1255,True,True,True,True
92213,52663,76729210,76729210,RIOT,Q,NS,EQTY,Y,2021-01-04,2025-12-31,1255,True,True,True,True
92218,52667,87288V10,87288V10,TSSI,Q,NS,EQTY,Y,2021-01-04,2025-12-31,1255,True,True,True,True
92229,52677,92827P10,,,X,,,N,2021-01-04,2021-02-11,28,True,True,True,False
92239,52684,20605P10,,,X,,,N,2021-01-04,2021-01-19,11,True,True,True,False
92245,52690,03957W10,03957W10,AROC,N,NS,EQTY,Y,2021-01-04,2025-12-31,1255,True,True,True,True
92294,52763,91689610,91689610,UEC,A,NS,EQTY,Y,2021-01-04,2025-12-31,1255,True,True,True,True
92303,52773,32022K10,,,X,,,N,2021-01-04,2025-04-22,1080,True,True,True,False
92318,52785,89214P10,89214P10,TOWN,Q,NS,EQTY,Y,2021-01-04,2025-12-31,1255,True,True,True,True
92322,52788,90384S30,90384S30,ULTA,Q,NS,EQTY,Y,2021-01-04,2025-12-31,1255,True,True,True,True
92326,52793,12662P10,12662P10,CVI,N,NS,EQTY,Y,2021-01-04,2025-12-31,1260,True,True,True,True
92343,52807,76131N10,,,X,,,N,2021-01-04,2025-02-13,1034,True,True,True,False
92385,52825,16934Q80,16934Q80,CIM,N,NS,EQTY,Y,2021-01-04,2025-12-31,1255,True,True,True,True
92402,52840,55354G10,55354G10,MSCI,N,NS,EQTY,Y,2021-01-04,2025-12-31,1255,True,True,True,True
92432,52858,29358P10,29358P10,ENSG,Q,NS,EQTY,Y,2021-01-04,2025-12-31,1255,True,True,True,True
92443,52863,66611T10,66611T10,NFBK,Q,NS,EQTY,Y,2021-01-04,2025-12-31,1255,True,True,True,True
92456,52874,04744L20,,,X,,,N,2021-01-04,2023-10-18,703,True,True,True,False
92467,52885,68628V30,68628V30,ORN,N,NS,EQTY,Y,2021-01-04,2025-12-31,1255,True,True,True,True
92469,52887,27876810,27876810,SATS,Q,NS,EQTY,Y,2021-01-04,2025-12-31,1255,True,True,True,True
92471,52889,88830R10,88830R10,TITN,Q,NS,EQTY,Y,2021-01-04,2025-12-31,1255,True,True,True,True
92477,52831,04231570,04231570,ARR,N,NS,EQTY,Y,2021-01-04,2025-12-31,1255,True,True,True,True
92493,52898,86333M10,86333M10,LRN,N,NS,EQTY,Y,2021-01-04,2025-12-31,1255,True,True,True,True
92523,52920,58958U10,,,X,,,N,2021-01-04,2021-11-15,220,True,True,True,False
92557,52950,53814230,53814230,LIVE,Q,NS,EQTY,Y,2021-01-04,2025-12-31,1255,True,True,True,True
92571,52960,13200M60,,,X,,,N,2021-01-04,2024-08-08,905,True,True,True,False
92583,7329,89671220,89671220,TRT,A,NS,EQTY,Y,2021-01-04,2025-12-31,1255,True,True,True,True
92587,52967,09067210,,,X,,,N,2021-01-04,2021-02-09,26,True,True,True,False
92588,52968,42726M10,,,X,,,N,2021-01-04,2023-10-17,702,True,True,True,False
92589,52969,G5214E10,G5214E10,KNDI,Q,NS,EQTY,N,2021-01-04,2025-12-31,1255,True,True,True,True
92593,52970,59851110,59851110,MOFG,Q,NS,EQTY,Y,2021-01-04,2025-12-31,1255,True,True,True,True
92594,52971,81642T20,81642T20,SLS,Q,NS,EQTY,Y,2021-01-04,2025-12-31,1255,True,True,True,True
92596,52958,46269C10,46269C10,IRDM,Q,NS,EQTY,Y,2021-01-04,2025-12-31,1255,True,True,True,True
92597,52975,43157110,43157110,HI,N,NS,EQTY,Y,2021-01-04,2025-12-31,1255,True,True,True,True
92602,52978,71817210,71817210,PM,N,NS,EQTY,Y,2021-01-04,2025-12-31,1255,True,True,True,True
92611,52983,92826C83,92826C83,V,N,NS,EQTY,Y,2021-01-04,2025-12-31,1255,True,True,True,True
92614,52985,03042010,03042010,AWK,N,NS,EQTY,Y,2021-01-04,2025-12-31,1255,True,True,True,True
92648,53008,19401450,19401450,ENOV,N,NS,EQTY,Y,2021-01-04,2025-12-31,1256,True,True,True,True
92655,7267,91324P10,91324P10,UNH,N,NS,EQTY,Y,2021-01-04,2025-12-31,1255,True,True,True,True
92680,53021,00123Q10,00123Q10,AGNC,Q,NS,EQTY,Y,2021-01-04,2025-12-31,1255,True,True,True,True
92685,53026,56140910,,,X,,,N,2021-01-04,2023-07-17,638,True,True,True,False
92686,53027,14070B30,14070B30,CAPR,Q,NS,EQTY,Y,2021-01-04,2025-12-31,1255,True,True,True,True
92688,53029,82935V30,82935V30,SGLY,Q,NS,EQTY,Y,2021-01-04,2025-12-31,1255,True,True,True,True
92690,7428,90300210,90300210,UMH,N,NS,EQTY,Y,2021-01-04,2025-12-31,1255,True,True,True,True
92716,53043,25432X10,25432X10,DCOM,Q,NS,EQTY,Y,2021-01-04,2025-12-31,1255,True,True,True,True
92753,53059,29270J10,29270J10,ERII,Q,NS,EQTY,Y,2021-01-04,2025-12-31,1255,True,True,True,True
92773,53076,74164F10,74164F10,PRIM,N,NS,EQTY,Y,2021-01-04,2025-12-31,1255,True,True,True,True
92775,53077,52603B10,52603B10,TREE,Q,NS,EQTY,Y,2021-01-04,2025-12-31,1255,True,True,True,True
92778,47011,25470F30,,,X,,,N,2021-01-04,2022-04-11,321,True,True,True,False
92782,53082,55405W10,55405W10,MYRG,Q,NS,EQTY,Y,2021-01-04,2025-12-31,1255,True,True,True,True
92797,53085,57633B10,57633B10,MHH,A,NS,EQTY,Y,2021-01-04,2025-12-31,1255,True,True,True,True
92809,53097,33621E10,33621E10,FSFG,Q,NS,EQTY,Y,2021-01-04,2025-12-31,1255,True,True,True,True
92810,53098,43689E10,43689E10,HBCP,Q,NS,EQTY,Y,2021-01-04,2025-12-31,1255,True,True,True,True
92852,53106,38526M10,38526M10,LOPE,Q,NS,EQTY,Y,2021-01-04,2025-12-31,1255,True,True,True,True
92854,53108,18538R10,18538R10,CLW,N,NS,EQTY,Y,2021-01-04,2025-12-31,1255,True,True,True,True
92871,53113,92828Q10,92828Q10,VRTS,N,NS,EQTY,Y,2021-01-04,2025-12-31,1255,True,True,True,True
92878,53116,67180710,67180710,OVLY,Q,NS,EQTY,Y,2021-01-04,2025-12-31,1255,True,True,True,True
92897,53126,16943W20,,,X,,,N,2021-01-04,2025-10-14,1201,True,True,True,False
92902,53132,98979V10,,,X,,,N,2021-01-04,2022-11-10,469,True,True,True,False
92917,53139,11161T20,11161T20,BWEN,Q,NS,EQTY,Y,2021-01-04,2025-12-31,1255,True,True,True,True
92919,53141,68738010,68738010,ORRF,Q,NS,EQTY,Y,2021-01-04,2025-12-31,1255,True,True,True,True
92951,53168,46131B70,46131B70,IVR,N,NS,EQTY,Y,2021-01-04,2025-12-31,1255,True,True,True,True
92987,53187,88145X10,,,X,,,N,2021-01-04,2025-04-02,1067,True,True,True,False
92999,53194,85571B10,85571B10,STWD,N,NS,EQTY,Y,2021-01-04,2025-12-31,1255,True,True,True,True
93002,53196,11135F10,11135F10,AVGO,Q,NS,EQTY,Y,2021-01-04,2025-12-31,1255,True,True,True,True
93004,53198,23077010,23077010,CPIX,Q,NS,EQTY,Y,2021-01-04,2025-12-31,1255,True,True,True,True
93014,53205,03762U10,03762U10,ARI,N,NS,EQTY,Y,2021-01-04,2025-12-31,1255,True,True,True,True
93016,53207,16941T40,16941T40,CPHI,A,NS,EQTY,Y,2021-01-04,2025-12-31,1255,True,True,True,True
93070,53238,90187B80,90187B80,TWO,N,NS,EQTY,Y,2021-01-04,2025-12-31,1255,True,True,True,True
93073,53242,00673910,00673910,ADUS,Q,NS,EQTY,Y,2021-01-04,2025-12-31,1255,True,True,True,True
93083,53251,53224K30,53224K30,LTBR,Q,NS,EQTY,Y,2021-01-04,2025-12-31,1255,True,True,True,True
93085,53252,68214310,68214310,OMER,Q,NS,EQTY,Y,2021-01-04,2025-12-31,1255,True,True,True,True
93089,53256,92345Y10,92345Y10,VRSK,Q,NS,EQTY,Y,2021-01-04,2025-12-31,1255,True,True,True,True
93096,53264,25667710,25667710,DG,N,NS,EQTY,Y,2021-01-04,2025-12-31,1255,True,True,True,True
93101,30388,52186520,52186520,LEA,N,NS,EQTY,Y,2021-01-04,2025-12-31,1255,True,True,True,True
93128,53282,22362260,,,X,,,N,2021-01-04,2023-03-01,543,True,True,True,False
93130,53284,16948F10,,,X,,,N,2021-01-04,2021-10-29,209,True,True,True,False
93131,53285,29082810,,,X,,,N,2021-01-04,2023-01-03,505,True,True,True,False
93132,53286,34959E10,34959E10,FTNT,Q,NS,EQTY,Y,2021-01-04,2025-12-31,1255,True,True,True,True
93149,53293,98884U10,,,X,,,N,2021-01-04,2021-02-23,36,True,True,True,False
93150,43340,12558180,,,X,,,N,2021-01-04,2022-01-04,254,True,True,True,False
93174,53300,48238T10,48238T10,OPLN,N,NS,EQTY,Y,2021-01-04,2025-12-31,1255,True,True,True,True
93175,53301,50077C10,,,X,,,N,2021-01-04,2022-03-15,302,True,True,True,False
93177,53303,46527C20,46527C20,ITP,A,NS,EQTY,Y,2021-01-04,2025-12-31,1255,True,True,True,True
93179,53305,72147K10,72147K10,PPC,Q,NS,EQTY,Y,2021-01-04,2025-12-31,1255,True,True,True,True
93233,53332,55357310,,,X,,,N,2021-01-04,2021-07-09,130,True,True,True,False
93246,53339,36873610,36873610,GNRC,N,NS,EQTY,Y,2021-01-04,2025-12-31,1255,True,True,True,True
93251,53342,72019020,72019020,PDM,N,NS,EQTY,Y,2021-01-04,2025-12-31,1255,True,True,True,True
93261,53344,88146M10,88146M10,TRNO,N,NS,EQTY,Y,2021-01-04,2025-12-31,1255,True,True,True,True
93263,53346,15118V20,15118V20,CELH,Q,NS,EQTY,Y,2021-01-04,2025-12-31,1255,True,True,True,True
93264,53347,46333X10,46333X10,IRWD,Q,NS,EQTY,Y,2021-01-04,2025-12-31,1255,True,True,True,True
93266,53349,74874Q10,74874Q10,QNST,Q,NS,EQTY,Y,2021-01-04,2025-12-31,1255,True,True,True,True
93272,53353,13100M50,13100M50,CALX,N,NS,EQTY,Y,2021-01-04,2025-12-31,1255,True,True,True,True
93274,53355,98880R30,98880R30,CNET,Q,NS,EQTY,Y,2021-01-04,2025-12-31,1255,True,True,True,True
93285,53358,38111940,,,X,,,N,2021-01-04,2024-12-16,995,True,True,True,False
93289,53359,57776J10,57776J10,MXL,Q,NS,EQTY,Y,2021-01-04,2025-12-31,1255,True,True,True,True
93301,53366,05358830,,,X,,,N,2021-01-04,2023-01-20,516,True,True,True,False
93302,53367,16891340,16891340,CREG,Q,NS,EQTY,Y,2021-01-04,2025-12-31,1255,True,True,True,True
93304,53368,32055Y20,32055Y20,FIBK,Q,NS,EQTY,Y,2021-01-04,2025-12-31,1255,True,True,True,True
93312,53374,78467J10,78467J10,SSNC,Q,NS,EQTY,Y,2021-01-04,2025-12-31,1255,True,True,True,True
93330,53383,74164M10,74164M10,PRI,N,NS,EQTY,Y,2021-01-04,2025-12-31,1255,True,True,True,True
93356,53399,78463M10,78463M10,SPSC,Q,NS,EQTY,Y,2021-01-04,2025-12-31,1255,True,True,True,True
93368,53402,26942G10,26942G10,EBMT,Q,NS,EQTY,Y,2021-01-04,2025-12-31,1255,True,True,True,True
93371,53357,21900C30,21900C30,CRMD,Q,NS,EQTY,Y,2021-01-04,2025-12-31,1255,True,True,True,True
93372,53405,25960R10,25960R10,PLOW,N,NS,EQTY,Y,2021-01-04,2025-12-31,1255,True,True,True,True
93374,53407,31847R10,31847R10,FAF,N,NS,EQTY,Y,2021-01-04,2025-12-31,1255,True,True,True,True
93401,53428,87945510,,,X,,,N,2021-01-04,2021-02-17,31,True,True,True,False
93419,53437,44409740,44409740,HPP,N,NS,EQTY,Y,2021-01-04,2025-12-31,1255,True,True,True,True
93423,53440,83001A10,,,X,,,N,2021-01-04,2024-07-02,879,True,True,True,False
93426,53443,92835K10,92835K10,VPG,N,NS,EQTY,Y,2021-01-04,2025-12-31,1255,True,True,True,True
93429,53447,12503M10,12503M10,CBOE,B,NS,EQTY,Y,2021-01-04,2025-12-31,1255,True,True,True,True
93434,53427,78513530,,,X,,,N,2021-01-04,2025-08-04,1151,True,True,True,False
93436,53453,88160R10,88160R10,TSLA,Q,NS,EQTY,Y,2021-01-04,2025-12-31,1255,True,True,True,True
