permno,permco,hdrcusip,cusip,ticker,primary_exch,first_date,last_date,still_listed,cik,map_route,ambiguous_ciks
10026,7976,46603210,46603210,JJSF,Q,2021-01-04,2025-12-31,True,785956,ticker,
10028,7978,29402E10,29402E10,ELA,A,2021-01-04,2025-12-31,True,701719,ticker,
10032,7980,72913210,72913210,PLXS,Q,2021-01-04,2025-12-31,True,785786,ticker,
10044,7992,77467X10,77467X10,RMCF,Q,2021-01-04,2025-12-31,True,1616262,ticker,
10051,7999,41043F20,,,X,2021-01-04,2022-10-04,False,,no_edgar_ticker,
10066,6331,35518410,35518410,FKWL,Q,2021-01-04,2025-12-31,True,722572,ticker,
10104,8045,68389X10,68389X10,ORCL,N,2021-01-04,2025-12-31,True,1341439,ticker,
10107,8048,59491810,59491810,MSFT,Q,2021-01-04,2025-12-31,True,789019,ticker,
10138,8087,74144T10,74144T10,TROW,Q,2021-01-04,2025-12-31,True,1113169,ticker,
10145,22168,43851610,43851610,HON,Q,2021-01-04,2025-12-31,True,773840,ticker,
10158,53454,02361E10,02361E10,AMRC,N,2021-01-04,2025-12-31,True,1488139,ticker,
10200,8135,75991610,75991610,RGEN,Q,2021-01-04,2025-12-31,True,730272,ticker,
10220,53456,05605H10,05605H10,BWXT,N,2021-01-04,2025-12-31,True,1486957,ticker,
10232,8158,28966010,,,X,2021-01-04,2022-05-16,False,,no_edgar_ticker,
10239,714,74368L20,,,X,2021-01-04,2021-06-01,False,,no_edgar_ticker,
10252,8179,45383610,45383610,INDB,Q,2021-01-04,2025-12-31,True,776901,ticker,
10253,7922,26253C20,26253C20,DSS,A,2021-01-04,2025-12-31,True,771999,ticker,
10257,8185,23335Q10,23335Q10,DLHC,Q,2021-01-04,2025-12-31,True,785557,ticker,
10258,8186,15117B20,15117B20,CLDX,Q,2021-01-04,2025-12-31,True,744218,ticker,
10294,2089,41959620,41959620,HVT,N,2021-01-04,2025-12-31,True,216085,ticker,
10308,8228,89011010,89011010,TMP,A,2021-01-04,2025-12-31,True,1005817,ticker,
10318,8237,05766520,05766520,BCPC,Q,2021-01-04,2025-12-31,True,,ambiguous_ticker,14930;9326
10333,8254,98419J20,98419J20,XOMA,Q,2021-01-04,2025-12-31,True,,no_edgar_ticker,
10355,8278,23391210,23391210,DJCO,Q,2021-01-04,2025-12-31,True,783412,ticker,
10382,8299,04622410,04622410,ASTE,Q,2021-01-04,2025-12-31,True,792987,ticker,
10397,8317,95075510,95075510,WERN,Q,2021-01-04,2025-12-31,True,793074,ticker,
10421,8340,83087910,83087910,SKYW,Q,2021-01-04,2025-12-31,True,793733,ticker,
10443,8360,30292L10,30292L10,FRPH,Q,2021-01-04,2025-12-31,True,844059,ticker,
10463,8377,76091110,76091110,REFR,Q,2021-01-04,2025-12-31,True,793524,ticker,
10501,8418,03050610,03050610,AMWD,Q,2021-01-04,2025-12-31,True,,no_edgar_ticker,
10514,8431,48583710,,,X,2021-01-04,2023-06-12,False,,no_edgar_ticker,
10516,20207,03948310,03948310,ADM,N,2021-01-04,2025-12-31,True,7084,ticker,
10517,5674,74319R10,74319R10,PRG,N,2021-01-04,2025-12-31,True,1808834,ticker,
10530,8441,58958410,,,X,2021-01-04,2023-01-31,False,,no_edgar_ticker,
10547,8458,18482P10,18482P10,CLFD,Q,2021-01-04,2025-12-31,True,796505,ticker,
10550,8461,74265M20,74265M20,PDEX,Q,2021-01-04,2025-12-31,True,788920,ticker,
10606,8508,94274910,94274910,WTS,N,2021-01-04,2025-12-31,True,795403,ticker,
10629,8534,30252010,30252010,FNB,N,2021-01-04,2025-12-31,True,37808,ticker,
10645,8549,51179510,51179510,LAKE,Q,2021-01-04,2025-12-31,True,798081,ticker,
10649,8551,69314910,69314910,PAMT,Q,2021-01-04,2025-12-31,True,798287,ticker,
10661,8565,23243730,,,X,2021-01-04,2024-02-20,False,,no_edgar_ticker,
10693,8596,29261A10,29261A10,EHC,N,2021-01-04,2025-12-31,True,785161,ticker,
10696,8598,33773810,33773810,FISV,Q,2021-01-04,2025-12-31,True,798354,ticker,
10777,8674,31946M10,31946M10,FCNCA,Q,2021-01-04,2025-12-31,True,798941,ticker,
10779,65,05587G20,05587G20,BKTI,A,2021-01-04,2025-12-31,True,2186,ticker,
10781,8677,06506610,,,X,2021-01-04,2023-09-15,False,,no_edgar_ticker,
10812,8702,42234710,42234710,HTLD,Q,2021-01-04,2025-12-31,True,799233,ticker,
10860,8743,68554V10,68554V10,OSUR,Q,2021-01-04,2025-12-31,True,1116463,ticker,
10866,20342,12950010,12950010,CAL,N,2021-01-04,2025-12-31,True,14707,ticker,
10874,20344,11704310,11704310,BC,N,2021-01-04,2025-12-31,True,14930,ticker,
10886,8762,25551910,,,X,2021-01-04,2024-10-03,False,,no_edgar_ticker,
10890,21814,90921430,90921430,UIS,N,2021-01-04,2025-12-31,True,746838,ticker,
10892,8766,92932810,92932810,WSFS,Q,2021-01-04,2025-12-31,True,828944,ticker,
10901,8778,46180410,46180410,ITIC,Q,2021-01-04,2025-12-31,True,720858,ticker,
10909,8786,15678210,,,X,2021-01-04,2022-06-08,False,,no_edgar_ticker,
10932,8810,94789010,94789010,WBS,N,2021-01-04,2025-12-31,True,801337,ticker,
10933,8811,57053510,57053510,MKL,N,2021-01-04,2025-12-31,True,1096343,ticker,
10952,8826,15060260,,,X,2021-01-04,2022-08-23,False,,no_edgar_ticker,
10966,8839,05463X10,05463X10,AXGN,Q,2021-01-04,2025-12-31,True,805928,ticker,
11006,8879,32073410,,,X,2021-01-04,2025-06-02,False,,no_edgar_ticker,
11018,8889,31867270,31867270,FBP,N,2021-01-04,2025-12-31,True,1057706,ticker,
11043,8909,74437530,,,X,2021-01-04,2024-12-13,False,,no_edgar_ticker,
11144,9002,03037110,03037110,AVD,N,2021-01-04,2025-12-31,True,5981,ticker,
11153,9009,83548310,83548310,SOTK,Q,2021-01-04,2025-12-31,True,806172,ticker,
11154,9010,71940510,71940510,PLAB,Q,2021-01-04,2025-12-31,True,810136,ticker,
11174,9023,03062T10,03062T10,CRMT,Q,2021-01-04,2025-12-31,True,799850,ticker,
11208,9058,67103X10,67103X10,OFG,N,2021-01-04,2025-12-31,True,1030469,ticker,
11267,9117,14920510,14920510,CATO,N,2021-01-04,2025-12-31,True,18255,ticker,
11275,9128,75991010,75991010,KRMD,Q,2021-01-04,2025-12-31,True,704440,ticker,
11285,9141,31891010,31891010,FBNC,Q,2021-01-04,2025-12-31,True,811589,ticker,
11292,9146,45252530,45252530,ICCC,Q,2021-01-04,2025-12-31,True,811641,ticker,
11293,9147,95081010,95081010,WSBC,Q,2021-01-04,2025-12-31,True,203596,ticker,
11308,20468,19121610,19121610,KO,N,2021-01-04,2025-12-31,True,21344,ticker,
11343,9188,80001310,,,X,2021-01-04,2022-07-22,False,,no_edgar_ticker,
11348,9193,15643210,,,X,2021-01-04,2021-11-15,False,,no_edgar_ticker,
11368,6977,00920710,00920710,AIRT,Q,2021-01-04,2025-12-31,True,353184,ticker,
11369,9213,90990710,90990710,UBSI,Q,2021-01-04,2025-12-31,True,729986,ticker,
11370,53461,29404K10,,,X,2021-01-04,2024-11-25,False,,no_edgar_ticker,
11379,9222,25065K10,25065K10,DXLG,Q,2021-01-04,2025-12-31,True,813298,ticker,
11394,9235,88362L20,,,X,2021-01-04,2024-06-17,False,,no_edgar_ticker,
11397,9239,94061010,94061010,WASH,Q,2021-01-04,2025-12-31,True,737468,ticker,
11403,9245,12738710,12738710,CDNS,Q,2021-01-04,2025-12-31,True,813672,ticker,
11404,20499,20911510,20911510,ED,N,2021-01-04,2025-12-31,True,1047862,ticker,
11441,9278,63637520,,,X,2021-01-04,2021-02-26,False,,no_edgar_ticker,
11442,9280,17783510,17783510,CHCO,Q,2021-01-04,2025-12-31,True,726854,ticker,
11481,9312,27871520,,,X,2021-01-04,2023-12-28,False,,no_edgar_ticker,
11499,176,12514110,12514110,CECO,Q,2021-01-04,2025-12-31,True,3197,ticker,
11511,9340,12619F10,12619F10,CPSH,Q,2021-01-04,2025-12-31,True,814676,ticker,
11533,9360,30325010,30325010,FICO,N,2021-01-04,2025-12-31,True,814547,ticker,
11547,9370,20741010,20741010,CNMD,N,2021-01-04,2025-12-31,True,816956,ticker,
11565,9389,44040710,44040710,HBNC,Q,2021-01-04,2025-12-31,True,706129,ticker,
11581,323,29276510,29276510,EPAC,N,2021-01-04,2025-12-31,True,6955,ticker,
11587,392,04990410,,,X,2021-01-04,2024-08-21,False,,no_edgar_ticker,
11593,9418,81478530,81478530,SNFCA,Q,2021-01-04,2025-12-31,True,318673,ticker,
11600,9424,24906P10,24906P10,XRAY,Q,2021-01-04,2025-12-31,True,818479,ticker,
11618,9440,31190010,31190010,FAST,Q,2021-01-04,2025-12-31,True,815556,ticker,
11628,9449,15476040,15476040,CPF,N,2021-01-04,2025-12-31,True,701347,ticker,
11636,9457,42774610,42774610,HRTX,Q,2021-01-04,2025-12-31,True,818033,ticker,
11644,9465,20576830,20576830,CRK,N,2021-01-04,2025-12-31,True,23194,ticker,
11654,9476,63884230,63884230,NAII,Q,2021-01-04,2025-12-31,True,787253,ticker,
11664,53462,39304D10,39304D10,GDOT,N,2021-01-04,2025-12-31,True,1386278,ticker,
11674,20574,23333110,23333110,DTE,N,2021-01-04,2025-12-31,True,936340,ticker,
11691,157,57686G10,57686G10,MATX,N,2021-01-04,2025-12-31,True,3453,ticker,
11701,9522,45703010,45703010,IMKTA,Q,2021-01-04,2025-12-31,True,50493,ticker,
11731,9550,01234810,01234810,AIN,N,2021-01-04,2025-12-31,True,819793,ticker,
11748,8686,25770130,25770130,DGICB,Q,2021-01-04,2025-12-31,True,800457,ticker,
11752,9558,19247G10,19247G10,COHR,N,2021-01-04,2025-12-31,True,820318,ticker,
11775,9576,47916710,47916710,JOUT,Q,2021-01-04,2025-12-31,True,788329,ticker,
11786,9588,78486Q10,,,X,2021-01-04,2023-03-13,False,,no_edgar_ticker,
11790,153,01623010,01623010,ALCO,Q,2021-01-04,2025-12-31,True,3545,ticker,
11803,9604,60671020,60671020,MITK,Q,2021-01-04,2025-12-31,True,807863,ticker,
11809,9616,18449610,18449610,CLH,N,2021-01-04,2025-12-31,True,822818,ticker,
11825,9632,23251710,,,X,2021-01-04,2022-11-04,False,,no_edgar_ticker,
11844,9645,20414910,20414910,CTBI,Q,2021-01-04,2025-12-31,True,350852,ticker,
11850,20678,30231G10,30231G10,XOM,N,2021-01-04,2025-12-31,True,2115436,ticker,
11884,9677,45833410,45833410,IPAR,Q,2021-01-04,2025-12-31,True,822663,ticker,
11891,9764,55295310,55295310,MGM,N,2021-01-04,2025-12-31,True,789570,ticker,
11896,9698,57772K10,,,X,2021-01-04,2021-08-26,False,,no_edgar_ticker,
11955,9804,94106L10,94106L10,WM,N,2021-01-04,2025-12-31,True,823768,ticker,
11990,53463,48251W10,48251W10,KKR,N,2021-01-04,2025-12-31,True,1404912,ticker,
11992,9882,87230710,,,X,2021-01-04,2021-06-09,False,,no_edgar_ticker,
11995,1035,19109810,19109810,COKE,Q,2021-01-04,2025-12-31,True,317540,ticker,
12008,7062,26747510,26747510,DY,N,2021-01-04,2025-12-31,True,67215,ticker,
12009,53467,74730110,74730110,QUAD,N,2021-01-04,2025-12-31,True,1481792,ticker,
12017,53444,98420U80,98420U80,XWEL,Q,2021-01-04,2025-12-31,True,1410428,ticker,
12036,20773,36144810,36144810,GATX,N,2021-01-04,2025-12-31,True,40211,ticker,
12049,53483,38068T10,38068T10,GORO,A,2021-01-04,2025-12-31,True,1515964,ticker,
12052,20791,36955010,36955010,GD,N,2021-01-04,2025-12-31,True,40533,ticker,
12060,20792,36960430,36960430,GE,N,2021-01-04,2025-12-31,True,40545,ticker,
12062,9848,50492210,50492210,LH,N,2021-01-04,2025-12-31,True,920148,ticker,
12068,7067,68003310,68003310,ONB,Q,2021-01-04,2025-12-31,True,707179,ticker,
12073,9847,71270410,,,X,2021-01-04,2022-04-04,False,,no_edgar_ticker,
12078,53490,28540910,28540910,ELMD,A,2021-01-04,2025-12-31,True,1488917,ticker,
12089,53497,75606N10,,,X,2021-01-04,2021-04-22,False,,no_edgar_ticker,
12093,53500,21870Q10,,,X,2021-01-04,2021-12-28,False,,no_edgar_ticker,
12146,10020,15870P30,15870P30,CSBR,Q,2021-01-04,2025-12-31,True,771856,ticker,
12166,9999,76041610,,,X,2021-01-04,2023-08-23,False,,no_edgar_ticker,
12189,10039,43332310,43332310,HIFS,Q,2021-01-04,2025-12-31,True,,no_edgar_ticker,
12209,10059,53191410,53191410,LWAY,Q,2021-01-04,2025-12-31,True,814586,ticker,
12211,9971,53555510,53555510,LNN,N,2021-01-04,2025-12-31,True,836157,ticker,
12226,9977,55303J10,55303J10,MGPI,Q,2021-01-04,2025-12-31,True,835011,ticker,
12266,9899,05368M10,,,X,2021-01-04,2025-02-05,False,,no_edgar_ticker,
12307,53510,03236M20,,,X,2021-01-04,2023-08-21,False,,no_edgar_ticker,
12308,17322,16119P10,16119P10,CHTR,Q,2021-01-04,2025-12-31,True,1091667,ticker,
12310,53512,16948W20,,,X,2021-01-04,2024-04-19,False,,no_edgar_ticker,
12329,53520,28852N10,28852N10,EFC,N,2021-01-04,2025-12-31,True,1411342,ticker,
12350,53535,62526P87,,,X,2021-01-04,2025-10-13,False,,no_edgar_ticker,
12358,53542,05552Q30,,,X,2021-01-04,2024-08-22,False,,no_edgar_ticker,
12360,53544,69404D10,69404D10,PACB,Q,2021-01-04,2025-12-31,True,1299130,ticker,
12362,53545,85303B10,,,X,2021-01-04,2021-06-01,False,,no_edgar_ticker,
12363,53546,92335C10,92335C10,VRA,Q,2021-01-04,2025-12-31,True,1495320,ticker,
12366,53550,09950210,09950210,BAH,N,2021-01-04,2025-12-31,True,1443646,ticker,
12369,53554,37045V10,37045V10,GM,N,2021-01-04,2025-12-31,True,1467858,ticker,
12373,53556,44267T10,44267T10,HHH,N,2021-01-04,2025-12-31,True,1981792,ticker,
12374,53557,45772F10,,,X,2021-01-04,2021-04-21,False,,no_edgar_ticker,
12380,53561,70021530,70021530,TRAK,N,2021-01-04,2025-12-31,True,50471,ticker,
12400,53576,50212V10,50212V10,LPLA,Q,2021-01-04,2025-12-31,True,1397911,ticker,
12413,53585,98978L20,,,X,2021-01-04,2022-03-07,False,,no_edgar_ticker,
12437,20325,76117W10,,,X,2021-01-04,2023-03-01,False,,no_edgar_ticker,
12448,53609,33616C10,,,X,2021-01-04,2023-05-01,False,,no_edgar_ticker,
12449,53610,21994810,21994810,CPAY,N,2021-01-04,2025-12-31,True,1175454,ticker,
12452,53613,45685K10,45685K10,INFU,A,2021-01-04,2025-12-31,True,1337013,ticker,
12473,53620,49904910,49904910,KNX,N,2021-01-04,2025-12-31,True,1492691,ticker,
12476,53621,87612G10,87612G10,TRGP,N,2021-01-04,2025-12-31,True,1389170,ticker,
12477,53622,93148P10,93148P10,WD,N,2021-01-04,2025-12-31,True,1497770,ticker,
12480,53624,00086810,00086810,ACNB,Q,2021-01-04,2025-12-31,True,715579,ticker,
12487,53628,43708L10,43708L10,HFBL,Q,2021-01-04,2025-12-31,True,1500375,ticker,
12488,53629,81664520,81664520,LEDS,Q,2021-01-04,2025-12-31,True,1333822,ticker,
12490,20990,45920010,45920010,IBM,N,2021-01-04,2025-12-31,True,51143,ticker,
12493,15632,74727D30,,,X,2021-01-04,2021-11-05,False,,no_edgar_ticker,
12494,53632,76658210,,,X,2021-01-04,2021-05-03,False,,no_edgar_ticker,
12497,53635,04539620,04539620,ASMB,Q,2021-01-04,2025-12-31,True,1426800,ticker,
12502,53639,67560710,,,X,2021-01-04,2023-08-01,False,,no_edgar_ticker,
12503,21265,63934E10,,,X,2021-01-04,2021-07-01,False,,no_edgar_ticker,
12513,53645,02401310,02401310,AAT,N,2021-01-04,2025-12-31,True,1500217,ticker,
12515,53647,06652K10,06652K10,BKU,N,2021-01-04,2025-12-31,True,1504008,ticker,
12521,53649,52177G10,,,X,2021-01-04,2021-06-14,False,,no_edgar_ticker,
12527,53652,45103370,45103370,IBIO,Q,2021-01-04,2025-12-31,True,1420720,ticker,
12558,53667,49456B10,49456B10,KMI,N,2021-01-04,2025-12-31,True,1506307,ticker,
12559,53668,64051T10,,,X,2021-01-04,2022-08-03,False,,no_edgar_ticker,
12566,53670,86608210,86608210,INN,N,2021-01-04,2025-12-31,True,1497645,ticker,
12570,20964,45073V10,45073V10,ITT,N,2021-01-04,2025-12-31,True,216228,ticker,
12573,53673,00444T20,00444T20,TLPH,Q,2021-01-04,2025-12-31,True,1427925,ticker,
12577,53677,34385P10,34385P10,LAB,Q,2021-01-04,2025-12-31,True,1162194,ticker,
12579,53678,37439640,37439640,GEVO,Q,2021-01-04,2025-12-31,True,1392380,ticker,
12583,53682,69512710,69512710,PCRX,Q,2021-01-04,2025-12-31,True,1396814,ticker,
12588,16549,90333L20,,,X,2021-01-04,2021-08-26,False,,no_edgar_ticker,
12591,53688,03769M10,03769M10,APO,N,2021-01-04,2025-12-31,True,1858681,ticker,
12592,53689,98420P30,98420P30,XTNT,A,2021-01-04,2025-12-31,True,1453593,ticker,
12615,53694,36116M10,36116M10,FF,N,2021-01-04,2025-12-31,True,1337298,ticker,
12622,53696,40412C10,40412C10,HCA,N,2021-01-04,2025-12-31,True,860730,ticker,
12623,53697,44641310,44641310,HII,N,2021-01-04,2025-12-31,True,1501585,ticker,
12629,53698,55933J20,55933J20,MX,N,2021-01-04,2025-12-31,True,1325702,ticker,
12639,53702,21925Y10,,,X,2021-01-04,2021-10-15,False,,no_edgar_ticker,
12640,53704,81763U10,,,X,2021-01-04,2022-07-21,False,,no_edgar_ticker,
12641,53705,00912X30,00912X30,AL,N,2021-01-04,2025-12-31,True,,no_edgar_ticker,
12650,21033,48517030,,,X,2021-01-04,2021-12-14,False,,no_edgar_ticker,
12668,53714,74039L10,,,X,2021-01-04,2022-06-24,False,,no_edgar_ticker,
12681,53717,85254J10,85254J10,STAG,N,2021-01-04,2025-12-31,True,1479094,ticker,
12758,7019,91734M10,,,X,2021-01-04,2022-05-02,False,,no_edgar_ticker,
12781,21080,84857L10,84857L10,SR,N,2021-01-04,2025-12-31,True,1126956,ticker,
12783,53763,88362T10,88362T10,THR,N,2021-01-04,2025-12-31,True,,no_edgar_ticker,
12788,53769,50068810,50068810,KOS,N,2021-01-04,2025-12-31,True,1509991,ticker,
12789,53770,03209T30,,,X,2021-01-04,2024-04-15,False,,no_edgar_ticker,
12796,53776,84863V10,,,X,2021-01-04,2025-09-02,False,,no_edgar_ticker,
12798,53779,09739C10,,,X,2021-01-04,2021-06-02,False,,no_edgar_ticker,
12828,53803,00122850,00122850,MITT,N,2021-01-04,2025-12-31,True,1514281,ticker,
12840,53806,20575040,20575040,LODE,A,2021-01-04,2025-12-31,True,1120970,ticker,
12872,53810,56585A10,56585A10,MPC,N,2021-01-04,2025-12-31,True,1510295,ticker,
12877,15120,45784J30,45784J30,VATE,N,2021-01-04,2025-12-31,True,1006837,ticker,
12880,53816,00164V10,00164V10,AMCX,Q,2021-01-04,2025-12-31,True,1514991,ticker,
12905,53836,86722A10,86722A10,SXC,N,2021-01-04,2025-12-31,True,1514705,ticker,
12913,53842,16308610,16308610,CHEF,Q,2021-01-04,2025-12-31,True,1517175,ticker,
12920,53847,44951J10,44951J10,IROQ,Q,2021-01-04,2025-12-31,True,,no_edgar_ticker,
12927,53853,98954M10,98954M10,ZG,Q,2021-01-04,2025-12-31,True,1617640,ticker,
12928,53854,04004410,04004410,AREN,A,2021-01-04,2025-12-31,True,894871,ticker,
12981,53876,34964C10,34964C10,FBIN,N,2021-01-04,2025-12-31,True,1519751,ticker,
13003,53881,92339V30,,,X,2021-01-04,2021-11-01,False,,no_edgar_ticker,
13006,53882,30962710,30962710,FMNB,Q,2021-01-04,2025-12-31,True,709337,ticker,
13007,53883,50181P10,50181P10,LCNB,Q,2021-01-04,2025-12-31,True,1074902,ticker,
13019,53892,37228420,37228420,GNE,N,2021-01-04,2025-12-31,True,1528356,ticker,
13035,53896,98419M10,98419M10,XYL,N,2021-01-04,2025-12-31,True,1524472,ticker,
13046,53901,90353W10,90353W10,UI,N,2021-01-04,2025-12-31,True,1511737,ticker,
13084,53922,56382Q10,,,X,2021-01-04,2022-10-21,False,,no_edgar_ticker,
13085,53923,57164Y10,57164Y10,VAC,N,2021-01-04,2025-12-31,True,1524358,ticker,
13105,53929,00404A10,00404A10,ACHC,Q,2021-01-04,2025-12-31,True,1520697,ticker,
13107,53931,18946410,,,X,2021-01-04,2022-12-21,False,,no_edgar_ticker,
13108,53932,39947320,39947320,GRPN,Q,2021-01-04,2025-12-31,True,1490281,ticker,
13111,53935,55028X10,,,X,2021-01-04,2024-12-12,False,,no_edgar_ticker,
13116,53938,17888H10,17888H10,CIVI,N,2021-01-04,2025-12-31,True,,no_edgar_ticker,
13124,53941,51680620,,,X,2021-01-04,2025-12-15,False,,no_edgar_ticker,
13141,53947,98212B10,,,X,2021-01-04,2021-01-07,False,,no_edgar_ticker,
13159,53958,34960Q30,34960Q30,FBIO,Q,2021-01-04,2025-12-31,True,1429260,ticker,
13168,53964,89694520,89694520,TRIP,Q,2021-01-04,2025-12-31,True,1526520,ticker,
13169,53965,98986T10,,,X,2021-01-04,2022-05-23,False,,no_edgar_ticker,
13181,53970,40171V10,40171V10,GWRE,N,2021-01-04,2025-12-31,True,1528396,ticker,
13188,53972,73744610,73744610,POST,N,2021-01-04,2025-12-31,True,1530950,ticker,
13196,53975,75025X10,75025X10,RLGT,A,2021-01-04,2025-12-31,True,1171155,ticker,
13198,53976,47029910,47029910,BOTJ,Q,2021-01-04,2025-12-31,True,1275101,ticker,
13201,53977,75972A30,,,X,2021-01-04,2022-06-13,False,,no_edgar_ticker,
13202,53978,92337C20,92337C20,VSTM,Q,2021-01-04,2025-12-31,True,1526119,ticker,
13210,53983,29414B10,29414B10,EPAM,N,2021-01-04,2025-12-31,True,1352010,ticker,
13244,53987,57648520,57648520,MTDR,N,2021-01-04,2025-12-31,True,1520006,ticker,
13249,53988,74371310,74371310,PRLB,N,2021-01-04,2025-12-31,True,1443669,ticker,
13253,53989,90346E10,,,X,2021-01-04,2024-08-01,False,,no_edgar_ticker,
13260,53992,10921T10,,,X,2021-01-04,2025-02-04,False,,no_edgar_ticker,
13262,53994,16383L10,,,X,2021-01-04,2022-10-20,False,,no_edgar_ticker,
13265,53997,68559A20,,,X,2021-01-04,2023-08-29,False,,no_edgar_ticker,
13278,54001,43785V10,43785V10,MCHB,Q,2021-01-04,2025-12-31,True,1518715,ticker,
13279,54003,67113Y70,67113Y70,NUWE,Q,2021-01-04,2025-12-31,True,1506492,ticker,
13280,54004,87156110,,,X,2021-01-04,2021-04-01,False,,no_edgar_ticker,
13284,54006,01973R10,01973R10,ALSN,N,2021-01-04,2025-12-31,True,1411207,ticker,
13302,54013,75902K10,75902K10,RM,N,2021-01-04,2025-12-31,True,1519401,ticker,
13303,21245,62915640,62915640,NL,N,2021-01-04,2025-12-31,True,72162,ticker,
13305,54014,98983L10,98983L10,ZWS,N,2021-01-04,2025-12-31,True,1439288,ticker,
13316,54018,92857F10,,,X,2021-01-04,2022-02-23,False,,no_edgar_ticker,
13318,54020,98581710,98581710,YELP,N,2021-01-04,2025-12-31,True,1345016,ticker,
13323,54026,29355A10,29355A10,ENPH,Q,2021-01-04,2025-12-31,True,1463101,ticker,
13324,54027,36322520,36322520,GALT,Q,2021-01-04,2025-12-31,True,1133416,ticker,
13325,54028,59032820,,,X,2021-01-04,2024-05-20,False,,no_edgar_ticker,
13326,54029,55405Y10,55405Y10,MTSI,Q,2021-01-04,2025-12-31,True,1493594,ticker,
13328,54031,90045020,90045020,TBCH,Q,2021-01-04,2025-12-31,True,1493761,ticker,
13332,54035,04013V10,04013V10,ACRE,N,2021-01-04,2025-12-31,True,1529377,ticker,
13337,54037,34984V20,34984V20,FET,N,2021-01-04,2025-12-31,True,1401257,ticker,
13343,54041,55345K10,,,X,2021-01-04,2025-11-06,False,,no_edgar_ticker,
13356,54048,71854610,71854610,PSX,N,2021-01-04,2025-12-31,True,1534701,ticker,
13358,54050,76131V20,,,X,2021-01-04,2021-10-22,False,,no_edgar_ticker,
13369,54057,18506410,18506410,CLIR,Q,2021-01-04,2025-12-31,True,1434524,ticker,
13375,54061,31660B10,,,X,2021-01-04,2023-10-30,False,,no_edgar_ticker,
13377,54063,74342410,,,X,2021-01-04,2021-08-31,False,,no_edgar_ticker,
13379,54064,84863710,,,X,2021-01-04,2024-03-18,False,,no_edgar_ticker,
13399,54077,88688510,88688510,TLYS,N,2021-01-04,2025-12-31,True,1524025,ticker,
13401,54080,95790D20,,,X,2021-01-04,2023-12-06,False,,no_edgar_ticker,
13407,54084,30303M10,30303M10,META,Q,2021-01-04,2025-12-31,True,1326801,ticker,
13410,54087,86845910,86845910,SUPN,Q,2021-01-04,2025-12-31,True,1356576,ticker,
13411,54088,14147L10,14147L10,CRDF,Q,2021-01-04,2025-12-31,True,1213037,ticker,
13412,54089,45166V20,,,X,2021-01-04,2024-07-11,False,,no_edgar_ticker,
13429,54099,01449110,01449110,ALEX,N,2021-01-04,2025-12-31,True,,no_edgar_ticker,
13439,54106,42226K10,42226K10,HR,N,2021-01-04,2025-12-31,True,1360604,ticker,
13447,54109,81762P10,81762P10,NOW,N,2021-01-04,2025-12-31,True,1373715,ticker,
13453,54113,16357220,,,X,2021-01-04,2023-04-28,False,,no_edgar_ticker,
13455,54115,83548R40,,,X,2021-01-04,2025-12-03,False,,no_edgar_ticker,
13507,261,02772A10,,,X,2021-01-04,2022-05-25,False,,no_edgar_ticker,
13508,54136,63888U10,63888U10,NGVC,N,2021-01-04,2025-12-31,True,1547459,ticker,
13511,54139,69743510,69743510,PANW,Q,2021-01-04,2025-12-31,True,1327567,ticker,
13520,54141,17160410,,,X,2021-01-04,2024-10-11,False,,no_edgar_ticker,
13521,54142,22228P30,,,X,2021-01-04,2021-03-01,False,,no_edgar_ticker,
13527,54146,33829M10,33829M10,FIVE,Q,2021-01-04,2025-12-31,True,1177609,ticker,
13528,54147,30263Y10,30263Y10,FSBW,Q,2021-01-04,2025-12-31,True,1530249,ticker,
13532,54149,44249610,,,X,2021-01-04,2022-01-24,False,,no_edgar_ticker,
13534,54151,43787210,43787210,HTB,N,2021-01-04,2025-12-31,True,1538263,ticker,
13537,54155,35180X10,,,X,2021-01-04,2023-08-21,False,,no_edgar_ticker,
13543,54157,37957720,37957720,GMED,N,2021-01-04,2025-12-31,True,1237831,ticker,
13548,54162,09423510,09423510,BLMN,Q,2021-01-04,2025-12-31,True,1546417,ticker,
13559,54167,71377E10,,,X,2021-01-04,2025-10-21,False,,no_edgar_ticker,
13561,54169,83607A10,83607A10,SFBC,Q,2021-01-04,2025-12-31,True,1541119,ticker,
13563,54170,88677Q20,,,X,2021-01-04,2025-12-29,False,,no_edgar_ticker,
13577,28836,44917210,44917210,HY,N,2021-01-04,2025-12-31,True,1173514,ticker,
13579,54180,63370710,63370710,NBHC,N,2021-01-04,2025-12-31,True,1475841,ticker,
13583,54182,86614G10,86614G10,SMC,N,2021-01-04,2025-12-31,True,2024218,ticker,
13599,54194,53222K20,53222K20,LFVN,Q,2021-01-04,2025-12-31,True,849146,ticker,
13600,54195,74758T30,74758T30,QLYS,Q,2021-01-04,2025-12-31,True,1107843,ticker,
13604,54198,08579W10,,,X,2021-01-04,2025-04-30,False,,no_edgar_ticker,
13610,21329,68066520,68066520,OLN,N,2021-01-04,2025-12-31,True,74303,ticker,
13621,54207,74587V10,74587V10,PBYI,Q,2021-01-04,2025-12-31,True,1401667,ticker,
13622,54208,75605Y10,75605Y10,HOUS,N,2021-01-04,2025-12-31,True,,no_edgar_ticker,
13625,54209,82569010,82569010,SSTK,N,2021-01-04,2025-12-31,True,1549346,ticker,
13628,54213,98138H10,98138H10,WDAY,Q,2021-01-04,2025-12-31,True,1327811,ticker,
13641,54222,25278X10,25278X10,FANG,Q,2021-01-04,2025-12-31,True,1539838,ticker,
13643,54224,45845P10,,,X,2021-01-04,2023-11-08,False,,no_edgar_ticker,
13648,54228,03767D10,,,X,2021-01-04,2023-04-04,False,,no_edgar_ticker,
13652,54232,75915K30,,,X,2021-01-04,2025-06-25,False,,no_edgar_ticker,
13687,54265,74967X10,74967X10,RH,N,2021-01-04,2025-12-31,True,1528849,ticker,
13688,21356,69331C10,69331C10,PCG,N,2021-01-04,2025-12-31,True,1004980,ticker,
13693,54269,04962H50,04962H50,ATOS,Q,2021-01-04,2025-12-31,True,1488039,ticker,
13694,54270,16402410,16402410,CHMG,Q,2021-01-04,2025-12-31,True,763563,ticker,
13700,54273,96302578,96302578,WHLR,Q,2021-01-04,2025-12-31,True,1527541,ticker,
13704,54278,64049M20,64049M20,NEO,Q,2021-01-04,2025-12-31,True,1077183,ticker,
13712,54284,91071010,91071010,ACIC,Q,2021-01-04,2025-12-31,True,1401521,ticker,
13721,54287,00287Y10,00287Y10,ABBV,N,2021-01-04,2025-12-31,True,1551152,ticker,
13723,54288,35904G10,,,X,2021-01-04,2021-01-12,False,,no_edgar_ticker,
13730,54291,69318G10,69318G10,PBF,N,2021-01-04,2025-12-31,True,1534504,ticker,
13739,54297,10919410,10919410,BFAM,N,2021-01-04,2025-12-31,True,1437578,ticker,
13743,54299,11040G10,11040G10,VTOL,N,2021-01-04,2025-12-31,True,1525221,ticker,
13748,54303,87265H10,87265H10,TPH,N,2021-01-04,2025-12-31,True,,no_edgar_ticker,
13750,54306,00439U10,00439U10,GRCE,Q,2021-01-04,2025-12-31,True,1444192,ticker,
13752,54307,23283R10,,,X,2021-01-04,2022-03-25,False,,no_edgar_ticker,
13755,54309,44486320,,,X,2021-01-04,2023-07-26,False,,no_edgar_ticker,
13756,54310,37654910,37654910,LAND,Q,2021-01-04,2025-12-31,True,1495240,ticker,
13757,54311,53122977,53122977,FWONA,Q,2021-01-04,2025-12-31,True,1560385,ticker,
13766,54318,09739D10,09739D10,BCC,N,2021-01-04,2025-12-31,True,1328581,ticker,
13769,7119,02959510,02959510,AMS,A,2021-01-04,2025-12-31,True,744825,ticker,
13775,54323,68571X30,68571X30,ORC,N,2021-01-04,2025-12-31,True,1518621,ticker,
13777,5828,02968310,,,X,2021-01-04,2025-04-07,False,,no_edgar_ticker,
13787,54326,75574U10,75574U10,RC,N,2021-01-04,2025-12-31,True,1527590,ticker,
13788,54327,98978V10,98978V10,ZTS,N,2021-01-04,2025-12-31,True,1555280,ticker,
13796,54331,41585810,41585810,HROW,Q,2021-01-04,2025-12-31,True,1360214,ticker,
13797,54332,32055710,32055710,INBK,Q,2021-01-04,2025-12-31,True,1562463,ticker,
13798,54333,68403P20,68403P20,ORMP,Q,2021-01-04,2025-12-31,True,1176309,ticker,
13799,54334,30210410,,,X,2021-01-04,2021-11-12,False,,no_edgar_ticker,
13802,54336,04316A10,04316A10,APAM,N,2021-01-04,2025-12-31,True,1517302,ticker,
13809,54342,55025L10,55025L10,LFT,N,2021-01-04,2025-12-31,True,1547546,ticker,
13812,54343,56804T30,,,X,2021-01-04,2025-06-26,False,,no_edgar_ticker,
13816,54344,60752510,,,X,2021-01-04,2024-06-27,False,,no_edgar_ticker,
13825,54351,29251M10,29251M10,ENTA,Q,2021-01-04,2025-12-31,True,1177648,ticker,
13828,54354,74312Y40,74312Y40,IPDN,Q,2021-01-04,2025-12-31,True,1546296,ticker,
13837,54361,30040P10,30040P10,EVTC,N,2021-01-04,2025-12-31,True,1559865,ticker,
13843,54362,41068X10,41068X10,HASI,N,2021-01-04,2025-12-31,True,1561894,ticker,
13844,54363,45779A84,45779A84,NSPR,Q,2021-01-04,2025-12-31,True,1433607,ticker,
13856,21384,71344810,71344810,PEP,Q,2021-01-04,2025-12-31,True,77476,ticker,
13860,54366,81282V10,81282V10,PRKS,N,2021-01-04,2025-12-31,True,1564902,ticker,
13862,54368,87724P10,87724P10,TMHC,N,2021-01-04,2025-12-31,True,,no_edgar_ticker,
13863,54369,88338N20,88338N20,TXMD,Q,2021-01-04,2025-12-31,True,25743,ticker,
13870,54373,16934W10,,,X,2021-01-04,2025-04-21,False,,no_edgar_ticker,
13876,54376,42365Q10,,,X,2021-01-04,2022-09-13,False,,no_edgar_ticker,
13877,54377,45384B10,,,X,2021-01-04,2025-01-02,False,,no_edgar_ticker,
13878,54378,60249610,60249610,MDXG,Q,2021-01-04,2025-12-31,True,1376339,ticker,
13879,54379,55328R10,,,X,2021-01-04,2023-11-14,False,,no_edgar_ticker,
13883,54381,87978U20,87978U20,TPST,Q,2021-01-04,2025-12-31,True,1544227,ticker,
13887,54384,04208T10,04208T10,AHH,N,2021-01-04,2025-12-31,True,,no_edgar_ticker,
13890,54388,15917910,,,X,2021-01-04,2022-11-15,False,,no_edgar_ticker,
13901,21398,02209S10,02209S10,MO,N,2021-01-04,2025-12-31,True,764180,ticker,
13904,54396,92908910,92908910,VOYA,N,2021-01-04,2025-12-31,True,1535929,ticker,
13907,54398,64828T20,64828T20,RITM,N,2021-01-04,2025-12-31,True,1556593,ticker,
13908,54399,70932M10,70932M10,PFSI,N,2021-01-04,2025-12-31,True,1745916,ticker,
13911,54401,46266C10,46266C10,IQV,N,2021-01-04,2025-12-31,True,1478242,ticker,
13918,54405,03969T10,03969T10,ARCT,Q,2021-01-04,2025-12-31,True,1768224,ticker,
13919,29052,02313988,02313988,OSG,N,2021-01-04,2025-12-31,True,874501,ticker,
13921,54408,23204G10,23204G10,CUBI,N,2021-01-04,2025-12-31,True,1488813,ticker,
13924,54410,29428V10,,,X,2021-01-04,2022-08-12,False,,no_edgar_ticker,
13928,21401,20825C10,20825C10,COP,N,2021-01-04,2025-12-31,True,1163165,ticker,
13935,15751,63737220,63737220,NRC,Q,2021-01-04,2025-12-31,True,70487,ticker,
13936,21402,69365610,69365610,PVH,N,2021-01-04,2025-12-31,True,78239,ticker,
13938,46028,68882330,,,X,2021-01-04,2021-04-01,False,,no_edgar_ticker,
13939,54418,73933G20,73933G20,PSIX,Q,2021-01-04,2025-12-31,True,1137091,ticker,
13943,54422,89678F10,,,X,2021-01-04,2022-06-01,False,,no_edgar_ticker,
13947,54424,09609G20,,,X,2021-01-04,2025-06-02,False,,no_edgar_ticker,
13949,54426,12514G10,12514G10,CDW,Q,2021-01-04,2025-12-31,True,1402057,ticker,
13954,54427,29664W10,29664W10,ESPR,Q,2021-01-04,2025-12-31,True,,no_edgar_ticker,
13956,54428,38046C10,38046C10,GOGO,Q,2021-01-04,2025-12-31,True,1537054,ticker,
13959,54431,65540B10,65540B10,NDLS,Q,2021-01-04,2025-12-31,True,1275158,ticker,
13962,54432,63009R10,,,X,2021-01-04,2024-02-14,False,,no_edgar_ticker,
13963,54433,65249B10,65249B10,NWSA,Q,2021-01-04,2025-12-31,True,1564708,ticker,
13964,54433,65249B20,65249B20,NWS,Q,2021-01-04,2025-12-31,True,1564708,ticker,
13965,54434,64132K20,,,X,2021-01-04,2024-05-13,False,,no_edgar_ticker,
13967,54436,69366J20,69366J20,PTCT,Q,2021-01-04,2025-12-31,True,1070081,ticker,
13969,54438,82835910,82835910,SAMG,Q,2021-01-04,2025-12-31,True,1549966,ticker,
13976,54440,00912N40,00912N40,AIRI,A,2021-01-04,2025-12-31,True,1009891,ticker,
13983,54444,22207020,22207020,COTY,N,2021-01-04,2025-12-31,True,1024305,ticker,
13993,54448,36239310,,,X,2021-01-04,2021-07-02,False,,no_edgar_ticker,
14008,216,03116210,03116210,AMGN,Q,2021-01-04,2025-12-31,True,318154,ticker,
14030,54466,18539C10,18539C10,CWEN,N,2021-01-04,2025-12-31,True,1567683,ticker,
14033,54467,68620A30,68620A30,VIVS,Q,2021-01-04,2025-12-31,True,1497253,ticker,
14037,54471,76169C10,76169C10,REXR,N,2021-01-04,2025-12-31,True,1571283,ticker,
14039,54472,84860W30,,,X,2021-01-04,2024-01-23,False,,no_edgar_ticker,
14044,54476,00847X10,00847X10,AGIO,Q,2021-01-04,2025-12-31,True,1439222,ticker,
14045,54407,53521910,53521910,LIND,Q,2021-01-04,2025-12-31,True,1512499,ticker,
14046,54477,43358Y20,,,X,2021-01-04,2023-10-05,False,,no_edgar_ticker,
14051,54481,42237K50,,,X,2021-01-04,2025-04-22,False,,no_edgar_ticker,
14054,54484,60468T10,,,X,2021-01-04,2024-01-23,False,,no_edgar_ticker,
14056,54486,68232V88,68232V88,TRAW,Q,2021-01-04,2025-12-31,True,1130598,ticker,
14060,54488,92836Y40,,,X,2021-01-04,2025-02-10,False,,no_edgar_ticker,
14071,54495,45378A10,45378A10,IRT,N,2021-01-04,2025-12-31,True,1466085,ticker,
14072,54496,74017N10,74017N10,PGEN,Q,2021-01-04,2025-12-31,True,1356090,ticker,
14076,54499,62675510,62675510,MUSA,N,2021-01-04,2025-12-31,True,1573516,ticker,
14093,54506,87250W30,,,X,2021-01-04,2024-11-21,False,,no_edgar_ticker,
14094,54507,92942V20,,,X,2021-01-04,2023-05-15,False,,no_edgar_ticker,
14097,54509,35138V10,35138V10,FOXF,Q,2021-01-04,2025-12-31,True,1424929,ticker,
14099,54510,57165B10,,,X,2021-01-04,2022-07-13,False,,no_edgar_ticker,
14102,54513,85208M10,85208M10,SFM,Q,2021-01-04,2025-12-31,True,1575515,ticker,
14107,54516,89026083,89026083,TNXP,Q,2021-01-04,2025-12-31,True,1430306,ticker,
14127,54533,02153X10,,,X,2021-01-04,2024-09-17,False,,no_edgar_ticker,
14133,54538,63008730,63008730,NNVC,A,2021-01-04,2025-12-31,True,1379006,ticker,
14135,54540,70532Y30,70532Y30,PED,A,2021-01-04,2025-12-31,True,1141197,ticker,
14136,54541,76680R20,76680R20,RNG,N,2021-01-04,2025-12-31,True,1384905,ticker,
14137,54542,76680V10,76680V10,REI,A,2021-01-04,2025-12-31,True,1384195,ticker,
14141,54544,80862510,80862510,SAIC,Q,2021-01-04,2025-12-31,True,1571123,ticker,
14145,54548,03823U10,03823U10,AAOI,Q,2021-01-04,2025-12-31,True,1158114,ticker,
14149,54550,08180D10,,,X,2021-01-04,2023-01-24,False,,no_edgar_ticker,
14158,54555,30049G30,,,X,2021-01-04,2025-12-17,False,,no_edgar_ticker,
14159,54556,56266210,,,X,2021-01-04,2022-09-12,False,,no_edgar_ticker,
14161,54558,33830X10,,,X,2021-01-04,2021-04-16,False,,no_edgar_ticker,
14166,54355,62945V10,,,X,2021-01-04,2025-08-04,False,,no_edgar_ticker,
14167,54561,46583P10,,,X,2021-01-04,2023-07-11,False,,no_edgar_ticker,
14169,54563,74051N10,,,X,2021-01-04,2025-11-25,False,,no_edgar_ticker,
14172,54564,72383630,72383630,PPSI,Q,2021-01-04,2025-12-31,True,1449792,ticker,
14174,54566,81734P20,,,X,2021-01-04,2021-09-09,False,,no_edgar_ticker,
14175,54567,20368X10,,,X,2021-01-04,2023-07-03,False,,no_edgar_ticker,
14176,54568,00434H10,,,X,2021-01-04,2021-11-22,False,,no_edgar_ticker,
14179,54570,03674X10,03674X10,AR,N,2021-01-04,2025-12-31,True,1433270,ticker,
14181,54572,11120U10,11120U10,BRX,N,2021-01-04,2025-12-31,True,1581068,ticker,
14182,54574,12201710,12201710,BURL,N,2021-01-04,2025-12-31,True,1579298,ticker,
14183,54575,16465110,16465110,CHMI,N,2021-01-04,2025-12-31,True,1571776,ticker,
14184,54576,19828720,,,X,2021-01-04,2021-12-08,False,,no_edgar_ticker,
14185,54577,21676P10,21676P10,CPS,N,2021-01-04,2025-12-31,True,1320461,ticker,
14196,54580,29210410,29210410,ESRT,N,2021-01-04,2025-12-31,True,1541401,ticker,
14213,54584,56632410,56632410,MMI,N,2021-01-04,2025-12-31,True,1578732,ticker,
14220,54588,74736A10,,,X,2021-01-04,2021-09-01,False,,no_edgar_ticker,
14221,54589,75524W10,75524W10,RMAX,N,2021-01-04,2025-12-31,True,1581091,ticker,
14229,54593,68268W10,68268W10,OMF,N,2021-01-04,2025-12-31,True,1584207,ticker,
14231,54595,92247510,92247510,VEEV,N,2021-01-04,2025-12-31,True,1393052,ticker,
14237,54600,00762430,,,X,2021-01-04,2021-12-23,False,,no_edgar_ticker,
14238,54601,00771V10,,,X,2021-01-04,2022-11-21,False,,no_edgar_ticker,
14239,54602,20337X10,20337X10,COMM,Q,2021-01-04,2025-12-31,True,,no_edgar_ticker,
14244,54604,29272B10,,,X,2021-01-04,2021-02-11,False,,no_edgar_ticker,
14245,54605,31189P10,31189P10,FATE,Q,2021-01-04,2025-12-31,True,1434316,ticker,
14252,54610,36467J10,36467J10,GLPI,Q,2021-01-04,2025-12-31,True,1575965,ticker,
14257,54614,55609910,55609910,MGNX,Q,2021-01-04,2025-12-31,True,1125345,ticker,
14258,54615,73754Y10,,,X,2021-01-04,2025-10-23,False,,no_edgar_ticker,
14262,54619,83587F20,,,X,2021-01-04,2023-02-23,False,,no_edgar_ticker,
14263,54620,92337F10,92337F10,VCYT,Q,2021-01-04,2025-12-31,True,1384101,ticker,
14268,54623,10482B10,10482B10,BHR,N,2021-01-04,2025-12-31,True,1574085,ticker,
14273,54627,16309210,16309210,CHGG,N,2021-01-04,2025-12-31,True,1364954,ticker,
14274,54628,21075120,,,X,2021-01-04,2024-12-10,False,,no_edgar_ticker,
14276,20626,27746140,27746140,KODK,N,2021-01-04,2025-12-31,True,31235,ticker,
14279,14228,30224P20,,,X,2021-01-04,2021-06-16,False,,no_edgar_ticker,
14295,54638,90184L10,,,X,2021-01-04,2022-10-28,False,,no_edgar_ticker,
14296,54640,92719W20,92719W20,VNCE,Q,2021-01-04,2025-12-31,True,1579157,ticker,
14310,54651,31931U10,31931U10,FRBA,Q,2021-01-04,2025-12-31,True,,no_edgar_ticker,
14312,54653,44157R10,,,X,2021-01-04,2022-04-07,False,,no_edgar_ticker,
14313,54654,45162220,45162220,IPWR,Q,2021-01-04,2025-12-31,True,1507957,ticker,
14316,54655,48576U20,48576U20,KPTI,Q,2021-01-04,2025-12-31,True,1503802,ticker,
14317,54657,50187T10,50187T10,LGIH,Q,2021-01-04,2025-12-31,True,1580670,ticker,
14318,54658,62920930,62920930,NMIH,Q,2021-01-04,2025-12-31,True,1547903,ticker,
14325,54662,87537220,87537220,TNDM,Q,2021-01-04,2025-12-31,True,1438133,ticker,
14328,54665,00165C30,00165C30,AMC,N,2021-01-04,2025-12-31,True,1411579,ticker,
14329,54666,03852U10,03852U10,ARMK,N,2021-01-04,2025-12-31,True,1584509,ticker,
14334,54668,14912Y20,,,X,2021-01-04,2022-09-15,False,,no_edgar_ticker,
14338,54672,43300A20,43300A20,HLT,N,2021-01-04,2025-12-31,True,1585689,ticker,
14339,54673,53632A30,53632A30,LIQT,Q,2021-01-04,2025-12-31,True,1307579,ticker,
14352,54680,49457710,,,X,2021-01-04,2021-08-30,False,,no_edgar_ticker,
14355,54682,76283130,,,X,2021-01-04,2023-11-08,False,,no_edgar_ticker,
14358,54684,59134N30,,,X,2021-01-04,2024-08-21,False,,no_edgar_ticker,
14359,54685,98401F10,98401F10,XNCR,Q,2021-01-04,2025-12-31,True,1326732,ticker,
14400,54701,64537010,,,X,2021-01-04,2021-09-08,False,,no_edgar_ticker,
14401,54702,68235P10,68235P10,OGS,N,2021-01-04,2025-12-31,True,1587732,ticker,
14406,54703,28618M10,28618M10,ESI,N,2021-01-04,2025-12-31,True,1590714,ticker,
14414,54706,80283M10,,,X,2021-01-04,2022-01-31,False,,no_edgar_ticker,
14419,54711,62856X30,62856X30,QCLS,Q,2021-01-04,2025-12-31,True,1321834,ticker,
14422,54713,14075530,14075530,TVRD,Q,2021-01-04,2025-12-31,True,1346830,ticker,
14423,54714,28249U20,,,X,2021-01-04,2024-04-11,False,,no_edgar_ticker,
14426,54717,25303110,,,X,2021-01-04,2021-12-28,False,,no_edgar_ticker,
14431,54718,G2545C10,G2545C10,CBIO,Q,2021-01-04,2025-12-31,True,1253689,ticker,
14432,54720,46116X10,,,X,2021-01-04,2025-04-02,False,,no_edgar_ticker,
14433,54656,24549610,,,X,2021-01-04,2022-03-08,False,,no_edgar_ticker,
14434,54721,56117J10,56117J10,MBUU,Q,2021-01-04,2025-12-31,True,1590976,ticker,
14435,54722,66979P30,66979P30,XWIN,Q,2021-01-04,2025-12-31,True,,no_edgar_ticker,
14436,54723,90400D10,90400D10,RARE,Q,2021-01-04,2025-12-31,True,1515673,ticker,
14440,54724,89422G10,89422G10,TVTX,Q,2021-01-04,2025-12-31,True,1438533,ticker,
14441,54725,82005410,,,X,2021-01-04,2021-09-02,False,,no_edgar_ticker,
14442,54726,89532E30,,,X,2021-01-04,2024-10-08,False,,no_edgar_ticker,
14444,54727,82939270,82939270,SINT,Q,2021-01-04,2025-12-31,True,1269026,ticker,
14449,54730,09072V60,,,X,2021-01-04,2023-10-25,False,,no_edgar_ticker,
14451,54733,20602210,,,X,2021-01-04,2023-03-06,False,,no_edgar_ticker,
14452,54734,14216R10,,,X,2021-01-04,2025-10-13,False,,no_edgar_ticker,
14456,54736,26979610,,,X,2021-01-04,2024-10-03,False,,no_edgar_ticker,
14457,54737,33938J10,,,X,2021-01-04,2021-11-19,False,,no_edgar_ticker,
14458,54738,37242740,,,X,2021-01-04,2022-06-03,False,,no_edgar_ticker,
14459,54739,45780L10,45780L10,INGN,Q,2021-01-04,2025-12-31,True,1294133,ticker,
14467,54743,76133010,,,X,2021-01-04,2025-02-06,False,,no_edgar_ticker,
14468,54744,71880W50,71880W50,PHIO,Q,2021-01-04,2025-12-31,True,1533040,ticker,
14469,54745,81684M10,81684M10,SMLR,Q,2021-01-04,2025-12-31,True,,no_edgar_ticker,
14472,54748,92228010,92228010,VRNS,Q,2021-01-04,2025-12-31,True,1361113,ticker,
14479,54750,45780R10,45780R10,IBP,N,2021-01-04,2025-12-31,True,1580905,ticker,
14487,54752,49926D10,49926D10,KN,N,2021-01-04,2025-12-31,True,1587523,ticker,
14489,54753,50574310,50574310,LADR,N,2021-01-04,2025-12-31,True,1577670,ticker,
14490,54754,36472T10,36472T10,TDAY,N,2021-01-04,2025-12-31,True,1579684,ticker,
14495,54756,00212110,00212110,ATEN,N,2021-01-04,2025-12-31,True,1580808,ticker,
14497,54757,00507W20,00507W20,ATNM,A,2021-01-04,2025-12-31,True,1388320,ticker,
14500,54760,09627J10,,,X,2021-01-04,2022-10-06,False,,no_edgar_ticker,
14502,54761,14862Q10,,,X,2021-01-04,2022-02-17,False,,no_edgar_ticker,
14503,54762,69007J30,69007J30,OUT,N,2021-01-04,2025-12-31,True,1579877,ticker,
14504,54763,74911910,,,X,2021-01-04,2023-09-05,False,,no_edgar_ticker,
14516,54769,74736L10,74736L10,QTWO,N,2021-01-04,2025-12-31,True,1410384,ticker,
14521,54772,89628810,89628810,TNET,N,2021-01-04,2025-12-31,True,937098,ticker,
14523,54774,90137F50,90137F50,XXII,Q,2021-01-04,2025-12-31,True,1347858,ticker,
14526,317,03759810,03759810,APOG,Q,2021-01-04,2025-12-31,True,6845,ticker,
14528,54777,03820J10,,,X,2021-01-04,2022-12-01,False,,no_edgar_ticker,
14531,54779,00972D10,00972D10,AKBA,Q,2021-01-04,2025-12-31,True,1517022,ticker,
14532,54780,00181T10,00181T10,GOLD,N,2021-01-04,2025-12-31,True,1591588,ticker,
14535,54781,64135M10,64135M10,NGNE,Q,2021-01-04,2025-12-31,True,1404644,ticker,
14536,54782,09057N40,,,X,2021-01-04,2025-02-19,False,,no_edgar_ticker,
14538,54784,72942A10,,,X,2021-01-04,2023-04-13,False,,no_edgar_ticker,
14541,20440,16676410,16676410,CVX,N,2021-01-04,2025-12-31,True,93410,ticker,
14542,45483,02079K10,02079K10,GOOG,Q,2021-01-04,2025-12-31,True,1652044,ticker,
14543,54719,09530610,09530610,BLBD,Q,2021-01-04,2025-12-31,True,1589526,ticker,
14544,54786,51509F10,51509F10,LE,Q,2021-01-04,2025-12-31,True,799288,ticker,
14545,54787,53630X20,53630X20,LPCN,Q,2021-01-04,2025-12-31,True,1535955,ticker,
14547,54790,70438V10,70438V10,PCTY,Q,2021-01-04,2025-12-31,True,1591698,ticker,
14548,54791,74316X10,,,X,2021-01-04,2025-01-03,False,,no_edgar_ticker,
14550,54792,75629F10,,,X,2021-01-04,2024-04-08,False,,no_edgar_ticker,
14551,54793,74584P30,74584P30,PULM,Q,2021-01-04,2025-12-31,True,1574235,ticker,
14554,54796,90214J20,,,X,2021-01-04,2024-08-07,False,,no_edgar_ticker,
14555,54797,03890D10,,,X,2021-01-04,2024-01-29,False,,no_edgar_ticker,
14556,54798,29272C30,29272C30,WATT,Q,2021-01-04,2025-12-31,True,1575793,ticker,
14558,53687,02005N10,02005N10,ALLY,N,2021-01-04,2025-12-31,True,40729,ticker,
14559,54800,17858710,17858710,CIO,N,2021-01-04,2025-12-31,True,,no_edgar_ticker,
14566,54804,31154R10,31154R10,FPI,N,2021-01-04,2025-12-31,True,1591670,ticker,
14567,54805,40011010,,,X,2021-01-04,2021-06-15,False,,no_edgar_ticker,
14574,54809,60786M10,60786M10,MC,N,2021-01-04,2025-12-31,True,1596967,ticker,
14579,54812,70432V10,70432V10,PAYC,N,2021-01-04,2025-12-31,True,1590955,ticker,
14580,54813,55955D10,55955D10,MGNI,Q,2021-01-04,2025-12-31,True,1595974,ticker,
14589,54816,00548A10,,,X,2021-01-04,2021-11-24,False,,no_edgar_ticker,
14590,54731,00856G10,,,X,2021-01-04,2023-03-31,False,,no_edgar_ticker,
14591,54817,23666P20,23666P20,DARE,Q,2021-01-04,2025-12-31,True,1401914,ticker,
14593,7,03783310,03783310,AAPL,Q,2021-01-04,2025-12-31,True,320193,ticker,
14596,54820,33830710,33830710,FIVN,Q,2021-01-04,2025-12-31,True,1288847,ticker,
14599,54822,42588510,42588510,HNNA,Q,2021-01-04,2025-12-31,True,1145255,ticker,
14601,54824,63938C10,63938C10,NAVI,Q,2021-01-04,2025-12-31,True,1593538,ticker,
14603,54826,71742Q10,71742Q10,PAHC,Q,2021-01-04,2025-12-31,True,1069899,ticker,
14604,54827,71104010,71104010,PFIS,Q,2021-01-04,2025-12-31,True,1056943,ticker,
14607,54828,30329Y30,30329Y30,FGNX,Q,2021-01-04,2025-12-31,True,1591890,ticker,
14608,54830,78573M10,78573M10,SABR,Q,2021-01-04,2025-12-31,True,1597033,ticker,
14609,54831,84920Y10,84920Y10,SPWH,Q,2021-01-04,2025-12-31,True,1132105,ticker,
14610,54832,98423K40,98423K40,XTIA,Q,2021-01-04,2025-12-31,True,1529113,ticker,
14615,54835,4525EP10,4525EP10,IMUX,Q,2021-01-04,2025-12-31,True,1280776,ticker,
14617,54837,03990B10,03990B10,ARES,N,2021-01-04,2025-12-31,True,1176948,ticker,
14625,54841,42727J10,42727J10,HRTG,N,2021-01-04,2025-12-31,True,1598665,ticker,
14632,54844,67011P10,67011P10,DNOW,N,2021-01-04,2025-12-31,True,1599617,ticker,
14634,54846,70187710,,,X,2021-01-04,2021-01-13,False,,no_edgar_ticker,
14636,54848,86815310,,,X,2021-01-04,2024-08-01,False,,no_edgar_ticker,
14638,54850,93964W40,,,X,2021-01-04,2021-09-30,False,,no_edgar_ticker,
14641,54851,98936J10,,,X,2021-01-04,2022-11-22,False,,no_edgar_ticker,
14645,54855,00847L30,,,X,2021-01-04,2024-03-26,False,,no_edgar_ticker,
14647,54857,01438T10,01438T10,ALDX,Q,2021-01-04,2025-12-31,True,1341235,ticker,
14650,54858,06654A10,06654A10,BWFG,Q,2021-01-04,2025-12-31,True,1505732,ticker,
14651,54859,14174T10,14174T10,CTRE,N,2021-01-04,2025-12-31,True,1590717,ticker,
14653,54861,32086610,32086610,FMBH,Q,2021-01-04,2025-12-31,True,700565,ticker,
14663,54866,74836W20,74836W20,QRHC,Q,2021-01-04,2025-12-31,True,1442236,ticker,
14667,54867,76118L10,,,X,2021-01-04,2022-03-28,False,,no_edgar_ticker,
14668,54868,81129220,81129220,SCYX,Q,2021-01-04,2025-12-31,True,1178253,ticker,
14670,54870,81768T10,81768T10,SFBS,N,2021-01-04,2025-12-31,True,1430723,ticker,
14675,54873,87876P20,87876P20,TGEN,A,2021-01-04,2025-12-31,True,1537435,ticker,
14677,54875,89785L10,89785L10,TRUE,Q,2021-01-04,2025-12-31,True,,no_edgar_ticker,
14682,54876,75508B10,75508B10,RYAM,N,2021-01-04,2025-12-31,True,1597672,ticker,
14684,54878,88739910,88739910,MTUS,N,2021-01-04,2025-12-31,True,1598428,ticker,
14686,54879,25401T60,25401T60,DBRG,N,2021-01-04,2025-12-31,True,1679688,ticker,
14688,54881,03209R10,03209R10,AMPH,Q,2021-01-04,2025-12-31,True,1297184,ticker,
14689,54882,00770K20,00770K20,AMTX,Q,2021-01-04,2025-12-31,True,738214,ticker,
14690,54883,03969710,03969710,ARDX,Q,2021-01-04,2025-12-31,True,1437402,ticker,
14691,54884,23257D10,,,X,2021-01-04,2024-03-22,False,,no_edgar_ticker,
14693,54886,15117P10,,,X,2021-01-04,2021-02-22,False,,no_edgar_ticker,
14694,54888,38268T10,38268T10,GPRO,Q,2021-01-04,2025-12-31,True,1500435,ticker,
14696,54891,59408Q10,,,X,2021-01-04,2021-04-15,False,,no_edgar_ticker,
14702,194,03822210,03822210,AMAT,Q,2021-01-04,2025-12-31,True,6951,ticker,
14707,54898,75046920,,,X,2021-01-04,2022-08-15,False,,no_edgar_ticker,
14708,54899,92790C10,92790C10,VRDN,Q,2021-01-04,2025-12-31,True,1590750,ticker,
14711,54904,51712510,51712510,LRMR,Q,2021-01-04,2025-12-31,True,1374690,ticker,
14714,54907,04041320,04041320,ANET,N,2021-01-04,2025-12-31,True,1596532,ticker,
14715,54908,04523Y10,04523Y10,ASPN,N,2021-01-04,2025-12-31,True,1145986,ticker,
14716,54909,15650430,15650430,CCS,N,2021-01-04,2025-12-31,True,1576940,ticker,
14720,54913,00848K30,00848K30,UAVS,A,2021-01-04,2025-12-31,True,8504,ticker,
14750,54920,88087E10,,,X,2021-01-04,2022-10-12,False,,no_edgar_ticker,
14751,54923,92345410,,,X,2021-01-04,2023-11-30,False,,no_edgar_ticker,
14759,54929,00790R10,00790R10,WMS,N,2021-01-04,2025-12-31,True,1604028,ticker,
14761,352,89464810,,,X,2021-01-04,2022-06-27,False,,no_edgar_ticker,
14763,54931,14880610,,,X,2021-01-04,2024-12-18,False,,no_edgar_ticker,
14773,54933,69888T20,69888T20,PARR,N,2021-01-04,2025-12-31,True,821483,ticker,
14776,54936,87165B10,87165B10,SYF,N,2021-01-04,2025-12-31,True,1601712,ticker,
14778,54938,89223110,89223110,TSQ,N,2021-01-04,2025-12-31,True,1499832,ticker,
14781,54939,89609W10,,,X,2021-01-04,2021-05-25,False,,no_edgar_ticker,
14782,54940,89820210,89820210,TRUP,Q,2021-01-04,2025-12-31,True,1371285,ticker,
14790,54946,00773U20,,,X,2021-01-04,2025-12-09,False,,no_edgar_ticker,
14795,21758,88738910,88738910,TKR,N,2021-01-04,2025-12-31,True,98362,ticker,
14797,54951,14167L10,14167L10,CDNA,Q,2021-01-04,2025-12-31,True,1217234,ticker,
14803,54955,42226A10,42226A10,HQY,Q,2021-01-04,2025-12-31,True,1428336,ticker,
14807,54958,46266A10,46266A10,IRMD,Q,2021-01-04,2025-12-31,True,1325618,ticker,
14810,54959,46134L10,46134L10,ISTR,Q,2021-01-04,2025-12-31,True,1602658,ticker,
14811,54311,53122975,53122975,FWONK,Q,2021-01-04,2025-12-31,True,1560385,ticker,
14812,54960,26860310,26860310,LOCO,Q,2021-01-04,2025-12-31,True,1606366,ticker,
14813,54961,56578810,56578810,MARA,Q,2021-01-04,2025-12-31,True,1507605,ticker,
14815,54963,56854Q20,,,X,2021-01-04,2025-02-11,False,,no_edgar_ticker,
14816,21763,89051610,89051610,TR,N,2021-01-04,2025-12-31,True,98677,ticker,
14818,54964,14167R10,14167R10,CCLD,Q,2021-01-04,2025-12-31,True,1582982,ticker,
14820,54965,58406B20,,,X,2021-01-04,2024-02-13,False,,no_edgar_ticker,
14822,54967,60338020,60338020,NERV,Q,2021-01-04,2025-12-31,True,1598646,ticker,
14823,54968,67576A10,67576A10,OCUL,Q,2021-01-04,2025-12-31,True,1393434,ticker,
14828,54971,78667J10,,,X,2021-01-04,2025-07-31,False,,no_edgar_ticker,
14830,54973,92556D30,,,X,2021-01-04,2024-06-14,False,,no_edgar_ticker,
14836,54980,46071F10,,,X,2021-01-04,2022-05-13,False,,no_edgar_ticker,
14852,54984,45341560,,,X,2021-01-04,2024-08-29,False,,no_edgar_ticker,
14855,54985,78375410,78375410,RYI,N,2021-01-04,2025-12-31,True,,no_edgar_ticker,
14862,54990,15117F88,15117F88,CLRB,Q,2021-01-04,2025-12-31,True,1279704,ticker,
14872,54995,53146510,,,X,2021-01-04,2023-10-30,False,,no_edgar_ticker,
14873,54995,53146520,,,X,2021-01-04,2023-10-30,False,,no_edgar_ticker,
14874,54996,68906L10,,,X,2021-01-04,2022-12-23,False,,no_edgar_ticker,
14877,54976,53263P10,53263P10,LMB,Q,2021-01-04,2025-12-31,True,1606163,ticker,
14879,54998,89853L30,,,X,2021-01-04,2025-02-12,False,,no_edgar_ticker,
14882,55000,12769G10,12769G10,CZR,Q,2021-01-04,2025-12-31,True,1590895,ticker,
14884,55001,92242T10,92242T10,VVX,N,2021-01-04,2025-12-31,True,1601548,ticker,
14889,55006,17461010,17461010,CFG,N,2021-01-04,2025-12-31,True,759944,ticker,
14908,55013,58503T20,,,X,2021-01-04,2021-07-07,False,,no_edgar_ticker,
14925,55022,10501E30,,,X,2021-01-04,2025-07-18,False,,no_edgar_ticker,
14926,55023,12508E10,,,X,2021-01-04,2022-07-06,False,,no_edgar_ticker,
14927,54953,21232640,,,X,2021-01-04,2023-11-09,False,,no_edgar_ticker,
14930,55026,36192A10,,,X,2021-01-04,2022-04-29,False,,no_edgar_ticker,
14932,55027,59630420,59630420,MBCN,Q,2021-01-04,2025-12-31,True,,no_edgar_ticker,
14934,55028,67091J60,,,X,2021-01-04,2025-06-02,False,,no_edgar_ticker,
14937,55031,28617K10,28617K10,ELDN,Q,2021-01-04,2025-12-31,True,1404281,ticker,
14939,55033,49338L10,49338L10,KEYS,N,2021-01-04,2025-12-31,True,1601046,ticker,
14941,55034,05350V10,05350V10,AVNS,N,2021-01-04,2025-12-31,True,,no_edgar_ticker,
14942,55035,49428J10,49428J10,KE,Q,2021-01-04,2025-12-31,True,1606757,ticker,
14943,55036,12479G10,12479G10,CBFV,Q,2021-01-04,2025-12-31,True,1605301,ticker,
14944,55037,53030710,53030710,LBRDA,Q,2021-01-04,2025-12-31,True,1611983,ticker,
14951,55040,05601C10,05601C10,BGSF,N,2021-01-04,2025-12-31,True,1474903,ticker,
14953,55042,09940610,09940610,BOOT,N,2021-01-04,2025-12-31,True,1610250,ticker,
14960,55047,29357K10,29357K10,ENVA,N,2021-01-04,2025-12-31,True,1529864,ticker,
14969,55050,39141610,,,X,2021-01-04,2022-02-01,False,,no_edgar_ticker,
14970,55051,44357310,44357310,HUBS,N,2021-01-04,2025-12-31,True,1404655,ticker,
14974,55054,64869110,,,X,2021-01-04,2021-09-21,False,,no_edgar_ticker,
14983,55060,94419L10,94419L10,W,N,2021-01-04,2025-12-31,True,1616707,ticker,
14985,55062,10948W10,10948W10,AAMI,N,2021-01-04,2025-12-31,True,1748824,ticker,
14988,55037,53030730,53030730,LBRDK,Q,2021-01-04,2025-12-31,True,1611983,ticker,
14991,55066,04651320,04651320,ATRA,Q,2021-01-04,2025-12-31,True,1604464,ticker,
14995,55070,13089P50,,,X,2021-01-04,2023-02-02,False,,no_edgar_ticker,
15014,55082,23833710,23833710,PLAY,Q,2021-01-04,2025-12-31,True,1525769,ticker,
15015,55083,74365U10,74365U10,TARA,Q,2021-01-04,2025-12-31,True,1359931,ticker,
15016,55084,82621J20,,,X,2021-01-04,2024-02-22,False,,no_edgar_ticker,
15022,55085,92345110,,,X,2021-01-04,2025-10-20,False,,no_edgar_ticker,
15028,55088,04410410,,,X,2021-01-04,2024-07-29,False,,no_edgar_ticker,
15046,55095,64157F10,,,X,2021-01-04,2025-04-03,False,,no_edgar_ticker,
15048,55097,69924R10,,,X,2021-01-04,2025-12-19,False,,no_edgar_ticker,
15052,55098,86212110,,,X,2021-01-04,2023-02-03,False,,no_edgar_ticker,
15056,55102,00089910,00089910,ADMA,Q,2021-01-04,2025-12-31,True,1368514,ticker,
15057,55103,03815U60,03815U60,BNBX,Q,2021-01-04,2025-12-31,True,744452,ticker,
15058,55104,83420330,83420330,SLNO,Q,2021-01-04,2025-12-31,True,,no_edgar_ticker,
15059,55105,19249H10,19249H10,CHRS,Q,2021-01-04,2025-12-31,True,1512762,ticker,
15062,55108,92854B10,92854B10,VANI,Q,2021-01-04,2025-12-31,True,1266806,ticker,
15064,55109,32026V10,32026V10,FFWM,N,2021-01-04,2025-12-31,True,,no_edgar_ticker,
15065,55110,31572Q88,31572Q88,FGEN,Q,2021-01-04,2025-12-31,True,,no_edgar_ticker,
15067,55111,35803910,35803910,FRPT,Q,2021-01-04,2025-12-31,True,1611647,ticker,
15069,21795,56584910,,,X,2021-01-04,2024-11-22,False,,no_edgar_ticker,
15070,1940,04274410,04274410,AROW,Q,2021-01-04,2025-12-31,True,717538,ticker,
15071,55113,87166B10,,,X,2021-01-04,2023-09-28,False,,no_edgar_ticker,
15072,55114,47973J10,47973J10,JYNT,Q,2021-01-04,2025-12-31,True,1612630,ticker,
15075,55117,30048L20,,,X,2021-01-04,2022-08-11,False,,no_edgar_ticker,
15079,55119,69354M10,,,X,2021-01-04,2021-07-01,False,,no_edgar_ticker,
15084,55123,89679E30,89679E30,TFIN,N,2021-01-04,2025-12-31,True,1539638,ticker,
15087,55124,91544A10,91544A10,UPLD,Q,2021-01-04,2025-12-31,True,1505155,ticker,
15092,55129,52603A20,52603A20,LC,N,2021-01-04,2025-12-31,True,,no_edgar_ticker,
15108,55133,64829B10,,,X,2021-01-04,2023-11-08,False,,no_edgar_ticker,
15119,55141,98139A10,98139A10,WK,N,2021-01-04,2025-12-31,True,1445305,ticker,
15125,55143,07948140,,,X,2021-01-04,2023-06-02,False,,no_edgar_ticker,
15127,55146,23283X20,23283X20,CTSO,Q,2021-01-04,2025-12-31,True,1175151,ticker,
15129,55078,45782N10,45782N10,INSE,Q,2021-01-04,2025-12-31,True,1615063,ticker,
15132,55148,67577C10,67577C10,OCGN,Q,2021-01-04,2025-12-31,True,1372299,ticker,
15133,55149,46990A10,46990A10,JRVR,Q,2021-01-04,2025-12-31,True,1620459,ticker,
15139,54901,64361Q10,64361Q10,VNOM,Q,2021-01-04,2025-12-31,True,2074176,ticker,
15142,55155,91704F10,91704F10,UE,N,2021-01-04,2025-12-31,True,1611547,ticker,
15144,55157,70338W10,,,X,2021-01-04,2023-12-22,False,,no_edgar_ticker,
15145,55158,10316T10,10316T10,BOX,N,2021-01-04,2025-12-31,True,1372612,ticker,
15167,55162,81904710,81904710,SHAK,N,2021-01-04,2025-12-31,True,1620533,ticker,
15168,55163,92837710,,,X,2021-01-04,2024-11-27,False,,no_edgar_ticker,
15172,55167,05373487,,,X,2021-01-04,2025-02-18,False,,no_edgar_ticker,
15177,55169,79400X50,79400X50,SLRX,Q,2021-01-04,2025-12-31,True,,no_edgar_ticker,
15178,55170,33583410,33583410,FNWB,Q,2021-01-04,2025-12-31,True,1556727,ticker,
15180,55171,22190710,,,X,2021-01-04,2021-12-06,False,,no_edgar_ticker,
15184,55175,89237H30,,,X,2021-01-04,2024-06-28,False,,no_edgar_ticker,
15186,55176,92921W30,92921W30,VUZI,Q,2021-01-04,2025-12-31,True,1463972,ticker,
15187,55177,98979H30,,,X,2021-01-04,2022-06-13,False,,no_edgar_ticker,
15194,55181,27616P30,27616P30,DEA,N,2021-01-04,2025-12-31,True,1622194,ticker,
15196,55182,38983D85,38983D85,RPT,N,2021-01-04,2025-12-31,True,1614806,ticker,
15198,55184,46185L10,,,X,2021-01-04,2024-02-06,False,,no_edgar_ticker,
15202,21876,92916010,92916010,VMC,N,2021-01-04,2025-12-31,True,1396009,ticker,
15203,357,04316810,04316810,ARTW,Q,2021-01-04,2025-12-31,True,7623,ticker,
15215,55187,92866110,92866110,VNRX,A,2021-01-04,2025-12-31,True,93314,ticker,
15216,55188,98401710,98401710,XHR,N,2021-01-04,2025-12-31,True,1616000,ticker,
15218,55191,07877130,,,X,2021-01-04,2023-10-16,False,,no_edgar_ticker,
15219,55193,42689740,,,X,2021-01-04,2025-05-13,False,,no_edgar_ticker,
15220,55195,45781D10,,,X,2021-01-04,2021-11-24,False,,no_edgar_ticker,
15221,55196,77313F10,77313F10,RCKT,Q,2021-01-04,2025-12-31,True,1281895,ticker,
15222,55197,46226010,46226010,IOVA,Q,2021-01-04,2025-12-31,True,1425205,ticker,
15226,55200,03676C10,03676C10,ATEX,Q,2021-01-04,2025-12-31,True,1304492,ticker,
15231,55202,65341D10,65341D10,NXRT,N,2021-01-04,2025-12-31,True,1620393,ticker,
15254,377,29358Y20,,,X,2021-01-04,2024-11-04,False,,no_edgar_ticker,
15264,55208,86614U10,,,X,2021-01-04,2025-02-11,False,,no_edgar_ticker,
15271,55174,30162V80,,,X,2021-01-04,2024-11-08,False,,no_edgar_ticker,
15272,55214,83417M10,83417M10,SEDG,Q,2021-01-04,2025-12-31,True,1419612,ticker,
15273,55215,86803X20,,,X,2021-01-04,2024-02-15,False,,no_edgar_ticker,
15278,55219,69924M10,69924M10,PZG,A,2021-01-04,2025-12-31,True,1629210,ticker,
15279,55220,91293210,91293210,UNIT,Q,2021-01-04,2025-12-31,True,2020795,ticker,
15282,55222,16961L10,,,X,2021-01-04,2023-08-11,False,,no_edgar_ticker,
15284,55224,09627Y10,,,X,2021-01-04,2025-07-18,False,,no_edgar_ticker,
15285,55225,48349710,48349710,KALV,Q,2021-01-04,2025-12-31,True,,no_edgar_ticker,
15286,55226,17175720,17175720,CDTX,Q,2021-01-04,2025-12-31,True,,no_edgar_ticker,
15287,55227,21833P30,21833P30,CRBP,Q,2021-01-04,2025-12-31,True,1595097,ticker,
15291,55229,29786A10,29786A10,ETSY,N,2021-01-04,2025-12-31,True,1370637,ticker,
15293,55212,65342K10,65342K10,NEXT,Q,2021-01-04,2025-12-31,True,1612720,ticker,
15294,55230,48844520,48844520,ZVRA,Q,2021-01-04,2025-12-31,True,1434647,ticker,
15297,55232,46186M60,,,X,2021-01-04,2024-02-13,False,,no_edgar_ticker,
15302,55235,92825410,92825410,VIRT,N,2021-01-04,2025-12-31,True,1592386,ticker,
15303,55236,92686J10,92686J10,VKTX,Q,2021-01-04,2025-12-31,True,1607678,ticker,
15313,55240,29415B10,,,X,2021-01-04,2024-10-04,False,,no_edgar_ticker,
15315,55241,38023710,38023710,GDDY,N,2021-01-04,2025-12-31,True,1609711,ticker,
15318,362,04548710,04548710,ASB,N,2021-01-04,2025-12-31,True,7789,ticker,
15327,55244,70214910,,,X,2021-01-04,2023-01-18,False,,no_edgar_ticker,
15332,54466,18539C20,18539C20,CWEN,N,2021-01-04,2025-12-31,True,1567683,ticker,
15338,55250,03784Y20,03784Y20,APLE,N,2021-01-04,2025-12-31,True,1418121,ticker,
15343,55253,20369C10,20369C10,CHCT,N,2021-01-04,2025-12-31,True,1631569,ticker,
15351,55257,G3730V10,G3730V10,FTAI,Q,2021-01-04,2025-12-31,True,1590364,ticker,
15371,55270,19459J10,19459J10,COLL,Q,2021-01-04,2025-12-31,True,1267565,ticker,
15374,55274,40434H30,,,X,2021-01-04,2023-06-15,False,,no_edgar_ticker,
15375,55275,47010C88,47010C88,JAGX,Q,2021-01-04,2025-12-31,True,1585608,ticker,
15378,55276,00212020,00212020,ATYR,Q,2021-01-04,2025-12-31,True,1339970,ticker,
15380,55278,68234L40,,,X,2021-01-04,2023-06-26,False,,no_edgar_ticker,
15381,55279,68373L50,,,X,2021-01-04,2024-08-20,False,,no_edgar_ticker,
15382,55280,03901430,03901430,RKDA,Q,2021-01-04,2025-12-31,True,1469443,ticker,
15383,55281,88338K10,88338K10,STKS,Q,2021-01-04,2025-12-31,True,1399520,ticker,
15390,55284,33812L10,,,X,2021-01-04,2021-01-14,False,,no_edgar_ticker,
15395,55287,12685J10,12685J10,CABO,N,2021-01-04,2025-12-31,True,1632127,ticker,
15396,55288,05614L20,05614L20,BW,N,2021-01-04,2025-12-31,True,1630805,ticker,
15397,55289,89055F10,89055F10,BLD,N,2021-01-04,2025-12-31,True,,no_edgar_ticker,
15398,55290,16385110,16385110,CC,N,2021-01-04,2025-12-31,True,1627223,ticker,
15399,55291,44052W10,,,X,2021-01-04,2023-02-08,False,,no_edgar_ticker,
15400,55292,29272W10,29272W10,ENR,N,2021-01-04,2025-12-31,True,1632790,ticker,
15407,55295,81255T10,,,X,2021-01-04,2023-01-05,False,,no_edgar_ticker,
15408,55296,50075410,50075410,KHC,Q,2021-01-04,2025-12-31,True,1637459,ticker,
15409,55297,01164210,01164210,ALRM,Q,2021-01-04,2025-12-31,True,1459200,ticker,
15410,55298,03783C10,03783C10,APPF,Q,2021-01-04,2025-12-31,True,1433195,ticker,
15416,55302,04635X10,04635X10,ATXS,Q,2021-01-04,2025-12-31,True,,no_edgar_ticker,
15417,55303,15130G87,15130G87,CETX,Q,2021-01-04,2025-12-31,True,1435064,ticker,
15429,55313,51654410,51654410,LNTH,Q,2021-01-04,2025-12-31,True,1521036,ticker,
15431,55315,81750R20,81750R20,MCRB,Q,2021-01-04,2025-12-31,True,1609809,ticker,
15432,55316,02083G10,,,X,2021-01-04,2024-05-20,False,,no_edgar_ticker,
15433,55317,69794710,69794710,PVLA,Q,2021-01-04,2025-12-31,True,1583648,ticker,
15435,55319,02134710,,,X,2021-01-04,2021-10-01,False,,no_edgar_ticker,
15436,55320,74754R30,74754R30,AIXC,Q,2021-01-04,2025-12-31,True,1460702,ticker,
15440,55321,97415510,97415510,WING,Q,2021-01-04,2025-12-31,True,1636222,ticker,
15443,55323,88708020,,,X,2021-01-04,2023-11-29,False,,no_edgar_ticker,
15452,55326,30050B10,30050B10,EVH,N,2021-01-04,2025-12-31,True,1628908,ticker,
15454,55327,37732210,37732210,GKOS,N,2021-01-04,2025-12-31,True,1192448,ticker,
15455,55328,37937820,37937820,GNL,N,2021-01-04,2025-12-31,True,1526113,ticker,
15456,21936,34484910,,,X,2021-01-04,2025-09-08,False,,no_edgar_ticker,
15457,397,04643310,04643310,ATRO,Q,2021-01-04,2025-12-31,True,8063,ticker,
15478,55335,89400J10,89400J10,TRU,N,2021-01-04,2025-12-31,True,1552033,ticker,
15482,55337,91336L10,,,X,2021-01-04,2023-08-01,False,,no_edgar_ticker,
15486,55339,82939910,,,X,2021-01-04,2023-03-23,False,,no_edgar_ticker,
15488,55341,70450Y10,70450Y10,PYPL,Q,2021-01-04,2025-12-31,True,1633917,ticker,
15489,55342,06777U20,06777U20,BNED,N,2021-01-04,2025-12-31,True,1634117,ticker,
15490,55343,55024U10,55024U10,LITE,Q,2021-01-04,2025-12-31,True,1633978,ticker,
15491,55344,00808Y60,00808Y60,AEMD,Q,2021-01-04,2025-12-31,True,882291,ticker,
15493,55345,03837J30,03837J30,AQMS,Q,2021-01-04,2025-12-31,True,1621832,ticker,
15496,55347,20717E20,,,X,2021-01-04,2023-09-05,False,,no_edgar_ticker,
15497,55348,16706W10,,,X,2021-01-04,2021-08-06,False,,no_edgar_ticker,
15505,55349,75956B10,,,X,2021-01-04,2022-01-03,False,,no_edgar_ticker,
15506,55350,22905030,22905030,CYRX,Q,2021-01-04,2025-12-31,True,1124524,ticker,
15507,55351,82640U40,,,X,2021-01-04,2022-07-01,False,,no_edgar_ticker,
15510,55355,49721T50,49721T50,KPRX,Q,2021-01-04,2025-12-31,True,1372514,ticker,
15525,55273,76674Q10,76674Q10,RMNI,Q,2021-01-04,2025-12-31,True,1635282,ticker,
15527,55361,53803X10,53803X10,LOB,N,2021-01-04,2025-12-31,True,1462120,ticker,
15530,55362,57637H10,57637H10,MCFT,Q,2021-01-04,2025-12-31,True,1638290,ticker,
15531,55363,64052L10,,,X,2021-01-04,2021-03-22,False,,no_edgar_ticker,
15533,55364,45256X10,45256X10,IBRX,Q,2021-01-04,2025-12-31,True,1326110,ticker,
15534,55365,63230710,63230710,NTRA,Q,2021-01-04,2025-12-31,True,1604821,ticker,
15535,55366,68111610,68111610,OLLI,Q,2021-01-04,2025-12-31,True,1639300,ticker,
15537,5225,04638F10,04638F10,ALOT,Q,2021-01-04,2025-12-31,True,8146,ticker,
15539,55368,74383L10,,,X,2021-01-04,2025-11-17,False,,no_edgar_ticker,
15540,55369,05580M10,05580M10,RILY,Q,2021-01-04,2025-12-31,True,1464790,ticker,
15541,55370,75342210,75342210,RPD,Q,2021-01-04,2025-12-31,True,1560327,ticker,
15542,55371,91838520,91838520,VTVT,Q,2021-01-04,2025-12-31,True,1641489,ticker,
15543,55373,98400M20,98400M20,XELB,Q,2021-01-04,2025-12-31,True,1083220,ticker,
15546,53853,98954M20,98954M20,Z,Q,2021-01-04,2025-12-31,True,1617640,ticker,
15579,21737,88250810,88250810,TXN,Q,2021-01-04,2025-12-31,True,97476,ticker,
15580,5,04820910,04820910,AAME,Q,2021-01-04,2025-12-31,True,8177,ticker,
15582,55377,68341610,68341610,OOMA,N,2021-01-04,2025-12-31,True,1327688,ticker,
15585,55379,87918A10,87918A10,TDOC,N,2021-01-04,2025-12-31,True,1477449,ticker,
15590,55381,90915J10,,,X,2021-01-04,2023-11-09,False,,no_edgar_ticker,
15623,55384,44159310,44159310,HLI,N,2021-01-04,2025-12-31,True,1302215,ticker,
15627,55386,72703H10,72703H10,PLNT,N,2021-01-04,2025-12-31,True,1637207,ticker,
15631,55390,08205P20,08205P20,BNTC,Q,2021-01-04,2025-12-31,True,1808898,ticker,
15636,55391,20731J10,20731J10,PRHI,Q,2021-01-04,2025-12-31,True,1502292,ticker,
15638,55393,37890U10,,,X,2021-01-04,2022-10-05,False,,no_edgar_ticker,
15639,55358,74640Y10,74640Y10,PRPL,Q,2021-01-04,2025-12-31,True,1643953,ticker,
15642,55395,45339J20,45339J20,INDP,Q,2021-01-04,2025-12-31,True,1857044,ticker,
15643,55396,86771W10,86771W10,RUN,Q,2021-01-04,2025-12-31,True,1469367,ticker,
15645,55398,74039M40,74039M40,AGPU,Q,2021-01-04,2025-12-31,True,1446159,ticker,
15646,55399,98986X10,,,X,2021-01-04,2023-10-11,False,,no_edgar_ticker,
15647,55400,78469X10,,,X,2021-01-04,2022-04-05,False,,no_edgar_ticker,
15648,55401,46609J10,,,X,2021-01-04,2021-09-30,False,,no_edgar_ticker,
15649,55402,55825T10,55825T10,MSGS,N,2021-01-04,2025-12-31,True,1636519,ticker,
15650,55403,69343T10,69343T10,PJT,N,2021-01-04,2025-12-31,True,1626115,ticker,
15651,55404,12640210,12640210,CSW,N,2021-01-04,2025-12-31,True,1624794,ticker,
15653,55407,40382910,40382910,GYRO,Q,2021-01-04,2025-12-31,True,1589061,ticker,
15654,55359,23753F10,,,X,2021-01-04,2024-04-02,False,,no_edgar_ticker,
15658,55410,75901B10,75901B10,RGNX,Q,2021-01-04,2025-12-31,True,1590877,ticker,
15662,55411,85238760,,,X,2021-01-04,2025-02-13,False,,no_edgar_ticker,
15664,55372,19200A20,19200A20,GDC,Q,2021-01-04,2025-12-31,True,1641398,ticker,
15694,55417,70975L10,70975L10,PEN,N,2021-01-04,2025-12-31,True,1321732,ticker,
15707,55421,42824C10,42824C10,HPE,N,2021-01-04,2025-12-31,True,1645590,ticker,
15709,55423,04826920,,,X,2021-01-04,2022-03-01,False,,no_edgar_ticker,
15710,55424,30227H10,,,X,2021-01-04,2022-10-13,False,,no_edgar_ticker,
15719,55426,35086T10,35086T10,FCPT,N,2021-01-04,2025-12-31,True,1650132,ticker,
15720,21543,28102010,28102010,EIX,N,2021-01-04,2025-12-31,True,827052,ticker,
15724,55428,71377A10,71377A10,PFGC,N,2021-01-04,2025-12-31,True,1618673,ticker,
15729,55429,74624M10,74624M10,PSTG,N,2021-01-04,2025-12-31,True,,no_edgar_ticker,
15774,55451,01748H10,,,X,2021-01-04,2022-10-03,False,,no_edgar_ticker,
15775,55452,00461U10,00461U10,ACRS,Q,2021-01-04,2025-12-31,True,1557746,ticker,
15776,55453,03279730,03279730,AVXL,Q,2021-01-04,2025-12-31,True,1314052,ticker,
15779,55456,23284F10,23284F10,CTMX,Q,2021-01-04,2025-12-31,True,1501989,ticker,
15782,55406,97137810,97137810,WSC,Q,2021-01-04,2025-12-31,True,1647088,ticker,
15784,55458,70465T10,70465T10,PDSB,Q,2021-01-04,2025-12-31,True,1472091,ticker,
15785,55394,44109J10,,,X,2021-01-04,2023-11-07,False,,no_edgar_ticker,
15787,55461,87166L20,87166L20,SYBX,Q,2021-01-04,2025-12-31,True,1527599,ticker,
15793,55466,12634H20,12634H20,PMTS,Q,2021-01-04,2025-12-31,True,1641614,ticker,
15795,55468,86881A10,86881A10,SGRY,Q,2021-01-04,2025-12-31,True,1638833,ticker,
15802,55471,04552810,,,X,2021-01-04,2025-09-05,False,,no_edgar_ticker,
15826,55474,85223410,85223410,XYZ,N,2021-01-04,2025-12-31,True,1512673,ticker,
15831,55477,05464T10,05464T10,AXSM,Q,2021-01-04,2025-12-31,True,1579428,ticker,
15833,55454,05338F30,05338F30,AVTX,Q,2021-01-04,2025-12-31,True,1534120,ticker,
15837,55479,26443V10,26443V10,DLTH,Q,2021-01-04,2025-12-31,True,1649744,ticker,
15838,55480,29460X10,29460X10,EQBK,N,2021-01-04,2025-12-31,True,1227500,ticker,
15840,55481,32043P10,32043P10,FGBI,Q,2021-01-04,2025-12-31,True,1408534,ticker,
15847,55484,50127T10,50127T10,KURA,Q,2021-01-04,2025-12-31,True,1422143,ticker,
15850,55487,57667L10,57667L10,MTCH,Q,2021-01-04,2025-12-31,True,891103,ticker,
15853,55488,74967R10,74967R10,RMR,Q,2021-01-04,2025-12-31,True,1644378,ticker,
15856,55490,92915B10,92915B10,VYGR,Q,2021-01-04,2025-12-31,True,1640266,ticker,
15859,55493,05351W10,,,X,2021-01-04,2024-12-23,False,,no_edgar_ticker,
15860,55056,69036R86,,,X,2021-01-04,2024-07-10,False,,no_edgar_ticker,
15863,55496,68235C20,68235C20,IMDX,Q,2021-01-04,2025-12-31,True,1642380,ticker,
15902,55460,50207450,50207450,LMFA,Q,2021-01-04,2025-12-31,True,,no_edgar_ticker,
15906,55508,83190L20,83190L20,SMBK,N,2021-01-04,2025-12-31,True,1038773,ticker,
15909,55509,04946810,04946810,TEAM,Q,2021-01-04,2025-12-31,True,1650372,ticker,
15912,55510,37955N10,37955N10,SELF,Q,2021-01-04,2025-12-31,True,1031235,ticker,
15914,55512,98138J50,98138J50,WKHS,Q,2021-01-04,2025-12-31,True,1425287,ticker,
15917,55513,36164Y10,,,X,2021-01-04,2022-09-27,False,,no_edgar_ticker,
15921,55517,94909010,,,X,2021-01-04,2022-07-29,False,,no_edgar_ticker,
15937,55521,28106W10,28106W10,EDIT,Q,2021-01-04,2025-12-31,True,1650664,ticker,
15943,55523,46604H20,46604H20,IZEA,Q,2021-01-04,2025-12-31,True,1495231,ticker,
15948,55525,65406E10,65406E10,NIC,N,2021-01-04,2025-12-31,True,1174850,ticker,
15950,55526,49461C10,,,X,2021-01-04,2024-09-19,False,,no_edgar_ticker,
15956,55529,04238R10,,,X,2021-01-04,2022-05-23,False,,no_edgar_ticker,
15960,55530,22101510,22101510,CRVS,Q,2021-01-04,2025-12-31,True,1626971,ticker,
15961,55531,23725P30,23725P30,DRIO,Q,2021-01-04,2025-12-31,True,1533998,ticker,
15976,55537,87164F10,87164F10,SNDX,Q,2021-01-04,2025-12-31,True,1395937,ticker,
15978,55538,92672L10,,,X,2021-01-04,2023-07-26,False,,no_edgar_ticker,
15980,48779,90431120,90431120,UA,N,2021-01-04,2025-12-31,True,1336917,ticker,
15995,55540,81727U30,81727U30,SENS,Q,2021-01-04,2025-12-31,True,1616543,ticker,
15996,54311,53122970,,,X,2021-01-04,2023-07-19,False,,no_edgar_ticker,
15997,54311,53122988,,,X,2021-01-04,2023-07-19,False,,no_edgar_ticker,
15998,54311,53122981,,,X,2021-01-04,2024-09-10,False,,no_edgar_ticker,
15999,54311,53122979,,,X,2021-01-04,2024-09-10,False,,no_edgar_ticker,
16000,54311,53122978,,,X,2021-01-04,2024-09-10,False,,no_edgar_ticker,
16005,55543,00773J20,00773J20,SYRE,Q,2021-01-04,2025-12-31,True,1636282,ticker,
16007,55544,17107740,17107740,NAGE,Q,2021-01-04,2025-12-31,True,1386570,ticker,
16008,55545,37946310,37946310,GWRS,Q,2021-01-04,2025-12-31,True,1434728,ticker,
16012,55534,46524610,,,X,2021-01-04,2024-05-23,False,,no_edgar_ticker,
16019,55548,75700L10,75700L10,RRR,Q,2021-01-04,2025-12-31,True,1653653,ticker,
16020,55549,81374A10,,,X,2021-01-04,2025-02-03,False,,no_edgar_ticker,
16021,55527,71424F10,71424F10,PR,N,2021-01-04,2025-12-31,True,1658566,ticker,
16024,55551,02922710,,,X,2021-01-04,2021-01-26,False,,no_edgar_ticker,
16042,55555,55303A10,,,X,2021-01-04,2022-04-29,False,,no_edgar_ticker,
16044,55557,45688C10,45688C10,NGVT,N,2021-01-04,2025-12-31,True,1653477,ticker,
16049,55560,98923T10,98923T10,ZDGE,A,2021-01-04,2025-12-31,True,1667313,ticker,
16051,55562,00401C10,,,X,2021-01-04,2021-03-01,False,,no_edgar_ticker,
16052,55563,00162710,,,X,2021-01-04,2022-09-12,False,,no_edgar_ticker,
16063,55567,59774210,59774210,MSBI,Q,2021-01-04,2025-12-31,True,1466026,ticker,
16064,55568,45826J10,45826J10,NTLA,Q,2021-01-04,2025-12-31,True,1652130,ticker,
16066,55570,74587B10,74587B10,PLSE,Q,2021-01-04,2025-12-31,True,1625101,ticker,
16068,55572,75615P10,,,X,2021-01-04,2023-09-26,False,,no_edgar_ticker,
16069,55573,30315R10,,,X,2021-01-04,2023-03-09,False,,no_edgar_ticker,
16070,55574,92840H40,92840H40,VTGN,Q,2021-01-04,2025-12-31,True,1411685,ticker,
16076,55577,36251C10,,,X,2021-01-04,2025-09-04,False,,no_edgar_ticker,
16082,55580,82982L10,82982L10,SITE,N,2021-01-04,2025-12-31,True,1650729,ticker,
16083,55581,90041L10,90041L10,TPB,N,2021-01-04,2025-12-31,True,1290677,ticker,
16084,55582,91200810,91200810,USFD,N,2021-01-04,2025-12-31,True,1665918,ticker,
16086,55584,42806J70,42806J70,HTZ,Q,2021-01-04,2025-12-31,True,1657853,ticker,
16087,55585,34959J10,34959J10,FTV,N,2021-01-04,2025-12-31,True,1659166,ticker,
16090,55586,18506320,,,X,2021-01-04,2025-12-01,False,,no_edgar_ticker,
16097,55587,41165Y10,,,X,2021-01-04,2025-11-03,False,,no_edgar_ticker,
16099,55588,60855D40,60855D40,MBRX,Q,2021-01-04,2025-12-31,True,1659617,ticker,
16100,55589,63010430,,,X,2021-01-04,2023-05-24,False,,no_edgar_ticker,
16104,55569,69012T30,69012T30,OTLK,Q,2021-01-04,2025-12-31,True,1649989,ticker,
16108,55591,81621230,81621230,RNAC,Q,2021-01-04,2025-12-31,True,1453687,ticker,
16111,55593,87184Q20,,,X,2021-01-04,2025-03-20,False,,no_edgar_ticker,
16112,55594,92852W50,,,X,2021-01-04,2023-01-19,False,,no_edgar_ticker,
16119,55595,04764910,04764910,ATKR,N,2021-01-04,2025-12-31,True,1666138,ticker,
16126,430,00247410,00247410,AZZ,N,2021-01-04,2025-12-31,True,8947,ticker,
16136,55599,37954A30,37954A30,GMRE,N,2021-01-04,2025-12-31,True,,no_edgar_ticker,
16140,55601,90138F10,90138F10,TWLO,N,2021-01-04,2025-12-31,True,1447669,ticker,
16145,55592,81728J10,81728J10,SRTS,Q,2021-01-04,2025-12-31,True,1494891,ticker,
16146,55606,03835L70,03835L70,APVO,Q,2021-01-04,2025-12-31,True,1671584,ticker,
16154,55608,48283N10,,,X,2021-01-04,2021-11-09,False,,no_edgar_ticker,
16158,53017,92531L20,,,X,2021-01-04,2022-03-31,False,,no_edgar_ticker,
16164,55615,89892010,89892010,HURA,Q,2021-01-04,2025-12-31,True,1498382,ticker,
16171,55617,49714P10,49714P10,KNSL,N,2021-01-04,2025-12-31,True,1669162,ticker,
16173,55565,93075220,,,X,2021-01-04,2023-02-02,False,,no_edgar_ticker,
16178,55621,65440520,,,X,2021-01-04,2023-07-26,False,,no_edgar_ticker,
16179,55622,62844N40,62844N40,MYSZ,Q,2021-01-04,2025-12-31,True,1211805,ticker,
16181,55547,70387R40,70387R40,PAVM,Q,2021-01-04,2025-12-31,True,1624326,ticker,
16182,55623,45320410,45320410,PI,Q,2021-01-04,2025-12-31,True,1114995,ticker,
16183,55624,75237810,,,X,2021-01-04,2022-10-10,False,,no_edgar_ticker,
16186,55625,87357P10,87357P10,TCMD,Q,2021-01-04,2025-12-31,True,1027838,ticker,
16188,55627,87266J10,,,X,2021-01-04,2025-08-19,False,,no_edgar_ticker,
16247,55667,00938A10,00938A10,AIRG,Q,2021-01-04,2025-12-31,True,1272842,ticker,
16250,55668,04965B10,04965B10,ATOM,Q,2021-01-04,2025-12-31,True,1420520,ticker,
16252,55669,28264440,28264440,EKSO,Q,2021-01-04,2025-12-31,True,,no_edgar_ticker,
16253,55670,32051X10,32051X10,FHB,Q,2021-01-04,2025-12-31,True,36377,ticker,
16255,55671,64132R50,64132R50,MTVA,Q,2021-01-04,2025-12-31,True,1638287,ticker,
16260,55672,58506Q10,58506Q10,MEDP,Q,2021-01-04,2025-12-31,True,1668397,ticker,
16261,55620,45686J10,,,X,2021-01-04,2022-10-07,False,,no_edgar_ticker,
16263,55673,74366E10,74366E10,PTGX,Q,2021-01-04,2025-12-31,True,1377121,ticker,
16268,55677,04650Y10,,,X,2021-01-04,2021-07-23,False,,no_edgar_ticker,
16276,55684,00773T10,00773T10,ASIX,N,2021-01-04,2025-12-31,True,1673985,ticker,
16277,55685,25787G10,25787G10,DFIN,N,2021-01-04,2025-12-31,True,1669811,ticker,
16284,55614,82900L10,82900L10,SMPL,Q,2021-01-04,2025-12-31,True,1702744,ticker,
16285,55691,14070T10,,,X,2021-01-04,2024-04-01,False,,no_edgar_ticker,
16287,55692,29978A10,,,X,2021-01-04,2024-07-02,False,,no_edgar_ticker,
16290,55694,35966410,35966410,FLGT,Q,2021-01-04,2025-12-31,True,1674930,ticker,
16303,55696,66988N20,,,X,2021-01-04,2023-07-26,False,,no_edgar_ticker,
16304,55697,67059N10,67059N10,NTNX,Q,2021-01-04,2025-12-31,True,1618732,ticker,
16306,55699,86725N10,,,X,2021-01-04,2021-03-19,False,,no_edgar_ticker,
16308,55700,87337910,,,X,2021-01-04,2023-11-03,False,,no_edgar_ticker,
16309,55701,88339J10,88339J10,TTD,Q,2021-01-04,2025-12-31,True,1671933,ticker,
16310,55702,82456760,,,X,2021-01-04,2025-10-07,False,,no_edgar_ticker,
16318,55704,26856L10,26856L10,ELF,N,2021-01-04,2025-12-31,True,1600033,ticker,
16319,55705,30257X10,30257X10,FBK,N,2021-01-04,2025-12-31,True,1649749,ticker,
16338,55711,92047W10,92047W10,VVV,N,2021-01-04,2025-12-31,True,1674910,ticker,
16343,55716,98850P10,98850P10,YUMC,N,2021-01-04,2025-12-31,True,1673358,ticker,
16347,55718,01387210,01387210,AA,N,2021-01-04,2025-12-31,True,1675149,ticker,
16376,55743,78396V20,78396V20,WORX,Q,2021-01-04,2025-12-31,True,1674227,ticker,
16377,55744,33749P50,33749P50,GRDX,Q,2021-01-04,2025-12-31,True,1604191,ticker,
16381,55746,09239B10,09239B10,BL,Q,2021-01-04,2025-12-31,True,1666134,ticker,
16382,55747,22266L10,,,X,2021-01-04,2023-02-28,False,,no_edgar_ticker,
16384,55749,34960W10,,,X,2021-01-04,2022-03-18,False,,no_edgar_ticker,
16386,55752,45005610,45005610,IRTC,Q,2021-01-04,2025-12-31,True,1388658,ticker,
16392,55754,30041T10,30041T10,MRAM,Q,2021-01-04,2025-12-31,True,1438423,ticker,
16393,55755,92943X10,92943X10,HIND,Q,2021-01-04,2025-12-31,True,1427570,ticker,
16399,55759,78472M10,,,X,2021-01-04,2023-03-09,False,,no_edgar_ticker,
16400,55675,71948P20,71948P20,PHUN,Q,2021-01-04,2025-12-31,True,1665300,ticker,
16401,55760,56155L10,56155L10,TUSK,Q,2021-01-04,2025-12-31,True,1679268,ticker,
16402,55761,30227M30,,,X,2021-01-04,2021-11-02,False,,no_edgar_ticker,
16417,714,74368L10,,,X,2021-01-04,2021-06-01,False,,no_edgar_ticker,
16431,55778,51327210,51327210,LW,N,2021-01-04,2025-12-31,True,1679273,ticker,
16432,20834,38255010,38255010,GT,Q,2021-01-04,2025-12-31,True,42582,ticker,
16434,55775,00509810,00509810,GOLF,N,2021-01-04,2025-12-31,True,1672013,ticker,
16436,20221,03940R10,,,X,2021-01-04,2025-01-14,False,,no_edgar_ticker,
16437,55777,13462K10,13462K10,CWH,N,2021-01-04,2025-12-31,True,1669779,ticker,
16442,54043,03212B10,03212B10,AMPY,N,2021-01-04,2025-12-31,True,1533924,ticker,
16448,52847,80007P86,80007P86,SD,N,2021-01-04,2025-12-31,True,1349436,ticker,
16458,55788,33939J30,,,X,2021-01-04,2025-10-23,False,,no_edgar_ticker,
16463,55790,37229T50,37229T50,TOON,A,2021-01-04,2025-12-31,True,1355848,ticker,
16464,55750,36240910,,,X,2021-01-04,2022-07-07,False,,no_edgar_ticker,
16465,55688,74275G10,74275G10,PRTH,Q,2021-01-04,2025-12-31,True,1653558,ticker,
16466,55792,G6S34K11,G6S34K11,ABTS,Q,2021-01-04,2025-12-31,True,1864055,ticker,
16471,55794,83191H10,83191H10,SND,Q,2021-01-04,2025-12-31,True,1529628,ticker,
16472,55795,57055L20,57055L20,MRKR,Q,2021-01-04,2025-12-31,True,1094038,ticker,
16473,55796,98401560,98401560,XBIO,Q,2021-01-04,2025-12-31,True,1534525,ticker,
16497,55805,20678710,20678710,CNDT,Q,2021-01-04,2025-12-31,True,1677703,ticker,
16498,55806,43283X10,43283X10,HGV,N,2021-01-04,2025-12-31,True,1674168,ticker,
16499,55807,70051710,70051710,PK,N,2021-01-04,2025-12-31,True,1617406,ticker,
16505,475,73317470,73317470,BPOP,Q,2021-01-04,2025-12-31,True,763901,ticker,
16515,55816,45781V10,45781V10,IIPR,N,2021-01-04,2025-12-31,True,1677576,ticker,
16522,55742,68621F10,68621F10,ORGO,Q,2021-01-04,2025-12-31,True,1661181,ticker,
16528,55824,73102V20,73102V20,POLA,Q,2021-01-04,2025-12-31,True,1622345,ticker,
16529,55825,70788V10,,,X,2021-01-04,2023-06-20,False,,no_edgar_ticker,
16532,55827,81720R60,81720R60,SNES,Q,2021-01-04,2025-12-31,True,1680378,ticker,
16533,55828,83422360,83422360,SNGX,Q,2021-01-04,2025-12-31,True,812796,ticker,
16541,55834,03842K30,03842K30,AQB,Q,2021-01-04,2025-12-31,True,1603978,ticker,
16542,55835,52187K20,52187K20,CYPH,Q,2021-01-04,2025-12-31,True,1509745,ticker,
16543,55836,92214X10,92214X10,VREX,Q,2021-01-04,2025-12-31,True,1681622,ticker,
16548,589,06254010,06254010,BOH,N,2021-01-04,2025-12-31,True,46195,ticker,
16554,55841,47580P10,47580P10,JELD,N,2021-01-04,2025-12-31,True,1674335,ticker,
16555,21838,91345610,91345610,UVV,N,2021-01-04,2025-12-31,True,102037,ticker,
16557,55842,65290C10,,,X,2021-01-04,2023-09-01,False,,no_edgar_ticker,
16560,55844,74952710,74952710,REVG,N,2021-01-04,2025-12-31,True,,no_edgar_ticker,
16562,55847,03272410,03272410,ANAB,Q,2021-01-04,2025-12-31,True,1370053,ticker,
16569,55851,40441H10,,,X,2021-01-04,2023-06-20,False,,no_edgar_ticker,
16570,55852,48111610,,,X,2021-01-04,2023-05-04,False,,no_edgar_ticker,
16577,55856,18885T30,18885T30,CLPR,N,2021-01-04,2025-12-31,True,1649096,ticker,
16579,55857,35039210,,,X,2021-01-04,2021-01-29,False,,no_edgar_ticker,
16581,55858,46187W10,46187W10,INVH,N,2021-01-04,2025-12-31,True,1687229,ticker,
16585,55861,78590A10,78590A10,SACH,A,2021-01-04,2025-12-31,True,1682220,ticker,
16590,55863,44953810,,,X,2021-01-04,2021-11-23,False,,no_edgar_ticker,
16591,12654,51861320,51861320,LAUR,Q,2021-01-04,2025-12-31,True,912766,ticker,
16592,55864,75134P60,75134P60,METC,Q,2021-01-04,2025-12-31,True,1687187,ticker,
16593,55865,65019410,,,X,2021-01-04,2022-09-08,False,,no_edgar_ticker,
16594,55866,82659860,82659860,NTRP,Q,2021-01-04,2025-12-31,True,788611,ticker,
16595,55867,83304A10,83304A10,SNAP,N,2021-01-04,2025-12-31,True,1564408,ticker,
16597,55869,02156B10,,,X,2021-01-04,2024-03-19,False,,no_edgar_ticker,
16600,20906,42786610,42786610,HSY,N,2021-01-04,2025-12-31,True,47111,ticker,
16611,55874,46620W20,46620W20,JILL,N,2021-01-04,2025-12-31,True,1687932,ticker,
16613,55876,57681030,57681030,MTNB,A,2021-01-04,2025-12-31,True,1582554,ticker,
16617,55879,74347M10,74347M10,PUMP,N,2021-01-04,2025-12-31,True,1680247,ticker,
16622,55880,87407Q20,,,X,2021-01-04,2023-09-18,False,,no_edgar_ticker,
16625,55883,00973N10,,,X,2021-01-04,2024-12-18,False,,no_edgar_ticker,
16630,55849,46005L10,46005L10,IMXI,Q,2021-01-04,2025-12-31,True,1683695,ticker,
16631,55850,92511U10,92511U10,VRRM,Q,2021-01-04,2025-12-31,True,1682745,ticker,
16632,55886,40749710,40749710,HLNE,Q,2021-01-04,2025-12-31,True,1433642,ticker,
16633,55887,44931Q10,,,X,2021-01-04,2025-03-13,False,,no_edgar_ticker,
16638,55890,65342T10,65342T10,NODK,Q,2021-01-04,2025-12-31,True,1681206,ticker,
16648,55898,80689H10,80689H10,SNDR,N,2021-01-04,2025-12-31,True,1692063,ticker,
16649,55899,67929510,67929510,OKTA,Q,2021-01-04,2025-12-31,True,1660134,ticker,
16650,55900,98585N10,98585N10,YEXT,N,2021-01-04,2025-12-31,True,1614178,ticker,
16653,55901,93627C10,93627C10,HCC,N,2021-01-04,2025-12-31,True,1691303,ticker,
16654,55903,12739A10,,,X,2021-01-04,2021-10-29,False,,no_edgar_ticker,
16655,55904,14686910,14686910,CVNA,N,2021-01-04,2025-12-31,True,1690820,ticker,
16657,55906,18914U10,,,X,2021-01-04,2021-10-08,False,,no_edgar_ticker,
16659,55907,28621V10,,,X,2021-01-04,2023-02-28,False,,no_edgar_ticker,
16660,55908,29103W10,29103W10,EEX,N,2021-01-04,2025-12-31,True,,no_edgar_ticker,
16664,55909,33975010,33975010,FND,N,2021-01-04,2025-12-31,True,1507079,ticker,
16667,55911,81617J30,81617J30,WTTR,N,2021-01-04,2025-12-31,True,1693256,ticker,
16668,55912,98985Y10,98985Y10,ZYME,Q,2021-01-04,2025-12-31,True,1937653,ticker,
16670,55914,68337340,,,X,2021-01-04,2025-08-18,False,,no_edgar_ticker,
16671,55915,00832E10,00832E10,AFBI,Q,2021-01-04,2025-12-31,True,,no_edgar_ticker,
16673,55888,02215L20,02215L20,KNTK,N,2021-01-04,2025-12-31,True,1692787,ticker,
16674,55889,91274U30,,,X,2021-01-04,2022-11-01,False,,no_edgar_ticker,
16675,55918,62887720,62887720,NCSM,Q,2021-01-04,2025-12-31,True,1692427,ticker,
16676,55919,69324R10,,,X,2021-01-04,2023-01-03,False,,no_edgar_ticker,
16678,21068,50104410,50104410,KR,N,2021-01-04,2025-12-31,True,56873,ticker,
16680,55920,82846H40,82846H40,QXO,N,2021-01-04,2025-12-31,True,1236275,ticker,
16681,55921,34962G20,34962G20,FBRX,Q,2021-01-04,2025-12-31,True,1419041,ticker,
16689,55925,70455110,70455110,BTU,N,2021-01-04,2025-12-31,True,1064728,ticker,
16690,21368,38241084,,,X,2021-01-04,2021-12-23,False,,no_edgar_ticker,
16691,55927,48251K10,48251K10,KREF,N,2021-01-04,2025-12-31,True,1631596,ticker,
16692,55928,45687V10,45687V10,IR,N,2021-01-04,2025-12-31,True,1699150,ticker,
16696,55930,14575E10,14575E10,CARS,N,2021-01-04,2025-12-31,True,1683606,ticker,
16697,55931,96758W10,,,X,2021-01-04,2025-12-31,False,,no_edgar_ticker,
16698,55932,03782L10,03782L10,APPN,Q,2021-01-04,2025-12-31,True,1441683,ticker,
16703,55935,30779N10,30779N10,FMAO,Q,2021-01-04,2025-12-31,True,792966,ticker,
16705,55936,3621LQ10,,,X,2021-01-04,2024-09-18,False,,no_edgar_ticker,
16709,55940,69046910,69046910,OVID,Q,2021-01-04,2025-12-31,True,1636651,ticker,
16710,55941,70691510,70691510,PENG,Q,2021-01-04,2025-12-31,True,1616533,ticker,
16712,55943,92347M10,92347M10,VERI,Q,2021-01-04,2025-12-31,True,1615165,ticker,
16736,55954,92840M10,92840M10,VST,N,2021-01-04,2025-12-31,True,1692819,ticker,
16737,55955,78413P10,78413P10,SMHI,N,2021-01-04,2025-12-31,True,1690334,ticker,
16738,55956,03676B10,03676B10,AM,N,2021-01-04,2025-12-31,True,1623925,ticker,
16746,55958,33833Q10,33833Q10,FPH,N,2021-01-04,2025-12-31,True,1574197,ticker,
16750,55961,83418M10,83418M10,SEI,N,2021-01-04,2025-12-31,True,1697500,ticker,
16753,55965,02156K10,02156K10,OPTU,N,2021-01-04,2025-12-31,True,1702780,ticker,
16755,55967,09523Q30,,,X,2021-01-04,2023-11-13,False,,no_edgar_ticker,
16756,55968,12441110,12441110,BY,N,2021-01-04,2025-12-31,True,1702750,ticker,
16764,55969,38741L10,38741L10,GPMT,N,2021-01-04,2025-12-31,True,1703644,ticker,
16765,55972,62857J20,62857J20,MYO,A,2021-01-04,2025-12-31,True,1369290,ticker,
16768,55973,72964010,72964010,PLYM,N,2021-01-04,2025-12-31,True,,no_edgar_ticker,
16770,55975,78645L10,,,X,2021-01-04,2023-03-31,False,,no_edgar_ticker,
16771,55962,55966310,55966310,MGY,N,2021-01-04,2025-12-31,True,1698990,ticker,
16773,55977,29414V30,29414V30,EVTV,Q,2021-01-04,2025-12-31,True,,no_edgar_ticker,
16776,55978,00887A20,00887A20,RNTX,Q,2021-01-04,2025-12-31,True,1420565,ticker,
16777,55979,04685N20,,,X,2021-01-04,2023-05-25,False,,no_edgar_ticker,
16778,55980,05360L40,,,X,2021-01-04,2025-03-19,False,,no_edgar_ticker,
16779,55982,10104410,10104410,BOC,N,2021-01-04,2025-12-31,True,1494582,ticker,
16781,55984,16282820,,,X,2021-01-04,2025-05-30,False,,no_edgar_ticker,
16784,55987,29667J10,29667J10,ESQ,Q,2021-01-04,2025-12-31,True,1531031,ticker,
16788,55990,68236V40,68236V40,ETHZ,Q,2021-01-04,2025-12-31,True,,no_edgar_ticker,
16792,55991,59045L20,59045L20,MRSN,Q,2021-01-04,2025-12-31,True,,no_edgar_ticker,
16793,55938,29273B50,29273B50,NDRA,Q,2021-01-04,2025-12-31,True,1681682,ticker,
16795,55992,82452L50,,,X,2021-01-04,2024-10-28,False,,no_edgar_ticker,
16802,55993,78418A70,78418A70,SGBX,Q,2021-01-04,2025-12-31,True,,no_edgar_ticker,
16805,55994,82536T10,82536T10,SSTI,Q,2021-01-04,2025-12-31,True,1351636,ticker,
16813,55998,87266M10,87266M10,TRTX,N,2021-01-04,2025-12-31,True,1630472,ticker,
16816,56000,10922N10,10922N10,BHF,Q,2021-01-04,2025-12-31,True,1685040,ticker,
16818,56002,17166A10,17166A10,CBUS,Q,2021-01-04,2025-12-31,True,1705843,ticker,
16819,56003,19188U20,19188U20,CODA,Q,2021-01-04,2025-12-31,True,1334325,ticker,
16820,56004,18976310,18976310,CODX,Q,2021-01-04,2025-12-31,True,1692415,ticker,
16824,56008,48311920,48311920,KALA,Q,2021-01-04,2025-12-31,True,1479419,ticker,
16827,56012,71639T10,,,X,2021-01-04,2024-10-25,False,,no_edgar_ticker,
16828,56013,74930B10,74930B10,RBB,Q,2021-01-04,2025-12-31,True,1499422,ticker,
16829,56014,75737F10,,,X,2021-01-04,2025-07-01,False,,no_edgar_ticker,
16834,56016,90238J10,,,X,2021-01-04,2022-09-19,False,,no_edgar_ticker,
16837,56019,09630810,,,X,2021-01-04,2024-01-17,False,,no_edgar_ticker,
16851,56027,26614N10,26614N10,DD,N,2021-01-04,2025-12-31,True,1666700,ticker,
16853,56029,74179A10,74179A10,BPRN,Q,2021-01-04,2025-12-31,True,1913971,ticker,
16856,56030,04530L20,,,X,2021-01-04,2023-03-31,False,,no_edgar_ticker,
16857,56031,17322U30,17322U30,CTXR,Q,2021-01-04,2025-12-31,True,1506251,ticker,
16866,56036,75282U10,75282U10,RNGR,N,2021-01-04,2025-12-31,True,1699039,ticker,
16874,55976,00436Q10,00436Q10,ACEL,N,2021-01-04,2025-12-31,True,1698991,ticker,
16880,55985,24984K10,,,X,2021-01-04,2024-06-27,False,,no_edgar_ticker,
16883,56045,16842Q10,,,X,2021-01-04,2024-07-03,False,,no_edgar_ticker,
16887,56046,27780250,27780250,BLNE,Q,2021-01-04,2025-12-31,True,1534708,ticker,
16895,56007,20670410,20670410,BBCP,Q,2021-01-04,2025-12-31,True,1703956,ticker,
16903,56049,62818Q30,62818Q30,MBIO,Q,2021-01-04,2025-12-31,True,1680048,ticker,
16904,56050,68375010,,,X,2021-01-04,2023-03-02,False,,no_edgar_ticker,
16905,56011,82983N10,,,X,2021-01-04,2025-08-19,False,,no_edgar_ticker,
16911,56017,03038220,,,X,2021-01-04,2023-01-20,False,,no_edgar_ticker,
16915,56053,23258P10,,,X,2021-01-04,2022-09-01,False,,no_edgar_ticker,
16917,56055,09215C10,,,X,2021-01-04,2023-09-05,False,,no_edgar_ticker,
16920,56056,40701T10,40701T10,HBB,N,2021-01-04,2025-12-31,True,1709164,ticker,
16921,56057,00183L20,00183L20,ANGI,Q,2021-01-04,2025-12-31,True,1705110,ticker,
16922,56042,40417F10,40417F10,HFFG,Q,2021-01-04,2025-12-31,True,1680873,ticker,
16923,56058,15102K10,15102K10,CELC,Q,2021-01-04,2025-12-31,True,1603454,ticker,
16924,56059,24344T10,,,X,2021-01-04,2024-06-11,False,,no_edgar_ticker,
16927,56061,03958720,,,X,2021-01-04,2024-05-01,False,,no_edgar_ticker,
16928,56062,50114710,50114710,KRYS,Q,2021-01-04,2025-12-31,True,1711279,ticker,
16932,56066,77543R10,77543R10,ROKU,Q,2021-01-04,2025-12-31,True,1428439,ticker,
16939,56071,57778K10,,,X,2021-01-04,2023-05-03,False,,no_edgar_ticker,
16961,56079,27923Q10,27923Q10,ECVT,N,2021-01-04,2025-12-31,True,1708035,ticker,
16964,56082,92766K40,92766K40,SPCE,N,2021-01-04,2025-12-31,True,1706946,ticker,
16965,56083,34623210,34623210,FOR,N,2021-01-04,2025-12-31,True,1406587,ticker,
16966,56084,87105L10,,,X,2021-01-04,2022-12-06,False,,no_edgar_ticker,
16967,56085,14178810,14178810,CARG,Q,2021-01-04,2025-12-31,True,1494259,ticker,
16968,56086,60937P10,60937P10,MDB,Q,2021-01-04,2025-12-31,True,1441816,ticker,
16971,56087,63845R10,63845R10,EYE,Q,2021-01-04,2025-12-31,True,1710155,ticker,
16974,56089,05475485,05475485,AYTU,Q,2021-01-04,2025-12-31,True,1385818,ticker,
16975,56090,01917010,01917010,AGAE,Q,2021-01-04,2025-12-31,True,,no_edgar_ticker,
16976,56091,13215210,,,X,2021-01-04,2024-07-15,False,,no_edgar_ticker,
16981,56093,30258N10,30258N10,FAT,Q,2021-01-04,2025-12-31,True,,no_edgar_ticker,
16982,56094,31609R10,31609R10,FDBC,Q,2021-01-04,2025-12-31,True,1098151,ticker,
16983,56095,30260M10,,,X,2021-01-04,2023-02-14,False,,no_edgar_ticker,
16987,56097,92332W30,92332W30,VERO,Q,2021-01-04,2025-12-31,True,,no_edgar_ticker,
16989,56099,68752L10,68752L10,KIDS,Q,2021-01-04,2025-12-31,True,1425450,ticker,
16991,56101,58844R10,58844R10,MBIN,Q,2021-01-04,2025-12-31,True,1629019,ticker,
16992,56102,68404V20,,,X,2021-01-04,2025-05-21,False,,no_edgar_ticker,
16995,56103,73234410,73234410,PDLB,Q,2021-01-04,2025-12-31,True,1874071,ticker,
16999,56105,78138630,78138630,RDNW,Q,2021-01-04,2025-12-31,True,1596961,ticker,
17000,56106,76243J10,76243J10,RYTM,Q,2021-01-04,2025-12-31,True,1649904,ticker,
17005,21185,12665010,12665010,CVS,N,2021-01-04,2025-12-31,True,64803,ticker,
17017,52837,67091K30,,,X,2021-01-04,2022-02-24,False,,no_edgar_ticker,
17032,56040,23204X10,23204X10,CTOS,N,2021-01-04,2025-12-31,True,1709682,ticker,
17034,56117,02136910,,,X,2021-01-04,2025-03-26,False,,no_edgar_ticker,
17035,56118,30057T10,,,X,2021-01-04,2023-05-24,False,,no_edgar_ticker,
17036,56119,13765N10,13765N10,CNNE,N,2021-01-04,2025-12-31,True,1704720,ticker,
17037,56120,78781P10,,,X,2021-01-04,2022-08-16,False,,no_edgar_ticker,
17038,56121,86089710,86089710,SFIX,Q,2021-01-04,2025-12-31,True,1576942,ticker,
17039,56122,21893710,21893710,CNR,N,2021-01-04,2025-12-31,True,1710366,ticker,
17041,56124,63008J88,63008J88,FEED,Q,2021-01-04,2025-12-31,True,1326706,ticker,
17042,56125,01811910,,,X,2021-01-04,2022-09-08,False,,no_edgar_ticker,
17043,56126,36100810,36100810,FNKO,Q,2021-01-04,2025-12-31,True,1704711,ticker,
17044,56127,84833T10,84833T10,SPRO,Q,2021-01-04,2025-12-31,True,1701108,ticker,
17045,56128,00108J10,00108J10,ACMR,Q,2021-01-04,2025-12-31,True,1680062,ticker,
17047,56130,09629F10,,,X,2021-01-04,2021-05-06,False,,no_edgar_ticker,
17073,677,27032D30,,,X,2021-01-04,2023-11-01,False,,no_edgar_ticker,
17090,56138,70214110,,,X,2021-01-04,2023-12-27,False,,no_edgar_ticker,
17091,56139,12482W40,12482W40,YCBD,A,2021-01-04,2025-12-31,True,1644903,ticker,
17093,56141,59177410,59177410,MCB,N,2021-01-04,2025-12-31,True,1476034,ticker,
17104,56148,03753U10,03753U10,APLS,Q,2021-01-04,2025-12-31,True,,no_edgar_ticker,
17105,56149,98420X20,98420X20,XFOR,Q,2021-01-04,2025-12-31,True,1501697,ticker,
17106,56150,05988J10,05988J10,BAND,Q,2021-01-04,2025-12-31,True,1514416,ticker,
17107,56151,10319740,10319740,BOXL,Q,2021-01-04,2025-12-31,True,1624512,ticker,
17108,56153,85892710,85892710,STEL,N,2021-01-04,2025-12-31,True,,no_edgar_ticker,
17116,56157,54351810,54351810,LOOP,Q,2021-01-04,2025-12-31,True,1504678,ticker,
17117,56158,58958P10,58958P10,MRBK,Q,2021-01-04,2025-12-31,True,1750735,ticker,
17121,56160,85917W10,,,X,2021-01-04,2025-04-01,False,,no_edgar_ticker,
17122,56161,81064810,,,X,2021-01-04,2025-10-07,False,,no_edgar_ticker,
17125,56163,24823R10,24823R10,DNLI,Q,2021-01-04,2025-12-31,True,1714899,ticker,
17126,56164,65158N10,65158N10,NMRK,Q,2021-01-04,2025-12-31,True,1690680,ticker,
17133,56168,03763A20,03763A20,ASTH,Q,2021-01-04,2025-12-31,True,1083446,ticker,
17134,56152,62944420,62944420,NRXP,Q,2021-01-04,2025-12-31,True,1719406,ticker,
17135,56169,14713L10,,,X,2021-01-04,2024-04-05,False,,no_edgar_ticker,
17137,676,07020310,07020310,BSET,Q,2021-01-04,2025-12-31,True,10329,ticker,
17139,56170,19249J30,,,X,2021-01-04,2023-11-29,False,,no_edgar_ticker,
17140,56171,25686H30,25686H30,DLPN,Q,2021-01-04,2025-12-31,True,1282224,ticker,
17144,20798,37033410,37033410,GIS,N,2021-01-04,2025-12-31,True,40704,ticker,
17147,56175,29360250,29360250,ENSC,Q,2021-01-04,2025-12-31,True,1716947,ticker,
17148,56176,55055010,,,X,2021-01-04,2024-03-01,False,,no_edgar_ticker,
17151,56179,55381010,55381010,MVBF,Q,2021-01-04,2025-12-31,True,1277902,ticker,
17154,56180,67607910,,,X,2021-01-04,2022-01-18,False,,no_edgar_ticker,
17155,56181,74766Q10,74766Q10,QTRX,Q,2021-01-04,2025-12-31,True,1503274,ticker,
17178,56190,23131L10,,,X,2021-01-04,2024-03-12,False,,no_edgar_ticker,
17201,56115,92854210,,,X,2021-01-04,2023-03-10,False,,no_edgar_ticker,
17221,56210,53115L10,53115L10,LBRT,N,2021-01-04,2025-12-31,True,1694028,ticker,
17223,56212,00090Q10,00090Q10,ADT,N,2021-01-04,2025-12-31,True,1703056,ticker,
17226,56213,03064D10,03064D10,COLD,N,2021-01-04,2025-12-31,True,1455863,ticker,
17234,56216,05351X10,,,X,2021-01-04,2023-02-15,False,,no_edgar_ticker,
17245,56192,48337920,,,X,2021-01-04,2023-10-05,False,,no_edgar_ticker,
17251,56220,65441V10,65441V10,NINE,N,2021-01-04,2025-12-31,True,1532286,ticker,
17252,56221,72814N10,,,X,2021-01-04,2025-07-01,False,,no_edgar_ticker,
17262,56229,22978P10,22978P10,CUE,Q,2021-01-04,2025-12-31,True,1645460,ticker,
17263,56231,30234E20,30234E20,HYPD,Q,2021-01-04,2025-12-31,True,1682639,ticker,
17266,56233,92941V30,92941V30,VYNE,Q,2021-01-04,2025-12-31,True,,no_edgar_ticker,
17269,56236,64044220,,,X,2021-01-04,2024-01-05,False,,no_edgar_ticker,
17270,56237,75941910,75941910,REKR,Q,2021-01-04,2025-12-31,True,1697851,ticker,
17271,56238,83422E20,83422E20,SLDB,Q,2021-01-04,2025-12-31,True,1707502,ticker,
17272,56239,00700220,00700220,ACET,Q,2021-01-04,2025-12-31,True,1720580,ticker,
17273,56240,30283W30,,,X,2021-01-04,2022-03-07,False,,no_edgar_ticker,
17281,56251,12720310,12720310,WHD,N,2021-01-04,2025-12-31,True,1699136,ticker,
17287,56255,10949T10,10949T10,BRSP,N,2021-01-04,2025-12-31,True,1717547,ticker,
17307,56259,92565210,92565210,VICI,N,2021-01-04,2025-12-31,True,1705696,ticker,
17309,56223,75321W10,75321W10,PACK,N,2021-01-04,2025-12-31,True,1712463,ticker,
17313,56265,09354A10,09354A10,BLNK,Q,2021-01-04,2025-12-31,True,1429764,ticker,
17315,56267,14161W10,14161W10,CDLX,Q,2021-01-04,2025-12-31,True,1666071,ticker,
17317,56270,30052C10,30052C10,EOLS,Q,2021-01-04,2025-12-31,True,1570562,ticker,
17323,56273,53814X30,53814X30,LVO,Q,2021-01-04,2025-12-31,True,1491419,ticker,
17324,56274,65344G20,,,X,2021-01-04,2024-04-15,False,,no_edgar_ticker,
17325,56275,62014P50,,,X,2021-01-04,2024-04-16,False,,no_edgar_ticker,
17326,56234,02462A10,02462A10,ABTC,Q,2021-01-04,2025-12-31,True,1755953,ticker,
17327,56277,68247W10,68247W10,OSS,Q,2021-01-04,2025-12-31,True,1394056,ticker,
17332,56280,92645B10,92645B10,VCTR,Q,2021-01-04,2025-12-31,True,1570827,ticker,
17341,56287,98980G10,98980G10,ZS,Q,2021-01-04,2025-12-31,True,1713683,ticker,
17342,56288,26210C10,26210C10,DBX,Q,2021-01-04,2025-12-31,True,1467623,ticker,
17343,56289,75704L10,75704L10,RDVT,Q,2021-01-04,2025-12-31,True,1720116,ticker,
17344,56307,75062E10,75062E10,RFL,N,2021-01-04,2025-12-31,True,1713863,ticker,
17345,56290,81722530,81722530,AIHS,Q,2021-01-04,2025-12-31,True,1711012,ticker,
17349,56292,09075P20,09075P20,BTAI,Q,2021-01-04,2025-12-31,True,1720893,ticker,
17350,56293,10862110,10862110,BWB,Q,2021-01-04,2025-12-31,True,1341317,ticker,
17351,56294,19188J40,19188J40,COCP,Q,2021-01-04,2025-12-31,True,1412486,ticker,
17357,56230,87615L10,87615L10,TH,Q,2021-01-04,2025-12-31,True,1712189,ticker,
17358,56296,74696410,74696410,QTTB,Q,2021-01-04,2025-12-31,True,1661998,ticker,
17359,56297,30257810,,,X,2021-01-04,2024-07-01,False,,no_edgar_ticker,
17360,56298,37244630,37244630,GNPX,Q,2021-01-04,2025-12-31,True,1595248,ticker,
17361,56232,40619L20,,,X,2021-01-04,2025-06-27,False,,no_edgar_ticker,
17365,56300,52110H20,,,X,2021-01-04,2025-11-28,False,,no_edgar_ticker,
17366,56276,44862P20,44862P20,HYMC,Q,2021-01-04,2025-12-31,True,1718405,ticker,
17367,56235,68373J10,68373J10,LPRO,Q,2021-01-04,2025-12-31,True,,no_edgar_ticker,
17368,56301,67109R10,67109R10,OPBK,Q,2021-01-04,2025-12-31,True,1722010,ticker,
17369,56302,12122L10,,,X,2021-01-04,2024-09-23,False,,no_edgar_ticker,
17370,56303,68619K30,,,X,2021-01-04,2024-10-21,False,,no_edgar_ticker,
17372,56305,19240Q20,19240Q20,COGT,Q,2021-01-04,2025-12-31,True,1622229,ticker,
17373,56306,92827K30,92827K30,VTSI,Q,2021-01-04,2025-12-31,True,1085243,ticker,
17374,56308,03969F10,03969F10,RCUS,N,2021-01-04,2025-12-31,True,1724521,ticker,
17382,56314,98983V10,,,X,2021-01-04,2025-02-14,False,,no_edgar_ticker,
17444,6653,07734720,07734720,BELFA,Q,2021-01-04,2025-12-31,True,729580,ticker,
17478,21179,78409V10,78409V10,SPGI,N,2021-01-04,2025-12-31,True,64040,ticker,
17672,30940,38431360,38431360,EAF,N,2021-01-04,2025-12-31,True,931148,ticker,
17677,4255,08986R40,08986R40,BH,N,2021-01-04,2025-12-31,True,1726173,ticker,
17679,56331,12326C10,12326C10,BFST,Q,2021-01-04,2025-12-31,True,1624322,ticker,
17680,56332,09074B10,,,X,2021-01-04,2022-06-17,False,,no_edgar_ticker,
17683,56334,19764110,19764110,CLBK,Q,2021-01-04,2025-12-31,True,2115119,ticker,
17684,56269,00653Q10,00653Q10,AHCO,Q,2021-01-04,2025-12-31,True,1725255,ticker,
17685,56335,25616310,25616310,DOCU,Q,2021-01-04,2025-12-31,True,1261333,ticker,
17688,56337,38267D10,38267D10,GSHD,Q,2021-01-04,2025-12-31,True,1726978,ticker,
17690,56338,42328V87,42328V87,HSDT,Q,2021-01-04,2025-12-31,True,1610853,ticker,
17691,56339,65487K10,65487K10,LASR,Q,2021-01-04,2025-12-31,True,1124796,ticker,
17692,56340,52730D20,,,X,2021-01-04,2022-04-01,False,,no_edgar_ticker,
17695,56344,86877M20,,,X,2021-01-04,2023-09-08,False,,no_edgar_ticker,
17700,56345,15677J10,15677J10,DAY,N,2021-01-04,2025-12-31,True,,no_edgar_ticker,
17701,56346,83200N10,,,X,2021-01-04,2025-01-22,False,,no_edgar_ticker,
17726,20537,22836810,22836810,CCK,N,2021-01-04,2025-12-31,True,1219601,ticker,
17743,544,08442310,08442310,WRB,N,2021-01-04,2025-12-31,True,11544,ticker,
17750,21055,49436810,49436810,KMB,Q,2021-01-04,2025-12-31,True,55785,ticker,
17778,540,08467010,08467010,BRK,N,2021-01-04,2025-12-31,True,,no_edgar_ticker,
17783,56347,15872M10,,,X,2021-01-04,2025-07-16,False,,no_edgar_ticker,
17787,56352,29452E10,29452E10,EQH,N,2021-01-04,2025-12-31,True,1333986,ticker,
17788,56353,72941B10,,,X,2021-01-04,2021-04-06,False,,no_edgar_ticker,
17789,56354,21872L10,,,X,2021-01-04,2022-03-03,False,,no_edgar_ticker,
17790,56355,26927E10,,,X,2021-01-04,2023-03-24,False,,no_edgar_ticker,
17792,56357,71534710,,,X,2021-01-04,2021-05-07,False,,no_edgar_ticker,
17794,56358,98311A10,98311A10,WH,N,2021-01-04,2025-12-31,True,1722684,ticker,
17795,56359,39572G10,,,X,2021-01-04,2022-03-30,False,,no_edgar_ticker,
17798,56362,31948P10,,,X,2021-01-04,2021-07-22,False,,no_edgar_ticker,
17799,56363,45773010,45773010,INSP,N,2021-01-04,2025-12-31,True,1609550,ticker,
17800,56364,07272M10,07272M10,BCML,Q,2021-01-04,2025-12-31,True,1730984,ticker,
17801,56365,21044C10,21044C10,ROAD,Q,2021-01-04,2025-12-31,True,1718227,ticker,
17802,56366,84861D10,,,X,2021-01-04,2022-04-11,False,,no_edgar_ticker,
17803,56367,47632P10,47632P10,JRSH,Q,2021-01-04,2025-12-31,True,1696558,ticker,
17811,56371,29973420,,,X,2021-01-04,2023-12-12,False,,no_edgar_ticker,
17812,56372,30212W10,30212W10,EXPI,Q,2021-01-04,2025-12-31,True,,no_edgar_ticker,
17813,56373,29415J10,29415J10,NVNO,Q,2021-01-04,2025-12-31,True,1661053,ticker,
17818,56376,68621T10,68621T10,OBK,N,2021-01-04,2025-12-31,True,1516912,ticker,
17821,56378,80706P10,80706P10,SRRK,Q,2021-01-04,2025-12-31,True,1727196,ticker,
17825,56381,91381U20,,,X,2021-01-04,2025-07-09,False,,no_edgar_ticker,
17826,56383,92733020,,,X,2021-01-04,2023-07-28,False,,no_edgar_ticker,
17830,21832,75513E10,75513E10,RTX,N,2021-01-04,2025-12-31,True,101829,ticker,
17854,56389,15096410,15096410,CENN,Q,2021-01-04,2025-12-31,True,1707919,ticker,
17855,56390,05338G10,,,X,2021-01-04,2022-10-19,False,,no_edgar_ticker,
17859,56392,92336X10,,,X,2021-01-04,2022-04-01,False,,no_edgar_ticker,
17860,56393,76133Q10,,,X,2021-01-04,2022-04-07,False,,no_edgar_ticker,
17864,56394,05550J10,05550J10,BJ,N,2021-01-04,2025-12-31,True,1531152,ticker,
17867,56395,10948C10,10948C10,BV,N,2021-01-04,2025-12-31,True,1734713,ticker,
17868,56396,03836N10,,,X,2021-01-04,2023-05-19,False,,no_edgar_ticker,
17869,56397,00032Q10,00032Q10,WHWK,Q,2021-01-04,2025-12-31,True,1422142,ticker,
17871,56399,87897210,87897210,TECX,Q,2021-01-04,2025-12-31,True,1681087,ticker,
17875,56400,43353510,43353510,HQI,Q,2021-01-04,2025-12-31,True,1140102,ticker,
17876,56401,25755410,25755410,DOMO,Q,2021-01-04,2025-12-31,True,1505952,ticker,
17877,56402,28531P20,28531P20,ECOR,Q,2021-01-04,2025-12-31,True,1560258,ticker,
17878,56403,28249H10,,,X,2021-01-04,2021-01-26,False,,no_edgar_ticker,
17880,56405,30041R10,30041R10,EVER,Q,2021-01-04,2025-12-31,True,1640428,ticker,
17885,56408,39540F30,39540F30,GRNQ,Q,2021-01-04,2025-12-31,True,1597846,ticker,
17886,56410,44916T10,,,X,2021-01-04,2023-02-03,False,,no_edgar_ticker,
17887,56411,46571Y10,46571Y10,IIIV,Q,2021-01-04,2025-12-31,True,1728688,ticker,
17889,56413,49372L20,49372L20,KZR,Q,2021-01-04,2025-12-31,True,,no_edgar_ticker,
17890,56414,51509P10,,,X,2021-01-04,2025-06-25,False,,no_edgar_ticker,
17891,56415,54738L10,54738L10,LOVE,Q,2021-01-04,2025-12-31,True,1701758,ticker,
17892,56416,25282810,25282810,DNTH,Q,2021-01-04,2025-12-31,True,1690585,ticker,
17895,56419,68401U20,68401U20,OPRX,Q,2021-01-04,2025-12-31,True,1448431,ticker,
17898,56420,64131A10,64131A10,STIM,Q,2021-01-04,2025-12-31,True,1227636,ticker,
17899,56421,89374L10,,,X,2021-01-04,2021-09-14,False,,no_edgar_ticker,
17900,56423,89610F10,,,X,2021-01-04,2023-01-24,False,,no_edgar_ticker,
17901,56379,54570M30,54570M30,SEGG,Q,2021-01-04,2025-12-31,True,1673481,ticker,
17906,56427,92511W20,92511W20,VRCA,Q,2021-01-04,2025-12-31,True,1660334,ticker,
17907,56382,65411030,,,X,2021-01-04,2025-02-26,False,,no_edgar_ticker,
17908,56428,98422E10,98422E10,XERS,Q,2021-01-04,2025-12-31,True,1867096,ticker,
17916,56429,15957P30,,,X,2021-01-04,2023-04-04,False,,no_edgar_ticker,
17919,56430,29670E10,29670E10,EPRT,N,2021-01-04,2025-12-31,True,1728951,ticker,
17929,21794,90268110,90268110,UGI,N,2021-01-04,2025-12-31,True,884614,ticker,
17942,56438,49271V10,49271V10,KDP,Q,2021-01-04,2025-12-31,True,1418135,ticker,
17944,56441,88025T10,88025T10,TENB,Q,2021-01-04,2025-12-31,True,1660280,ticker,
17947,56440,78116T10,,,X,2021-01-04,2023-03-07,False,,no_edgar_ticker,
17948,56442,01671P10,,,X,2021-01-04,2025-05-15,False,,no_edgar_ticker,
17949,56445,09371210,09371210,BE,N,2021-01-04,2025-12-31,True,1664703,ticker,
17950,56444,34417P10,,,X,2021-01-04,2023-08-31,False,,no_edgar_ticker,
17951,56446,00688A20,00688A20,ADIL,Q,2021-01-04,2025-12-31,True,1513525,ticker,
17952,56447,02607T10,,,X,2021-01-04,2023-09-12,False,,no_edgar_ticker,
17955,56449,03843E10,03843E10,AQST,Q,2021-01-04,2025-12-31,True,1398733,ticker,
17956,56450,08579X10,,,X,2021-01-04,2025-12-18,False,,no_edgar_ticker,
17957,56451,19046P20,19046P20,CCB,Q,2021-01-04,2025-12-31,True,1437958,ticker,
17958,56452,21037310,,,X,2021-01-04,2021-07-15,False,,no_edgar_ticker,
17959,56453,22663K10,22663K10,CRNX,Q,2021-01-04,2025-12-31,True,1658247,ticker,
17968,56457,53635D20,53635D20,LQDA,Q,2021-01-04,2025-12-31,True,1819576,ticker,
17969,56458,59548Q10,,,X,2021-01-04,2023-08-15,False,,no_edgar_ticker,
17970,56459,33751L10,33751L10,MYFW,Q,2021-01-04,2025-12-31,True,1327607,ticker,
17973,56462,74374N10,,,X,2021-01-04,2023-04-27,False,,no_edgar_ticker,
17974,56463,76029N10,76029N10,REPL,Q,2021-01-04,2025-12-31,True,1737953,ticker,
17976,56422,76029L10,76029L10,RPAY,Q,2021-01-04,2025-12-31,True,1720592,ticker,
17977,56465,88688T20,88688T20,TLRY,Q,2021-01-04,2025-12-31,True,1731348,ticker,
17979,56466,86633R60,86633R60,DVLT,Q,2021-01-04,2025-12-31,True,1682149,ticker,
17987,56432,92537N10,92537N10,VRT,N,2021-01-04,2025-12-31,True,1674101,ticker,
18011,56473,83570H10,83570H10,SONO,Q,2021-01-04,2025-12-31,True,1314727,ticker,
18013,56475,04206A10,04206A10,ARLO,N,2021-01-04,2025-12-31,True,1736946,ticker,
18043,56481,02267110,02267110,AMAL,Q,2021-01-04,2025-12-31,True,1823608,ticker,
18044,56482,04033410,,,X,2021-01-04,2023-07-19,False,,no_edgar_ticker,
18046,16182,23108280,,,X,2021-01-04,2025-05-02,False,,no_edgar_ticker,
18048,56485,48253L20,48253L20,KLXE,Q,2021-01-04,2025-12-31,True,1738827,ticker,
18049,56487,02357610,02357610,AMTB,N,2021-01-04,2025-12-31,True,1734342,ticker,
18050,56487,02357620,,,X,2021-01-04,2021-11-18,False,,no_edgar_ticker,
18051,9014,59047940,59047940,RJET,Q,2021-01-04,2025-12-31,True,810332,ticker,
18052,56488,69320M10,69320M10,PCB,Q,2021-01-04,2025-12-31,True,1423869,ticker,
18053,56489,76940Q10,,,X,2021-01-04,2021-12-01,False,,no_edgar_ticker,
18055,56491,81612030,,,X,2021-01-04,2021-10-21,False,,no_edgar_ticker,
18058,56495,70451A10,70451A10,PAYS,Q,2021-01-04,2025-12-31,True,1496443,ticker,
18061,56497,91864030,,,X,2021-01-04,2024-12-18,False,,no_edgar_ticker,
18062,56498,28414H10,28414H10,ELAN,N,2021-01-04,2025-12-31,True,1739104,ticker,
18063,56499,29975E10,29975E10,EB,N,2021-01-04,2025-12-31,True,,no_edgar_ticker,
18064,56500,35905A10,35905A10,FTDR,Q,2021-01-04,2025-12-31,True,1727263,ticker,
18065,56501,36650510,36650510,GTX,Q,2021-01-04,2025-12-31,True,1735707,ticker,
18075,20192,03203710,03203710,AP,N,2021-01-04,2025-12-31,True,6176,ticker,
18086,56477,05591L10,,,X,2021-01-04,2025-02-03,False,,no_edgar_ticker,
18089,56509,74933X70,74933X70,VTAK,A,2021-01-04,2025-12-31,True,1716621,ticker,
18091,20546,23156110,23156110,CW,N,2021-01-04,2025-12-31,True,26324,ticker,
18097,56511,60878Y10,,,X,2021-01-04,2023-06-01,False,,no_edgar_ticker,
18098,56512,05073420,05073420,AEYE,Q,2021-01-04,2025-12-31,True,1362190,ticker,
18100,56514,04335A10,04335A10,ARVN,Q,2021-01-04,2025-12-31,True,1655759,ticker,
18102,56483,09075F40,09075F40,BNGO,Q,2021-01-04,2025-12-31,True,1411690,ticker,
18103,56515,09073N30,09073N30,STEX,Q,2021-01-04,2025-12-31,True,1530766,ticker,
18106,56516,06652N10,06652N10,BSVN,Q,2021-01-04,2025-12-31,True,1746129,ticker,
18107,56517,1248XT10,,,X,2021-01-04,2021-11-01,False,,no_edgar_ticker,
18108,56518,13973710,13973710,CBNK,Q,2021-01-04,2025-12-31,True,1419536,ticker,
18113,56520,29361410,,,X,2021-01-04,2022-07-11,False,,no_edgar_ticker,
18114,56484,87663X10,,,X,2021-01-04,2023-07-12,False,,no_edgar_ticker,
18115,56521,36120Q10,36120Q10,FVCB,Q,2021-01-04,2025-12-31,True,1675644,ticker,
18116,56523,39868T10,,,X,2021-01-04,2024-10-22,False,,no_edgar_ticker,
18128,56528,86936720,86936720,STRO,Q,2021-01-04,2025-12-31,True,1382101,ticker,
18133,56532,98424110,,,X,2021-01-04,2025-09-16,False,,no_edgar_ticker,
18134,56533,91688F10,91688F10,UPWK,Q,2021-01-04,2025-12-31,True,1627475,ticker,
18135,56534,40131M10,40131M10,GH,Q,2021-01-04,2025-12-31,True,1576280,ticker,
18137,56536,01977010,01977010,ALLO,Q,2021-01-04,2025-12-31,True,1737287,ticker,
18138,56537,53814L10,,,X,2021-01-04,2024-01-04,False,,no_edgar_ticker,
18141,56538,03272L10,,,X,2021-01-04,2022-06-22,False,,no_edgar_ticker,
18142,56539,76118Y10,76118Y10,REZI,N,2021-01-04,2025-12-31,True,1740332,ticker,
18144,56541,03965310,03965310,ACA,N,2021-01-04,2025-12-31,True,1739445,ticker,
18145,56542,98585X10,98585X10,YETI,N,2021-01-04,2025-12-31,True,1670592,ticker,
18148,682,00887530,00887530,DOMH,Q,2021-01-04,2025-12-31,True,12239,ticker,
18150,56546,29460010,,,X,2021-01-04,2024-07-22,False,,no_edgar_ticker,
18162,56547,92259F10,,,X,2021-01-04,2023-02-13,False,,no_edgar_ticker,
18163,21446,74271810,74271810,PG,N,2021-01-04,2025-12-31,True,80424,ticker,
18183,56550,83417Q20,,,X,2021-01-04,2025-04-16,False,,no_edgar_ticker,
18184,56480,33813J10,,,X,2021-01-04,2024-03-26,False,,no_edgar_ticker,
18190,56556,05465P10,,,X,2021-01-04,2024-11-15,False,,no_edgar_ticker,
18191,56557,06211J10,06211J10,BFC,Q,2021-01-04,2025-12-31,True,1746109,ticker,
18192,56558,39813G10,39813G10,GDYN,Q,2021-01-04,2025-12-31,True,1743725,ticker,
18195,56561,29446K10,29446K10,EQ,Q,2021-01-04,2025-12-31,True,1746466,ticker,
18202,56522,69290Y10,,,X,2021-01-04,2022-02-15,False,,no_edgar_ticker,
18203,56563,50015M10,50015M10,KOD,Q,2021-01-04,2025-12-31,True,1468748,ticker,
18205,56564,54142F10,,,X,2021-01-04,2022-11-16,False,,no_edgar_ticker,
18210,56569,71722410,,,X,2021-01-04,2022-11-03,False,,no_edgar_ticker,
18212,56571,82570410,82570410,SIBN,Q,2021-01-04,2025-12-31,True,1459839,ticker,
18214,56573,90184D10,90184D10,TWST,Q,2021-01-04,2025-12-31,True,1581280,ticker,
18215,56496,76152G10,76152G10,RVPH,Q,2021-01-04,2025-12-31,True,1742927,ticker,
18217,56574,81751A10,81751A10,SER,A,2021-01-04,2025-12-31,True,1708599,ticker,
18224,56578,02076410,02076410,AMR,N,2021-01-04,2025-12-31,True,1704715,ticker,
18247,56581,92210730,,,X,2021-01-04,2023-12-15,False,,no_edgar_ticker,
18248,56553,91809010,91809010,UTZ,N,2021-01-04,2025-12-31,True,1739566,ticker,
18253,56585,05344R30,05344R30,ALBT,Q,2021-01-04,2025-12-31,True,,no_edgar_ticker,
18255,56587,22530J30,22530J30,CREX,Q,2021-01-04,2025-12-31,True,1356093,ticker,
18257,56588,29772L10,29772L10,ETON,Q,2021-01-04,2025-12-31,True,1710340,ticker,
18259,56590,58403P40,58403P40,MDRR,Q,2021-01-04,2025-12-31,True,1654595,ticker,
18267,55676,24703L20,24703L20,DELL,N,2021-01-04,2025-12-31,True,1571996,ticker,
18302,56584,00788A20,,,X,2021-01-04,2025-10-30,False,,no_edgar_ticker,
18306,56607,23811630,23811630,DTSS,Q,2021-01-04,2025-12-31,True,2110423,ticker,
18309,56608,29350E20,29350E20,LNAI,Q,2021-01-04,2025-12-31,True,1527728,ticker,
18311,56610,52472M10,52472M10,LEGH,Q,2021-01-04,2025-12-31,True,1436208,ticker,
18312,56611,60770K10,60770K10,MRNA,Q,2021-01-04,2025-12-31,True,1682852,ticker,
18320,56592,89157G86,,,X,2021-01-04,2024-08-09,False,,no_edgar_ticker,
18322,56617,98212N10,98212N10,WRAP,Q,2021-01-04,2025-12-31,True,1702924,ticker,
18325,56618,01643A30,,,X,2021-01-04,2024-02-06,False,,no_edgar_ticker,
18327,56619,22304C10,,,X,2021-01-04,2022-10-13,False,,no_edgar_ticker,
18356,56626,28253R10,,,X,2021-01-04,2025-03-10,False,,no_edgar_ticker,
18357,56586,04943010,,,X,2021-01-04,2023-04-19,False,,no_edgar_ticker,
18360,56605,36831E10,36831E10,GCMG,Q,2021-01-04,2025-12-31,True,1819796,ticker,
18361,56589,70434P10,,,X,2021-01-04,2023-02-22,False,,no_edgar_ticker,
18368,56629,64439310,64439310,NFE,Q,2021-01-04,2025-12-31,True,1749723,ticker,
18369,56630,76209310,76209310,RBKB,Q,2021-01-04,2025-12-31,True,1751783,ticker,
18376,56632,01444210,01444210,ALEC,Q,2021-01-04,2025-12-31,True,1653087,ticker,
18377,56633,38341P10,38341P10,GOSS,Q,2021-01-04,2025-12-31,True,1728117,ticker,
18396,56641,02927U20,02927U20,AREC,Q,2021-01-04,2025-12-31,True,1590715,ticker,
18401,56647,41358P20,,,X,2021-01-04,2024-03-11,False,,no_edgar_ticker,
18402,56649,44148G20,44148G20,HOTH,Q,2021-01-04,2025-12-31,True,,no_edgar_ticker,
18405,56650,44967K30,,,X,2021-01-04,2025-03-26,False,,no_edgar_ticker,
18406,56651,45782T10,45782T10,INMB,Q,2021-01-04,2025-12-31,True,1711754,ticker,
18408,56653,48334710,,,X,2021-01-04,2022-04-18,False,,no_edgar_ticker,
18410,56655,00810F10,00810F10,ASLE,Q,2021-01-04,2025-12-31,True,1754170,ticker,
18411,21640,84258710,84258710,SO,N,2021-01-04,2025-12-31,True,92122,ticker,
18413,56656,86804F40,86804F40,SLE,Q,2021-01-04,2025-12-31,True,1621672,ticker,
18414,56657,83425110,,,X,2021-01-04,2021-12-16,False,,no_edgar_ticker,
18415,56658,87808K10,,,X,2021-01-04,2023-06-01,False,,no_edgar_ticker,
18418,56660,98986M10,,,X,2021-01-04,2025-12-24,False,,no_edgar_ticker,
18419,56597,09090D50,09090D50,PHGE,A,2021-01-04,2025-12-31,True,1739174,ticker,
18420,56662,35137L10,35137L10,FOXA,Q,2021-01-04,2025-12-31,True,1754301,ticker,
18421,56662,35137L20,35137L20,FOX,Q,2021-01-04,2025-12-31,True,1754301,ticker,
18422,33864,22058710,,,X,2021-01-04,2021-11-01,False,,no_edgar_ticker,
18424,25260,52736R10,52736R10,LEVI,N,2021-01-04,2025-12-31,True,94845,ticker,
18425,56665,05875B10,,,X,2021-01-04,2025-02-07,False,,no_edgar_ticker,
18427,56667,23255M20,23255M20,CYCN,Q,2021-01-04,2025-12-31,True,1755237,ticker,
18428,56668,26055710,26055710,DOW,N,2021-01-04,2025-12-31,True,1751788,ticker,
18438,21665,85566810,,,X,2021-01-04,2024-05-23,False,,no_edgar_ticker,
18452,56673,55087P10,55087P10,LYFT,Q,2021-01-04,2025-12-31,True,1759509,ticker,
18453,56646,55042430,,,X,2021-01-04,2025-12-24,False,,no_edgar_ticker,
18456,56679,82489T10,,,X,2021-01-04,2024-05-31,False,,no_edgar_ticker,
18457,56681,59516C10,59516C10,MVST,Q,2021-01-04,2025-12-31,True,1760689,ticker,
18458,56683,74019P20,74019P20,DTIL,Q,2021-01-04,2025-12-31,True,1357874,ticker,
18459,56685,14610310,14610310,CARE,Q,2021-01-04,2025-12-31,True,1829576,ticker,
18461,56625,86368520,,,X,2021-01-04,2025-02-06,False,,no_edgar_ticker,
18480,56687,89267210,89267210,TW,Q,2021-01-04,2025-12-31,True,1758730,ticker,
18482,56688,69553P10,69553P10,PD,N,2021-01-04,2025-12-31,True,1568100,ticker,
18484,56690,98980L10,98980L10,ZM,Q,2021-01-04,2025-12-31,True,1585521,ticker,
18485,56691,72352L10,72352L10,PINS,N,2021-01-04,2025-12-31,True,1506293,ticker,
18514,56692,02128L10,02128L10,ALTG,N,2021-01-04,2025-12-31,True,1759824,ticker,
18515,56693,10918L10,,,X,2021-01-04,2022-12-29,False,,no_edgar_ticker,
18533,56637,77615310,,,X,2021-01-04,2022-10-17,False,,no_edgar_ticker,
18539,56638,44910910,44910910,HYLN,A,2021-01-04,2025-12-31,True,1759631,ticker,
18542,20408,14912310,14912310,CAT,N,2021-01-04,2025-12-31,True,18230,ticker,
18546,56639,14255210,,,X,2021-01-04,2022-12-09,False,,no_edgar_ticker,
18549,56675,53838L10,,,X,2021-01-04,2023-12-26,False,,no_edgar_ticker,
18552,56644,54405Q20,,,X,2021-01-04,2023-07-07,False,,no_edgar_ticker,
18553,56700,07373B10,07373B10,BEEM,Q,2021-01-04,2025-12-31,True,1398805,ticker,
18554,56701,32106V10,32106V10,FXNC,Q,2021-01-04,2025-12-31,True,719402,ticker,
18555,56702,40145Q50,,,X,2021-01-04,2024-10-14,False,,no_edgar_ticker,
18556,56703,39533050,39533050,GNLN,Q,2021-01-04,2025-12-31,True,1743745,ticker,
18558,56676,13803R30,,,X,2021-01-04,2025-01-29,False,,no_edgar_ticker,
18559,56704,43906K20,,,X,2021-01-04,2025-08-08,False,,no_edgar_ticker,
18560,56705,56064Y10,56064Y10,MNSB,Q,2021-01-04,2025-12-31,True,1693577,ticker,
18561,56706,62921N10,,,X,2021-01-04,2024-04-05,False,,no_edgar_ticker,
18563,56708,69753M10,69753M10,PLMR,Q,2021-01-04,2025-12-31,True,1761312,ticker,
18566,56711,82710M10,,,X,2021-01-04,2024-09-17,False,,no_edgar_ticker,
18567,56712,90041T10,,,X,2021-01-04,2022-08-17,False,,no_edgar_ticker,
18568,56713,92337U30,92337U30,TONX,Q,2021-01-04,2025-12-31,True,1566610,ticker,
18572,56715,08862E10,08862E10,BYND,Q,2021-01-04,2025-12-31,True,1655210,ticker,
18573,56716,80908710,,,X,2021-01-04,2023-10-23,False,,no_edgar_ticker,
18575,56718,70202L10,70202L10,PSN,N,2021-01-04,2025-12-31,True,275880,ticker,
18576,56719,90353T10,90353T10,UBER,N,2021-01-04,2025-12-31,True,1543151,ticker,
18578,56720,50050N10,50050N10,KTB,N,2021-01-04,2025-12-31,True,1760965,ticker,
18579,56721,05352A10,05352A10,AVTR,N,2021-01-04,2025-12-31,True,1722482,ticker,
18580,56722,31188V10,31188V10,FSLY,Q,2021-01-04,2025-12-31,True,1517413,ticker,
18592,56723,22052L10,22052L10,CTVA,N,2021-01-04,2025-12-31,True,1755672,ticker,
18642,56698,96684W10,,,X,2021-01-04,2024-08-05,False,,no_edgar_ticker,
18643,56732,08862L20,08862L20,XAIR,Q,2021-01-04,2025-12-31,True,1641631,ticker,
18644,56733,03828A10,03828A10,APLT,Q,2021-01-04,2025-12-31,True,,no_edgar_ticker,
18646,56735,05454B20,,,X,2021-01-04,2023-11-24,False,,no_edgar_ticker,
18648,56737,22053A10,22053A10,QNCX,Q,2021-01-04,2025-12-31,True,1662774,ticker,
18649,21414,10969610,10969610,BCO,N,2021-01-04,2025-12-31,True,78890,ticker,
18652,56739,35352510,35352510,FRAF,Q,2021-01-04,2025-12-31,True,723646,ticker,
18656,56743,45166A10,45166A10,IDYA,Q,2021-01-04,2025-12-31,True,1676725,ticker,
18659,56682,82452T30,,,X,2021-01-04,2023-10-19,False,,no_edgar_ticker,
18664,56748,65343E20,65343E20,NXTC,Q,2021-01-04,2025-12-31,True,1661059,ticker,
18668,56751,75686R20,75686R20,RRBI,Q,2021-01-04,2025-12-31,True,1071236,ticker,
18670,56753,83548F40,83548F40,SONM,Q,2021-01-04,2025-12-31,True,1178697,ticker,
18671,56754,83946P10,83946P10,SPFI,Q,2021-01-04,2025-12-31,True,1163668,ticker,
18676,56757,89377M10,89377M10,TMDX,Q,2021-01-04,2025-12-31,True,1756262,ticker,
18677,56758,89532M10,89532M10,TRVI,Q,2021-01-04,2025-12-31,True,1563880,ticker,
18709,56762,57860510,57860510,MEC,N,2021-01-04,2025-12-31,True,1766368,ticker,
18715,56763,73757R10,73757R10,PSTL,N,2021-01-04,2025-12-31,True,1759774,ticker,
18719,56672,25058X30,,,X,2021-01-04,2025-04-02,False,,no_edgar_ticker,
18725,56768,76156B10,76156B10,RVLV,N,2021-01-04,2025-12-31,True,1746618,ticker,
18726,56769,22788C10,22788C10,CRWD,Q,2021-01-04,2025-12-31,True,1535527,ticker,
18727,56770,16679L10,16679L10,CHWY,N,2021-01-04,2025-12-31,True,1766502,ticker,
18729,20473,19416210,19416210,CL,N,2021-01-04,2025-12-31,True,21665,ticker,
18734,56773,83088V10,,,X,2021-01-04,2021-07-21,False,,no_edgar_ticker,
18735,56774,39874R10,39874R10,GO,Q,2021-01-04,2025-12-31,True,1771515,ticker,
18736,56775,44925310,,,X,2021-01-04,2023-03-21,False,,no_edgar_ticker,
18769,56786,00650F10,00650F10,ADPT,Q,2021-01-04,2025-12-31,True,1478320,ticker,
18770,56787,10806X10,10806X10,BBIO,Q,2021-01-04,2025-12-31,True,1743881,ticker,
18771,56788,15912K10,,,X,2021-01-04,2022-10-03,False,,no_edgar_ticker,
18772,56789,00973Y10,,,X,2021-01-04,2025-12-09,False,,no_edgar_ticker,
18773,56790,04301G60,04301G60,ARTL,Q,2021-01-04,2025-12-31,True,1621221,ticker,
18774,56791,04965G10,,,X,2021-01-04,2024-03-19,False,,no_edgar_ticker,
18776,56742,45258J10,45258J10,IMVT,Q,2021-01-04,2025-12-31,True,1764013,ticker,
18777,56794,48576A10,,,X,2021-01-04,2024-03-18,False,,no_edgar_ticker,
18778,56745,38113L10,,,X,2021-01-04,2022-05-05,False,,no_edgar_ticker,
18779,56795,61775R10,,,X,2021-01-04,2024-08-16,False,,no_edgar_ticker,
18780,56796,02156U20,02156U20,ATER,Q,2021-01-04,2025-12-31,True,1757715,ticker,
18782,56797,74140Y10,,,X,2021-01-04,2021-01-22,False,,no_edgar_ticker,
18783,56798,71535D10,71535D10,PSNL,Q,2021-01-04,2025-12-31,True,1527753,ticker,
18784,56799,88339P10,88339P10,REAL,Q,2021-01-04,2025-12-31,True,1573221,ticker,
18785,56801,86150R10,86150R10,STOK,Q,2021-01-04,2025-12-31,True,1623526,ticker,
18786,56802,04546L10,,,X,2021-01-04,2024-09-05,False,,no_edgar_ticker,
18787,56803,58402110,,,X,2021-01-04,2021-10-29,False,,no_edgar_ticker,
18789,56804,42225T10,42225T10,HCAT,Q,2021-01-04,2025-12-31,True,1636422,ticker,
18794,56778,17143G10,,,X,2021-01-04,2021-06-14,False,,no_edgar_ticker,
18802,56781,91532B20,,,X,2021-01-04,2023-12-12,False,,no_edgar_ticker,
18806,56807,18507C10,18507C10,CLPT,Q,2021-01-04,2025-12-31,True,1285550,ticker,
18808,56809,71944F10,71944F10,PHR,N,2021-01-04,2025-12-31,True,1412408,ticker,
18810,56811,74349J10,,,X,2021-01-04,2021-08-04,False,,no_edgar_ticker,
18815,56814,86745K10,,,X,2021-01-04,2025-06-09,False,,no_edgar_ticker,
18830,56731,89597010,,,X,2021-01-04,2025-12-30,False,,no_edgar_ticker,
18832,56824,14843C10,14843C10,CSTL,Q,2021-01-04,2025-12-31,True,1447362,ticker,
18835,56738,26142V10,26142V10,DKNG,Q,2021-01-04,2025-12-31,True,1883685,ticker,
18837,56827,33631F10,33631F10,FSEA,Q,2021-01-04,2025-12-31,True,1943802,ticker,
18838,56828,35961610,35961610,FULC,Q,2021-01-04,2025-12-31,True,1680581,ticker,
18840,56740,15119020,15119020,CELU,Q,2021-01-04,2025-12-31,True,1752828,ticker,
18844,56793,04124210,04124210,ARKO,Q,2021-01-04,2025-12-31,True,1823794,ticker,
18845,56830,45174J50,45174J50,IHRT,Q,2021-01-04,2025-12-31,True,1400891,ticker,
18846,56831,60474910,60474910,MIRM,Q,2021-01-04,2025-12-31,True,1759425,ticker,
18847,56833,72356110,72356110,PBFS,Q,2021-01-04,2025-12-31,True,1769663,ticker,
18851,56834,76525P10,76525P10,RMBI,Q,2021-01-04,2025-12-31,True,1767837,ticker,
18852,56800,11778X10,,,X,2021-01-04,2022-12-16,False,,no_edgar_ticker,
18853,56835,90070A10,,,X,2021-01-04,2022-11-21,False,,no_edgar_ticker,
18855,56837,30205M30,30205M30,XCUR,Q,2021-01-04,2025-12-31,True,1698530,ticker,
18856,56838,98379L10,98379L10,XPEL,Q,2021-01-04,2025-12-31,True,1767258,ticker,
18886,56857,26815010,26815010,DT,N,2021-01-04,2025-12-31,True,1773383,ticker,
18894,56859,09060U60,09060U60,BCDA,Q,2021-01-04,2025-12-31,True,925741,ticker,
18895,56860,22766M10,,,X,2021-01-04,2025-03-03,False,,no_edgar_ticker,
18898,56863,50127010,50127010,KRUS,Q,2021-01-04,2025-12-31,True,1772177,ticker,
18899,45536,64067140,64067140,NEPH,Q,2021-01-04,2025-12-31,True,1196298,ticker,
18903,56869,92347D10,,,X,2021-01-04,2024-06-28,False,,no_edgar_ticker,
18907,56872,83192H10,,,X,2021-01-04,2023-10-04,False,,no_edgar_ticker,
18908,56873,88025U10,88025U10,TXG,Q,2021-01-04,2025-12-31,True,1770787,ticker,
18909,56874,18915M10,18915M10,NET,N,2021-01-04,2025-12-31,True,1477333,ticker,
18910,56875,29415F10,29415F10,NVST,N,2021-01-04,2025-12-31,True,1757073,ticker,
18911,56876,23804L10,23804L10,DDOG,Q,2021-01-04,2025-12-31,True,1561550,ticker,
18912,56877,72341T10,,,X,2021-01-04,2022-10-18,False,,no_edgar_ticker,
18913,56878,70805E10,70805E10,PNTG,Q,2021-01-04,2025-12-31,True,1766400,ticker,
18915,56879,15672710,15672710,CRNC,Q,2021-01-04,2025-12-31,True,1768267,ticker,
18936,56810,9837FR20,9837FR20,SPRU,N,2021-01-04,2025-12-31,True,1772720,ticker,
18937,56815,15961R30,15961R30,CHPT,N,2021-01-04,2025-12-31,True,1777393,ticker,
18938,56818,43300010,43300010,HIMS,N,2021-01-04,2025-12-31,True,1773751,ticker,
18940,56886,70614W10,70614W10,PTON,Q,2021-01-04,2025-12-31,True,1639825,ticker,
18941,56887,01446U10,01446U10,ALRS,Q,2021-01-04,2025-12-31,True,903419,ticker,
18953,56823,00791N10,00791N10,ADV,Q,2021-01-04,2025-12-31,True,1776661,ticker,
18955,56890,44958510,,,X,2021-01-04,2025-08-14,False,,no_edgar_ticker,
18958,56892,68376D10,68376D10,OPRT,Q,2021-01-04,2025-12-31,True,1538716,ticker,
18960,56893,80405P10,,,X,2021-01-04,2023-06-08,False,,no_edgar_ticker,
18961,56894,85205L10,,,X,2021-01-04,2025-07-01,False,,no_edgar_ticker,
18963,56895,30068X10,30068X10,XGN,Q,2021-01-04,2025-12-31,True,1274737,ticker,
18967,56896,07982310,,,X,2021-01-04,2022-03-11,False,,no_edgar_ticker,
18968,56897,74340E10,74340E10,PGNY,Q,2021-01-04,2025-12-31,True,1551306,ticker,
18973,7113,10467410,10467410,BRC,N,2021-01-04,2025-12-31,True,746598,ticker,
18997,56905,03836J20,03836J20,APRE,Q,2021-01-04,2025-12-31,True,1781983,ticker,
19002,56907,05589G10,05589G10,BWIN,Q,2021-01-04,2025-12-31,True,1781755,ticker,
19004,56908,12674W10,12674W10,CABA,Q,2021-01-04,2025-12-31,True,1759138,ticker,
19005,56909,25490H10,,,X,2021-01-04,2023-09-15,False,,no_edgar_ticker,
19008,56910,50094610,50094610,KRRO,Q,2021-01-04,2025-12-31,True,1703647,ticker,
19011,56911,G4289N12,G4289N12,PAVS,Q,2021-01-04,2025-12-31,True,1751876,ticker,
19012,56912,40411110,40411110,HBT,Q,2021-01-04,2025-12-31,True,775215,ticker,
19015,56915,59165J10,59165J10,MCBS,Q,2021-01-04,2025-12-31,True,1747068,ticker,
19016,56916,69242L10,,,X,2021-01-04,2023-01-03,False,,no_edgar_ticker,
19017,56917,71722W10,71722W10,PHAT,Q,2021-01-04,2025-12-31,True,1783183,ticker,
19021,56919,75382E20,75382E20,RAPT,Q,2021-01-04,2025-12-31,True,,no_edgar_ticker,
19022,56920,05380C10,05380C10,RCEL,Q,2021-01-04,2025-12-31,True,1762303,ticker,
19024,56921,75955J40,75955J40,RLMD,Q,2021-01-04,2025-12-31,True,1553643,ticker,
19025,56867,92971A10,92971A10,MAPS,Q,2021-01-04,2025-12-31,True,1779474,ticker,
19026,56922,87241J20,,,X,2021-01-04,2024-12-13,False,,no_edgar_ticker,
19031,56923,92661310,,,X,2021-01-04,2021-03-15,False,,no_edgar_ticker,
19032,56924,92764N10,92764N10,VIR,Q,2021-01-04,2025-12-31,True,1706431,ticker,
19033,56925,11135B10,,,X,2021-01-04,2023-05-31,False,,no_edgar_ticker,
19034,56926,07160F40,,,X,2021-01-04,2023-11-16,False,,no_edgar_ticker,
19037,56927,02083X10,02083X10,PINE,N,2021-01-04,2025-12-31,True,1786117,ticker,
19058,56932,82837P40,,,X,2021-01-04,2023-05-11,False,,no_edgar_ticker,
19061,56903,81947T20,,,X,2021-01-04,2024-07-17,False,,no_edgar_ticker,
19064,56888,05360410,05360410,AVPT,Q,2021-01-04,2025-12-31,True,1777921,ticker,
19066,56939,18978H50,18978H50,CNSP,Q,2021-01-04,2025-12-31,True,1729427,ticker,
19070,56944,28255910,,,X,2021-01-04,2025-10-30,False,,no_edgar_ticker,
19071,56889,09266710,09266710,SRTA,Q,2021-01-04,2025-12-31,True,1779128,ticker,
19072,56947,36338D10,,,X,2021-01-04,2024-06-04,False,,no_edgar_ticker,
19076,56891,00217D10,00217D10,ASTS,Q,2021-01-04,2025-12-31,True,1780312,ticker,
19081,56955,82982T10,82982T10,SITM,Q,2021-01-04,2025-12-31,True,1451809,ticker,
19082,56957,87238110,87238110,TELA,Q,2021-01-04,2025-12-31,True,1561921,ticker,
19084,56959,09004310,09004310,BILL,N,2021-01-04,2025-12-31,True,1786352,ticker,
19085,56960,09582510,09582510,BRBS,A,2021-01-04,2025-12-31,True,842717,ticker,
19098,56962,42810310,42810310,HESM,N,2021-01-04,2025-12-31,True,1789832,ticker,
19106,56930,48205G10,,,X,2021-01-04,2021-06-08,False,,no_edgar_ticker,
19114,56931,09263B20,09263B20,BKSY,N,2021-01-04,2025-12-31,True,1753539,ticker,
19129,56968,58450D10,58450D10,MDIA,Q,2021-01-04,2025-12-31,True,1784254,ticker,
19135,56945,48585920,48585920,KPLT,Q,2021-01-04,2025-12-31,True,1785424,ticker,
19136,56946,42309B60,,,X,2021-01-04,2023-12-20,False,,no_edgar_ticker,
19137,56971,39986L10,39986L10,GRWG,Q,2021-01-04,2025-12-31,True,1604868,ticker,
19139,56975,53952P10,,,X,2021-01-04,2022-08-25,False,,no_edgar_ticker,
19140,56950,52178J30,,,X,2021-01-04,2025-01-17,False,,no_edgar_ticker,
19142,56978,61023L20,61023L20,MNPR,Q,2021-01-04,2025-12-31,True,1645469,ticker,
19143,56979,29073410,,,X,2021-01-04,2023-10-17,False,,no_edgar_ticker,
19145,56980,85209W10,85209W10,SPT,Q,2021-01-04,2025-12-31,True,1517375,ticker,
19146,56956,60879E40,60879E40,MNTS,Q,2021-01-04,2025-12-31,True,1781162,ticker,
19149,56983,03615A10,03615A10,ANVS,N,2021-01-04,2025-12-31,True,1477845,ticker,
19166,20681,30249130,30249130,FMC,N,2021-01-04,2025-12-31,True,37785,ticker,
19172,56990,92262D10,92262D10,VEL,N,2021-01-04,2025-12-31,True,1692376,ticker,
19176,56992,09203E10,09203E10,BDTX,Q,2021-01-04,2025-12-31,True,1701541,ticker,
19177,56993,68269G10,,,X,2021-01-04,2023-02-23,False,,no_edgar_ticker,
19178,56994,76171L10,76171L10,REYN,Q,2021-01-04,2025-12-31,True,1786431,ticker,
19180,56936,47187120,47187120,JSPR,Q,2021-01-04,2025-12-31,True,1788028,ticker,
19184,56997,03969K10,03969K10,ARQT,Q,2021-01-04,2025-12-31,True,1787306,ticker,
19185,56998,09723510,09723510,BSBK,Q,2021-01-04,2025-12-31,True,1787414,ticker,
19186,56938,12558Y10,,,X,2021-01-04,2022-04-25,False,,no_edgar_ticker,
19187,56999,18452B20,18452B20,CLSK,Q,2021-01-04,2025-12-31,True,827876,ticker,
19188,57000,17187C10,,,X,2021-01-04,2023-02-06,False,,no_edgar_ticker,
19189,56972,78472F10,,,X,2021-01-04,2022-04-06,False,,no_edgar_ticker,
19194,56974,00857F10,,,X,2021-01-04,2023-11-24,False,,no_edgar_ticker,
19196,56952,73324510,73324510,PRCH,Q,2021-01-04,2025-12-31,True,1784535,ticker,
19197,56954,23130Q10,23130Q10,CURI,Q,2021-01-04,2025-12-31,True,1776909,ticker,
19198,57005,78501P20,78501P20,SWKH,Q,2021-01-04,2025-12-31,True,,no_edgar_ticker,
19199,14304,69355F10,,,X,2021-01-04,2021-12-08,False,,no_edgar_ticker,
19200,57007,80810D10,80810D10,SDGR,Q,2021-01-04,2025-12-31,True,1490978,ticker,
19201,57008,76155X10,76155X10,RVMD,Q,2021-01-04,2025-12-31,True,1628171,ticker,
19202,57010,14762610,,,X,2021-01-04,2022-01-25,False,,no_edgar_ticker,
19224,57014,00835Q20,00835Q20,AEVA,Q,2021-01-04,2025-12-31,True,1789029,ticker,
19225,57015,65342V10,65342V10,NREF,N,2021-01-04,2025-12-31,True,1786248,ticker,
19228,57019,07373V10,07373V10,BEAM,Q,2021-01-04,2025-12-31,True,1745999,ticker,
19230,56969,L0423Q12,,,X,2021-01-04,2024-01-30,False,,no_edgar_ticker,
19231,57021,17038610,17038610,COFS,Q,2021-01-04,2025-12-31,True,803164,ticker,
19232,57022,26604240,26604240,DUOT,Q,2021-01-04,2025-12-31,True,1396536,ticker,
19233,57025,62733340,62733340,SDOT,Q,2021-01-04,2025-12-31,True,1701756,ticker,
19249,57027,80880X10,80880X10,SCNX,Q,2021-01-04,2025-12-31,True,1382574,ticker,
19250,57029,68280L10,68280L10,ONEW,Q,2021-01-04,2025-12-31,True,1772921,ticker,
19251,57030,70271220,70271220,PASG,Q,2021-01-04,2025-12-31,True,1787297,ticker,
19252,57031,74313910,,,X,2021-01-04,2023-02-01,False,,no_edgar_ticker,
19271,644,10876310,10876310,BRID,Q,2021-01-04,2025-12-31,True,14177,ticker,
19283,57034,03966V10,,,X,2021-01-04,2023-08-18,False,,no_edgar_ticker,
19285,57036,14448C10,14448C10,CARR,N,2021-01-04,2025-12-31,True,1783180,ticker,
19286,57037,68902V10,68902V10,OTIS,N,2021-01-04,2025-12-31,True,1781335,ticker,
19295,56942,46323Q10,,,X,2021-01-04,2023-08-07,False,,no_edgar_ticker,
19310,57050,13005U10,,,X,2021-01-04,2024-08-01,False,,no_edgar_ticker,
19312,57001,91823B10,91823B10,UWMC,N,2021-01-04,2025-12-31,True,1783398,ticker,
19313,57052,29337E10,29337E10,ELVN,Q,2021-01-04,2025-12-31,True,1672619,ticker,
19315,57055,76102510,76102510,RSSS,Q,2021-01-04,2025-12-31,True,1386301,ticker,
19316,57056,55826T10,55826T10,SPHR,N,2021-01-04,2025-12-31,True,1795250,ticker,
19317,57057,00187Y10,00187Y10,APG,N,2021-01-04,2025-12-31,True,1796209,ticker,
19331,57011,62548M20,62548M20,CTEV,N,2021-01-04,2025-12-31,True,1793229,ticker,
19333,57012,78201110,78201110,RSI,N,2021-01-04,2025-12-31,True,1793659,ticker,
19338,57039,83067L20,83067L20,SKLZ,N,2021-01-04,2025-12-31,True,,no_edgar_ticker,
19347,57017,74764U20,,,X,2021-01-04,2022-11-09,False,,no_edgar_ticker,
19348,57066,29667K60,,,X,2021-01-04,2024-02-21,False,,no_edgar_ticker,
19349,57067,49232710,49232710,KROS,Q,2021-01-04,2025-12-31,True,1664710,ticker,
19350,20566,24419910,24419910,DE,N,2021-01-04,2025-12-31,True,315189,ticker,
19352,57028,67079Y40,67079Y40,NVVE,Q,2021-01-04,2025-12-31,True,1836875,ticker,
19353,57068,68622P10,68622P10,ORIC,Q,2021-01-04,2025-12-31,True,1796280,ticker,
19356,57070,98943L10,98943L10,ZNTL,Q,2021-01-04,2025-12-31,True,1725160,ticker,
19357,57071,81630730,81630730,SLQT,N,2021-01-04,2025-12-31,True,1794783,ticker,
19358,57072,45332Y10,,,X,2021-01-04,2025-02-19,False,,no_edgar_ticker,
19388,57078,23627240,,,X,2021-01-04,2024-12-31,False,,no_edgar_ticker,
19392,57083,05465V10,,,X,2021-01-04,2023-01-19,False,,no_edgar_ticker,
19393,20331,11012210,11012210,BMY,N,2021-01-04,2025-12-31,True,14272,ticker,
19396,57086,70213Q10,,,X,2021-01-04,2023-12-01,False,,no_edgar_ticker,
19397,57051,68236X10,68236X10,TOI,Q,2021-01-04,2025-12-31,True,,no_edgar_ticker,
19399,57024,39539210,,,X,2021-01-04,2021-06-22,False,,no_edgar_ticker,
19401,57053,92731L30,,,X,2021-01-04,2025-04-23,False,,no_edgar_ticker,
19402,57089,55234L20,55234L20,LYRA,Q,2021-01-04,2025-12-31,True,,no_edgar_ticker,
19403,46685,93455020,93455020,WMG,Q,2021-01-04,2025-12-31,True,1319161,ticker,
19404,57092,82452J10,82452J10,FOUR,N,2021-01-04,2025-12-31,True,1794669,ticker,
19405,57093,98980F10,98980F10,GTM,Q,2021-01-04,2025-12-31,True,1794515,ticker,
19408,57094,92918V20,,,X,2021-01-04,2024-12-02,False,,no_edgar_ticker,
19409,57095,05478C10,,,X,2021-01-04,2025-07-01,False,,no_edgar_ticker,
19410,57096,34633R10,,,X,2021-01-04,2022-10-14,False,,no_edgar_ticker,
19413,57098,01309110,01309110,ACI,N,2021-01-04,2025-12-31,True,1646972,ticker,
19416,57075,29415C10,29415C10,EOSE,Q,2021-01-04,2025-12-31,True,1805077,ticker,
19417,57059,75989E10,,,X,2021-01-04,2022-12-01,False,,no_edgar_ticker,
19433,57062,55336810,55336810,MP,N,2021-01-04,2025-12-31,True,1801368,ticker,
19454,57063,29788T10,,,X,2021-01-04,2025-08-04,False,,no_edgar_ticker,
19455,57064,68371210,68371210,OPEN,Q,2021-01-04,2025-12-31,True,1801169,ticker,
19456,57065,18914F10,18914F10,CLOV,Q,2021-01-04,2025-12-31,True,1801170,ticker,
19460,57108,00702588,00702588,ADTX,Q,2021-01-04,2025-12-31,True,1726711,ticker,
19461,57109,00973J10,,,X,2021-01-04,2022-12-01,False,,no_edgar_ticker,
19462,57110,03824M10,,,X,2021-01-04,2023-12-27,False,,no_edgar_ticker,
19469,57084,19424L10,,,X,2021-01-04,2021-04-06,False,,no_edgar_ticker,
19476,57119,37148K20,37148K20,GBIO,Q,2021-01-04,2025-12-31,True,,no_edgar_ticker,
19479,57123,51654W10,51654W10,LTRN,Q,2021-01-04,2025-12-31,True,1763950,ticker,
19480,57090,03783T10,,,X,2021-01-04,2023-08-02,False,,no_edgar_ticker,
19483,57125,67073S40,67073S40,IMG,Q,2021-01-04,2025-12-31,True,,no_edgar_ticker,
19484,57126,92243G10,92243G10,PCVX,Q,2021-01-04,2025-12-31,True,1649094,ticker,
19485,57127,72913910,72913910,PLRX,Q,2021-01-04,2025-12-31,True,1746473,ticker,
19486,57128,74319F40,,,X,2021-01-04,2024-12-11,False,,no_edgar_ticker,
19488,57130,05370A10,05370A10,RNA,Q,2021-01-04,2025-12-31,True,2093101,ticker,
19489,57091,74623V10,74623V10,PCT,Q,2021-01-04,2025-12-31,True,1830033,ticker,
19494,57134,92346X20,92346X20,VRME,Q,2021-01-04,2025-12-31,True,1104038,ticker,
19495,57135,26484T10,,,X,2021-01-04,2025-08-26,False,,no_edgar_ticker,
19496,57136,00437E10,,,X,2021-01-04,2025-04-08,False,,no_edgar_ticker,
19497,57137,52567D10,52567D10,LMND,N,2021-01-04,2025-12-31,True,1691421,ticker,
19499,57138,65487U10,65487U10,NKTX,Q,2021-01-04,2025-12-31,True,1787400,ticker,
19500,57139,38046W20,38046W20,GOCO,Q,2021-01-04,2025-12-31,True,,no_edgar_ticker,
19501,57140,75943R10,75943R10,RLAY,Q,2021-01-04,2025-12-31,True,1812364,ticker,
19502,21881,93142710,,,X,2021-01-04,2025-08-28,False,,no_edgar_ticker,
19504,57141,08431010,,,X,2021-01-04,2023-10-02,False,,no_edgar_ticker,
19505,57142,47074L10,47074L10,JAMF,Q,2021-01-04,2025-12-31,True,,no_edgar_ticker,
19506,57143,92538J10,92538J10,VERX,Q,2021-01-04,2025-12-31,True,1806837,ticker,
19515,57149,28252C20,,,X,2021-01-04,2024-03-01,False,,no_edgar_ticker,
19519,57076,34431F10,,,X,2021-01-04,2021-07-06,False,,no_edgar_ticker,
19521,57077,53228T20,,,X,2021-01-04,2023-09-19,False,,no_edgar_ticker,
19533,57079,12415510,12415510,BFLY,N,2021-01-04,2025-12-31,True,1804176,ticker,
19534,57152,61511110,61511110,MEG,N,2021-01-04,2025-12-31,True,,no_edgar_ticker,
19539,57080,13781Y20,,,X,2021-01-04,2024-02-05,False,,no_edgar_ticker,
19540,57160,48292910,48292910,KLRS,Q,2021-01-04,2025-12-31,True,1754068,ticker,
19541,57161,92847W10,92847W10,VITL,Q,2021-01-04,2025-12-31,True,1579733,ticker,
19542,57164,00166B10,00166B10,ALXO,Q,2021-01-04,2025-12-31,True,1810182,ticker,
19544,57166,03589W10,03589W10,ANNX,Q,2021-01-04,2025-12-31,True,1528115,ticker,
19547,57112,15678U12,,,X,2021-01-04,2024-08-01,False,,no_edgar_ticker,
19549,57114,67054R20,67054R20,NUKK,Q,2021-01-04,2025-12-31,True,,no_edgar_ticker,
19555,57172,31189V10,31189V10,FTHM,Q,2021-01-04,2025-12-31,True,1753162,ticker,
19556,57121,87427V10,87427V10,TALK,Q,2021-01-04,2025-12-31,True,1803901,ticker,
19559,57175,45790W10,,,X,2021-01-04,2025-07-01,False,,no_edgar_ticker,
19560,57176,46565G10,,,X,2021-01-04,2025-08-29,False,,no_edgar_ticker,
19561,20315,09702310,09702310,BA,N,2021-01-04,2025-12-31,True,12927,ticker,
19565,57180,63947X10,63947X10,NCNO,Q,2021-01-04,2025-12-31,True,1902733,ticker,
19566,57182,67080M10,67080M10,NRIX,Q,2021-01-04,2025-12-31,True,1549595,ticker,
19567,57183,69834010,,,X,2021-01-04,2021-04-01,False,,no_edgar_ticker,
19568,57185,73730P10,,,X,2021-01-04,2025-01-08,False,,no_edgar_ticker,
19572,57189,89457R10,,,X,2021-01-04,2023-04-21,False,,no_edgar_ticker,
19573,57190,73054110,,,X,2021-01-04,2023-12-27,False,,no_edgar_ticker,
19575,57192,08975P10,08975P10,CMRC,Q,2021-01-04,2025-12-31,True,1626450,ticker,
19576,57193,75010210,75010210,RXT,Q,2021-01-04,2025-12-31,True,1810019,ticker,
19577,57194,77311W10,77311W10,RKT,N,2021-01-04,2025-12-31,True,1805284,ticker,
19578,57195,26412010,,,X,2021-01-04,2023-03-30,False,,no_edgar_ticker,
19579,57196,02875D10,02875D10,AOUT,Q,2021-01-04,2025-12-31,True,1808997,ticker,
19585,57201,50157510,50157510,KYMR,Q,2021-01-04,2025-12-31,True,1815442,ticker,
19586,57147,36850R20,,,X,2021-01-04,2023-04-11,False,,no_edgar_ticker,
19592,57102,60938K30,,,X,2021-01-04,2025-04-17,False,,no_edgar_ticker,
19593,57103,60471A10,60471A10,MIR,N,2021-01-04,2025-12-31,True,1809987,ticker,
19599,57104,74767V10,74767V10,QS,Q,2021-01-04,2025-12-31,True,1811414,ticker,
19601,57208,64119V30,64119V30,NTST,N,2021-01-04,2025-12-31,True,1798100,ticker,
19602,57209,64943930,64943930,NYC,N,2021-01-04,2025-12-31,True,1595527,ticker,
19605,57212,67181A10,,,X,2021-01-04,2023-05-02,False,,no_edgar_ticker,
19606,57154,67080N10,67080N10,NUVB,N,2021-01-04,2025-12-31,True,1811063,ticker,
19616,57107,87200P20,87200P20,SST,N,2021-01-04,2025-12-31,True,1805833,ticker,
19619,57223,00511110,,,X,2021-01-04,2024-05-09,False,,no_edgar_ticker,
19620,57224,63909J10,63909J10,NAUT,Q,2021-01-04,2025-12-31,True,1808805,ticker,
19621,57225,03798830,,,X,2021-01-04,2024-05-29,False,,no_edgar_ticker,
19622,57229,16281810,,,X,2021-01-04,2022-05-31,False,,no_edgar_ticker,
19624,57232,34405730,34405730,FLUX,Q,2021-01-04,2025-12-31,True,1083743,ticker,
19628,57234,25460410,25460410,IRON,Q,2021-01-04,2025-12-31,True,1816736,ticker,
19631,57238,41150T30,,,X,2021-01-04,2023-12-21,False,,no_edgar_ticker,
19632,57240,43114Q10,43114Q10,HPK,Q,2021-01-04,2025-12-31,True,1792849,ticker,
19635,57241,41319710,41319710,HRMY,Q,2021-01-04,2025-12-31,True,1802665,ticker,
19636,57242,68572M10,68572M10,OBIO,Q,2021-01-04,2025-12-31,True,1814114,ticker,
19639,57244,45720L10,,,X,2021-01-04,2024-05-30,False,,no_edgar_ticker,
19640,57245,50116V10,,,X,2021-01-04,2023-11-17,False,,no_edgar_ticker,
19644,57124,72814P10,72814P10,PLBY,Q,2021-01-04,2025-12-31,True,1803914,ticker,
19648,57251,67086U40,67086U40,OLB,Q,2021-01-04,2025-12-31,True,1314196,ticker,
19649,57184,30735988,30735988,FFAI,Q,2021-01-04,2025-12-31,True,1805521,ticker,
19650,57252,69833W40,,,X,2021-01-04,2024-03-07,False,,no_edgar_ticker,
19652,57253,92840T10,,,X,2021-01-04,2022-02-04,False,,no_edgar_ticker,
19653,57254,69014520,69014520,OM,Q,2021-01-04,2025-12-31,True,1484612,ticker,
19654,57255,83344510,83344510,SNOW,N,2021-01-04,2025-12-31,True,1640147,ticker,
19655,57256,85914M10,85914M10,STEP,Q,2021-01-04,2025-12-31,True,1796022,ticker,
19657,57258,03044L20,03044L20,AMWL,N,2021-01-04,2025-12-31,True,1393584,ticker,
19658,57259,11135E20,11135E20,BNL,N,2021-01-04,2025-12-31,True,1424182,ticker,
19659,57260,69526K10,,,X,2021-01-04,2025-04-01,False,,no_edgar_ticker,
19660,57261,86646P10,,,X,2021-01-04,2023-05-12,False,,no_edgar_ticker,
19679,57265,38246G10,38246G10,GDRX,Q,2021-01-04,2025-12-31,True,1809519,ticker,
19680,57326,52634L10,52634L10,LNSR,Q,2021-01-04,2025-12-31,True,1320350,ticker,
19681,57328,74065P10,74065P10,PRLD,Q,2021-01-04,2025-12-31,True,1678660,ticker,
19682,57327,69353Y10,69353Y10,PMVP,Q,2021-01-04,2025-12-31,True,1699382,ticker,
19721,20851,92552R40,92552R40,PRSU,N,2021-01-04,2025-12-31,True,884219,ticker,
19746,57296,04342Y10,04342Y10,ASAN,N,2021-01-04,2025-12-31,True,1477720,ticker,
19751,57148,54949820,54949820,LCID,Q,2021-01-04,2025-12-31,True,1811210,ticker,
19752,13960,24790A10,,,X,2021-01-04,2023-11-02,False,,no_edgar_ticker,
19767,57206,36201910,,,X,2021-01-04,2022-08-17,False,,no_edgar_ticker,
19778,57304,50736T10,50736T10,LSF,A,2021-01-04,2025-12-31,True,1650696,ticker,
19787,57153,69375F10,,,X,2021-01-04,2021-09-30,False,,no_edgar_ticker,
19788,57309,69608A10,69608A10,PLTR,Q,2021-01-04,2025-12-31,True,1321655,ticker,
19789,57155,71531R10,,,X,2021-01-04,2022-07-26,False,,no_edgar_ticker,
19794,57313,91332U10,91332U10,U,N,2021-01-04,2025-12-31,True,1810806,ticker,
19797,57156,57064P20,57064P20,MKTW,Q,2021-01-04,2025-12-31,True,1805651,ticker,
19803,57157,92561V20,92561V20,RBOT,N,2021-01-04,2025-12-31,True,1812173,ticker,
19807,57315,92888110,92888110,VNT,N,2021-01-04,2025-12-31,True,1786842,ticker,
19808,57162,68622D10,68622D10,ORGN,Q,2021-01-04,2025-12-31,True,,no_edgar_ticker,
19809,57163,88024M10,,,X,2021-01-04,2023-11-02,False,,no_edgar_ticker,
19810,57331,01021X10,,,X,2021-01-04,2023-10-26,False,,no_edgar_ticker,
19811,57332,03109420,03109420,AMST,Q,2021-01-04,2025-12-31,True,1807166,ticker,
19812,57333,04746L20,04746L20,ATHA,Q,2021-01-04,2025-12-31,True,,no_edgar_ticker,
19813,57334,87583X10,87583X10,TNGX,Q,2021-01-04,2025-12-31,True,1819133,ticker,
19814,57335,09074F50,09074F50,BIVI,Q,2021-01-04,2025-12-31,True,1580149,ticker,
19818,57336,08265T20,08265T20,BSY,Q,2021-01-04,2025-12-31,True,1031308,ticker,
19822,57341,22041X10,22041X10,CRSR,Q,2021-01-04,2025-12-31,True,1743759,ticker,
19823,57342,22526510,,,X,2021-01-04,2022-09-07,False,,no_edgar_ticker,
19824,57168,14171W20,,,X,2021-01-04,2024-11-29,False,,no_edgar_ticker,
19825,57343,26818M10,26818M10,DYN,Q,2021-01-04,2025-12-31,True,1818794,ticker,
19826,57170,00258Y10,00258Y10,ABX,N,2021-01-04,2025-12-31,True,1814287,ticker,
19827,57171,26873Y10,,,X,2021-01-04,2022-09-06,False,,no_edgar_ticker,
19828,20550,95058W10,95058W10,WEN,Q,2021-01-04,2025-12-31,True,30697,ticker,
19830,57231,28489L10,,,X,2021-01-04,2022-06-23,False,,no_edgar_ticker,
19831,57346,39687910,39687910,GLSI,Q,2021-01-04,2025-12-31,True,1799788,ticker,
19832,57347,37367860,37367860,GOVX,Q,2021-01-04,2025-12-31,True,832489,ticker,
19833,57348,38942Q20,38942Q20,CALC,Q,2021-01-04,2025-12-31,True,1534133,ticker,
19834,57237,38286410,,,X,2021-01-04,2021-08-05,False,,no_edgar_ticker,
19835,57239,04634X20,,,X,2021-01-04,2024-07-18,False,,no_edgar_ticker,
19837,57351,59101E10,,,X,2021-01-04,2023-02-09,False,,no_edgar_ticker,
19838,57181,30049H10,30049H10,EVLV,Q,2021-01-04,2025-12-31,True,1805385,ticker,
19847,57361,87761910,87761910,TSHA,Q,2021-01-04,2025-12-31,True,1806310,ticker,
19849,55216,86627T10,86627T10,SMMT,Q,2021-01-04,2025-12-31,True,1599298,ticker,
19850,57367,50107A10,,,X,2021-01-04,2025-06-23,False,,no_edgar_ticker,
19851,57368,04271T10,04271T10,ARRY,Q,2021-01-04,2025-12-31,True,1820721,ticker,
19854,57369,27627N10,27627N10,EBC,Q,2021-01-04,2025-12-31,True,1810546,ticker,
19856,57371,23821D10,,,X,2021-01-04,2022-06-23,False,,no_edgar_ticker,
19857,57372,57906310,,,X,2021-01-04,2022-03-01,False,,no_edgar_ticker,
19858,57373,74102L50,74102L50,SQFT,Q,2021-01-04,2025-12-31,True,1080657,ticker,
19859,57374,58450V10,58450V10,MAX,N,2021-01-04,2025-12-31,True,1818383,ticker,
19862,57375,77664L20,77664L20,ROOT,Q,2021-01-04,2025-12-31,True,1788882,ticker,
19867,57376,04906P10,,,X,2021-01-04,2022-10-06,False,,no_edgar_ticker,
19875,57202,23327710,,,X,2021-01-04,2021-04-21,False,,no_edgar_ticker,
19880,678,57632310,57632310,MTZ,N,2021-01-04,2025-12-31,True,15615,ticker,
19886,57203,31187510,,,X,2021-01-04,2022-08-26,False,,no_edgar_ticker,
19891,57204,34432810,,,X,2021-01-04,2021-03-31,False,,no_edgar_ticker,
19892,57205,00216W20,,,X,2021-01-04,2024-12-04,False,,no_edgar_ticker,
19893,57384,35953D10,35953D10,FUBO,N,2021-01-04,2025-12-31,True,1484769,ticker,
19894,57385,36803610,,,X,2021-01-04,2025-01-16,False,,no_edgar_ticker,
19898,57387,40172N10,,,X,2021-01-04,2025-11-28,False,,no_edgar_ticker,
19911,57210,66516T10,,,X,2021-01-04,2021-05-07,False,,no_edgar_ticker,
19918,57393,78472W10,,,X,2021-01-04,2023-07-05,False,,no_edgar_ticker,
19919,57213,85859N30,85859N30,STEM,N,2021-01-04,2025-12-31,True,1758766,ticker,
19920,57312,67021W30,67021W30,BURU,A,2021-01-04,2025-12-31,True,1814215,ticker,
19928,57217,68989M20,68989M20,OUST,Q,2021-01-04,2025-12-31,True,1816581,ticker,
19930,57218,12510Q10,12510Q10,CCC,Q,2021-01-04,2025-12-31,True,1818201,ticker,
19935,57220,57064N20,,,X,2021-01-04,2025-04-25,False,,no_edgar_ticker,
19937,57416,52706420,52706420,LESL,Q,2021-01-04,2025-12-31,True,1821806,ticker,
19938,57417,01749D10,01749D10,ALGM,Q,2021-01-04,2025-12-31,True,866291,ticker,
19939,57418,04683R10,04683R10,AVIR,Q,2021-01-04,2025-12-31,True,1593899,ticker,
19944,57423,01626L20,01626L20,ALGS,Q,2021-01-04,2025-12-31,True,1799448,ticker,
19945,57424,00402L10,00402L10,ASO,Q,2021-01-04,2025-12-31,True,1817358,ticker,
19946,57425,60510V10,60510V10,AVO,Q,2021-01-04,2025-12-31,True,1802974,ticker,
19947,57426,05479K10,05479K10,ELUT,Q,2021-01-04,2025-12-31,True,1708527,ticker,
19948,57427,09075X20,09075X20,BDSX,Q,2021-01-04,2025-12-31,True,1439725,ticker,
19950,57226,96209A40,,,X,2021-01-04,2023-11-06,False,,no_edgar_ticker,
19952,57337,74765K10,74765K10,QSI,Q,2021-01-04,2025-12-31,True,1816431,ticker,
19953,57431,12529R10,12529R10,CCCC,Q,2021-01-04,2025-12-31,True,1662579,ticker,
19954,57432,19201010,,,X,2021-01-04,2023-04-05,False,,no_edgar_ticker,
19955,57228,92671V30,,,X,2021-01-04,2024-04-05,False,,no_edgar_ticker,
19956,57339,81663L20,81663L20,WGS,Q,2021-01-04,2025-12-31,True,1818331,ticker,
19958,57436,27008720,,,X,2021-01-04,2024-02-16,False,,no_edgar_ticker,
19962,57438,34417410,34417410,FHTX,Q,2021-01-04,2025-12-31,True,1822462,ticker,
19964,57439,33836P10,,,X,2021-01-04,2022-10-18,False,,no_edgar_ticker,
19965,57440,36322Q20,36322Q20,GLTO,Q,2021-01-04,2025-12-31,True,,no_edgar_ticker,
19969,57444,45257U10,45257U10,IMNM,Q,2021-01-04,2025-12-31,True,1472012,ticker,
19970,57349,59169710,,,X,2021-01-04,2022-07-28,False,,no_edgar_ticker,
19972,57350,45635710,,,X,2021-01-04,2021-10-08,False,,no_edgar_ticker,
19973,57445,48208F30,48208F30,BNKK,Q,2021-01-04,2025-12-31,True,1760903,ticker,
19974,57446,49763420,,,X,2021-01-04,2023-09-14,False,,no_edgar_ticker,
19978,57248,55374540,,,X,2021-01-04,2025-12-22,False,,no_edgar_ticker,
19979,57449,74584810,74584810,LUNG,Q,2021-01-04,2025-12-31,True,1127537,ticker,
19981,57456,68236R10,,,X,2021-01-04,2023-06-21,False,,no_edgar_ticker,
19985,57459,74275C40,74275C40,PCSA,Q,2021-01-04,2025-12-31,True,1533743,ticker,
19986,57460,74006W20,74006W20,PRAX,Q,2021-01-04,2025-12-31,True,1689548,ticker,
19989,57461,75048110,,,X,2021-01-04,2023-09-21,False,,no_edgar_ticker,
19990,57356,83407F10,,,X,2021-01-04,2021-08-16,False,,no_edgar_ticker,
19993,57463,85209E20,85209E20,SPRB,Q,2021-01-04,2025-12-31,True,1683553,ticker,
19994,57465,82024L10,82024L10,STTK,Q,2021-01-04,2025-12-31,True,1680367,ticker,
19995,57466,87650L10,87650L10,TARS,Q,2021-01-04,2025-12-31,True,1819790,ticker,
19996,57468,88602920,88602920,THRY,Q,2021-01-04,2025-12-31,True,1556739,ticker,
19997,57471,89002320,89002320,TOMZ,Q,2021-01-04,2025-12-31,True,314227,ticker,
20053,781,87161C50,87161C50,SNV,N,2021-01-04,2025-12-31,True,,no_edgar_ticker,
20057,57529,92556V10,92556V10,VTRS,Q,2021-01-04,2025-12-31,True,1792044,ticker,
20058,57530,68062P10,68062P10,OLMA,Q,2021-01-04,2025-12-31,True,1750284,ticker,
20059,57531,56600D10,56600D10,MRVI,Q,2021-01-04,2025-12-31,True,1823239,ticker,
20062,57532,83601L10,83601L10,SHC,Q,2021-01-04,2025-12-31,True,1822479,ticker,
20064,57533,00258W10,,,X,2021-01-04,2024-10-04,False,,no_edgar_ticker,
20065,57534,20602D10,20602D10,CNXC,Q,2021-01-04,2025-12-31,True,1803599,ticker,
20067,57411,83406F10,83406F10,SOFI,Q,2021-01-04,2025-12-31,True,1818874,ticker,
20072,57299,30052F10,30052F10,EVGO,Q,2021-01-04,2025-12-31,True,1821159,ticker,
20078,57300,29465E10,,,X,2021-01-04,2022-09-19,False,,no_edgar_ticker,
20081,57302,30158L10,,,X,2021-01-04,2022-10-25,False,,no_edgar_ticker,
20082,57303,68386H10,68386H10,OPFI,N,2021-01-04,2025-12-31,True,1818502,ticker,
20083,57383,33765Y10,,,X,2021-01-04,2022-03-29,False,,no_edgar_ticker,
20094,57307,84856030,84856030,SPIR,N,2021-01-04,2025-12-31,True,1816017,ticker,
20097,57390,00951K10,,,X,2021-01-04,2024-04-02,False,,no_edgar_ticker,
20098,57308,69348610,,,X,2021-01-04,2022-10-24,False,,no_edgar_ticker,
20101,57310,69120X20,69120X20,OWLT,N,2021-01-04,2025-12-31,True,1816708,ticker,
20106,57394,84918M10,,,X,2021-01-04,2022-01-28,False,,no_edgar_ticker,
20114,57400,37890B10,37890B10,GBTG,N,2021-01-04,2025-12-31,True,1820872,ticker,
20115,57317,96328L20,96328L20,UP,N,2021-01-04,2025-12-31,True,1819516,ticker,
20117,6702,53815P10,53815P10,RAMP,N,2021-01-04,2025-12-31,True,733269,ticker,
20120,57405,43538H10,43538H10,HLLY,N,2021-01-04,2025-12-31,True,1822928,ticker,
20126,57323,G6516310,G6516310,JOBY,N,2021-01-04,2025-12-31,True,1819848,ticker,
20128,57325,92873V10,,,X,2021-01-04,2023-03-31,False,,no_edgar_ticker,
20130,57413,64081V10,64081V10,NRDY,N,2021-01-04,2025-12-31,True,1819404,ticker,
20134,57415,90138Q30,,,X,2021-01-04,2025-03-31,False,,no_edgar_ticker,
20135,57555,71678J30,,,X,2021-01-04,2025-05-22,False,,no_edgar_ticker,
20136,57329,74374T10,,,X,2021-01-04,2023-08-17,False,,no_edgar_ticker,
20137,57330,44486Q10,44486Q10,HUMA,Q,2021-01-04,2025-12-31,True,1818382,ticker,
20138,57561,20459V10,20459V10,CMPO,N,2021-01-04,2025-12-31,True,,no_edgar_ticker,
20142,57563,12667710,,,X,2021-01-04,2023-06-15,False,,no_edgar_ticker,
20143,57435,33765530,33765530,NOTE,N,2021-01-04,2025-12-31,True,1823466,ticker,
20145,57344,81948W10,,,X,2021-01-04,2024-10-22,False,,no_edgar_ticker,
20146,57345,71367G10,71367G10,PWP,Q,2021-01-04,2025-12-31,True,1777835,ticker,
20147,57565,02115D20,02115D20,AEI,Q,2021-01-04,2025-12-31,True,1750106,ticker,
20148,57443,44953410,,,X,2021-01-04,2023-01-12,False,,no_edgar_ticker,
20150,57567,44984F80,44984F80,IVF,Q,2021-01-04,2025-12-31,True,1417926,ticker,
20152,57568,47760M10,,,X,2021-01-04,2022-11-25,False,,no_edgar_ticker,
20153,57447,43163610,43163610,HLMN,Q,2021-01-04,2025-12-31,True,1822492,ticker,
20154,57569,53931930,53931930,LIXT,Q,2021-01-04,2025-12-31,True,,no_edgar_ticker,
20155,57570,80864420,,,X,2021-01-04,2024-03-12,False,,no_edgar_ticker,
20156,57453,56120410,,,X,2021-01-04,2022-05-02,False,,no_edgar_ticker,
20158,57352,66120410,,,X,2021-01-04,2022-10-03,False,,no_edgar_ticker,
20161,53438,67421520,67421520,CHRD,Q,2021-01-04,2025-12-31,True,1486159,ticker,
20163,57458,76135L70,76135L70,REVB,Q,2021-01-04,2025-12-31,True,1810560,ticker,
20166,57462,75622910,,,X,2021-01-04,2022-10-05,False,,no_edgar_ticker,
20169,57577,76200L30,76200L30,RZLT,Q,2021-01-04,2025-12-31,True,1509261,ticker,
20171,57358,26916J20,26916J20,GWH,N,2021-01-04,2025-12-31,True,1819438,ticker,
20172,57359,23284C10,,,X,2021-01-04,2023-06-15,False,,no_edgar_ticker,
20173,57580,87969B10,87969B10,TLS,Q,2021-01-04,2025-12-31,True,320121,ticker,
20174,57470,84677L10,,,X,2021-01-04,2021-10-29,False,,no_edgar_ticker,
20177,57362,90117G10,,,X,2021-01-04,2021-08-31,False,,no_edgar_ticker,
20178,57363,77312110,77312110,RKLB,Q,2021-01-04,2025-12-31,True,1819994,ticker,
20179,57364,05759B30,05759B30,BKKT,N,2021-01-04,2025-12-31,True,1820302,ticker,
20181,57365,88331L10,88331L10,SKIN,Q,2021-01-04,2025-12-31,True,1818093,ticker,
20186,57585,49705R10,,,X,2021-01-04,2024-04-03,False,,no_edgar_ticker,
20187,57586,81578P10,81578P10,SEER,Q,2021-01-04,2025-12-31,True,1726445,ticker,
20188,55089,13057Q30,13057Q30,CRC,N,2021-01-04,2025-12-31,True,1609253,ticker,
20189,57587,25809K10,25809K10,DASH,Q,2021-01-04,2025-12-31,True,1792789,ticker,
20190,57588,00906610,00906610,ABNB,Q,2021-01-04,2025-12-31,True,1559720,ticker,
20191,57589,03750L10,,,X,2021-01-04,2024-06-28,False,,no_edgar_ticker,
20193,57590,12468P10,12468P10,AI,N,2021-01-04,2025-12-31,True,1577526,ticker,
20194,57591,44888K40,44888K40,HYFM,Q,2021-01-04,2025-12-31,True,1695295,ticker,
20195,57592,15687V10,15687V10,CERT,Q,2021-01-04,2025-12-31,True,1827090,ticker,
20196,57593,91680M10,91680M10,UPST,Q,2021-01-04,2025-12-31,True,1647639,ticker,
20204,20531,22444110,22444110,CXT,N,2021-01-04,2025-12-31,True,25445,ticker,
20207,57377,03945R10,03945R10,ACHR,N,2021-01-04,2025-12-31,True,1824502,ticker,
20209,57380,23344P10,,,X,2021-01-04,2022-08-08,False,,no_edgar_ticker,
20238,57542,68622E10,68622E10,BARK,N,2021-01-04,2025-12-31,True,1819574,ticker,
20246,57392,03940F10,,,X,2021-01-04,2022-12-28,False,,no_edgar_ticker,
20253,57395,67623L30,67623L30,OPAD,N,2021-01-04,2025-12-31,True,1825024,ticker,
20269,57399,09581B10,09581B10,OWL,N,2021-01-04,2025-12-31,True,1823945,ticker,
20277,57421,72815G10,72815G10,MYPS,Q,2021-01-04,2025-12-31,True,1823878,ticker,
20280,57614,09077B10,09077B10,BCAB,Q,2021-01-04,2025-12-31,True,1826892,ticker,
20281,57428,19207A20,19207A20,COEP,Q,2021-01-04,2025-12-31,True,,no_edgar_ticker,
20282,57558,10676210,,,X,2021-01-04,2024-05-29,False,,no_edgar_ticker,
20284,57559,08772B10,,,X,2021-01-04,2023-07-11,False,,no_edgar_ticker,
20285,57617,18563420,18563420,CLNN,Q,2021-01-04,2025-12-31,True,1822791,ticker,
20286,57433,21287310,,,X,2021-01-04,2024-05-06,False,,no_edgar_ticker,
20287,57620,53216B10,53216B10,LFMD,Q,2021-01-04,2025-12-31,True,948320,ticker,
20288,57621,23254X20,,,X,2021-01-04,2025-03-26,False,,no_edgar_ticker,
20290,57434,44951Y20,,,X,2021-01-04,2025-01-31,False,,no_edgar_ticker,
20292,57626,35104E10,35104E10,FDMT,Q,2021-01-04,2025-12-31,True,1650648,ticker,
20294,57629,36151G70,36151G70,INBS,Q,2021-01-04,2025-12-31,True,1725430,ticker,
20295,57441,17253J10,17253J10,CIFR,Q,2021-01-04,2025-12-31,True,1819989,ticker,
20297,57635,45719W20,45719W20,IKT,Q,2021-01-04,2025-12-31,True,1750149,ticker,
20302,57448,52470X10,,,X,2021-01-04,2022-10-25,False,,no_edgar_ticker,
20303,57450,55068A10,,,X,2021-01-04,2022-10-31,False,,no_edgar_ticker,
20304,57452,61265710,,,X,2021-01-04,2021-10-01,False,,no_edgar_ticker,
20305,57638,65443P10,65443P10,MASS,Q,2021-01-04,2025-12-31,True,1555279,ticker,
20306,57639,59833J20,,,X,2021-01-04,2023-12-21,False,,no_edgar_ticker,
20307,57454,25608610,25608610,DCGO,Q,2021-01-04,2025-12-31,True,1822359,ticker,
20310,57455,98423B30,98423B30,XOS,Q,2021-01-04,2025-12-31,True,1819493,ticker,
20312,57647,68236H20,68236H20,ONDS,Q,2021-01-04,2025-12-31,True,1646188,ticker,
20313,57573,67113Q10,,,X,2021-01-04,2022-05-20,False,,no_edgar_ticker,
20315,57650,74467Q10,74467Q10,PUBM,Q,2021-01-04,2025-12-31,True,1422930,ticker,
20318,57655,82835W10,82835W10,SPRY,Q,2021-01-04,2025-12-31,True,1671858,ticker,
20321,57657,80917110,,,X,2021-01-04,2022-12-19,False,,no_edgar_ticker,
20322,57578,75724T10,,,X,2021-01-04,2022-08-11,False,,no_edgar_ticker,
20323,57658,82657L20,,,X,2021-01-04,2023-08-11,False,,no_edgar_ticker,
20325,57579,67079K10,67079K10,SMR,N,2021-01-04,2025-12-31,True,1822966,ticker,
20330,57581,51818V10,,,X,2021-01-04,2023-08-10,False,,no_edgar_ticker,
20331,57663,92829J20,92829J20,DWTX,Q,2021-01-04,2025-12-31,True,1818844,ticker,
20332,57665,92859E20,92859E20,VVOS,Q,2021-01-04,2025-12-31,True,1716166,ticker,
20333,57666,21077C30,,,X,2021-01-04,2025-06-04,False,,no_edgar_ticker,
20336,5286,12638910,12638910,CSPI,Q,2021-01-04,2025-12-31,True,356037,ticker,
20338,57473,83085C10,83085C10,SKYH,N,2021-01-04,2025-12-31,True,1823587,ticker,
20339,57669,00827B10,00827B10,AFRM,Q,2021-01-13,2025-12-31,True,1820953,ticker,
20340,57670,73739W10,,,X,2021-01-14,2023-01-05,False,,no_edgar_ticker,
20341,57671,71601V10,71601V10,WOOF,Q,2021-01-14,2025-12-31,True,1826470,ticker,
20342,57672,26210V10,26210V10,DRVN,Q,2021-01-15,2025-12-31,True,1804745,ticker,
20344,57673,26154D10,26154D10,DFH,N,2021-01-21,2025-12-31,True,1825088,ticker,
20345,57674,74760120,,,X,2021-01-28,2023-06-28,False,,no_edgar_ticker,
20347,57676,82489W10,82489W10,SHLS,Q,2021-01-27,2025-12-31,True,1831651,ticker,
20354,57595,25703A20,,,X,2021-01-22,2024-09-27,False,,no_edgar_ticker,
20355,57537,14715110,,,X,2021-01-15,2022-06-08,False,,no_edgar_ticker,
20356,57597,20607110,,,X,2021-01-28,2022-12-12,False,,no_edgar_ticker,
20357,57538,46222L10,46222L10,IONQ,N,2021-01-04,2025-12-31,True,1824920,ticker,
20358,57598,35147150,,,X,2021-01-29,2025-08-13,False,,no_edgar_ticker,
20365,57540,07346330,07346330,BODI,Q,2021-01-15,2025-12-31,True,1826889,ticker,
20381,57600,63942X10,63942X10,NVTS,Q,2021-01-25,2025-12-31,True,1821769,ticker,
20384,57543,68218L10,,,X,2021-01-12,2022-06-01,False,,no_edgar_ticker,
20388,57545,72261510,,,X,2021-01-07,2022-10-28,False,,no_edgar_ticker,
20390,57547,86738J30,,,X,2021-01-15,2023-09-26,False,,no_edgar_ticker,
20391,57695,88262P10,88262P10,TPL,N,2021-01-11,2025-12-31,True,1811074,ticker,
20395,5856,12660010,12660010,CVBF,Q,2021-01-04,2025-12-31,True,354647,ticker,
20397,57549,86889P20,86889P20,SRZN,Q,2021-01-11,2025-12-31,True,1824893,ticker,
20399,57550,75776W10,75776W10,RDW,N,2021-01-14,2025-12-31,True,1819810,ticker,
20402,57608,92259N30,92259N30,VELO,Q,2021-01-25,2025-12-31,True,1825079,ticker,
20403,57552,98955G10,,,X,2021-01-07,2024-05-13,False,,no_edgar_ticker,
20404,57553,43353920,43353920,HIPO,N,2021-01-11,2025-12-31,True,1828105,ticker,
20406,57554,39854F10,39854F10,GRND,N,2021-01-14,2025-12-31,True,1820144,ticker,
20412,57710,00853E40,00853E40,RYM,Q,2021-01-28,2025-12-31,True,1800637,ticker,
20413,57613,02156Y10,,,X,2021-01-29,2024-03-14,False,,no_edgar_ticker,
20414,57557,00775W10,,,X,2021-01-11,2023-08-04,False,,no_edgar_ticker,
20415,21097,47233W10,47233W10,JEF,N,2021-01-04,2025-12-31,True,96223,ticker,
20417,57714,08179B10,,,X,2021-01-28,2022-11-01,False,,no_edgar_ticker,
20419,57560,00818320,00818320,LIDR,Q,2021-01-04,2025-12-31,True,1818644,ticker,
20420,57720,23003110,23003110,CGEM,Q,2021-01-08,2025-12-31,True,1789972,ticker,
20421,57722,20565040,,,X,2021-01-22,2024-01-31,False,,no_edgar_ticker,
20422,57723,22833950,,,X,2021-01-26,2025-03-05,False,,no_edgar_ticker,
20424,57623,23318M10,,,X,2021-01-27,2021-12-01,False,,no_edgar_ticker,
20426,57628,31810Q10,,,X,2021-01-25,2022-12-09,False,,no_edgar_ticker,
20427,57735,37149G10,,,X,2021-01-13,2024-10-07,False,,no_edgar_ticker,
20429,57564,42226W10,,,X,2021-01-14,2022-11-04,False,,no_edgar_ticker,
20430,57743,44916K10,44916K10,HYPR,Q,2021-01-27,2025-12-31,True,1833769,ticker,
20433,57632,42227K10,,,X,2021-01-05,2022-12-23,False,,no_edgar_ticker,
20434,57633,44487N10,,,X,2021-01-28,2022-12-02,False,,no_edgar_ticker,
20435,57748,43734L10,,,X,2021-01-29,2023-08-01,False,,no_edgar_ticker,
20437,57757,52886N40,52886N40,LEXX,Q,2021-01-12,2025-12-31,True,1348362,ticker,
20438,57763,61218C10,61218C10,MNTK,Q,2021-01-22,2025-12-31,True,1826600,ticker,
20439,57765,62011B20,62011B20,MSGM,Q,2021-01-13,2025-12-31,True,1821175,ticker,
20440,57643,62477L10,,,X,2021-01-29,2022-09-13,False,,no_edgar_ticker,
20441,57645,77936F10,,,X,2021-01-29,2024-02-27,False,,no_edgar_ticker,
20443,57572,63889L10,,,X,2021-01-29,2022-11-11,False,,no_edgar_ticker,
20447,57775,72815L10,72815L10,PLTK,Q,2021-01-15,2025-12-31,True,1828016,ticker,
20448,57649,03832J10,,,X,2021-01-25,2023-10-27,False,,no_edgar_ticker,
20451,57653,76119X10,76119X10,RSVR,Q,2021-01-05,2025-12-31,True,1824403,ticker,
20452,57654,29359410,29359410,ENVX,Q,2021-01-04,2025-12-31,True,1828318,ticker,
20460,57582,88025V10,,,X,2021-01-12,2021-07-23,False,,no_edgar_ticker,
20462,57792,92540Q10,92540Q10,VS,Q,2021-01-15,2025-12-31,True,1701963,ticker,
20464,57584,29970N10,29970N10,EVEX,N,2021-01-07,2025-12-31,True,1823652,ticker,
20465,57795,68339B10,68339B10,ONTF,N,2021-02-03,2025-12-31,True,,no_edgar_ticker,
20468,57796,79956610,79956610,SANA,Q,2021-02-04,2025-12-31,True,1770121,ticker,
20469,57797,92557A10,92557A10,DSP,Q,2021-02-10,2025-12-31,True,1828791,ticker,
20470,57798,82671G10,,,X,2021-02-11,2023-03-29,False,,no_edgar_ticker,
20471,57799,12047B10,12047B10,BMBL,Q,2021-02-11,2025-12-31,True,1830043,ticker,
20482,20017,00282410,00282410,ABT,N,2021-01-04,2025-12-31,True,1800,ticker,
20512,727,12719030,12719030,CACI,N,2021-01-04,2025-12-31,True,16058,ticker,
20522,57594,02217A10,,,X,2021-02-01,2025-04-16,False,,no_edgar_ticker,
20523,57596,17144T10,,,X,2021-02-05,2023-10-17,False,,no_edgar_ticker,
20525,57680,22877P10,,,X,2021-02-25,2022-12-01,False,,no_edgar_ticker,
20534,57684,34964G10,,,X,2021-02-25,2022-11-23,False,,no_edgar_ticker,
20537,57599,38102H10,,,X,2021-02-08,2023-08-25,False,,no_edgar_ticker,
20542,57541,49686110,,,X,2021-02-17,2022-07-13,False,,no_edgar_ticker,
20545,57865,53946R10,53946R10,LDI,N,2021-02-11,2025-12-31,True,1831631,ticker,
20548,57689,66573W10,,,X,2021-02-11,2024-01-29,False,,no_edgar_ticker,
20549,57603,71389510,,,X,2021-02-01,2022-12-15,False,,no_edgar_ticker,
20552,57693,08249020,,,X,2021-02-26,2025-03-27,False,,no_edgar_ticker,
20557,57604,92853V10,,,X,2021-02-04,2024-02-22,False,,no_edgar_ticker,
20561,57609,34629L20,34629L20,FRGE,N,2021-02-01,2025-12-31,True,,no_edgar_ticker,
20566,57904,03211Q20,03211Q20,AMPG,Q,2021-02-17,2025-12-31,True,1518461,ticker,
20567,57905,28657F10,28657F10,ELTX,Q,2021-02-05,2025-12-31,True,1601485,ticker,
20568,57906,03836A10,,,X,2021-02-11,2022-03-29,False,,no_edgar_ticker,
20572,57911,05072K30,05072K30,AUUD,Q,2021-02-17,2025-12-31,True,1554818,ticker,
20574,57712,03759B10,,,X,2021-02-22,2023-08-23,False,,no_edgar_ticker,
20576,57713,78397T20,78397T20,SABS,Q,2021-02-09,2025-12-31,True,1833214,ticker,
20577,57615,18271L10,,,X,2021-02-09,2022-08-31,False,,no_edgar_ticker,
20578,57914,09770220,09770220,BOLT,Q,2021-02-05,2025-12-31,True,1641281,ticker,
20580,57917,92747V10,,,X,2021-02-08,2024-08-02,False,,no_edgar_ticker,
20581,57918,09075A10,09075A10,BVS,Q,2021-02-11,2025-12-31,True,1665988,ticker,
20582,57616,12520T10,,,X,2021-02-16,2023-12-08,False,,no_edgar_ticker,
20583,11937,16516773,16516773,EXE,Q,2021-02-10,2025-12-31,True,895126,ticker,
20586,57619,14363610,,,X,2021-02-01,2023-02-15,False,,no_edgar_ticker,
20587,57925,22979430,,,X,2021-02-02,2023-12-20,False,,no_edgar_ticker,
20588,57926,24343R10,,,X,2021-02-12,2023-09-25,False,,no_edgar_ticker,
20591,57624,37892P10,,,X,2021-02-19,2024-06-25,False,,no_edgar_ticker,
20592,57625,28139A10,,,X,2021-02-12,2023-07-17,False,,no_edgar_ticker,
20595,57733,35166L10,,,X,2021-02-25,2023-01-30,False,,no_edgar_ticker,
20596,57933,69945Q10,,,X,2021-02-17,2023-08-31,False,,no_edgar_ticker,
20598,737,12803020,12803020,CALM,Q,2021-01-04,2025-12-31,True,16160,ticker,
20599,57936,83193G10,83193G10,SMRT,N,2021-02-05,2025-12-31,True,1837014,ticker,
20600,57937,39366L30,39366L30,RVYL,Q,2021-02-17,2025-12-31,True,,no_edgar_ticker,
20601,57630,57709610,,,X,2021-02-01,2025-02-28,False,,no_edgar_ticker,
20602,57631,37958210,,,X,2021-02-05,2022-06-10,False,,no_edgar_ticker,
20603,57634,45781710,,,X,2021-02-08,2022-12-22,False,,no_edgar_ticker,
20607,57637,23248B10,23248B10,CXAI,Q,2021-02-04,2025-12-31,True,1820875,ticker,
20608,57951,51506920,,,X,2021-02-04,2024-05-24,False,,no_edgar_ticker,
20609,57953,54303L20,54303L20,LGVN,Q,2021-02-12,2025-12-31,True,1721484,ticker,
20610,57954,54948U10,,,X,2021-02-05,2023-03-06,False,,no_edgar_ticker,
20611,57640,29335V10,,,X,2021-02-04,2022-07-11,False,,no_edgar_ticker,
20612,57642,89680M10,89680M10,TLSI,Q,2021-02-08,2025-12-31,True,1826667,ticker,
20613,57958,65344D20,,,X,2021-02-12,2024-07-12,False,,no_edgar_ticker,
20614,57960,67011T30,,,X,2021-02-23,2024-11-06,False,,no_edgar_ticker,
20618,20398,14428510,14428510,CRS,N,2021-01-04,2025-12-31,True,17843,ticker,
20621,57651,08465610,,,X,2021-02-11,2023-07-20,False,,no_edgar_ticker,
20623,57970,75946W40,75946W40,RELI,Q,2021-02-09,2025-12-31,True,,no_edgar_ticker,
20629,57659,81723H10,,,X,2021-02-01,2023-06-12,False,,no_edgar_ticker,
20630,57979,81728A20,81728A20,SNSE,Q,2021-02-04,2025-12-31,True,,no_edgar_ticker,
20631,57660,10317410,,,X,2021-02-10,2023-04-03,False,,no_edgar_ticker,
20632,57984,88088110,88088110,TERN,Q,2021-02-05,2025-12-31,True,,no_edgar_ticker,
20633,57986,87424L20,,,X,2021-02-12,2024-09-03,False,,no_edgar_ticker,
20636,57661,45791E20,45791E20,ISPO,Q,2021-02-09,2025-12-31,True,,no_edgar_ticker,
20637,57989,91704K20,91704K20,UGRO,Q,2021-02-12,2025-12-31,True,,no_edgar_ticker,
20638,57662,06682J40,06682J40,BNZI,Q,2021-02-12,2025-12-31,True,,no_edgar_ticker,
20639,57992,36809R50,,,X,2021-02-17,2024-11-22,False,,no_edgar_ticker,
20640,57993,3622AW40,3622AW40,GRI,Q,2021-02-10,2025-12-31,True,1824293,ticker,
20641,57994,92903320,92903320,VOR,Q,2021-02-05,2025-12-31,True,1817229,ticker,
20644,57995,92825130,,,X,2021-02-17,2025-04-04,False,,no_edgar_ticker,
20645,57664,74113T10,,,X,2021-02-05,2024-08-08,False,,no_edgar_ticker,
20646,57997,68779310,68779310,OSCR,N,2021-03-03,2025-12-31,True,1568651,ticker,
20647,57998,45784A10,45784A10,INNV,Q,2021-03-04,2025-12-31,True,1834376,ticker,
20648,57999,77104910,77104910,RBLX,N,2021-03-10,2025-12-31,True,1315098,ticker,
20649,58000,42129810,42129810,HAYW,N,2021-03-12,2025-12-31,True,1834622,ticker,
20652,58002,86668310,86668310,SNCY,Q,2021-03-17,2025-12-31,True,,no_edgar_ticker,
20653,58003,68134L10,,,X,2021-03-17,2025-09-12,False,,no_edgar_ticker,
20654,58004,26414D10,,,X,2021-03-18,2024-12-24,False,,no_edgar_ticker,
20655,58005,45783C20,45783C20,TIL,Q,2021-03-19,2025-12-31,True,1789769,ticker,
20656,58006,25402D10,25402D10,DOCN,N,2021-03-24,2025-12-31,True,1582961,ticker,
20657,58007,00091G10,00091G10,ACVA,N,2021-03-24,2025-12-31,True,1637873,ticker,
20658,58008,22658D10,22658D10,CRCT,Q,2021-03-25,2025-12-31,True,1828962,ticker,
20659,58009,92858V10,,,X,2021-03-25,2024-12-03,False,,no_edgar_ticker,
20660,58010,92803110,92803110,VABK,Q,2021-04-05,2025-12-31,True,1572334,ticker,
20661,58011,01625V10,01625V10,ALHC,Q,2021-03-26,2025-12-31,True,1832466,ticker,
20662,58012,25056L10,25056L10,DSGN,Q,2021-03-26,2025-12-31,True,1807120,ticker,
20663,58013,88556E10,88556E10,TDUP,Q,2021-03-26,2025-12-31,True,1484778,ticker,
20665,57851,01861F10,01861F10,AENT,Q,2021-03-24,2025-12-31,True,1823584,ticker,
20666,57677,39850110,,,X,2021-03-03,2024-10-31,False,,no_edgar_ticker,
20670,6689,12812620,,,X,2021-01-04,2024-06-12,False,,no_edgar_ticker,
20671,57852,04928710,,,X,2021-03-29,2022-12-02,False,,no_edgar_ticker,
20675,57678,18274B10,,,X,2021-03-08,2022-12-30,False,,no_edgar_ticker,
20676,57679,18717110,,,X,2021-03-19,2022-12-09,False,,no_edgar_ticker,
20679,57858,20483310,,,X,2021-03-29,2023-08-02,False,,no_edgar_ticker,
20681,58023,22266M10,22266M10,COUR,N,2021-03-31,2025-12-31,True,1651562,ticker,
20682,58024,22266T10,22266T10,CPNG,N,2021-03-11,2025-12-31,True,1834584,ticker,
20683,57681,23305Q10,,,X,2021-03-18,2023-01-30,False,,no_edgar_ticker,
20686,57682,26886A10,,,X,2021-03-22,2022-12-22,False,,no_edgar_ticker,
20688,57683,29248N10,,,X,2021-03-01,2022-12-14,False,,no_edgar_ticker,
20712,57866,55283P10,,,X,2021-03-25,2022-12-30,False,,no_edgar_ticker,
20713,57687,57520Y10,,,X,2021-03-22,2023-02-03,False,,no_edgar_ticker,
20716,57867,62752R10,,,X,2021-03-26,2022-12-02,False,,no_edgar_ticker,
20717,57688,29079J20,,,X,2021-03-05,2023-08-02,False,,no_edgar_ticker,
20721,57868,29280W10,29280W10,NRGV,N,2021-03-29,2025-12-31,True,1828536,ticker,
20724,57870,74767A10,,,X,2021-03-10,2024-02-12,False,,no_edgar_ticker,
20726,57692,80359A20,80359A20,PDYN,Q,2021-03-08,2025-12-31,True,1826681,ticker,
20727,58043,81686C10,81686C10,SEMR,N,2021-03-25,2025-12-31,True,,no_edgar_ticker,
20731,57694,28504610,,,X,2021-03-22,2024-01-17,False,,no_edgar_ticker,
20736,58049,92735P10,,,X,2021-03-18,2021-11-02,False,,no_edgar_ticker,
20739,57884,31189Y20,,,X,2021-03-29,2024-05-21,False,,no_edgar_ticker,
20745,58054,31488V10,31488V10,FERG,N,2021-03-08,2025-12-31,True,2011641,ticker,
20750,1222,13078810,13078810,CWT,N,2021-01-04,2025-12-31,True,1035201,ticker,
20751,57700,78397Q10,78397Q10,SES,N,2021-03-01,2025-12-31,True,1819142,ticker,
20762,57708,90138P10,,,X,2021-03-08,2023-09-26,False,,no_edgar_ticker,
20764,58075,00109K10,00109K10,AFCG,Q,2021-03-19,2025-12-31,True,1822523,ticker,
20765,20786,00780010,,,X,2021-01-04,2023-07-28,False,,no_edgar_ticker,
20767,57909,04637C10,,,X,2021-03-15,2022-12-30,False,,no_edgar_ticker,
20769,57716,10920K10,,,X,2021-03-01,2022-12-13,False,,no_edgar_ticker,
20770,57718,12510W10,,,X,2021-03-09,2021-09-29,False,,no_edgar_ticker,
20772,57719,12520R10,,,X,2021-03-22,2022-01-26,False,,no_edgar_ticker,
20775,57721,18049C10,,,X,2021-03-22,2022-12-08,False,,no_edgar_ticker,
20778,57927,24279410,,,X,2021-03-29,2022-01-14,False,,no_edgar_ticker,
20780,57724,91060H10,91060H10,UHG,Q,2021-03-18,2025-12-31,True,,no_edgar_ticker,
20785,57726,28059Q10,,,X,2021-03-01,2024-03-12,False,,no_edgar_ticker,
20787,57727,12430A30,12430A30,BZFD,Q,2021-03-05,2025-12-31,True,1828972,ticker,
20788,57728,39536G10,,,X,2021-03-08,2023-07-24,False,,no_edgar_ticker,
20789,57729,29429X10,,,X,2021-03-01,2023-01-13,False,,no_edgar_ticker,
20791,58096,28036F10,28036F10,EWTX,Q,2021-03-26,2025-12-31,True,1710072,ticker,
20793,58098,31773D20,,,X,2021-03-19,2024-05-28,False,,no_edgar_ticker,
20794,58099,34630N10,34630N10,FORA,Q,2021-03-03,2025-12-31,True,,no_edgar_ticker,
20795,57734,34962M10,,,X,2021-03-19,2022-12-08,False,,no_edgar_ticker,
20796,58105,36269B10,36269B10,GANX,Q,2021-03-18,2025-12-31,True,1819411,ticker,
20798,57736,15673X20,,,X,2021-03-22,2025-01-07,False,,no_edgar_ticker,
20799,57938,36468110,,,X,2021-03-26,2022-12-16,False,,no_edgar_ticker,
20801,57738,83542D30,,,X,2021-03-15,2025-11-24,False,,no_edgar_ticker,
20804,57739,39947R10,,,X,2021-03-08,2022-12-22,False,,no_edgar_ticker,
20805,57740,85493620,85493620,SDST,Q,2021-03-04,2025-12-31,True,1831979,ticker,
20807,57744,42228C10,,,X,2021-03-08,2022-03-08,False,,no_edgar_ticker,
20808,57745,42589T10,,,X,2021-03-08,2022-12-22,False,,no_edgar_ticker,
20809,57746,44376010,,,X,2021-03-18,2022-12-22,False,,no_edgar_ticker,
20812,57747,40749M10,,,X,2021-03-05,2022-12-15,False,,no_edgar_ticker,
20815,57750,70470P10,,,X,2021-03-12,2023-01-10,False,,no_edgar_ticker,
20816,58118,45175G20,45175G20,IMA,Q,2021-03-26,2025-12-31,True,1835579,ticker,
20818,57751,63949410,,,X,2021-03-01,2023-12-19,False,,no_edgar_ticker,
20819,57945,46468P10,,,X,2021-03-29,2022-08-29,False,,no_edgar_ticker,
20820,57752,46571210,,,X,2021-03-19,2024-12-06,False,,no_edgar_ticker,
20823,58121,47768J10,,,X,2021-03-12,2024-03-28,False,,no_edgar_ticker,
20824,57947,46592C10,,,X,2021-03-29,2022-12-15,False,,no_edgar_ticker,
20826,57755,49837C10,,,X,2021-03-01,2022-12-19,False,,no_edgar_ticker,
20828,57907,66981N10,,,X,2021-03-30,2021-10-22,False,,no_edgar_ticker,
20831,58124,48250410,,,X,2021-03-04,2023-12-12,False,,no_edgar_ticker,
20832,58125,65345M10,65345M10,NXDR,N,2021-03-24,2025-12-31,True,1846069,ticker,
20833,58126,48250610,,,X,2021-03-24,2023-04-11,False,,no_edgar_ticker,
20834,58127,54300N10,,,X,2021-03-12,2024-12-02,False,,no_edgar_ticker,
20836,57756,52473X10,,,X,2021-03-04,2021-10-20,False,,no_edgar_ticker,
20838,58133,52674910,,,X,2021-03-05,2022-12-14,False,,no_edgar_ticker,
20839,57758,53228M10,,,X,2021-03-02,2023-01-03,False,,no_edgar_ticker,
20840,57759,53073L10,,,X,2021-03-15,2022-12-01,False,,no_edgar_ticker,
20841,57760,81256L20,81256L20,ICU,Q,2021-03-18,2025-12-31,True,1831868,ticker,
20843,57761,28202V20,,,X,2021-03-01,2024-07-03,False,,no_edgar_ticker,
20844,57762,08773T10,,,X,2021-03-15,2024-03-18,False,,no_edgar_ticker,
20847,57764,61531M10,,,X,2021-03-12,2022-12-27,False,,no_edgar_ticker,
20848,58138,62459M30,62459M30,MOVE,Q,2021-03-23,2025-12-31,True,1734750,ticker,
20851,57768,67086510,,,X,2021-03-08,2024-07-23,False,,no_edgar_ticker,
20852,57769,68237L10,,,X,2021-03-15,2022-12-09,False,,no_edgar_ticker,
20856,57771,69242M10,,,X,2021-03-12,2022-12-20,False,,no_edgar_ticker,
20859,57963,74327P10,,,X,2021-03-16,2023-05-10,False,,no_edgar_ticker,
20864,57968,38021H10,,,X,2021-03-26,2024-05-23,False,,no_edgar_ticker,
20866,58149,76087310,,,X,2021-03-18,2022-12-07,False,,no_edgar_ticker,
20867,57969,84757T10,84757T10,MDAI,Q,2021-03-26,2025-12-31,True,1833498,ticker,
20869,58151,74760R30,,,X,2021-03-22,2023-06-02,False,,no_edgar_ticker,
20870,58153,74349U10,,,X,2021-03-12,2023-06-16,False,,no_edgar_ticker,
20871,57976,86934L10,,,X,2021-03-29,2023-07-24,False,,no_edgar_ticker,
20872,57780,78406510,,,X,2021-03-15,2022-12-12,False,,no_edgar_ticker,
20874,57782,80864110,,,X,2021-03-18,2022-12-13,False,,no_edgar_ticker,
20876,58158,87151X10,87151X10,SYM,Q,2021-03-09,2025-12-31,True,1837240,ticker,
20877,57784,04748A10,,,X,2021-03-05,2022-12-02,False,,no_edgar_ticker,
20878,57982,88605T10,,,X,2021-03-29,2023-12-12,False,,no_edgar_ticker,
20879,57985,70472310,,,X,2021-03-25,2023-04-19,False,,no_edgar_ticker,
20880,57786,87654510,,,X,2021-03-01,2024-05-10,False,,no_edgar_ticker,
20884,57789,80880W20,80880W20,SCLX,Q,2021-03-03,2025-12-31,True,1820190,ticker,
20885,57791,92837J10,,,X,2021-03-15,2021-11-19,False,,no_edgar_ticker,
20886,57793,92244F10,,,X,2021-03-03,2022-12-12,False,,no_edgar_ticker,
20887,58165,96927A10,,,X,2021-03-25,2025-05-01,False,,no_edgar_ticker,
20890,57794,98880C10,,,X,2021-03-22,2022-12-09,False,,no_edgar_ticker,
20891,58166,35909R10,35909R10,ULCC,Q,2021-04-01,2025-12-31,True,1670076,ticker,
20892,58167,19260Q10,19260Q10,COIN,Q,2021-04-14,2025-12-31,True,1679788,ticker,
20893,58168,00857U10,00857U10,AGL,N,2021-04-15,2025-12-31,True,1831097,ticker,
20894,58169,03831W10,03831W10,APP,Q,2021-04-15,2025-12-31,True,1751008,ticker,
20895,58170,90089L10,,,X,2021-04-15,2024-02-07,False,,no_edgar_ticker,
20898,58171,75629V10,75629V10,RXRX,Q,2021-04-16,2025-12-31,True,1601830,ticker,
20899,58172,49926T10,,,X,2021-04-22,2023-02-01,False,,no_edgar_ticker,
20900,58173,98985X10,,,X,2021-04-22,2022-10-19,False,,no_edgar_ticker,
20901,58174,00848J10,,,X,2021-04-23,2024-05-07,False,,no_edgar_ticker,
20902,58175,51819L10,51819L10,SWIM,Q,2021-04-23,2025-12-31,True,1833197,ticker,
20906,58015,00777J10,,,X,2021-04-22,2022-12-15,False,,no_edgar_ticker,
20907,57853,05601A10,,,X,2021-04-05,2022-10-27,False,,no_edgar_ticker,
20908,57854,09175K10,,,X,2021-04-05,2024-07-01,False,,no_edgar_ticker,
20914,57855,17143W10,,,X,2021-04-05,2023-12-04,False,,no_edgar_ticker,
20915,57856,17144M10,,,X,2021-04-05,2024-08-19,False,,no_edgar_ticker,
20916,58179,20464U10,20464U10,COMP,N,2021-04-01,2025-12-31,True,1563190,ticker,
20919,58025,72703X10,72703X10,PL,N,2021-04-26,2025-12-31,True,1836833,ticker,
20920,58180,25862V10,25862V10,DV,N,2021-04-21,2025-12-31,True,1819928,ticker,
20923,58181,29260Y10,,,X,2021-04-29,2025-03-24,False,,no_edgar_ticker,
20924,57859,30243810,,,X,2021-04-12,2022-12-30,False,,no_edgar_ticker,
20927,58182,31738L20,31738L20,FOA,N,2021-04-05,2025-12-31,True,1828937,ticker,
20930,57860,78574H10,78574H10,SOC,N,2021-04-19,2025-12-31,True,1831481,ticker,
20931,58028,34619V10,,,X,2021-04-30,2023-12-13,False,,no_edgar_ticker,
20932,57861,36118N10,,,X,2021-04-19,2023-10-18,False,,no_edgar_ticker,
20945,58032,37427G10,,,X,2021-04-26,2024-07-10,False,,no_edgar_ticker,
20946,58033,46064R10,,,X,2021-04-26,2023-12-11,False,,no_edgar_ticker,
20948,57864,49006L10,,,X,2021-04-19,2021-10-04,False,,no_edgar_ticker,
20950,58035,53812610,,,X,2021-04-22,2023-03-07,False,,no_edgar_ticker,
20951,58037,55380010,,,X,2021-04-26,2023-12-11,False,,no_edgar_ticker,
20952,58038,60501L10,,,X,2021-04-23,2022-12-08,False,,no_edgar_ticker,
20953,58040,66574L10,,,X,2021-04-22,2023-09-07,False,,no_edgar_ticker,
20954,58041,66575B10,,,X,2021-04-22,2023-09-13,False,,no_edgar_ticker,
20960,57869,72582M10,,,X,2021-04-01,2023-02-10,False,,no_edgar_ticker,
20962,58042,79979210,,,X,2021-04-30,2022-11-30,False,,no_edgar_ticker,
20964,57872,82880R10,,,X,2021-04-12,2022-12-16,False,,no_edgar_ticker,
20965,57873,83363K10,,,X,2021-04-05,2024-02-27,False,,no_edgar_ticker,
20966,57874,84677R10,,,X,2021-04-01,2022-03-17,False,,no_edgar_ticker,
20970,58045,87301L10,,,X,2021-04-22,2022-12-16,False,,no_edgar_ticker,
20972,58186,90364P10,90364P10,PATH,N,2021-04-21,2025-12-31,True,1734722,ticker,
20974,57878,91748P10,,,X,2021-04-19,2022-12-28,False,,no_edgar_ticker,
20975,58048,23834J20,23834J20,DAVE,Q,2021-04-26,2025-12-31,True,1841408,ticker,
20979,57879,93627310,,,X,2021-04-19,2022-09-06,False,,no_edgar_ticker,
20990,57894,20460L10,20460L10,SPWR,Q,2021-04-19,2025-12-31,True,1838987,ticker,
20996,57898,45767910,,,X,2021-04-05,2025-02-13,False,,no_edgar_ticker,
20998,58056,10258P10,10258P10,LUCK,N,2021-04-23,2025-12-31,True,1840572,ticker,
20999,57900,53960E20,53960E20,LOCL,N,2021-04-19,2025-12-31,True,1840780,ticker,
21002,58062,88105P10,,,X,2021-04-23,2024-10-30,False,,no_edgar_ticker,
21007,58063,76655K10,76655K10,RGTI,Q,2021-04-22,2025-12-31,True,1838359,ticker,
21011,58070,04845310,,,X,2021-04-26,2024-02-26,False,,no_edgar_ticker,
21016,58193,00974H10,,,X,2021-04-16,2025-07-08,False,,no_edgar_ticker,
21017,58194,01644J10,01644J10,ALKT,Q,2021-04-14,2025-12-31,True,1529274,ticker,
21018,58077,02369M10,02369M10,RMCO,Q,2021-04-29,2025-12-31,True,1843656,ticker,
21019,58078,29415V10,29415V10,COCH,Q,2021-04-22,2025-12-31,True,1840877,ticker,
21020,20010,02376R10,02376R10,AAL,Q,2021-01-04,2025-12-31,True,6201,ticker,
21023,58079,45175Q10,,,X,2021-04-22,2025-01-02,False,,no_edgar_ticker,
21025,58082,08774B50,08774B50,BETR,Q,2021-04-26,2025-12-31,True,1835856,ticker,
21026,58195,05356F10,05356F10,AVAH,Q,2021-04-29,2025-12-31,True,1832332,ticker,
21027,58196,09077A10,09077A10,BMEA,Q,2021-04-16,2025-12-31,True,1840439,ticker,
21028,57916,31423J10,,,X,2021-04-09,2024-03-08,False,,no_edgar_ticker,
21029,57920,78137L10,78137L10,RUM,Q,2021-04-12,2025-12-31,True,1830081,ticker,
21030,57921,83444K10,,,X,2021-04-15,2024-01-08,False,,no_edgar_ticker,
21031,57923,19417010,,,X,2021-04-16,2022-12-21,False,,no_edgar_ticker,
21033,58089,23291W10,,,X,2021-04-22,2022-12-12,False,,no_edgar_ticker,
21034,58090,10493220,10493220,BNAI,Q,2021-04-22,2025-12-31,True,1838163,ticker,
21035,58093,02871910,,,X,2021-04-30,2024-06-10,False,,no_edgar_ticker,
21036,58199,27870020,,,X,2021-04-15,2023-10-13,False,,no_edgar_ticker,
21042,57929,31187R10,,,X,2021-04-01,2022-11-18,False,,no_edgar_ticker,
21043,57931,30052G10,,,X,2021-04-01,2023-05-09,False,,no_edgar_ticker,
21044,57932,74441320,74441320,PIII,Q,2021-04-05,2025-12-31,True,1832511,ticker,
21045,58101,33616910,,,X,2021-04-26,2023-03-08,False,,no_edgar_ticker,
21046,58102,74709Q10,,,X,2021-04-30,2022-11-29,False,,no_edgar_ticker,
21049,57934,31809Y10,,,X,2021-04-12,2023-12-08,False,,no_edgar_ticker,
21051,58202,30320C30,30320C30,FTCI,Q,2021-04-28,2025-12-31,True,1828161,ticker,
21053,57939,08975B10,08975B10,BBAI,N,2021-04-01,2025-12-31,True,1836981,ticker,
21054,57940,38286310,,,X,2021-04-19,2022-12-30,False,,no_edgar_ticker,
21055,20805,37153210,37153210,GCO,N,2021-01-04,2025-12-31,True,18498,ticker,
21056,57941,02157E10,02157E10,ALTI,Q,2021-04-16,2025-12-31,True,1838615,ticker,
21057,57942,38286T10,,,X,2021-04-15,2022-12-16,False,,no_edgar_ticker,
21059,57943,44376L10,,,X,2021-04-16,2022-12-22,False,,no_edgar_ticker,
21060,58204,95075A10,95075A10,HOWL,Q,2021-04-30,2025-12-31,True,1785530,ticker,
21061,58115,09068310,09068310,BTMD,Q,2021-04-22,2025-12-31,True,1819253,ticker,
21065,58206,45258K10,,,X,2021-04-23,2023-12-18,False,,no_edgar_ticker,
21067,58120,46064T10,,,X,2021-04-26,2023-04-25,False,,no_edgar_ticker,
21072,58209,48563L10,48563L10,KRT,Q,2021-04-15,2025-12-31,True,1758021,ticker,
21076,57956,00739D10,,,X,2021-04-19,2024-06-21,False,,no_edgar_ticker,
21079,58140,65101L10,,,X,2021-04-16,2024-09-10,False,,no_edgar_ticker,
21080,58141,65413D10,,,X,2021-04-22,2022-12-05,False,,no_edgar_ticker,
21081,58213,64128810,64128810,NPCE,Q,2021-04-22,2025-12-31,True,1528287,ticker,
21083,58143,68626A10,,,X,2021-04-22,2022-12-02,False,,no_edgar_ticker,
21085,57962,62459N10,,,X,2021-04-09,2024-04-02,False,,no_edgar_ticker,
21086,57965,00791X20,00791X20,AEON,A,2021-04-12,2025-12-31,True,1837607,ticker,
21087,58215,74276R10,74276R10,PRVA,Q,2021-04-29,2025-12-31,True,1759655,ticker,
21088,58146,74350A10,,,X,2021-04-09,2022-12-23,False,,no_edgar_ticker,
21089,58216,75082Q10,,,X,2021-04-23,2024-01-26,False,,no_edgar_ticker,
21090,58217,75644T10,75644T10,RCAT,Q,2021-04-30,2025-12-31,True,748268,ticker,
21091,58218,68277Q10,68277Q10,OKUR,Q,2021-04-09,2025-12-31,True,1637715,ticker,
21092,58154,74981W10,,,X,2021-04-26,2022-12-21,False,,no_edgar_ticker,
21093,57972,82836L10,,,X,2021-04-19,2022-02-10,False,,no_edgar_ticker,
21094,57973,11134Y10,,,X,2021-04-05,2022-12-12,False,,no_edgar_ticker,
21096,58219,83089J10,83089J10,SKYT,Q,2021-04-21,2025-12-31,True,,no_edgar_ticker,
21099,57980,84919610,,,X,2021-04-09,2022-12-28,False,,no_edgar_ticker,
21102,57981,37611X20,37611X20,DNA,N,2021-04-19,2025-12-31,True,1830214,ticker,
21103,57983,85021Q10,,,X,2021-04-05,2023-09-05,False,,no_edgar_ticker,
21105,58222,89455T10,89455T10,TMCI,Q,2021-04-23,2025-12-31,True,1630627,ticker,
21106,58223,89689F40,,,X,2021-04-20,2023-12-18,False,,no_edgar_ticker,
21107,57987,88825H10,,,X,2021-04-05,2022-12-01,False,,no_edgar_ticker,
21108,57988,90118T10,,,X,2021-04-19,2024-06-10,False,,no_edgar_ticker,
21113,57990,92259E10,,,X,2021-04-15,2022-12-21,False,,no_edgar_ticker,
21116,58229,96327X20,96327X20,WFCF,Q,2021-04-12,2025-12-31,True,1360565,ticker,
21117,57996,21873J10,,,X,2021-04-05,2023-01-03,False,,no_edgar_ticker,
21118,58230,43833310,43833310,HNST,Q,2021-05-05,2025-12-31,True,1530979,ticker,
21120,58231,92719V10,,,X,2021-05-25,2025-11-24,False,,no_edgar_ticker,
21121,58232,85225A10,,,X,2021-05-19,2024-10-17,False,,no_edgar_ticker,
21122,58233,30249210,30249210,FLYW,Q,2021-05-26,2025-12-31,True,1580560,ticker,
21123,58234,70439P10,70439P10,PAY,N,2021-05-26,2025-12-31,True,1841156,ticker,
21124,58235,68622V10,68622V10,OGN,N,2021-06-03,2025-12-31,True,1821825,ticker,
21125,58236,98980B10,98980B10,ZIP,N,2021-05-26,2025-12-31,True,1617553,ticker,
21135,20699,31540510,,,X,2021-01-04,2022-04-22,False,,no_edgar_ticker,
21178,21110,53983010,53983010,LMT,N,2021-01-04,2025-12-31,True,936468,ticker,
21186,21913,96145D10,,,X,2021-01-04,2024-07-08,False,,no_edgar_ticker,
21193,58014,00439D10,,,X,2021-05-10,2022-12-16,False,,no_edgar_ticker,
21198,58018,42329E20,,,X,2021-05-07,2023-11-08,False,,no_edgar_ticker,
21199,58021,12008J10,,,X,2021-05-07,2023-03-17,False,,no_edgar_ticker,
21207,21286,65163910,65163910,NEM,N,2021-01-04,2025-12-31,True,1164727,ticker,
21210,58258,30260D10,30260D10,FIGS,N,2021-05-27,2025-12-31,True,1846576,ticker,
21211,58026,31187410,,,X,2021-05-06,2023-10-06,False,,no_edgar_ticker,
21217,58029,34964K10,,,X,2021-05-06,2022-11-23,False,,no_edgar_ticker,
21218,58030,36146G10,,,X,2021-05-03,2022-11-16,False,,no_edgar_ticker,
21219,50323,40263550,40263550,GPOR,N,2021-05-18,2025-12-31,True,874499,ticker,
21221,58034,48253T10,,,X,2021-05-07,2022-12-15,False,,no_edgar_ticker,
21226,58036,54319Q10,,,X,2021-05-10,2022-12-15,False,,no_edgar_ticker,
21229,58039,66516W10,,,X,2021-05-14,2023-03-27,False,,no_edgar_ticker,
21237,58267,74275K10,74275K10,PCOR,N,2021-05-20,2025-12-31,True,1611052,ticker,
21260,58067,39957D20,39957D20,GROV,N,2021-05-13,2025-12-31,True,1841761,ticker,
21262,58275,23954D10,23954D10,DAWN,Q,2021-05-27,2025-12-31,True,,no_edgar_ticker,
21263,58276,82933R30,,,X,2021-05-27,2025-02-21,False,,no_edgar_ticker,
21265,58073,68347P10,68347P10,OPAL,Q,2021-05-19,2025-12-31,True,1842279,ticker,
21267,58074,00104010,,,X,2021-05-18,2022-12-23,False,,no_edgar_ticker,
21268,58277,00161P10,,,X,2021-05-04,2022-10-25,False,,no_edgar_ticker,
21269,58278,03456910,03456910,ANEB,Q,2021-05-07,2025-12-31,True,1815974,ticker,
21270,58081,89601Y10,,,X,2021-05-18,2024-09-06,False,,no_edgar_ticker,
21271,58281,10300210,10300210,BWMN,Q,2021-05-07,2025-12-31,True,1847590,ticker,
21272,58282,12448X20,12448X20,BYRN,Q,2021-05-05,2025-12-31,True,1354866,ticker,
21273,58083,00894010,00894010,AISP,Q,2021-05-10,2025-12-31,True,1842566,ticker,
21276,58084,98400V20,98400V20,XBP,Q,2021-05-03,2025-12-31,True,1839530,ticker,
21277,58198,26886C10,,,X,2021-05-28,2023-11-09,False,,no_edgar_ticker,
21280,58285,25401N50,25401N50,DBGI,Q,2021-05-14,2025-12-31,True,1668010,ticker,
21281,58087,83422N10,83422N10,SLDP,Q,2021-05-14,2025-12-31,True,1844862,ticker,
21285,58287,23786R20,23786R20,DTST,Q,2021-05-14,2025-12-31,True,1419951,ticker,
21286,58288,81726A20,81726A20,SNTI,Q,2021-05-26,2025-12-31,True,1854270,ticker,
21292,58097,34987510,,,X,2021-05-13,2023-07-17,False,,no_edgar_ticker,
21294,58291,33830T10,33830T10,FSBC,Q,2021-05-05,2025-12-31,True,1275168,ticker,
21295,58103,30319B10,,,X,2021-05-03,2023-03-16,False,,no_edgar_ticker,
21296,58292,60739N10,60739N10,BEEP,Q,2021-05-25,2025-12-31,True,1847874,ticker,
21297,58293,35909D10,35909D10,FYBR,Q,2021-05-04,2025-12-31,True,,no_edgar_ticker,
21298,58104,09769B20,09769B20,BSLK,Q,2021-05-07,2025-12-31,True,,no_edgar_ticker,
21299,58108,37857910,,,X,2021-05-11,2022-12-19,False,,no_edgar_ticker,
21300,58109,38286Q10,,,X,2021-05-13,2022-06-24,False,,no_edgar_ticker,
21302,58110,37714P10,,,X,2021-05-13,2022-12-19,False,,no_edgar_ticker,
21305,58111,38287010,,,X,2021-05-03,2022-12-16,False,,no_edgar_ticker,
21306,58112,38287L10,,,X,2021-05-03,2022-12-16,False,,no_edgar_ticker,
21307,58113,36260F10,,,X,2021-05-10,2023-03-20,False,,no_edgar_ticker,
21308,58296,46265P20,46265P20,IPW,Q,2021-05-12,2025-12-31,True,1830072,ticker,
21310,58123,48284E10,,,X,2021-05-07,2023-03-17,False,,no_edgar_ticker,
21313,58130,51477A10,,,X,2021-05-17,2024-02-28,False,,no_edgar_ticker,
21321,58142,92771A10,,,X,2021-05-13,2023-04-13,False,,no_edgar_ticker,
21322,58301,64130M20,64130M20,NMTC,Q,2021-05-26,2025-12-31,True,1500198,ticker,
21323,58303,68557F20,68557F20,NXPL,Q,2021-05-28,2025-12-31,True,1058307,ticker,
21325,56377,72016P10,,,X,2021-05-18,2025-09-02,False,,no_edgar_ticker,
21326,58145,69348912,69348912,VEEA,Q,2021-05-06,2025-12-31,True,1840317,ticker,
21327,58147,72285010,,,X,2021-05-03,2023-03-13,False,,no_edgar_ticker,
21330,58150,76155Y10,,,X,2021-05-10,2022-12-07,False,,no_edgar_ticker,
21331,58152,05177410,05177410,AUR,Q,2021-05-06,2025-12-31,True,1828108,ticker,
21332,58155,86309R10,,,X,2021-05-03,2023-07-14,False,,no_edgar_ticker,
21335,58309,80512Q50,80512Q50,NITO,Q,2021-05-14,2025-12-31,True,,no_edgar_ticker,
21336,58310,89157D10,,,X,2021-05-07,2025-10-28,False,,no_edgar_ticker,
21340,58160,87823R10,,,X,2021-05-07,2023-03-29,False,,no_edgar_ticker,
21342,58312,92337R10,92337R10,VERA,Q,2021-05-14,2025-12-31,True,1831828,ticker,
21344,58314,98978N30,,,X,2021-05-28,2023-11-27,False,,no_edgar_ticker,
21345,58315,57142B10,57142B10,MQ,Q,2021-06-09,2025-12-31,True,1522540,ticker,
21348,58316,53228F10,53228F10,LFST,Q,2021-06-10,2025-12-31,True,1845257,ticker,
21349,58317,98956A10,98956A10,ZETA,N,2021-06-10,2025-12-31,True,1851003,ticker,
21350,58318,87652V10,87652V10,TASK,Q,2021-06-11,2025-12-31,True,1829864,ticker,
21351,58319,55083R20,55083R20,LYEL,Q,2021-06-17,2025-12-31,True,1806952,ticker,
21352,58320,31846B10,31846B10,FA,Q,2021-06-23,2025-12-31,True,1210677,ticker,
21353,58321,85208T10,85208T10,CXM,N,2021-06-23,2025-12-31,True,1569345,ticker,
21356,58322,23345M10,23345M10,DTM,N,2021-07-01,2025-12-31,True,1842022,ticker,
21357,58323,26622P10,26622P10,DOCS,N,2021-06-24,2025-12-31,True,1516513,ticker,
21358,58324,20717M10,20717M10,CFLT,Q,2021-06-24,2025-12-31,True,,no_edgar_ticker,
21359,58325,60646V10,60646V10,MCW,Q,2021-06-25,2025-12-31,True,,no_edgar_ticker,
21361,58176,40516610,40516610,HGTY,N,2021-06-01,2025-12-31,True,1840776,ticker,
21367,58328,03464Y10,03464Y10,AOMR,N,2021-06-17,2025-12-31,True,1766478,ticker,
21368,58331,08771Y40,08771Y40,SRXH,A,2021-06-29,2025-12-31,True,1471727,ticker,
21369,58332,10920V40,,,X,2021-06-24,2025-10-02,False,,no_edgar_ticker,
21371,6262,14149Y10,14149Y10,CAH,N,2021-01-04,2025-12-31,True,721371,ticker,
21372,58333,18467V10,18467V10,YOU,N,2021-06-30,2025-12-31,True,1856314,ticker,
21373,58335,21258C10,,,X,2021-06-16,2022-10-07,False,,no_edgar_ticker,
21409,58342,47103N10,47103N10,JBI,N,2021-06-08,2025-12-31,True,1839839,ticker,
21412,58343,50125G30,50125G30,KULR,A,2021-06-07,2025-12-31,True,1662684,ticker,
21415,58344,81730H10,81730H10,S,N,2021-06-30,2025-12-31,True,1583708,ticker,
21416,17907,83066P30,83066P30,SKIL,N,2021-06-14,2025-12-31,True,1774675,ticker,
21417,58345,84862C30,84862C30,SBEV,A,2021-06-11,2025-12-31,True,1553788,ticker,
21512,58427,00510M20,00510M20,ACXP,Q,2021-06-25,2025-12-31,True,1736243,ticker,
21513,58428,02262M60,02262M60,ALZN,Q,2021-06-15,2025-12-31,True,1677077,ticker,
21517,58430,45232V10,,,X,2021-06-10,2023-09-11,False,,no_edgar_ticker,
21518,58431,00806420,00806420,JBIO,Q,2021-06-30,2025-12-31,True,1798749,ticker,
21521,58280,05602L10,,,X,2021-06-28,2023-05-05,False,,no_edgar_ticker,
21524,58197,08954L10,,,X,2021-06-18,2022-12-13,False,,no_edgar_ticker,
21527,58437,12663810,12663810,CVRX,Q,2021-06-30,2025-12-31,True,1235912,ticker,
21528,58438,23284P10,,,X,2021-06-18,2024-03-18,False,,no_edgar_ticker,
21529,58439,32055110,32055110,DIBS,Q,2021-06-10,2025-12-31,True,1600641,ticker,
21532,58286,68270C10,68270C10,ONMD,Q,2021-06-24,2025-12-31,True,1849380,ticker,
21534,58442,00974B10,,,X,2021-06-30,2024-07-02,False,,no_edgar_ticker,
21536,58444,74291D10,74291D10,PROK,Q,2021-06-30,2025-12-31,True,1850270,ticker,
21538,58446,19200320,,,X,2021-06-18,2024-09-30,False,,no_edgar_ticker,
21539,58447,28623U10,,,X,2021-06-25,2025-07-23,False,,no_edgar_ticker,
21540,58448,31447E10,31447E10,FEMY,Q,2021-06-18,2025-12-31,True,1339005,ticker,
21541,58451,36468G10,36468G10,GAME,Q,2021-06-17,2025-12-31,True,1714562,ticker,
21543,58453,61225M10,61225M10,GLUE,Q,2021-06-24,2025-12-31,True,1826457,ticker,
21546,58457,39878L50,,,X,2021-06-17,2024-08-19,False,,no_edgar_ticker,
21547,58458,52635N10,52635N10,LENZ,Q,2021-06-25,2025-12-31,True,1815776,ticker,
21551,58460,39959A20,39959A20,UPXI,Q,2021-06-24,2025-12-31,True,1775194,ticker,
21554,58464,45828L10,,,X,2021-06-30,2025-12-23,False,,no_edgar_ticker,
21556,58465,45569U10,45569U10,INDI,Q,2021-06-11,2025-12-31,True,1841925,ticker,
21559,58466,45827U10,45827U10,INTA,Q,2021-06-30,2025-12-31,True,1565687,ticker,
21560,58467,15673T10,15673T10,IPSC,Q,2021-06-18,2025-12-31,True,1850119,ticker,
21561,58468,46301G10,,,X,2021-06-09,2022-12-29,False,,no_edgar_ticker,
21562,58469,45032V20,45032V20,ISPC,Q,2021-06-17,2025-12-31,True,1558569,ticker,
21563,58470,47103J10,47103J10,JANX,Q,2021-06-11,2025-12-31,True,1817713,ticker,
21564,58474,52466B10,52466B10,LZ,Q,2021-06-30,2025-12-31,True,1286139,ticker,
21567,58299,56564V10,,,X,2021-06-07,2024-07-31,False,,no_edgar_ticker,
21568,58300,62402U10,,,X,2021-06-17,2023-02-21,False,,no_edgar_ticker,
21570,58477,60471P10,,,X,2021-06-24,2023-12-13,False,,no_edgar_ticker,
21573,20994,46014610,46014610,IP,N,2021-01-04,2025-12-31,True,51434,ticker,
21576,58482,70451X10,70451X10,PAYO,Q,2021-06-28,2025-12-31,True,1845815,ticker,
21577,58483,75630B40,75630B40,NIXX,Q,2021-06-30,2025-12-31,True,1462223,ticker,
21580,58488,87167T30,87167T30,TAOX,Q,2021-06-07,2025-12-31,True,1571934,ticker,
21586,58492,02080L10,02080L10,TKNO,Q,2021-06-25,2025-12-31,True,1850902,ticker,
21589,58495,92539P10,,,X,2021-06-17,2025-07-25,False,,no_edgar_ticker,
21593,58497,98423F10,98423F10,XMTR,Q,2021-06-30,2025-12-31,True,1657573,ticker,
21594,58499,50101L10,50101L10,DNUT,Q,2021-07-01,2025-12-31,True,1857154,ticker,
21596,58501,62878D10,62878D10,NABL,N,2021-07-20,2025-12-31,True,1834488,ticker,
21597,58502,71844V20,71844V20,PECO,Q,2021-07-15,2025-12-31,True,1476204,ticker,
21598,58503,10806B10,,,X,2021-07-16,2025-09-02,False,,no_edgar_ticker,
21599,58504,29479A10,29479A10,ERAS,Q,2021-07-16,2025-12-31,True,1761918,ticker,
21600,58505,70435P10,,,X,2021-07-21,2025-04-14,False,,no_edgar_ticker,
21601,58506,12632710,12632710,LAW,N,2021-07-21,2025-12-31,True,1625641,ticker,
21604,58507,00091E10,00091E10,ABSI,Q,2021-07-22,2025-12-31,True,1672688,ticker,
21605,58508,78351F10,78351F10,RYAN,N,2021-07-22,2025-12-31,True,1849253,ticker,
21606,58509,23285D10,23285D10,CTKB,Q,2021-07-23,2025-12-31,True,1831915,ticker,
21607,58510,21874C10,21874C10,CNM,N,2021-07-23,2025-12-31,True,1856525,ticker,
21608,58511,36262G10,36262G10,GXO,N,2021-08-02,2025-12-31,True,1852244,ticker,
21609,58512,92640010,92640010,VSCO,N,2021-08-03,2025-12-31,True,,no_edgar_ticker,
21612,58513,73939C10,,,X,2021-07-28,2024-10-01,False,,no_edgar_ticker,
21613,58514,58985J10,,,X,2021-07-28,2025-10-24,False,,no_edgar_ticker,
21614,58515,26603R10,26603R10,DUOL,Q,2021-07-28,2025-12-31,True,1562088,ticker,
21617,58517,01626W10,01626W10,ALIT,N,2021-07-06,2025-12-31,True,1809104,ticker,
21619,58518,02156V10,02156V10,OKLO,N,2021-07-08,2025-12-31,True,1849056,ticker,
21624,58519,09352U10,09352U10,BLND,N,2021-07-16,2025-12-31,True,1855747,ticker,
21625,58334,69369110,69369110,PSQH,N,2021-07-07,2025-12-31,True,1847064,ticker,
21628,58257,34392810,34392810,FLYX,A,2021-07-16,2025-12-31,True,1843973,ticker,
21641,58520,30322L10,,,X,2021-07-15,2023-08-25,False,,no_edgar_ticker,
21644,58259,65488A10,,,X,2021-07-12,2025-03-05,False,,no_edgar_ticker,
21648,58522,45779010,,,X,2021-07-22,2024-11-13,False,,no_edgar_ticker,
21663,58524,58600110,58600110,SHCO,N,2021-07-15,2025-12-31,True,,no_edgar_ticker,
21664,58525,62464R10,62464R10,MITQ,A,2021-07-08,2025-12-31,True,1770236,ticker,
21665,58265,68829A10,,,X,2021-07-06,2024-05-20,False,,no_edgar_ticker,
21671,58266,73746510,,,X,2021-07-16,2023-05-30,False,,no_edgar_ticker,
21683,58528,89142B10,89142B10,CURV,N,2021-07-01,2025-12-31,True,1792781,ticker,
21684,58529,89269P10,89269P10,COOK,N,2021-07-29,2025-12-31,True,1857853,ticker,
21685,58531,98422X10,98422X10,XPOF,N,2021-07-23,2025-12-31,True,1802156,ticker,
21686,58532,98955K10,98955K10,ZVIA,N,2021-07-22,2025-12-31,True,1854139,ticker,
21692,58541,35834F10,35834F10,TE,N,2021-07-08,2025-12-31,True,1992243,ticker,
21695,58544,00509G20,00509G20,ABOS,Q,2021-07-01,2025-12-31,True,1576885,ticker,
21701,58550,22207T10,,,X,2021-07-22,2025-09-24,False,,no_edgar_ticker,
21703,58551,09549B10,09549B10,BLFY,Q,2021-07-16,2025-12-31,True,,no_edgar_ticker,
21705,58553,13740410,13740410,CADL,Q,2021-07-27,2025-12-31,True,1841387,ticker,
21707,58557,14203810,14203810,CRBU,Q,2021-07-23,2025-12-31,True,1619856,ticker,
21708,58558,23015310,,,X,2021-07-15,2024-07-22,False,,no_edgar_ticker,
21711,58559,23312M10,,,X,2021-07-28,2023-07-31,False,,no_edgar_ticker,
21713,58562,29977X10,29977X10,EVCM,Q,2021-07-01,2025-12-31,True,1853145,ticker,
21715,58450,37892B10,,,X,2021-07-30,2022-12-28,False,,no_edgar_ticker,
21719,58294,37518W10,,,X,2021-07-09,2022-12-27,False,,no_edgar_ticker,
21721,58568,40423R20,40423R20,HCWB,Q,2021-07-20,2025-12-31,True,1828673,ticker,
21723,58570,77070010,77070010,HOOD,Q,2021-07-29,2025-12-31,True,1783879,ticker,
21729,58572,45114M10,,,X,2021-07-29,2024-02-20,False,,no_edgar_ticker,
21731,58575,45250K10,,,X,2021-07-16,2023-01-11,False,,no_edgar_ticker,
21732,58576,45254E10,45254E10,IMRX,Q,2021-07-30,2025-12-31,True,1790340,ticker,
21735,58577,45674E20,45674E20,INAB,Q,2021-07-30,2025-12-31,True,1740279,ticker,
21736,58578,48310440,,,X,2021-07-29,2025-12-23,False,,no_edgar_ticker,
21737,58579,48346710,48346710,KLTR,Q,2021-07-21,2025-12-31,True,1432133,ticker,
21740,58475,62403K10,,,X,2021-07-28,2024-04-01,False,,no_edgar_ticker,
21742,6515,14752810,14752810,CASY,Q,2021-01-04,2025-12-31,True,726958,ticker,
21743,58581,60365W20,60365W20,FIEE,Q,2021-07-07,2025-12-31,True,1467761,ticker,
21744,58582,56146T10,56146T10,MAMA,Q,2021-07-15,2025-12-31,True,1520358,ticker,
21745,58583,57777K10,57777K10,MXCT,Q,2021-07-30,2025-12-31,True,1287098,ticker,
21746,50976,66412110,66412110,NECB,Q,2021-07-13,2025-12-31,True,1847398,ticker,
21747,58584,67070310,67070310,NUVL,Q,2021-07-29,2025-12-31,True,,no_edgar_ticker,
21749,58586,69002R10,69002R10,TEAD,Q,2021-07-23,2025-12-31,True,1454938,ticker,
21750,58587,68217N10,,,X,2021-07-30,2025-02-25,False,,no_edgar_ticker,
21752,58304,67550710,,,X,2021-07-19,2024-01-24,False,,no_edgar_ticker,
21753,58588,69318V10,69318V10,PBBK,Q,2021-07-15,2025-12-31,True,,no_edgar_ticker,
21754,58590,74766W10,74766W10,QUBT,Q,2021-07-15,2025-12-31,True,1758009,ticker,
21756,58591,75301810,75301810,RANI,Q,2021-07-30,2025-12-31,True,1856725,ticker,
21759,58595,75120L10,75120L10,RLYB,Q,2021-07-29,2025-12-31,True,1739410,ticker,
21760,58596,89357L50,89357L50,RNAZ,Q,2021-07-09,2025-12-31,True,1829635,ticker,
21761,58597,75340L10,75340L10,RPID,Q,2021-07-15,2025-12-31,True,1380106,ticker,
21762,58598,78349D10,78349D10,RXST,Q,2021-07-30,2025-12-31,True,1111485,ticker,
21763,58599,81749D10,81749D10,SERA,Q,2021-07-15,2025-12-31,True,1534969,ticker,
21764,58600,82657M10,82657M10,SGHT,Q,2021-07-15,2025-12-31,True,1531177,ticker,
21767,58601,83303Y10,,,X,2021-07-28,2024-06-17,False,,no_edgar_ticker,
21772,58489,84865110,,,X,2021-07-23,2022-12-30,False,,no_edgar_ticker,
21774,58606,87224V10,,,X,2021-07-21,2024-08-02,False,,no_edgar_ticker,
21775,58607,88231Q10,88231Q10,TCBS,Q,2021-07-15,2025-12-31,True,1849466,ticker,
21776,21396,30161N10,30161N10,EXC,Q,2021-01-04,2025-12-31,True,1109357,ticker,
21778,58608,89854M10,89854M10,TCRX,Q,2021-07-16,2025-12-31,True,1783328,ticker,
21779,58609,87990A10,87990A10,TNYA,Q,2021-07-30,2025-12-31,True,1858848,ticker,
21780,58611,90466Y20,90466Y20,UNCY,Q,2021-07-13,2025-12-31,True,1766140,ticker,
21781,58613,90355N10,90355N10,USCB,Q,2021-07-23,2025-12-31,True,1901637,ticker,
21782,58614,90177C20,90177C20,VEEE,Q,2021-07-21,2025-12-31,True,1855509,ticker,
21786,58616,37892C10,37892C10,VRAR,Q,2021-07-01,2025-12-31,True,,no_edgar_ticker,
21789,58621,94770D10,,,X,2021-08-05,2023-02-21,False,,no_edgar_ticker,
21790,58622,00534A10,00534A10,IVVD,Q,2021-08-06,2025-12-31,True,1832038,ticker,
21791,56093,30258N60,30258N60,FATBB,Q,2021-08-23,2025-12-31,True,,no_edgar_ticker,
21792,20939,15189T10,15189T10,CNP,N,2021-01-04,2025-12-31,True,1130310,ticker,
21795,58516,00502910,,,X,2021-08-30,2023-12-19,False,,no_edgar_ticker,
21807,58627,44951N10,,,X,2021-08-04,2023-05-19,False,,no_edgar_ticker,
21825,58353,64107A10,64107A10,NPWR,N,2021-08-06,2025-12-31,True,1845437,ticker,
21828,58640,00091F30,00091F30,ABVC,Q,2021-08-03,2025-12-31,True,1173313,ticker,
21829,58645,46264C30,46264C30,AUID,Q,2021-08-24,2025-12-31,True,1534154,ticker,
21831,58647,09074H20,,,X,2021-08-26,2024-08-05,False,,no_edgar_ticker,
21832,58554,63911H30,63911H30,KITT,Q,2021-08-04,2025-12-31,True,1849820,ticker,
21833,58555,60743G10,60743G10,MOBX,Q,2021-08-13,2025-12-31,True,1855467,ticker,
21835,58653,26145B40,26145B40,DFLI,Q,2021-08-24,2025-12-31,True,1847986,ticker,
21837,58656,23816M20,23816M20,MYSE,Q,2021-08-13,2025-12-31,True,1648960,ticker,
21839,58440,25402810,,,X,2021-08-04,2022-12-23,False,,no_edgar_ticker,
21841,58659,24984550,24984550,DRMA,Q,2021-08-13,2025-12-31,True,1853816,ticker,
21842,58660,28658R10,28658R10,CLYM,Q,2021-08-10,2025-12-31,True,1768446,ticker,
21843,58661,29882P10,29882P10,EWCZ,Q,2021-08-05,2025-12-31,True,,no_edgar_ticker,
21844,58662,34417J20,34417J20,FCUV,Q,2021-08-31,2025-12-31,True,1590418,ticker,
21846,58449,31811H10,,,X,2021-08-16,2022-12-28,False,,no_edgar_ticker,
21850,58566,36242510,,,X,2021-08-17,2022-07-07,False,,no_edgar_ticker,
21851,58567,38216G10,,,X,2021-08-23,2023-03-16,False,,no_edgar_ticker,
21852,58461,47201B10,,,X,2021-08-02,2023-06-20,False,,no_edgar_ticker,
21854,58574,45986710,,,X,2021-08-17,2024-08-08,False,,no_edgar_ticker,
21858,58473,54141L10,,,X,2021-08-04,2023-06-16,False,,no_edgar_ticker,
21860,58481,82443030,82443030,SHFS,Q,2021-08-18,2025-12-31,True,1854963,ticker,
21861,58670,68417L10,68417L10,OBT,Q,2021-08-05,2025-12-31,True,1754226,ticker,
21863,58673,69764K10,69764K10,IPM,Q,2021-08-03,2025-12-31,True,1355839,ticker,
21866,58674,71681740,,,X,2021-08-11,2024-04-09,False,,no_edgar_ticker,
21867,58675,71715X20,71715X20,PMCB,Q,2021-08-10,2025-12-31,True,1157075,ticker,
21875,58680,75989R10,75989R10,RNXT,Q,2021-08-26,2025-12-31,True,1574094,ticker,
21876,58681,88675P10,88675P10,TYGO,Q,2021-08-31,2025-12-31,True,1855447,ticker,
21877,58485,82282110,,,X,2021-08-20,2022-12-22,False,,no_edgar_ticker,
21879,58683,04859210,04859210,ATLN,Q,2021-08-27,2025-12-31,True,,no_edgar_ticker,
21882,58684,84387830,,,X,2021-08-12,2025-07-01,False,,no_edgar_ticker,
21883,58491,88605L10,,,X,2021-08-20,2024-12-11,False,,no_edgar_ticker,
21886,58689,98139Q30,98139Q30,WKSP,Q,2021-08-04,2025-12-31,True,1096275,ticker,
21887,58690,27888N40,,,X,2021-08-04,2024-02-28,False,,no_edgar_ticker,
21888,58498,98957010,,,X,2021-08-06,2023-06-16,False,,no_edgar_ticker,
21889,58691,39531G30,39531G30,GREE,Q,2021-09-15,2025-12-31,True,,no_edgar_ticker,
21890,58692,26701L10,26701L10,BROS,N,2021-09-15,2025-12-31,True,1866581,ticker,
21891,58693,24477E10,24477E10,DH,Q,2021-09-15,2025-12-31,True,1861795,ticker,
21892,58694,74276L10,74276L10,PRCT,Q,2021-09-15,2025-12-31,True,1588978,ticker,
21893,58695,88546E10,,,X,2021-09-15,2024-11-13,False,,no_edgar_ticker,
21894,58696,34631B10,,,X,2021-09-16,2023-08-23,False,,no_edgar_ticker,
21895,58697,35805410,35805410,FRSH,Q,2021-09-22,2025-12-31,True,1544522,ticker,
21896,58698,88878710,88878710,TOST,N,2021-09-22,2025-12-31,True,1650164,ticker,
21897,58699,85917T10,,,X,2021-09-23,2024-10-31,False,,no_edgar_ticker,
21898,58700,18512310,18512310,CWAN,N,2021-09-24,2025-12-31,True,,no_edgar_ticker,
21903,58701,87133210,87133210,SLVM,N,2021-10-01,2025-12-31,True,1856485,ticker,
21904,58702,03213A10,03213A10,AMPL,Q,2021-09-28,2025-12-31,True,1866692,ticker,
21905,58703,93403J10,93403J10,WRBY,N,2021-09-29,2025-12-31,True,1504776,ticker,
21906,58704,29249E10,29249E10,ACT,Q,2021-09-16,2025-12-31,True,1823529,ticker,
21907,58641,68218J10,68218J10,OABI,Q,2021-09-30,2025-12-31,True,1846253,ticker,
21908,58546,14292212,,,X,2021-09-16,2025-09-12,False,,no_edgar_ticker,
21909,58642,51655R20,51655R20,LNZA,Q,2021-09-24,2025-12-31,True,1843724,ticker,
21914,58644,19393910,,,X,2021-09-03,2024-08-16,False,,no_edgar_ticker,
21915,58552,08069M10,,,X,2021-09-13,2023-07-27,False,,no_edgar_ticker,
21916,58712,10950410,10950410,BRLT,Q,2021-09-23,2025-12-31,True,1866757,ticker,
21920,58713,05581M40,05581M40,BTCS,Q,2021-09-14,2025-12-31,True,1436229,ticker,
21922,58714,20848V10,20848V10,CCSI,Q,2021-10-08,2025-12-31,True,1866633,ticker,
21923,58651,93042P10,,,X,2021-09-24,2025-07-30,False,,no_edgar_ticker,
21924,58556,18915E10,,,X,2021-09-09,2024-09-04,False,,no_edgar_ticker,
21925,58654,21289P10,,,X,2021-09-30,2023-08-14,False,,no_edgar_ticker,
21926,58716,23345J10,,,X,2021-09-15,2023-08-09,False,,no_edgar_ticker,
21927,58718,25400Q10,25400Q10,DJT,Q,2021-09-30,2025-12-31,True,1849635,ticker,
21928,20965,45110710,45110710,IDA,N,2021-01-04,2025-12-31,True,1057877,ticker,
21930,58720,65294110,65294110,NXXT,Q,2021-09-15,2025-12-31,True,1817004,ticker,
21932,58664,37653T10,,,X,2021-09-27,2024-01-24,False,,no_edgar_ticker,
21933,58726,22979010,,,X,2021-09-24,2024-06-06,False,,no_edgar_ticker,
21934,58665,42227R10,,,X,2021-09-23,2023-12-05,False,,no_edgar_ticker,
21936,21394,71708110,71708110,PFE,N,2021-01-04,2025-12-31,True,78003,ticker,
21938,58729,04625J40,,,X,2021-09-29,2024-07-24,False,,no_edgar_ticker,
21939,58731,70261F20,70261F20,KTTA,Q,2021-09-15,2025-12-31,True,1841330,ticker,
21942,58734,53227510,53227510,LWLG,Q,2021-09-01,2025-12-31,True,1325964,ticker,
21943,58580,58938110,,,X,2021-09-17,2024-07-17,False,,no_edgar_ticker,
21947,58736,57778N40,57778N40,MIGI,Q,2021-09-29,2025-12-31,True,,no_edgar_ticker,
21949,58737,67936910,67936910,OLPX,Q,2021-09-30,2025-12-31,True,,no_edgar_ticker,
21950,58738,68217M10,,,X,2021-09-02,2024-05-07,False,,no_edgar_ticker,
21951,58740,69512X10,,,X,2021-09-27,2022-12-19,False,,no_edgar_ticker,
21957,58742,75960P10,75960P10,RELY,Q,2021-09-23,2025-12-31,True,1782170,ticker,
21958,58682,76939510,,,X,2021-09-28,2022-08-29,False,,no_edgar_ticker,
21962,58746,84612U10,,,X,2021-09-23,2024-03-12,False,,no_edgar_ticker,
21965,58604,65528N20,,,X,2021-09-20,2023-12-22,False,,no_edgar_ticker,
21966,58685,85205U10,,,X,2021-09-23,2024-06-11,False,,no_edgar_ticker,
21967,58748,88526010,,,X,2021-09-23,2023-10-16,False,,no_edgar_ticker,
21969,58610,09001T10,,,X,2021-09-08,2023-07-26,False,,no_edgar_ticker,
21970,58750,90240B10,90240B10,TYRA,Q,2021-09-15,2025-12-31,True,1863127,ticker,
21971,58612,29758410,29758410,ESLA,Q,2021-09-07,2025-12-31,True,1844417,ticker,
21975,58753,00152K20,00152K20,AKA,N,2021-09-22,2025-12-31,True,1865107,ticker,
22003,58758,29283F10,,,X,2021-09-23,2024-01-26,False,,no_edgar_ticker,
22027,58765,46817M10,46817M10,JXN,N,2021-09-20,2025-12-31,True,1822993,ticker,
22069,58530,96951B10,,,X,2021-09-16,2024-03-01,False,,no_edgar_ticker,
22079,58775,53190C10,53190C10,LTH,N,2021-10-07,2025-12-31,True,1869198,ticker,
22080,58776,35243J10,35243J10,FBRT,N,2021-10-19,2025-12-31,True,1562528,ticker,
22081,58777,05368X10,,,X,2021-10-13,2025-10-15,False,,no_edgar_ticker,
22084,58778,37637K10,37637K10,GTLB,Q,2021-10-14,2025-12-31,True,1653482,ticker,
22085,58779,73642K10,73642K10,PTLO,Q,2021-10-21,2025-12-31,True,1871509,ticker,
22086,58780,29281210,,,X,2021-10-21,2025-04-21,False,,no_edgar_ticker,
22087,58781,45674M10,,,X,2021-10-27,2025-11-18,False,,no_edgar_ticker,
22088,58782,34379V10,34379V10,FLNC,Q,2021-10-28,2025-12-31,True,1868941,ticker,
22089,58783,83425V20,83425V20,SBDS,N,2021-10-28,2025-12-31,True,1870600,ticker,
22092,58784,50155Q10,50155Q10,KD,N,2021-11-04,2025-12-31,True,1867072,ticker,
22096,58786,04041L10,,,X,2021-10-22,2025-10-15,False,,no_edgar_ticker,
22100,58756,20607U10,,,X,2021-10-22,2024-09-03,False,,no_edgar_ticker,
22103,20643,29101110,29101110,EMR,N,2021-01-04,2025-12-31,True,32604,ticker,
22111,21018,47816010,47816010,JNJ,N,2021-01-04,2025-12-31,True,200406,ticker,
22115,58794,43353710,,,X,2021-10-29,2024-06-28,False,,no_edgar_ticker,
22127,58763,02095210,02095210,AMOD,Q,2021-10-25,2025-12-31,True,1862463,ticker,
22128,58796,46124J20,46124J20,IVT,N,2021-10-12,2025-12-31,True,1307748,ticker,
22132,58797,50066V30,50066V30,KORE,N,2021-10-01,2025-12-31,True,,no_edgar_ticker,
22145,58801,69376K10,69376K10,PX,N,2021-10-21,2025-12-31,True,,no_edgar_ticker,
22148,58770,69901P10,,,X,2021-10-26,2023-02-01,False,,no_edgar_ticker,
22149,58802,69913P10,,,X,2021-10-15,2025-04-21,False,,no_edgar_ticker,
22158,58804,83543110,,,X,2021-10-29,2023-11-22,False,,no_edgar_ticker,
22177,58822,04302A10,04302A10,AIP,Q,2021-10-27,2025-12-31,True,1667011,ticker,
22178,58823,00949610,00949610,AIRS,Q,2021-10-29,2025-12-31,True,1870940,ticker,
22179,58824,02083E20,,,X,2021-10-20,2024-10-18,False,,no_edgar_ticker,
22180,58643,05467C10,,,X,2021-10-04,2023-08-18,False,,no_edgar_ticker,
22183,58828,05105P10,,,X,2021-10-26,2024-10-02,False,,no_edgar_ticker,
22184,58829,05153U10,05153U10,AURA,Q,2021-10-29,2025-12-31,True,1501796,ticker,
22185,58832,09807060,09807060,BBLG,Q,2021-10-13,2025-12-31,True,1419554,ticker,
22186,58833,09077D20,09077D20,BFRI,Q,2021-10-29,2025-12-31,True,1858685,ticker,
22187,58710,06664410,,,X,2021-10-28,2025-03-17,False,,no_edgar_ticker,
22188,58711,06654K10,,,X,2021-10-29,2023-05-15,False,,no_edgar_ticker,
22192,58649,14739D10,,,X,2021-10-18,2023-09-01,False,,no_edgar_ticker,
22193,58650,92337210,92337210,VGAS,Q,2021-10-04,2025-12-31,True,1841425,ticker,
22194,58839,19243B10,19243B10,CGTX,Q,2021-10-08,2025-12-31,True,1455365,ticker,
22195,58840,14888L10,14888L10,CLST,Q,2021-10-13,2025-12-31,True,1849867,ticker,
22196,58841,21077P10,21077P10,CNTX,Q,2021-10-20,2025-12-31,True,1842952,ticker,
22199,58842,92846Q10,92846Q10,COCO,Q,2021-10-21,2025-12-31,True,1482981,ticker,
22200,58843,23257B30,23257B30,CYN,Q,2021-10-20,2025-12-31,True,1874097,ticker,
22202,58717,23344T10,,,X,2021-10-25,2023-02-02,False,,no_edgar_ticker,
22204,58853,33748L10,33748L10,FWRG,Q,2021-10-01,2025-12-31,True,1789940,ticker,
22207,58723,37149D20,37149D20,GIPR,Q,2021-10-04,2025-12-31,True,1651721,ticker,
22209,58859,42227W30,42227W30,HCTI,Q,2021-10-13,2025-12-31,True,1839285,ticker,
22210,58860,60369320,60369320,INKT,Q,2021-10-15,2025-12-31,True,1840229,ticker,
22211,58862,46500510,,,X,2021-10-08,2023-03-21,False,,no_edgar_ticker,
22212,58667,48208210,,,X,2021-10-01,2023-12-27,False,,no_edgar_ticker,
22213,58865,54948X10,54948X10,LUCD,Q,2021-10-14,2025-12-31,True,1799011,ticker,
22214,58867,54911Q10,,,X,2021-11-08,2023-03-21,False,,no_edgar_ticker,
22216,58668,60436Q10,,,X,2021-10-18,2023-05-25,False,,no_edgar_ticker,
22217,58868,57135420,,,X,2021-10-27,2024-05-29,False,,no_edgar_ticker,
22220,58872,65345N10,65345N10,NN,Q,2021-10-29,2025-12-31,True,1865631,ticker,
22221,58873,67092M20,67092M20,NTRB,Q,2021-10-01,2025-12-31,True,1676047,ticker,
22223,58672,47714H30,47714H30,JTAI,Q,2021-10-01,2025-12-31,True,1861622,ticker,
22225,58676,00810J20,,,X,2021-10-08,2024-06-20,False,,no_edgar_ticker,
22228,58677,69291C10,,,X,2021-10-04,2024-04-19,False,,no_edgar_ticker,
22229,58881,74732410,74732410,PYXS,Q,2021-10-08,2025-12-31,True,1782223,ticker,
22232,58882,76010Y20,76010Y20,RENT,Q,2021-10-27,2025-12-31,True,1468327,ticker,
22233,58678,02083L10,,,X,2021-10-21,2023-04-11,False,,no_edgar_ticker,
22238,58890,86337R20,,,X,2021-10-20,2025-03-17,False,,no_edgar_ticker,
22239,58891,92854T20,92854T20,SEAT,Q,2021-10-19,2025-12-31,True,1856031,ticker,
22240,58894,88369M10,,,X,2021-10-07,2024-02-14,False,,no_edgar_ticker,
22244,58895,29384C10,29384C10,TRDA,Q,2021-10-29,2025-12-31,True,1689375,ticker,
22245,58896,90138410,,,X,2021-11-05,2025-05-13,False,,no_edgar_ticker,
22248,58897,90268510,90268510,UDMY,Q,2021-10-29,2025-12-31,True,,no_edgar_ticker,
22252,58899,60343F20,,,X,2021-10-22,2023-12-29,False,,no_edgar_ticker,
22253,58687,00792J10,,,X,2021-10-01,2024-09-26,False,,no_edgar_ticker,
22255,58901,92864V60,92864V60,EMPD,Q,2021-10-06,2025-12-31,True,1829794,ticker,
22256,58902,92332V10,92332V10,VTYX,Q,2021-10-21,2025-12-31,True,,no_edgar_ticker,
22257,58752,97655B10,,,X,2021-10-04,2025-03-21,False,,no_edgar_ticker,
22258,58905,98422T10,98422T10,XLO,Q,2021-10-22,2025-12-31,True,1840233,ticker,
22260,58907,01675A20,01675A20,BIRD,Q,2021-11-03,2025-12-31,True,1653909,ticker,
22262,58908,04035M10,04035M10,ARHS,Q,2021-11-04,2025-12-31,True,1875444,ticker,
22263,58909,64082B10,64082B10,NRDS,Q,2021-11-04,2025-12-31,True,1625278,ticker,
22264,58910,68629Y10,68629Y10,ONL,N,2021-11-15,2025-12-31,True,1873923,ticker,
22265,58911,76954A10,76954A10,RIVN,Q,2021-11-10,2025-12-31,True,1874178,ticker,
22266,58912,30219Q10,30219Q10,EXFY,Q,2021-11-10,2025-12-31,True,1476840,ticker,
22267,58914,10576N10,10576N10,BRZE,Q,2021-11-17,2025-12-31,True,1676238,ticker,
22268,58915,87043Q10,87043Q10,SG,N,2021-11-18,2025-12-31,True,1477815,ticker,
22271,58639,04208V10,,,X,2021-11-10,2024-08-16,False,,no_edgar_ticker,
22272,58705,67644C10,,,X,2021-11-05,2025-04-24,False,,no_edgar_ticker,
22273,58916,00774410,,,X,2021-11-24,2023-10-13,False,,no_edgar_ticker,
22275,58707,04026L10,,,X,2021-11-12,2022-12-21,False,,no_edgar_ticker,
22276,58709,04303A10,,,X,2021-11-22,2023-11-06,False,,no_edgar_ticker,
22279,58831,00444X10,,,X,2021-11-17,2024-04-09,False,,no_edgar_ticker,
22280,58921,07279B10,07279B10,BAFN,Q,2021-11-30,2025-12-31,True,1649739,ticker,
22281,58923,42238H10,42238H10,BEAT,Q,2021-11-11,2025-12-31,True,1779372,ticker,
22282,58834,22677T10,,,X,2021-11-26,2024-10-15,False,,no_edgar_ticker,
22284,58924,09563350,09563350,BJDX,Q,2021-11-10,2025-12-31,True,1704287,ticker,
22286,58925,09229E30,09229E30,BLBX,Q,2021-11-10,2025-12-31,True,,no_edgar_ticker,
22287,58927,05637B10,05637B10,BLZE,Q,2021-11-11,2025-12-31,True,1462056,ticker,
22288,58835,09370F10,,,X,2021-11-04,2023-04-25,False,,no_edgar_ticker,
22289,58928,09065560,09065560,BRTX,Q,2021-11-05,2025-12-31,True,1505497,ticker,
22290,58929,09606H30,,,X,2021-11-03,2024-12-20,False,,no_edgar_ticker,
22291,58930,0557MQ20,0557MQ20,BTBD,Q,2021-11-12,2025-12-31,True,1718224,ticker,
22292,58715,12561U10,,,X,2021-11-05,2023-05-01,False,,no_edgar_ticker,
22293,20523,21935010,21935010,GLW,N,2021-01-04,2025-12-31,True,24741,ticker,
22295,58932,20454B10,20454B10,CMPX,Q,2021-11-02,2025-12-31,True,1738021,ticker,
22296,58935,48115J10,48115J10,DERM,Q,2021-11-12,2025-12-31,True,1867066,ticker,
22301,58941,31813A10,31813A10,FINW,Q,2021-11-19,2025-12-31,True,1856365,ticker,
22302,58943,31812F10,31812F10,FNWD,Q,2021-11-03,2025-12-31,True,919864,ticker,
22303,58854,56608A10,,,X,2021-11-22,2025-04-02,False,,no_edgar_ticker,
22305,58724,42600H10,,,X,2021-11-19,2025-04-04,False,,no_edgar_ticker,
22309,58727,43734R10,,,X,2021-11-22,2023-10-19,False,,no_edgar_ticker,
22312,58948,44977810,44977810,IOBT,Q,2021-11-05,2025-12-31,True,,no_edgar_ticker,
22313,58730,46125A10,46125A10,LUNR,Q,2021-11-12,2025-12-31,True,1844452,ticker,
22318,58864,57778T10,,,X,2021-11-26,2023-03-30,False,,no_edgar_ticker,
22321,58960,55003A20,55003A20,LVLU,Q,2021-11-11,2025-12-31,True,1780201,ticker,
22323,6905,46489V30,46489V30,CATX,A,2021-01-04,2025-12-31,True,728387,ticker,
22326,58869,61240F10,,,X,2021-11-22,2023-11-21,False,,no_edgar_ticker,
22332,58876,71902K40,,,X,2021-11-26,2025-10-31,False,,no_edgar_ticker,
22333,58974,49382L20,,,X,2021-11-11,2024-12-26,False,,no_edgar_ticker,
22334,58975,75601G30,,,X,2021-11-05,2025-01-07,False,,no_edgar_ticker,
22335,58887,80821210,,,X,2021-11-29,2023-10-12,False,,no_edgar_ticker,
22336,58888,79956P10,,,X,2021-11-09,2022-10-21,False,,no_edgar_ticker,
22339,58744,82633210,,,X,2021-11-05,2022-12-19,False,,no_edgar_ticker,
22341,58892,45694810,45694810,MSAI,Q,2021-11-16,2025-12-31,True,1863990,ticker,
22342,58979,83370P20,83370P20,SOPA,Q,2021-11-09,2025-12-31,True,,no_edgar_ticker,
22343,58980,86260J10,86260J10,SWAG,Q,2021-11-09,2025-12-31,True,1872525,ticker,
22344,58981,86882L20,86882L20,SURG,Q,2021-11-02,2025-12-31,True,1392694,ticker,
22345,58984,88422P10,88422P10,TCBX,N,2021-11-09,2025-12-31,True,1781730,ticker,
22346,58985,87251T10,,,X,2021-11-22,2024-03-11,False,,no_edgar_ticker,
22347,58986,88870530,88870530,TIVC,Q,2021-11-11,2025-12-31,True,,no_edgar_ticker,
22351,58989,92244V10,,,X,2021-11-11,2024-05-09,False,,no_edgar_ticker,
22355,58754,08369010,,,X,2021-11-18,2024-09-30,False,,no_edgar_ticker,
22356,58997,09077J20,,,X,2021-11-04,2023-09-25,False,,no_edgar_ticker,
22359,58789,09216A10,,,X,2021-11-12,2023-12-08,False,,no_edgar_ticker,
22360,29993,12483087,12483087,CBL,N,2021-11-02,2025-12-31,True,910612,ticker,
22361,58998,12763L10,12763L10,CDRE,N,2021-11-04,2025-12-31,True,1860543,ticker,
22362,58999,18270D10,18270D10,CMTG,N,2021-11-03,2025-12-31,True,1666291,ticker,
22369,59001,21077F10,21077F10,CTGO,A,2021-11-24,2025-12-31,True,1502377,ticker,
22370,58792,23324710,,,X,2021-11-22,2023-04-06,False,,no_edgar_ticker,
22378,58757,25460L10,,,X,2021-11-12,2024-04-30,False,,no_edgar_ticker,
22380,58759,32070340,32070340,CLDI,A,2021-11-01,2025-12-31,True,1855485,ticker,
22384,58760,74696210,,,X,2021-11-04,2025-01-28,False,,no_edgar_ticker,
22390,58793,42032P10,,,X,2021-11-29,2023-07-12,False,,no_edgar_ticker,
22395,58767,53808610,,,X,2021-11-15,2023-11-30,False,,no_edgar_ticker,
22413,59011,91734E10,,,X,2021-11-17,2023-01-12,False,,no_edgar_ticker,
22416,59012,94724R10,94724R10,WEAV,N,2021-11-11,2025-12-31,True,1609151,ticker,
22417,59013,97265W10,,,X,2021-11-11,2022-12-13,False,,no_edgar_ticker,
22422,59021,71385M10,71385M10,PRM,N,2021-11-09,2025-12-31,True,1880319,ticker,
22423,59022,44952J10,44952J10,CRGY,N,2021-12-08,2025-12-31,True,1866175,ticker,
22424,59023,41810010,,,X,2021-12-09,2025-02-27,False,,no_edgar_ticker,
22425,59024,79589L10,79589L10,IOT,N,2021-12-15,2025-12-31,True,1642896,ticker,
22426,59025,25961D10,25961D10,DOUG,N,2021-12-30,2025-12-31,True,1878897,ticker,
22439,58995,03752A10,,,X,2021-12-30,2023-02-01,False,,no_edgar_ticker,
22440,58787,04684M10,,,X,2021-12-10,2023-10-20,False,,no_edgar_ticker,
22447,59000,36170N10,36170N10,GCTS,N,2021-12-27,2025-12-31,True,1851961,ticker,
22465,59031,35804X20,35804X20,AMZE,A,2021-12-14,2025-12-31,True,1880343,ticker,
22470,58795,45617P10,,,X,2021-12-10,2022-11-14,False,,no_edgar_ticker,
22474,59005,48203N10,,,X,2021-12-23,2023-10-10,False,,no_edgar_ticker,
22480,58799,55407R10,,,X,2021-12-13,2023-09-21,False,,no_edgar_ticker,
22509,21351,69350610,69350610,PPG,N,2021-01-04,2025-12-31,True,79879,ticker,
22517,21376,69351T10,69351T10,PPL,N,2021-01-04,2025-12-31,True,922224,ticker,
22521,58821,02157M10,,,X,2021-12-13,2024-11-05,False,,no_edgar_ticker,
22522,58917,04005A10,,,X,2021-12-31,2022-12-09,False,,no_edgar_ticker,
22523,59054,01674450,01674450,ALLR,Q,2021-12-21,2025-12-31,True,1860657,ticker,
22524,58826,03881F10,,,X,2021-12-20,2023-01-13,False,,no_edgar_ticker,
22527,58920,04045010,,,X,2021-12-09,2024-03-01,False,,no_edgar_ticker,
22528,58830,05338E10,,,X,2021-12-03,2023-06-08,False,,no_edgar_ticker,
22537,59064,22529Y40,22529Y40,CELZ,Q,2021-12-03,2025-12-31,True,1187953,ticker,
22538,59066,17248W30,17248W30,CING,Q,2021-12-08,2025-12-31,True,1862150,ticker,
22539,58937,92919Y10,92919Y10,VSEE,Q,2021-12-30,2025-12-31,True,1864531,ticker,
22540,58844,24373340,24373340,TRUG,Q,2021-12-02,2025-12-31,True,1857086,ticker,
22544,58845,00438Y10,,,X,2021-12-01,2023-12-27,False,,no_edgar_ticker,
22546,58847,98944F10,98944F10,ZEO,Q,2021-12-13,2025-12-31,True,1865506,ticker,
22548,58721,36118W10,,,X,2021-12-08,2024-05-21,False,,no_edgar_ticker,
22549,58851,25193620,25193620,DEVS,Q,2021-12-20,2025-12-31,True,,no_edgar_ticker,
22551,59070,31788K10,31788K10,FNGR,Q,2021-12-28,2025-12-31,True,1602409,ticker,
22553,58852,78112J20,,,X,2021-12-06,2024-06-10,False,,no_edgar_ticker,
22554,58944,34969G10,,,X,2021-12-27,2024-11-11,False,,no_edgar_ticker,
22556,59077,37892F10,,,X,2021-12-23,2024-12-17,False,,no_edgar_ticker,
22561,59083,45824Q80,45824Q80,GCTK,Q,2021-12-10,2025-12-31,True,1506983,ticker,
22562,59085,45258H10,45258H10,IMMX,Q,2021-12-16,2025-12-31,True,1873835,ticker,
22563,58947,45827K10,,,X,2021-12-16,2024-11-11,False,,no_edgar_ticker,
22564,58949,45828D10,,,X,2021-12-27,2023-04-27,False,,no_edgar_ticker,
22566,58954,84445C10,84445C10,SLND,A,2021-12-22,2025-12-31,True,1883814,ticker,
22570,58957,53118A10,,,X,2021-12-27,2024-03-27,False,,no_edgar_ticker,
22571,58958,53626210,,,X,2021-12-07,2023-03-08,False,,no_edgar_ticker,
22572,58866,51934510,,,X,2021-12-17,2023-05-15,False,,no_edgar_ticker,
22574,58963,62404B10,,,X,2021-12-02,2024-11-21,False,,no_edgar_ticker,
22575,58966,58176U10,,,X,2021-12-23,2023-03-06,False,,no_edgar_ticker,
22578,59091,60743F60,,,X,2021-12-09,2023-12-07,False,,no_edgar_ticker,
22579,58967,58759A10,,,X,2021-12-27,2023-10-02,False,,no_edgar_ticker,
22581,58871,65145010,,,X,2021-12-13,2023-04-26,False,,no_edgar_ticker,
22582,58970,64823D10,,,X,2021-12-27,2024-11-11,False,,no_edgar_ticker,
22586,59094,65344E10,65344E10,NXGL,Q,2021-12-22,2025-12-31,True,1468929,ticker,
22587,58875,67100510,,,X,2021-12-20,2023-12-28,False,,no_edgar_ticker,
22589,58877,84753T10,,,X,2021-12-20,2024-08-07,False,,no_edgar_ticker,
22590,58878,70184A10,,,X,2021-12-14,2022-12-19,False,,no_edgar_ticker,
22592,21205,88579Y10,88579Y10,MMM,N,2021-01-04,2025-12-31,True,66740,ticker,
22595,59097,16723910,16723910,REFI,Q,2021-12-08,2025-12-31,True,1867949,ticker,
22596,59098,26205E10,26205E10,DTI,Q,2021-12-29,2025-12-31,True,1884516,ticker,
22599,58889,81220410,,,X,2021-12-20,2023-02-02,False,,no_edgar_ticker,
22600,58977,81221H10,,,X,2021-12-01,2023-12-04,False,,no_edgar_ticker,
22601,58978,84854Q10,,,X,2021-12-27,2022-12-28,False,,no_edgar_ticker,
22602,59102,82616520,82616520,SIDU,Q,2021-12-14,2025-12-31,True,1879726,ticker,
22610,59106,91854V20,,,X,2021-12-07,2025-05-01,False,,no_edgar_ticker,
22612,58992,92838J10,,,X,2021-12-23,2024-10-28,False,,no_edgar_ticker,
22616,58904,30069X10,,,X,2021-12-13,2024-10-02,False,,no_edgar_ticker,
22618,59110,87265710,87265710,TPG,Q,2022-01-13,2025-12-31,True,1880661,ticker,
22623,59113,21037T10,21037T10,CEG,Q,2022-02-02,2025-12-31,True,1868275,ticker,
22626,59116,03237H10,03237H10,AMLX,Q,2022-01-07,2025-12-31,True,1658551,ticker,
22627,59117,03834B30,,,X,2022-01-05,2025-05-20,False,,no_edgar_ticker,
22634,59120,06753220,06753220,BRFH,Q,2022-01-20,2025-12-31,True,1487197,ticker,
22635,59062,09291510,09291510,BZAI,Q,2022-01-31,2025-12-31,True,1871638,ticker,
22636,59122,12530C10,,,X,2022-01-13,2025-11-03,False,,no_edgar_ticker,
22637,59123,17240Y10,,,X,2022-01-07,2023-02-24,False,,no_edgar_ticker,
22638,59124,15672X20,15672X20,CISO,Q,2022-01-14,2025-12-31,True,1777319,ticker,
22640,58933,13767K10,,,X,2022-01-20,2024-06-28,False,,no_edgar_ticker,
22646,58850,31813610,,,X,2022-01-11,2024-08-20,False,,no_edgar_ticker,
22647,59072,31772T10,,,X,2022-01-10,2023-08-31,False,,no_edgar_ticker,
22650,59073,36550610,,,X,2022-01-13,2023-12-18,False,,no_edgar_ticker,
22655,59131,43270530,43270530,THAR,Q,2022-01-12,2025-12-31,True,,no_edgar_ticker,
22659,59132,44170P10,44170P10,HOUR,Q,2022-01-07,2025-12-31,True,1874875,ticker,
22660,59133,87304850,87304850,IDAI,Q,2022-01-31,2025-12-31,True,1718939,ticker,
22661,59084,45333D10,,,X,2022-01-21,2024-12-17,False,,no_edgar_ticker,
22662,58861,45784G30,,,X,2022-01-03,2025-05-08,False,,no_edgar_ticker,
22663,59088,48208E10,,,X,2022-01-07,2023-06-02,False,,no_edgar_ticker,
22667,59135,49907V20,49907V20,KSCP,Q,2022-01-27,2025-12-31,True,1600983,ticker,
22668,58952,50202D10,,,X,2022-01-07,2023-10-03,False,,no_edgar_ticker,
22669,58953,88165K10,88165K10,TVGN,Q,2022-01-03,2025-12-31,True,1860871,ticker,
22670,58961,14159C20,14159C20,CDIO,Q,2022-01-14,2025-12-31,True,1870144,ticker,
22671,59138,6293JP10,6293JP10,NSTS,Q,2022-01-19,2025-12-31,True,1881592,ticker,
22674,59093,74319X10,74319X10,PFSA,Q,2022-01-24,2025-12-31,True,1859807,ticker,
22676,58971,87169M10,87169M10,OPTX,Q,2022-01-24,2025-12-31,True,1866816,ticker,
22677,58883,62300610,,,X,2022-01-03,2023-03-01,False,,no_edgar_ticker,
22678,59099,77867R10,,,X,2022-01-05,2024-12-09,False,,no_edgar_ticker,
22679,59140,80401C10,80401C10,SATL,Q,2022-01-26,2025-12-31,True,1874315,ticker,
22689,59145,92673K10,,,X,2022-01-07,2025-08-05,False,,no_edgar_ticker,
22690,58991,91842V10,,,X,2022-01-03,2023-05-16,False,,no_edgar_ticker,
22691,59108,95041510,,,X,2022-01-21,2025-01-07,False,,no_edgar_ticker,
22693,59109,61216010,61216010,AIRJ,Q,2022-01-31,2025-12-31,True,1855474,ticker,
22694,58994,30320F10,,,X,2022-01-10,2023-08-23,False,,no_edgar_ticker,
22703,59028,04687C10,,,X,2022-01-28,2024-12-11,False,,no_edgar_ticker,
22704,58996,07402Q10,,,X,2022-01-14,2023-12-12,False,,no_edgar_ticker,
22715,59002,29978K10,,,X,2022-01-14,2024-12-02,False,,no_edgar_ticker,
22722,59004,45827R10,,,X,2022-01-03,2024-03-12,False,,no_edgar_ticker,
22723,59032,46653C10,,,X,2022-01-31,2023-06-13,False,,no_edgar_ticker,
22726,59006,62956710,,,X,2022-01-07,2023-12-19,False,,no_edgar_ticker,
22731,59035,74349W30,74349W30,SOAR,A,2022-01-21,2025-12-31,True,1853070,ticker,
22738,59008,82537G10,,,X,2022-01-10,2023-12-04,False,,no_edgar_ticker,
22742,59037,03494810,03494810,ANGX,N,2022-01-31,2025-12-31,True,1865200,ticker,
22746,59038,89301B10,,,X,2022-01-31,2024-09-06,False,,no_edgar_ticker,
22752,21188,58933Y10,58933Y10,MRK,N,2021-01-04,2025-12-31,True,310158,ticker,
22757,59161,98888T10,,,X,2022-03-01,2025-10-20,False,,no_edgar_ticker,
22758,59163,03940C10,03940C10,ACLX,Q,2022-02-04,2025-12-31,True,,no_edgar_ticker,
22764,59056,04264410,,,X,2022-02-11,2024-09-17,False,,no_edgar_ticker,
22765,59165,02919L70,02919L70,AREB,Q,2022-02-07,2025-12-31,True,1648087,ticker,
22766,59119,11125B10,,,X,2022-02-23,2025-01-23,False,,no_edgar_ticker,
22767,59168,68237Q20,68237Q20,ONCO,Q,2022-02-18,2025-12-31,True,1782107,ticker,
22768,59170,86887P30,86887P30,BNC,Q,2022-02-11,2025-12-31,True,1482541,ticker,
22769,59065,12521H10,,,X,2022-02-10,2024-12-23,False,,no_edgar_ticker,
22771,59172,22141330,22141330,COSM,Q,2022-02-28,2025-12-31,True,1474167,ticker,
22772,59174,25461T10,25461T10,DRCT,Q,2022-02-11,2025-12-31,True,1880613,ticker,
22773,59069,29103K10,29103K10,FLD,Q,2022-02-07,2025-12-31,True,1889123,ticker,
22775,59078,00809J10,,,X,2022-02-22,2024-06-21,False,,no_edgar_ticker,
22776,59180,42240Q10,42240Q10,HTCR,Q,2022-02-10,2025-12-31,True,1892322,ticker,
22778,59087,01444V10,01444V10,ANNA,Q,2022-02-04,2025-12-31,True,1845123,ticker,
22779,21230,62007630,62007630,MSI,N,2021-01-04,2025-12-31,True,68505,ticker,
22781,59090,98987D30,,,X,2022-02-10,2025-07-17,False,,no_edgar_ticker,
22783,59185,60785L20,60785L20,MODD,Q,2022-02-10,2025-12-31,True,1074871,ticker,
22785,59188,67080T10,67080T10,NVCT,Q,2022-02-04,2025-12-31,True,1875558,ticker,
22791,59096,76137R10,,,X,2022-02-07,2024-03-04,False,,no_edgar_ticker,
22792,59100,78661R10,,,X,2022-02-10,2024-03-08,False,,no_edgar_ticker,
22793,59192,86778170,86778170,SBFM,Q,2022-02-15,2025-12-31,True,1402328,ticker,
22797,59194,78471E10,78471E10,SKYX,Q,2022-02-10,2025-12-31,True,1598981,ticker,
22798,59195,83204U60,,,X,2022-02-16,2024-09-19,False,,no_edgar_ticker,
22800,58983,83014E10,,,X,2022-02-01,2024-02-28,False,,no_edgar_ticker,
22802,59198,89386L10,,,X,2022-02-22,2024-06-21,False,,no_edgar_ticker,
22803,59144,92838K10,,,X,2022-02-28,2023-07-20,False,,no_edgar_ticker,
22804,59199,92852R40,,,X,2022-02-14,2025-12-26,False,,no_edgar_ticker,
22810,59029,05150A10,,,X,2022-02-07,2024-10-11,False,,no_edgar_ticker,
22811,59200,05601U10,05601U10,BRCC,N,2022-02-10,2025-12-31,True,1891101,ticker,
22812,59201,07831C10,07831C10,BRBR,N,2022-03-11,2025-12-31,True,1772016,ticker,
22823,59149,12530D10,,,X,2022-02-28,2023-10-24,False,,no_edgar_ticker,
22825,904,13809810,,,X,2021-01-04,2021-06-02,False,,no_edgar_ticker,
22857,58768,60784B10,60784B10,MDV,N,2022-02-11,2025-12-31,True,,no_edgar_ticker,
22879,59217,29082K10,29082K10,EMBC,Q,2022-04-01,2025-12-31,True,1872789,ticker,
22880,59218,29605J10,29605J10,ESAB,N,2022-04-05,2025-12-31,True,1877322,ticker,
22881,59114,00084720,00084720,ABP,Q,2022-03-07,2025-12-31,True,,no_edgar_ticker,
22882,59162,44852G30,44852G30,HWH,Q,2022-03-24,2025-12-31,True,1897245,ticker,
22886,59220,03732610,03732610,ANTX,Q,2022-03-25,2025-12-31,True,1880438,ticker,
22888,59167,23290B20,,,X,2022-03-21,2025-11-07,False,,no_edgar_ticker,
22895,59128,26431Q10,,,X,2022-03-14,2024-11-26,False,,no_edgar_ticker,
22897,59222,33830Q20,33830Q20,FEAM,Q,2022-03-15,2025-12-31,True,1888654,ticker,
22898,59129,38287A10,,,X,2022-03-04,2024-12-06,False,,no_edgar_ticker,
22899,59224,38109830,38109830,GMGI,Q,2022-03-17,2025-12-31,True,,no_edgar_ticker,
22901,59134,45635R10,,,X,2022-03-04,2023-11-03,False,,no_edgar_ticker,
22908,59187,20678X40,20678X40,CDT,Q,2022-03-28,2025-12-31,True,1896212,ticker,
22910,59139,69882P10,,,X,2022-03-04,2025-01-23,False,,no_edgar_ticker,
22914,59193,82664R10,,,X,2022-03-28,2023-05-30,False,,no_edgar_ticker,
22923,59148,06690B10,,,X,2022-03-11,2025-03-06,False,,no_edgar_ticker,
22928,30963,25271C20,,,X,2022-03-30,2024-09-04,False,,no_edgar_ticker,
22934,59238,29203430,29203430,EP,A,2022-03-08,2025-12-31,True,887396,ticker,
22937,59153,42237V10,,,X,2022-03-14,2023-07-26,False,,no_edgar_ticker,
22945,59214,49436K10,,,X,2022-03-28,2023-05-09,False,,no_edgar_ticker,
22946,59154,49910310,,,X,2022-03-14,2023-12-06,False,,no_edgar_ticker,
22952,59240,57403M10,57403M10,MGLD,A,2022-03-10,2025-12-31,True,1005101,ticker,
22953,59241,64582720,64582720,IDR,A,2022-03-11,2025-12-31,True,1030192,ticker,
22959,59242,85572U10,,,X,2022-03-29,2022-12-15,False,,no_edgar_ticker,
22969,59157,98906V10,,,X,2022-03-07,2024-10-28,False,,no_edgar_ticker,
22976,59247,93442310,93442310,WBD,Q,2022-04-11,2025-12-31,True,1437107,ticker,
22977,59248,30069T10,30069T10,EE,N,2022-04-13,2025-12-31,True,1888447,ticker,
22992,59213,40472A10,40472A10,EONR,A,2022-04-04,2025-12-31,True,1842556,ticker,
22995,59251,46655E10,46655E10,DC,A,2022-04-05,2025-12-31,True,1852353,ticker,
23008,59255,65518740,65518740,ACON,Q,2022-04-22,2025-12-31,True,1635077,ticker,
23011,59169,12442010,,,X,2022-04-01,2025-02-18,False,,no_edgar_ticker,
23012,59171,02157G20,,,X,2022-04-18,2025-02-12,False,,no_edgar_ticker,
23014,59261,15961010,,,X,2022-04-12,2024-02-29,False,,no_edgar_ticker,
23021,59176,45095830,,,X,2022-04-18,2025-05-22,False,,no_edgar_ticker,
23024,59177,36119D10,,,X,2022-04-08,2025-02-26,False,,no_edgar_ticker,
23025,59223,38136Y10,,,X,2022-04-14,2025-03-26,False,,no_edgar_ticker,
23026,21326,33793210,33793210,FE,N,2021-01-04,2025-12-31,True,1031296,ticker,
23028,59178,37187C10,,,X,2022-04-07,2023-08-04,False,,no_edgar_ticker,
23031,59179,09174P10,09174P10,BTM,Q,2022-04-18,2025-12-31,True,,no_edgar_ticker,
23032,59265,43157M10,,,X,2022-04-29,2025-09-17,False,,no_edgar_ticker,
23033,59266,46583A30,46583A30,IVDA,Q,2022-04-01,2025-12-31,True,1397183,ticker,
23039,59268,47805L10,47805L10,JMSB,Q,2022-04-27,2025-12-31,True,1710482,ticker,
23041,59270,67079U30,67079U30,NUTX,Q,2022-04-04,2025-12-31,True,1479681,ticker,
23047,59190,73892010,73892010,ASBP,Q,2022-04-11,2025-12-31,True,1847345,ticker,
23048,59191,75944B10,,,X,2022-04-04,2023-01-12,False,,no_edgar_ticker,
23049,59230,74954L10,,,X,2022-04-20,2025-02-14,False,,no_edgar_ticker,
23052,59232,49876K10,49876K10,KLTO,Q,2022-04-29,2025-12-31,True,,no_edgar_ticker,
23054,58080,83610010,83610010,SOUN,Q,2022-04-28,2025-12-31,True,1840856,ticker,
23056,59272,82003F30,82003F30,STSS,Q,2022-04-14,2025-12-31,True,,no_edgar_ticker,
23058,59274,88066N30,88066N30,TNON,Q,2022-04-27,2025-12-31,True,1560293,ticker,
23061,59146,95758L30,95758L30,CYCU,Q,2022-04-11,2025-12-31,True,1868419,ticker,
23062,59275,30218B20,30218B20,XPON,Q,2022-04-01,2025-12-31,True,1894954,ticker,
23063,59277,29109X10,,,X,2022-05-17,2025-03-12,False,,no_edgar_ticker,
23064,59278,74319N10,74319N10,ACDC,Q,2022-05-13,2025-12-31,True,1881487,ticker,
23065,59279,10920G10,,,X,2022-05-17,2024-09-19,False,,no_edgar_ticker,
23101,59286,00503R50,00503R50,ASNS,Q,2022-05-13,2025-12-31,True,1141284,ticker,
23105,59289,20037C10,,,X,2022-05-20,2023-11-17,False,,no_edgar_ticker,
23109,59290,28059P40,28059P40,EDBL,Q,2022-05-05,2025-12-31,True,1809750,ticker,
23110,59292,41070910,41070910,HNVR,Q,2022-05-11,2025-12-31,True,1828588,ticker,
23113,59227,83421220,83421220,STI,Q,2022-05-02,2025-12-31,True,1881551,ticker,
23117,59296,71331710,71331710,PEPG,Q,2022-05-06,2025-12-31,True,1835597,ticker,
23120,59300,83359240,83359240,SOBR,Q,2022-05-16,2025-12-31,True,1425627,ticker,
23127,59301,22890A30,22890A30,ORBS,Q,2022-06-30,2025-12-31,True,1892492,ticker,
23129,59303,29332G10,29332G10,EHAB,N,2022-07-01,2025-12-31,True,,no_edgar_ticker,
23147,59306,46578C10,46578C10,IE,A,2022-06-28,2025-12-31,True,1879016,ticker,
23178,59311,83144550,83144550,YYAI,Q,2022-06-15,2025-12-31,True,1674440,ticker,
23179,59312,17461510,17461510,CZFS,Q,2022-06-03,2025-12-31,True,739421,ticker,
23182,892,16530310,16530310,CPK,N,2021-01-04,2025-12-31,True,19745,ticker,
23183,59291,37961B10,,,X,2022-06-16,2025-04-15,False,,no_edgar_ticker,
23185,59315,42254E30,42254E30,HSCS,Q,2022-06-15,2025-12-31,True,1468492,ticker,
23193,59321,71910P20,,,X,2022-06-08,2025-04-15,False,,no_edgar_ticker,
23200,59276,98741Y10,,,X,2022-06-27,2025-04-28,False,,no_edgar_ticker,
23206,59329,37427510,37427510,GETY,N,2022-07-25,2025-12-31,True,1898496,ticker,
23216,59332,55264110,55264110,MAIA,A,2022-07-28,2025-12-31,True,1878313,ticker,
23223,59335,26828M10,26828M10,ECBK,Q,2022-07-28,2025-12-31,True,1914605,ticker,
23224,59336,35953C10,35953C10,FIP,Q,2022-08-02,2025-12-31,True,1899883,ticker,
23227,59338,57630J50,57630J50,GWAV,Q,2022-07-22,2025-12-31,True,1589149,ticker,
23229,20361,12589610,12589610,CMS,N,2021-01-04,2025-12-31,True,811156,ticker,
23232,59294,20794410,,,X,2022-07-01,2025-05-08,False,,no_edgar_ticker,
23233,59340,60737110,,,X,2022-07-29,2024-04-18,False,,no_edgar_ticker,
23235,59342,64113L20,64113L20,NCPL,Q,2022-07-13,2025-12-31,True,1414767,ticker,
23236,59343,64065510,64065510,NEOV,Q,2022-07-28,2025-12-31,True,1748137,ticker,
23247,59297,74168P10,,,X,2022-07-06,2023-08-28,False,,no_edgar_ticker,
23252,59346,96188430,96188430,NXTT,Q,2022-07-19,2025-12-31,True,1784970,ticker,
23255,59347,21985R30,,,X,2022-08-12,2025-01-17,False,,no_edgar_ticker,
23256,59350,34988N10,,,X,2022-08-12,2024-10-10,False,,no_edgar_ticker,
23257,59351,75618M30,75618M30,REBN,Q,2022-08-12,2025-12-31,True,1707910,ticker,
23258,59352,45791D20,45791D20,LUCY,Q,2022-08-15,2025-12-31,True,1808377,ticker,
23259,59308,00501A10,,,X,2022-08-01,2024-09-27,False,,no_edgar_ticker,
23260,59353,59982U20,59982U20,SUIG,Q,2022-08-09,2025-12-31,True,1425355,ticker,
23263,59354,26740W10,26740W10,QBTS,N,2022-08-08,2025-12-31,True,1907982,ticker,
23264,59313,31561T10,,,X,2022-08-08,2025-04-22,False,,no_edgar_ticker,
23265,59355,65518650,65518650,NCRA,Q,2022-08-11,2025-12-31,True,1756180,ticker,
23266,59356,89458T40,89458T40,TGL,Q,2022-08-11,2025-12-31,True,1905956,ticker,
23267,59357,28252B85,,,X,2022-08-03,2025-04-04,False,,no_edgar_ticker,
23268,59358,68277K20,68277K20,ONFO,Q,2022-08-26,2025-12-31,True,1825452,ticker,
23269,59359,70424C20,,,X,2022-08-26,2024-05-02,False,,no_edgar_ticker,
23270,59360,96145W10,96145W10,WEST,Q,2022-08-29,2025-12-31,True,1806347,ticker,
23271,59361,42371L20,,,X,2022-08-30,2024-09-06,False,,no_edgar_ticker,
23272,59362,82569340,82569340,SHPH,Q,2022-08-31,2025-12-31,True,1757499,ticker,
23273,59363,00653L30,00653L30,ATXG,Q,2022-08-31,2025-12-31,True,1650101,ticker,
23297,6760,10964110,10964110,EAT,N,2021-01-04,2025-12-31,True,703351,ticker,
23306,59368,09076W30,09076W30,BIAF,Q,2022-09-01,2025-12-31,True,1712762,ticker,
23340,59380,21871X10,21871X10,CRBG,N,2022-09-15,2025-12-31,True,1889539,ticker,
23343,59381,98423J10,98423J10,XPER,N,2022-10-03,2025-12-31,True,1788999,ticker,
23345,59384,09631H10,09631H10,BHM,A,2022-10-06,2025-12-31,True,1903382,ticker,
23352,59244,03214Q10,03214Q10,AMPX,N,2022-09-15,2025-12-31,True,1899287,ticker,
23372,59387,45825X20,45825X20,INLX,A,2022-09-09,2025-12-31,True,1081745,ticker,
23375,59388,49923820,49923820,USBC,A,2022-09-16,2025-12-31,True,1074828,ticker,
23379,59389,53838J10,53838J10,LVWR,N,2022-09-27,2025-12-31,True,1898795,ticker,
23380,59390,54352F20,,,X,2022-09-22,2024-08-09,False,,no_edgar_ticker,
23381,59391,55380K10,55380K10,MPTI,A,2022-10-07,2025-12-31,True,1902314,ticker,
23393,1103,17134010,17134010,CHD,N,2021-01-04,2025-12-31,True,313927,ticker,
23397,59395,62956D30,,,X,2022-09-27,2025-04-10,False,,no_edgar_ticker,
23415,59399,51807Q10,51807Q10,LASE,Q,2022-09-30,2025-12-31,True,1807887,ticker,
23416,59400,53578P10,53578P10,LNKB,Q,2022-09-14,2025-12-31,True,,no_edgar_ticker,
23418,59377,60742N10,,,X,2022-09-26,2023-12-11,False,,no_edgar_ticker,
23423,59401,65345B20,65345B20,NXL,Q,2022-09-16,2025-12-31,True,1527352,ticker,
23425,59378,73245B10,73245B10,SBC,Q,2022-09-26,2025-12-31,True,1930313,ticker,
23426,59404,82711P20,82711P20,SILO,Q,2022-09-27,2025-12-31,True,1514183,ticker,
23428,59406,88427A10,,,X,2022-09-15,2025-07-31,False,,no_edgar_ticker,
23431,59408,98740Y30,98740Y30,VSTD,Q,2022-09-09,2025-12-31,True,1898604,ticker,
23432,59409,74168J10,74168J10,PRME,Q,2022-10-20,2025-12-31,True,1894562,ticker,
23433,59410,74982T10,74982T10,RXO,N,2022-11-01,2025-12-31,True,1929561,ticker,
23439,59414,60741F10,60741F10,MBLY,Q,2022-10-26,2025-12-31,True,1910139,ticker,
23451,59412,03842W10,,,X,2022-10-19,2025-03-07,False,,no_edgar_ticker,
23466,59422,14838T20,14838T20,CTM,A,2022-10-13,2025-12-31,True,1877939,ticker,
23473,912,17206210,17206210,CINF,Q,2021-01-04,2025-12-31,True,20286,ticker,
23477,59426,38743210,38743210,GRNT,N,2022-10-25,2025-12-31,True,1928446,ticker,
23505,30020,02358650,02358650,UHAL,N,2022-11-10,2025-12-31,True,4457,ticker,
23506,59433,30190A10,30190A10,FG,N,2022-12-01,2025-12-31,True,1934850,ticker,
23507,59385,23327610,,,X,2022-11-21,2025-09-30,False,,no_edgar_ticker,
23509,59435,00218A10,00218A10,ASPI,Q,2022-11-10,2025-12-31,True,1921865,ticker,
23510,59436,00489010,00489010,ACRV,Q,2022-11-15,2025-12-31,True,1781174,ticker,
23511,59398,37962G10,,,X,2022-11-10,2025-03-10,False,,no_edgar_ticker,
23512,59403,74738V10,,,X,2022-11-25,2024-11-22,False,,no_edgar_ticker,
23513,59437,83301J10,83301J10,SNAL,Q,2022-11-10,2025-12-31,True,1886894,ticker,
23517,59441,52661A10,52661A10,DRS,Q,2022-11-29,2025-12-31,True,1833756,ticker,
23536,21931,92939U10,92939U10,WEC,N,2021-01-04,2025-12-31,True,783325,ticker,
23568,59444,57638P10,57638P10,MBC,N,2022-12-15,2025-12-31,True,1941365,ticker,
23570,59446,36266G10,36266G10,GEHC,Q,2023-01-04,2025-12-31,True,1932393,ticker,
23579,21743,88320310,88320310,TXT,N,2021-01-04,2025-12-31,True,217346,ticker,
23615,59456,22407B10,22407B10,COYA,Q,2022-12-29,2025-12-31,True,1835022,ticker,
23618,59397,27877D30,27877D30,ECDA,Q,2022-12-08,2025-12-31,True,,no_edgar_ticker,
23620,59413,44364H10,,,X,2022-12-23,2024-07-23,False,,no_edgar_ticker,
23622,59459,00548H10,,,X,2022-12-09,2024-09-05,False,,no_edgar_ticker,
23625,59461,53630L20,,,X,2022-12-20,2025-06-20,False,,no_edgar_ticker,
23627,59462,50535E10,,,X,2022-12-07,2024-04-18,False,,no_edgar_ticker,
23629,59417,17331Y10,17331Y10,CTOR,Q,2022-12-08,2025-12-31,True,1851484,ticker,
23630,59464,92852X10,92852X10,VTS,N,2023-01-17,2025-12-31,True,1944558,ticker,
23658,59468,10586130,10586130,ATLX,Q,2023-01-10,2025-12-31,True,1540684,ticker,
23660,6304,17290810,17290810,CTAS,Q,2021-01-04,2025-12-31,True,723254,ticker,
23662,59454,00166110,00166110,AMCI,Q,2023-01-25,2025-12-31,True,1937891,ticker,
23663,59469,96812F10,96812F10,BAER,Q,2023-01-25,2025-12-31,True,1941536,ticker,
23669,59472,12763620,12763620,CVKD,Q,2023-01-20,2025-12-31,True,1937993,ticker,
23670,59473,36870H10,36870H10,GNLX,Q,2023-01-26,2025-12-31,True,1231457,ticker,
23673,59475,55317F20,,,X,2023-01-13,2025-02-20,False,,no_edgar_ticker,
23677,59443,72942P10,,,X,2023-01-11,2024-06-07,False,,no_edgar_ticker,
23679,59478,83094010,83094010,SKWD,Q,2023-01-13,2025-12-31,True,1519449,ticker,
23681,59479,65290E10,65290E10,NXT,Q,2023-02-09,2025-12-31,True,1852131,ticker,
23711,59483,86318210,86318210,STRW,A,2023-02-22,2025-12-31,True,1782430,ticker,
23712,21458,74457310,74457310,PEG,N,2021-01-04,2025-12-31,True,788784,ticker,
23715,59484,86294510,86294510,ASST,Q,2023-02-03,2025-12-31,True,1920406,ticker,
23716,59485,12021E10,12021E10,BFRG,Q,2023-02-14,2025-12-31,True,1829247,ticker,
23730,59498,60317010,60317010,MLYS,Q,2023-02-10,2025-12-31,True,1933414,ticker,
23731,59499,62911P30,62911P30,GXAI,Q,2023-02-15,2025-12-31,True,1895618,ticker,
23738,59502,64204510,64204510,AESI,N,2023-03-09,2025-12-31,True,1984060,ticker,
23744,59505,22440810,22440810,CR,N,2023-04-04,2025-12-31,True,1944013,ticker,
23779,59486,68840D10,68840D10,OSRH,Q,2023-03-17,2025-12-31,True,1840425,ticker,
23782,59488,15719Y10,,,X,2023-03-24,2024-08-01,False,,no_edgar_ticker,
23783,59512,18452H30,18452H30,CETY,Q,2023-03-23,2025-12-31,True,1329606,ticker,
23795,59521,56270V20,56270V20,MGRX,Q,2023-03-21,2025-12-31,True,1938046,ticker,
23799,913,17474010,17474010,CIA,N,2021-01-04,2025-12-31,True,24090,ticker,
23803,59526,68384X20,68384X20,OPXS,Q,2023-03-15,2025-12-31,True,1397016,ticker,
23816,59535,55825610,55825610,MSGE,N,2023-04-21,2025-12-31,True,1952073,ticker,
23819,20868,40621610,40621610,HAL,N,2021-01-04,2025-12-31,True,45012,ticker,
23829,59537,39818P79,39818P79,PKST,N,2023-04-13,2025-12-31,True,,no_edgar_ticker,
23835,21132,55269010,55269010,MDU,N,2021-01-04,2025-12-31,True,67716,ticker,
23846,59482,82836N10,,,X,2023-04-28,2024-11-04,False,,no_edgar_ticker,
23849,59538,89669L20,89669L20,TPET,A,2023-04-18,2025-12-31,True,1898766,ticker,
23854,59543,12135Y10,12135Y10,BHRB,Q,2023-04-26,2025-12-31,True,1964333,ticker,
23860,59547,46501C10,46501C10,ISPR,Q,2023-04-04,2025-12-31,True,1948455,ticker,
23869,59552,45840Y40,45840Y40,TRNR,Q,2023-04-28,2025-12-31,True,1785056,ticker,
23871,59554,90291W10,90291W10,USGO,Q,2023-04-20,2025-12-31,True,1947244,ticker,
23874,59557,00445A10,,,X,2023-05-05,2025-05-21,False,,no_edgar_ticker,
23875,59558,49889410,49889410,KNF,N,2023-06-01,2025-12-31,True,1955520,ticker,
23876,59559,49177J10,49177J10,KVUE,N,2023-05-04,2025-12-31,True,1944048,ticker,
23877,59560,04956D10,04956D10,ATMU,N,2023-05-26,2025-12-31,True,1921963,ticker,
23880,59561,60978610,,,X,2023-05-18,2025-10-07,False,,no_edgar_ticker,
23881,59514,35088F10,,,X,2023-05-12,2025-10-17,False,,no_edgar_ticker,
23882,59562,84252A10,84252A10,BCAL,Q,2023-05-11,2025-12-31,True,1795815,ticker,
23883,59563,13000T60,13000T60,CWD,Q,2023-05-17,2025-12-31,True,1627282,ticker,
23884,59564,87873920,87873920,TPCS,Q,2023-05-05,2025-12-31,True,1328792,ticker,
23885,59530,89278D10,89278D10,TBMC,Q,2023-05-15,2025-12-31,True,,no_edgar_ticker,
23931,21300,98389B10,98389B10,XEL,Q,2021-01-04,2025-12-31,True,72903,ticker,
23940,55864,75134P50,75134P50,METCB,Q,2023-06-22,2025-12-31,True,1687187,ticker,
23941,59576,14892910,14892910,CAVA,N,2023-06-15,2025-12-31,True,1639438,ticker,
23942,59577,34965K10,34965K10,FTRE,Q,2023-07-03,2025-12-31,True,1965040,ticker,
23944,59578,71880K10,71880K10,PHIN,N,2023-07-05,2025-12-31,True,1968915,ticker,
23951,59579,05479L30,05479L30,AZTR,A,2023-06-16,2025-12-31,True,1701478,ticker,
23970,59580,50012A10,50012A10,KGS,N,2023-06-29,2025-12-31,True,1767042,ticker,
23978,59581,80517M10,80517M10,SVV,N,2023-06-29,2025-12-31,True,1883313,ticker,
23993,59540,50008110,50008110,KDK,Q,2023-06-12,2025-12-31,True,1853138,ticker,
23997,59585,08178Q50,08178Q50,BENF,Q,2023-06-08,2025-12-31,True,1775734,ticker,
23998,59586,10523010,10523010,BOF,Q,2023-06-16,2025-12-31,True,1962481,ticker,
24009,59591,36870C10,36870C10,GENK,Q,2023-06-28,2025-12-31,True,1891856,ticker,
24010,21201,29364G10,29364G10,ETR,N,2021-01-04,2025-12-31,True,65984,ticker,
24017,59593,45828J10,45828J10,INTS,Q,2023-06-30,2025-12-31,True,1567264,ticker,
24022,59594,04772610,04772610,BATRA,Q,2023-07-19,2025-12-31,True,1958140,ticker,
24023,59594,04772630,04772630,BATRK,Q,2023-07-19,2025-12-31,True,1958140,ticker,
24051,59595,86892720,86892720,SRFM,N,2023-07-27,2025-12-31,True,1936224,ticker,
24053,21035,30034W10,30034W10,EVRG,Q,2021-01-04,2025-12-31,True,1711269,ticker,
24064,59600,03770N10,03770N10,APGE,Q,2023-07-14,2025-12-31,True,1974640,ticker,
24065,59601,09062830,09062830,BGLC,Q,2023-07-20,2025-12-31,True,1737523,ticker,
24070,59590,29642410,29642410,ESHA,Q,2023-07-21,2025-12-31,True,,no_edgar_ticker,
24072,59605,47100L30,47100L30,DFDV,Q,2023-07-25,2025-12-31,True,1805526,ticker,
24078,59611,78670010,78670010,SGMT,Q,2023-07-14,2025-12-31,True,1400118,ticker,
24079,59612,83006G40,83006G40,SXTP,Q,2023-07-12,2025-12-31,True,1946563,ticker,
24080,59613,90042W10,,,X,2023-07-21,2025-08-11,False,,no_edgar_ticker,
24084,54311,53122974,,,X,2023-08-04,2025-12-16,False,,no_edgar_ticker,
24085,54311,53122972,,,X,2023-08-04,2025-12-16,False,,no_edgar_ticker,
24086,59615,02008G20,02008G20,ALUR,N,2023-08-02,2025-12-31,True,1964979,ticker,
24087,59616,64134X20,64134X20,NRXS,A,2023-08-09,2025-12-31,True,1933567,ticker,
24090,20582,25365120,25365120,DBD,N,2023-08-14,2025-12-31,True,28823,ticker,
24091,59618,05603E20,05603E20,BVFL,Q,2023-08-01,2025-12-31,True,1302387,ticker,
24092,59619,16307X20,16307X20,CTNT,Q,2023-08-01,2025-12-31,True,1951667,ticker,
24093,59620,41129220,41129220,GITS,Q,2023-08-01,2025-12-31,True,1911545,ticker,
24094,59621,60458C10,60458C10,MIRA,Q,2023-08-03,2025-12-31,True,1904286,ticker,
24095,59622,50215C30,50215C30,YHC,Q,2023-08-10,2025-12-31,True,1843165,ticker,
24098,59623,78577G30,78577G30,NWTG,Q,2023-08-15,2025-12-31,True,1934245,ticker,
24099,59624,85237B10,85237B10,TRON,Q,2023-08-15,2025-12-31,True,1956744,ticker,
24100,59625,78435P10,78435P10,SEZL,Q,2023-08-17,2025-12-31,True,1662991,ticker,
24109,20077,02553710,02553710,AEP,Q,2021-01-04,2025-12-31,True,4904,ticker,
24114,59628,45784E30,45784E30,IVP,Q,2023-08-30,2025-12-31,True,,no_edgar_ticker,
24171,59641,49845K10,49845K10,KVYO,N,2023-09-20,2025-12-31,True,1835830,ticker,
24172,59642,78637J20,78637J20,RENX,Q,2023-09-28,2025-12-31,True,1959023,ticker,
24173,59643,29430C10,29430C10,VSTS,N,2023-10-02,2025-12-31,True,1967649,ticker,
24174,59644,92338C10,92338C10,VLTO,N,2023-10-02,2025-12-31,True,1967680,ticker,
24175,59645,92942W10,,,X,2023-10-02,2025-09-26,False,,no_edgar_ticker,
24205,20684,65339F10,65339F10,NEE,N,2021-01-04,2025-12-31,True,753308,ticker,
24248,21206,01852230,,,X,2021-01-04,2025-12-15,False,,no_edgar_ticker,
24250,59654,02451V30,02451V30,ABAT,Q,2023-09-21,2025-12-31,True,1576873,ticker,
24258,59656,56539410,56539410,CART,Q,2023-09-19,2025-12-31,True,1579091,ticker,
24263,59659,33817P40,33817P40,FTLF,Q,2023-09-18,2025-12-31,True,1374328,ticker,
24271,59661,55285N10,55285N10,MDBH,Q,2023-09-21,2025-12-31,True,1934642,ticker,
24272,20222,04418610,04418610,ASH,N,2021-01-04,2025-12-31,True,1674862,ticker,
24275,59662,64097910,64097910,NMRA,Q,2023-09-15,2025-12-31,True,1885522,ticker,
24279,59664,22275C10,22275C10,PODC,Q,2023-09-08,2025-12-31,True,1940177,ticker,
24283,59665,75525N10,,,X,2023-09-15,2024-02-26,False,,no_edgar_ticker,
24286,59667,85227J10,85227J10,SRBK,Q,2023-09-20,2025-12-31,True,1951276,ticker,
24288,59669,87168W20,,,X,2023-09-29,2025-04-21,False,,no_edgar_ticker,
24296,59672,63001N10,63001N10,NATL,N,2023-10-17,2025-12-31,True,1974138,ticker,
24328,20662,26884L10,26884L10,EQT,N,2021-01-04,2025-12-31,True,33213,ticker,
24378,59681,64187110,,,X,2023-10-12,2024-03-07,False,,no_edgar_ticker,
24435,59685,66373M40,66373M40,NCL,A,2023-10-19,2025-12-31,True,1923780,ticker,
24440,21328,67083710,67083710,OGE,N,2021-01-04,2025-12-31,True,1021635,ticker,
24441,1071,19210850,19210850,CDE,N,2021-01-04,2025-12-31,True,215466,ticker,
24459,21411,72447910,72447910,PBI,N,2021-01-04,2025-12-31,True,78814,ticker,
24465,59690,75607T10,75607T10,AIRE,Q,2023-10-23,2025-12-31,True,1859199,ticker,
24469,59692,00838920,00838920,ATPC,Q,2023-10-11,2025-12-31,True,1713210,ticker,
24471,59693,15486W10,15486W10,CPBI,Q,2023-10-20,2025-12-31,True,1979332,ticker,
24473,59695,30612110,30612110,FBYD,Q,2023-10-06,2025-12-31,True,1937987,ticker,
24476,1033,19247910,,,X,2021-01-04,2022-07-01,False,,no_edgar_ticker,
24478,59697,36466210,,,X,2023-10-09,2024-08-05,False,,no_edgar_ticker,
24484,59699,50172T20,50172T20,LRHC,Q,2023-10-10,2025-12-31,True,1879403,ticker,
24486,59701,56066710,56066710,MSS,Q,2023-10-05,2025-12-31,True,1892292,ticker,
24487,59639,65445K10,,,X,2023-10-09,2024-09-13,False,,no_edgar_ticker,
24493,59706,91693120,91693120,ULY,Q,2023-10-19,2025-12-31,True,,no_edgar_ticker,
24507,59710,82670R30,82670R30,SGN,A,2023-11-14,2025-12-31,True,,no_edgar_ticker,
24508,59711,52886X10,52886X10,LXEO,Q,2023-11-03,2025-12-31,True,1907108,ticker,
24509,59712,14179K10,,,X,2023-11-10,2025-08-19,False,,no_edgar_ticker,
24510,59713,82455M10,82455M10,SHIM,Q,2023-11-14,2025-12-31,True,1887944,ticker,
24511,59714,76550410,76550410,RR,Q,2023-11-17,2025-12-31,True,1963685,ticker,
24514,59715,73017P30,73017P30,ELAB,Q,2023-11-21,2025-12-31,True,1840563,ticker,
24515,59716,98210410,98210410,WS,N,2023-12-01,2025-12-31,True,1968487,ticker,
24589,59704,74841A10,74841A10,QETA,Q,2023-11-30,2025-12-31,True,1978528,ticker,
24591,59181,45333F10,45333F10,IXHL,Q,2023-11-30,2025-12-31,True,1873875,ticker,
24626,59737,82932V50,,,X,2023-12-15,2024-09-11,False,,no_edgar_ticker,
24632,59739,25520W10,25520W10,DEC,N,2023-12-18,2025-12-31,True,1922446,ticker,
24643,20060,44320110,44320110,HWM,N,2021-01-04,2025-12-31,True,4281,ticker,
24655,59745,44812J10,44812J10,HUT,Q,2023-12-04,2025-12-31,True,1964789,ticker,
24656,59746,4576JP30,4576JP30,INHD,Q,2023-12-14,2025-12-31,True,1961847,ticker,
24658,59749,63945M10,63945M10,NBBK,Q,2023-12-28,2025-12-31,True,1979330,ticker,
24660,59750,73965010,73965010,PROP,Q,2023-12-28,2025-12-31,True,1162896,ticker,
24685,59754,15694410,15694410,CGON,Q,2024-01-25,2025-12-31,True,1991792,ticker,
24688,59755,10950A10,10950A10,BTSG,Q,2024-01-26,2025-12-31,True,1865782,ticker,
24691,59756,05330T20,05330T20,AMIX,Q,2024-01-29,2025-12-31,True,1617867,ticker,
24693,59757,04272N10,04272N10,AVBP,Q,2024-01-26,2025-12-31,True,1868279,ticker,
24698,57996,21874A10,21874A10,CORZ,Q,2024-01-24,2025-12-31,True,1839341,ticker,
24700,59760,31573L10,31573L10,FBLG,Q,2024-01-31,2025-12-31,True,1958777,ticker,
24766,21303,66680710,66680710,NOC,N,2021-01-04,2025-12-31,True,1133421,ticker,
24795,59782,83207R10,83207R10,SDHC,N,2024-01-11,2025-12-31,True,1982518,ticker,
24809,59789,12874520,12874520,ATCH,A,2024-02-12,2025-12-31,True,1963088,ticker,
24810,59790,17112620,17112620,PTHS,A,2024-02-16,2025-12-31,True,1919246,ticker,
24813,59791,71371510,71371510,PMNT,A,2024-02-08,2025-12-31,True,1849221,ticker,
24814,59792,76151R20,76151R20,AXIL,A,2024-02-14,2025-12-31,True,1718500,ticker,
24815,59793,91532F10,91532F10,UMAC,A,2024-02-14,2025-12-31,True,1956955,ticker,
24816,59794,02157Q10,02157Q10,ANRO,N,2024-02-02,2025-12-31,True,1999480,ticker,
24817,59795,39818230,39818230,AHR,N,2024-02-07,2025-12-31,True,1632970,ticker,
24820,59798,35168W10,35168W10,GUTS,Q,2024-02-02,2025-12-31,True,1572616,ticker,
24821,59747,46283710,46283710,UCFI,Q,2024-02-16,2025-12-31,True,1901203,ticker,
24822,59799,50197610,50197610,KYTX,Q,2024-02-08,2025-12-31,True,1994702,ticker,
24823,59800,59102M10,59102M10,MGX,Q,2024-02-09,2025-12-31,True,1785279,ticker,
24824,59801,87975F10,87975F10,TELO,Q,2024-02-09,2025-12-31,True,1971532,ticker,
24825,59802,96188120,96188120,WETH,Q,2024-02-21,2025-12-31,True,1826660,ticker,
24826,59803,10792410,10792410,BBOT,Q,2024-02-09,2025-12-31,True,1869105,ticker,
24828,59805,92891Q10,,,X,2024-02-22,2024-09-11,False,,no_edgar_ticker,
24829,59806,83419H10,83419H10,SMXT,Q,2024-02-27,2025-12-31,True,1519472,ticker,
24875,59812,04626A10,04626A10,ALAB,Q,2024-03-20,2025-12-31,True,1736297,ticker,
24876,59813,75734B10,75734B10,RDDT,N,2024-03-21,2025-12-31,True,1713445,ticker,
24877,59814,83444M10,83444M10,SOLV,N,2024-04-01,2025-12-31,True,1964738,ticker,
24878,59815,36828A10,36828A10,GEV,N,2024-04-02,2025-12-31,True,1996810,ticker,
24882,59816,25063F10,25063F10,DXYZ,N,2024-03-26,2025-12-31,True,1843974,ticker,
24937,59823,09032H10,09032H10,BCG,Q,2024-03-27,2025-12-31,True,1953984,ticker,
24938,59825,10170A10,10170A10,BOLD,Q,2024-03-28,2025-12-31,True,1782303,ticker,
24957,59833,63903P20,,,X,2024-03-12,2025-01-15,False,,no_edgar_ticker,
24964,59835,69380Q10,69380Q10,PACS,N,2024-04-11,2025-12-31,True,2001184,ticker,
24965,59836,90373110,90373110,ULS,N,2024-04-12,2025-12-31,True,1901440,ticker,
24966,59837,15592310,15592310,CTRI,N,2024-04-18,2025-12-31,True,1981599,ticker,
24967,59838,45105110,45105110,IBTA,N,2024-04-18,2025-12-31,True,1538379,ticker,
24969,21890,05379B10,05379B10,AVA,N,2021-01-04,2025-12-31,True,104918,ticker,
24971,59840,53947R10,53947R10,LOAR,N,2024-04-25,2025-12-31,True,2000178,ticker,
24972,59841,78115410,78115410,RBRK,N,2024-04-25,2025-12-31,True,1943896,ticker,
24983,59842,18449210,18449210,ZONE,A,2024-04-26,2025-12-31,True,1956741,ticker,
24985,21808,02360810,02360810,AEE,N,2021-01-04,2025-12-31,True,1002910,ticker,
25017,59848,21217B10,21217B10,CTNM,Q,2024-04-05,2025-12-31,True,1855175,ticker,
25024,59851,57628N10,57628N10,MAMO,Q,2024-04-02,2025-12-31,True,1952853,ticker,
25034,59858,81758H10,81758H10,SERV,Q,2024-04-18,2025-12-31,True,1832483,ticker,
25035,59859,83086J20,83086J20,SKYE,Q,2024-04-11,2025-12-31,True,1516551,ticker,
25043,59828,44934N10,44934N10,IBAC,Q,2024-05-01,2025-12-31,True,1998781,ticker,
25044,59866,45720N10,45720N10,INBX,Q,2024-05-30,2025-12-31,True,2007919,ticker,
25045,59867,10240L10,10240L10,BOW,N,2024-05-23,2025-12-31,True,2002473,ticker,
25050,59870,04225510,04225510,BTOC,Q,2024-05-14,2025-12-31,True,1972529,ticker,
25051,59871,63010H10,63010H10,NNE,Q,2024-05-08,2025-12-31,True,1923891,ticker,
25052,59872,74317M10,74317M10,PAL,Q,2024-05-09,2025-12-31,True,1998768,ticker,
25053,59873,82728C10,82728C10,SVCO,Q,2024-05-09,2025-12-31,True,1943289,ticker,
25054,59874,84612H10,84612H10,SOWG,Q,2024-05-02,2025-12-31,True,1490161,ticker,
25066,59881,49457M10,49457M10,NAKA,Q,2024-05-31,2025-12-31,True,1946573,ticker,
25067,59882,83193D20,83193D20,SMTK,Q,2024-05-31,2025-12-31,True,1817760,ticker,
25081,1261,20034010,20034010,CMA,N,2021-01-04,2025-12-31,True,,no_edgar_ticker,
25129,779,20052510,20052510,CBSH,Q,2021-01-04,2025-12-31,True,22356,ticker,
25141,59888,94678410,94678410,WAY,Q,2024-06-07,2025-12-31,True,1990354,ticker,
25142,59889,88023B10,88023B10,TEM,Q,2024-06-14,2025-12-31,True,1717115,ticker,
25143,59890,38474710,38474710,GRAL,Q,2024-06-25,2025-12-31,True,1699031,ticker,
25147,59892,83001C10,83001C10,FUN,N,2024-07-02,2025-12-31,True,1999001,ticker,
25166,59897,14628050,14628050,SILA,N,2024-06-13,2025-12-31,True,,no_edgar_ticker,
25181,59898,51495210,51495210,LB,N,2024-06-28,2025-12-31,True,1995807,ticker,
25198,59901,87507T10,87507T10,TBN,N,2024-06-27,2025-12-31,True,1997652,ticker,
25205,59905,02230710,02230710,ALMS,Q,2024-06-28,2025-12-31,True,1847367,ticker,
25219,59908,34392730,34392730,FLYE,Q,2024-06-06,2025-12-31,True,1975940,ticker,
25228,59911,53220610,53220610,LIF,Q,2024-06-06,2025-12-31,True,1581760,ticker,
25229,59912,51216F10,51216F10,LSH,Q,2024-06-28,2025-12-31,True,,no_edgar_ticker,
25232,21332,68268010,68268010,OKE,N,2021-01-04,2025-12-31,True,1039684,ticker,
25237,59915,75383L10,75383L10,RAPP,Q,2024-06-07,2025-12-31,True,2012593,ticker,
25239,59917,94845U10,94845U10,WBTN,Q,2024-06-27,2025-12-31,True,1997859,ticker,
25242,59918,86798110,86798110,SUNS,Q,2024-07-10,2025-12-31,True,2012706,ticker,
25243,59919,68278B10,68278B10,OS,Q,2024-07-24,2025-12-31,True,,no_edgar_ticker,
25244,59920,53566V10,53566V10,LINE,Q,2024-07-25,2025-12-31,True,1868159,ticker,
25245,59921,20603L10,20603L10,CON,N,2024-07-25,2025-12-31,True,2014596,ticker,
25246,59922,81221520,81221520,SEG,N,2024-08-01,2025-12-31,True,2009684,ticker,
25252,59924,03980N10,03980N10,ARDT,N,2024-07-18,2025-12-31,True,1756655,ticker,
25304,20884,41586410,41586410,NVRI,N,2021-01-04,2025-12-31,True,2104052,ticker,
25320,20384,13442910,13442910,CPB,Q,2021-01-04,2025-12-31,True,16732,ticker,
25327,59938,04317A10,04317A10,ARTV,Q,2024-07-19,2025-12-31,True,1817241,ticker,
25336,59945,33767U10,33767U10,FSUN,Q,2024-07-12,2025-12-31,True,1709442,ticker,
25359,59957,87422Q10,87422Q10,TLN,Q,2024-07-10,2025-12-31,True,1622536,ticker,
25361,59959,87318A10,87318A10,TWFG,Q,2024-07-18,2025-12-31,True,2007596,ticker,
25362,59960,68764Y20,68764Y20,OSTX,A,2024-08-01,2025-12-31,True,1795091,ticker,
25392,59965,00508310,00508310,ACTU,Q,2024-08-13,2025-12-31,True,1652935,ticker,
25393,59966,00534B10,00534B10,ADGM,Q,2024-08-01,2025-12-31,True,2006986,ticker,
25403,59970,31692610,31692610,FDSB,Q,2024-08-01,2025-12-31,True,2012726,ticker,
25416,59978,74940T10,74940T10,GIFT,Q,2024-08-07,2025-12-31,True,1760233,ticker,
25419,21916,96332010,96332010,WHR,N,2021-01-04,2025-12-31,True,106640,ticker,
25426,59981,78642D10,78642D10,SPAI,Q,2024-08-28,2025-12-31,True,2011208,ticker,
25434,59985,02393910,02393910,AMTM,N,2024-09-30,2025-12-31,True,2011286,ticker,
25437,59986,23128Q10,23128Q10,CURB,N,2024-10-01,2025-12-31,True,2027317,ticker,
25441,59987,05603J10,05603J10,BKV,N,2024-09-26,2025-12-31,True,1838406,ticker,
25452,5195,72303P50,72303P50,SUNE,Q,2021-01-04,2025-12-31,True,22701,ticker,
25466,59988,40145W10,40145W10,GRDN,N,2024-09-26,2025-12-31,True,1802255,ticker,
25469,59989,42227T10,42227T10,HCWC,A,2024-09-16,2025-12-31,True,1948864,ticker,
25471,59990,45259L20,45259L20,IBO,A,2024-09-16,2025-12-31,True,1834105,ticker,
25481,59991,48301N10,48301N10,KAPA,A,2024-09-16,2025-12-31,True,1962011,ticker,
25482,59992,52474R20,52474R20,LGCY,A,2024-09-26,2025-12-31,True,1836754,ticker,
25487,6391,05377410,05377410,CAR,Q,2021-01-04,2025-12-31,True,723612,ticker,
25549,59995,05547710,05547710,BCAX,Q,2024-09-13,2025-12-31,True,2023658,ticker,
25550,59996,09077V10,09077V10,BIOA,Q,2024-09-26,2025-12-31,True,1709941,ticker,
25557,59998,35166510,35166510,FOXX,Q,2024-09-27,2025-12-31,True,2013807,ticker,
25582,20883,50243110,50243110,LHX,N,2021-01-04,2025-12-31,True,202058,ticker,
25590,21255,63618010,63618010,NFG,N,2021-01-04,2025-12-31,True,70145,ticker,
25628,60004,55287L10,55287L10,MBX,Q,2024-09-13,2025-12-31,True,1776111,ticker,
25635,60012,98937L10,98937L10,ZBIO,Q,2024-09-13,2025-12-31,True,1953926,ticker,
25637,60014,85423L10,85423L10,SARO,N,2024-10-02,2025-12-31,True,2025410,ticker,
25640,60015,49456W10,49456W10,KLC,N,2024-10-09,2025-12-31,True,1873529,ticker,
25660,60017,98936T20,98936T20,ZENA,Q,2024-10-01,2025-12-31,True,1997403,ticker,
25661,60018,30042610,30042610,ECG,N,2024-11-01,2025-12-31,True,2015845,ticker,
25673,60019,15746L10,15746L10,CBNA,N,2024-10-04,2025-12-31,True,1392272,ticker,
25682,60021,35922N10,35922N10,FVR,N,2024-10-02,2025-12-31,True,1988494,ticker,
25684,60022,42981K10,42981K10,ROLR,A,2024-10-23,2025-12-31,True,1947210,ticker,
25687,60023,45715210,45715210,INGM,N,2024-10-24,2025-12-31,True,1897762,ticker,
25714,60028,13463J10,13463J10,CAMP,Q,2024-10-11,2025-12-31,True,1736730,ticker,
25716,60029,15678C10,15678C10,CBLL,Q,2024-10-11,2025-12-31,True,1861107,ticker,
25721,60033,31425A10,31425A10,FBLA,Q,2024-10-23,2025-12-31,True,2013639,ticker,
25728,59972,88145410,88145410,IMSR,Q,2024-10-10,2025-12-31,True,2019804,ticker,
25730,60038,45784M10,45784M10,INV,Q,2024-10-03,2025-12-31,True,2001557,ticker,
25755,60047,81734D10,81734D10,SEPN,Q,2024-10-25,2025-12-31,True,1984086,ticker,
25757,60049,G8292E10,G8292E10,SKK,Q,2024-10-08,2025-12-31,True,1991261,ticker,
25758,60050,83087C20,83087C20,SKYQ,Q,2024-10-10,2025-12-31,True,1812447,ticker,
25759,60051,87165D20,87165D20,SNYR,Q,2024-10-23,2025-12-31,True,1562733,ticker,
25765,60054,25691810,25691810,DTCX,Q,2024-10-29,2025-12-31,True,1853825,ticker,
25766,60055,91678A10,91678A10,UPB,Q,2024-10-11,2025-12-31,True,2022626,ticker,
25773,60058,74162310,74162310,PRMB,N,2024-11-11,2025-12-31,True,2042694,ticker,
25785,20750,34537086,34537086,F,N,2021-01-04,2025-12-31,True,37996,ticker,
25799,60065,69004510,,,X,2024-11-27,2025-01-06,False,,no_edgar_ticker,
25804,60068,55453W50,55453W50,MKZR,Q,2024-11-11,2025-12-31,True,1550913,ticker,
25816,60071,46187410,46187410,EXOZ,Q,2024-11-13,2025-12-31,True,2010788,ticker,
25819,56665,05875B30,05875B30,BALY,N,2024-11-20,2025-12-31,True,1747079,ticker,
25820,60073,58471K20,58471K20,MDCX,Q,2024-11-14,2025-12-31,True,1997296,ticker,
25829,60075,92333E10,92333E10,VENU,A,2024-11-27,2025-12-31,True,1770501,ticker,
25861,60078,23575010,,,X,2024-11-18,2025-05-20,False,,no_edgar_ticker,
25870,60082,42727R20,42727R20,IPST,Q,2024-11-22,2025-12-31,True,1788230,ticker,
25886,60090,81764X10,81764X10,TTAN,Q,2024-12-12,2025-12-31,True,1638826,ticker,
25916,60095,30209R10,30209R10,EXOD,A,2024-12-18,2025-12-31,True,1821534,ticker,
25953,20596,26000310,26000310,DOV,N,2021-01-04,2025-12-31,True,29905,ticker,
25977,60102,48208B20,48208B20,JUNS,Q,2024-12-03,2025-12-31,True,1679628,ticker,
25978,59059,64136E10,64136E10,NEUP,Q,2024-12-24,2025-12-31,True,1191070,ticker,
25980,60103,03675P10,03675P10,AVR,Q,2024-12-13,2025-12-31,True,2011514,ticker,
26003,60106,42217D10,42217D10,HIT,Q,2024-12-23,2025-12-31,True,2019505,ticker,
26010,60112,64428N10,64428N10,NUAI,Q,2024-12-09,2025-12-31,True,2028336,ticker,
26037,60123,98980W10,98980W10,ZSPC,Q,2024-12-05,2025-12-31,True,1637147,ticker,
26038,60124,75080J10,75080J10,RAIN,Q,2025-01-02,2025-12-31,True,2028293,ticker,
26039,60125,60113710,60113710,MRP,N,2025-02-07,2025-12-31,True,2017206,ticker,
26042,60126,34290910,34290910,FLOC,N,2025-01-16,2025-12-31,True,2035149,ticker,
26043,60127,92333F10,92333F10,VG,N,2025-01-24,2025-12-31,True,2007855,ticker,
26044,60128,90164310,90164310,TWNP,Q,2025-01-30,2025-12-31,True,,no_edgar_ticker,
26074,60132,45694110,45694110,INR,N,2025-01-31,2025-12-31,True,2029118,ticker,
26084,1186,20547710,,,X,2021-01-04,2023-12-13,False,,no_edgar_ticker,
26124,60134,89078D10,89078D10,TOPP,A,2025-01-22,2025-12-31,True,1960847,ticker,
26126,60135,59267L10,,,X,2025-01-31,2025-11-14,False,,no_edgar_ticker,
26132,60137,08659B10,08659B10,BBNX,Q,2025-01-30,2025-12-31,True,1674632,ticker,
26135,60140,18912E20,18912E20,CSAI,Q,2025-01-30,2025-12-31,True,1709628,ticker,
26146,60151,57878410,57878410,MAZE,Q,2025-01-31,2025-12-31,True,1842295,ticker,
26151,60081,12664M10,12664M10,NOEM,Q,2025-01-16,2025-12-31,True,1956648,ticker,
26164,4062,83224820,83224820,SFD,Q,2025-01-28,2025-12-31,True,91388,ticker,
26169,60158,80603V20,80603V20,STAI,Q,2025-01-03,2025-12-31,True,1994624,ticker,
26178,60163,78781J10,78781J10,SAIL,Q,2025-02-13,2025-12-31,True,2030781,ticker,
26179,60164,48592410,48592410,KRMN,N,2025-02-13,2025-12-31,True,2040127,ticker,
26180,60165,76134H10,76134H10,RHLD,N,2025-02-20,2025-12-31,True,2039497,ticker,
26181,14105,80004C20,80004C20,SNDK,Q,2025-02-24,2025-12-31,True,2023554,ticker,
26182,57094,92918V30,92918V30,VRM,Q,2025-02-20,2025-12-31,True,1580864,ticker,
26183,60144,30334J10,30334J10,FGMC,Q,2025-02-11,2025-12-31,True,,no_edgar_ticker,
26190,60171,00294210,00294210,AARD,Q,2025-02-13,2025-12-31,True,1774857,ticker,
26191,60172,13110010,13110010,CJMB,Q,2025-02-05,2025-12-31,True,2032545,ticker,
26192,60173,26951R10,26951R10,EFSI,Q,2025-02-07,2025-12-31,True,880641,ticker,
26193,60174,81063V20,81063V20,ODYS,Q,2025-02-11,2025-12-31,True,1577445,ticker,
26194,60175,82940110,82940110,SION,Q,2025-02-07,2025-12-31,True,2036042,ticker,
26195,60176,88024520,88024520,XHLD,Q,2025-02-13,2025-12-31,True,2030954,ticker,
26196,60177,94950310,94950310,WGRX,Q,2025-02-21,2025-12-31,True,,no_edgar_ticker,
26197,60178,Y3130D10,Y3130D10,HMR,Q,2025-02-20,2025-12-31,True,2029471,ticker,
26201,9654,20582620,20582620,CMTL,Q,2021-01-04,2025-12-31,True,23197,ticker,
26222,60192,53271X10,53271X10,LIMN,Q,2025-05-01,2025-12-31,True,1971387,ticker,
26232,60280,97269D10,97269D10,WSBK,Q,2025-05-02,2025-12-31,True,2047235,ticker,
26246,60282,02694810,02694810,AII,N,2025-05-08,2025-12-31,True,2007587,ticker,
26248,60283,03771D10,03771D10,APUS,A,2025-05-09,2025-12-31,True,1894525,ticker,
26256,60287,46421410,46421410,ISBA,Q,2025-05-12,2025-12-31,True,842517,ticker,
26269,60294,46265G20,46265G20,IQST,Q,2025-05-14,2025-12-31,True,1527702,ticker,
26276,60297,04272H20,04272H20,ARAI,Q,2025-05-15,2025-12-31,True,1818274,ticker,
26277,60194,00510N10,00510N10,TIC,N,2025-02-18,2025-12-31,True,2032966,ticker,
26322,60195,66661N88,66661N88,NPB,N,2025-02-14,2025-12-31,True,1336706,ticker,
26347,60200,05156D10,05156D10,AGH,Q,2025-02-12,2025-12-31,True,,no_edgar_ticker,
26403,20587,25468710,25468710,DIS,N,2021-01-04,2025-12-31,True,1744489,ticker,
26425,60209,65250K10,65250K10,NMAX,N,2025-03-31,2025-12-31,True,2026478,ticker,
26444,60212,21873S10,21873S10,CRWV,Q,2025-03-28,2025-12-31,True,1769628,ticker,
26448,60213,00752P10,00752P10,ADVB,Q,2025-03-06,2025-12-31,True,1941029,ticker,
26450,60214,00776X10,00776X10,ALMU,Q,2025-03-27,2025-12-31,True,1828805,ticker,
26478,60219,46658E10,46658E10,JFB,Q,2025-03-06,2025-12-31,True,2024306,ticker,
26487,60221,57386310,57386310,MWYN,Q,2025-03-13,2025-12-31,True,2030522,ticker,
26491,60223,64051A10,64051A10,NTHI,Q,2025-03-26,2025-12-31,True,1979414,ticker,
26504,60228,80303D30,80303D30,SNWV,Q,2025-03-07,2025-12-31,True,1417663,ticker,
26509,60229,10481320,10481320,TBH,Q,2025-03-06,2025-12-31,True,,no_edgar_ticker,
26513,60232,83192D40,83192D40,SMA,N,2025-04-02,2025-12-31,True,1585389,ticker,
26568,60243,18274410,18274410,KIDZ,Q,2025-04-07,2025-12-31,True,2022308,ticker,
26571,60244,31192110,31192110,FATN,Q,2025-04-08,2025-12-31,True,1993400,ticker,
26573,60247,00809R20,00809R20,ATHR,Q,2025-04-10,2025-12-31,True,2026353,ticker,
26599,60255,88631G20,88631G20,CIIT,Q,2025-04-10,2025-12-31,True,1557798,ticker,
26607,4255,08986R30,08986R30,BH,N,2021-01-04,2025-12-31,True,1726173,ticker,
26614,21637,83851810,,,X,2021-01-04,2023-02-01,False,,no_edgar_ticker,
26628,60261,56575920,56575920,MBBC,Q,2025-04-22,2025-12-31,True,1835385,ticker,
26639,60266,05453U20,05453U20,SSII,Q,2025-04-25,2025-12-31,True,1676163,ticker,
26644,60271,36166F10,36166F10,GBFH,Q,2025-04-30,2025-12-31,True,1791145,ticker,
26650,1177,22948Q10,22948Q10,CTO,N,2021-01-04,2025-12-31,True,23795,ticker,
26653,60302,36317J20,36317J20,GLXY,Q,2025-05-16,2025-12-31,True,1859392,ticker,
26662,60305,43331310,43331310,HNGE,N,2025-05-22,2025-12-31,True,1673743,ticker,
26668,60310,55318A10,55318A10,MNTN,N,2025-05-22,2025-12-31,True,1891027,ticker,
26710,21111,54042410,54042410,L,N,2021-01-04,2025-12-31,True,60086,ticker,
26713,60322,17257310,17257310,CRCL,N,2025-06-05,2025-12-31,True,1876042,ticker,
26719,60324,92671130,92671130,VBIX,Q,2025-06-05,2025-12-31,True,,no_edgar_ticker,
26720,60325,09175A20,09175A20,BMNR,A,2025-06-05,2025-12-31,True,1829311,ticker,
26723,60327,68170A10,68170A10,OMDA,Q,2025-06-06,2025-12-31,True,1611115,ticker,
26731,60330,98400U10,98400U10,SAFX,Q,2025-06-09,2025-12-31,True,2019793,ticker,
26744,60332,92892B10,92892B10,VOYG,N,2025-06-11,2025-12-31,True,1788060,ticker,
26747,60333,04681Y10,04681Y10,ASIC,N,2025-06-11,2025-12-31,True,2040491,ticker,
26748,60334,09592410,09592410,OTF,N,2025-06-12,2025-12-31,True,1747777,ticker,
26756,60336,16935C10,16935C10,CHYM,Q,2025-06-12,2025-12-31,True,1795586,ticker,
26798,60343,14215210,14215210,CAI,Q,2025-06-18,2025-12-31,True,2019410,ticker,
26800,60345,83134910,83134910,SLDE,Q,2025-06-18,2025-12-31,True,1886428,ticker,
26803,60347,00942210,00942210,AIRO,Q,2025-06-13,2025-12-31,True,1927958,ticker,
26824,60349,17175610,17175610,DAIC,Q,2025-06-23,2025-12-31,True,2033770,ticker,
26825,21041,48783610,,,X,2021-01-04,2025-12-11,False,,no_edgar_ticker,
26839,60350,75094010,75094010,RAL,N,2025-06-30,2025-12-31,True,2041385,ticker,
26880,60357,47248R10,47248R10,JCAP,Q,2025-06-26,2025-12-31,True,2046042,ticker,
26904,60368,19058X20,19058X20,COSO,N,2025-07-02,2025-12-31,True,1297107,ticker,
26907,60370,14093510,14093510,CV,Q,2025-07-02,2025-12-31,True,1378325,ticker,
26955,9914,36164V60,36164V60,GLIBA,Q,2025-07-15,2025-12-31,True,2057463,ticker,
26958,9914,36164V80,36164V80,GLIBK,Q,2025-07-15,2025-12-31,True,2057463,ticker,
26977,60386,92795010,92795010,VWAV,Q,2025-07-15,2025-12-31,True,2038439,ticker,
26978,60387,38387Q10,38387Q10,PEW,N,2025-07-16,2025-12-31,True,2051380,ticker,
27021,60398,14280C10,14280C10,CARL,Q,2025-07-23,2025-12-31,True,1794546,ticker,
27043,21859,92220P10,,,X,2021-01-04,2021-04-15,False,,no_edgar_ticker,
27045,60402,58090710,58090710,MH,N,2025-07-24,2025-12-31,True,1951070,ticker,
27046,60403,53578M10,53578M10,LHAI,Q,2025-07-24,2025-12-31,True,2017758,ticker,
27070,60404,02319310,02319310,AMBQ,N,2025-07-30,2025-12-31,True,1500412,ticker,
27079,60407,31684110,31684110,FIG,N,2025-07-31,2025-12-31,True,1579878,ticker,
27080,60408,82537J10,82537J10,SI,N,2025-07-31,2025-12-31,True,1699350,ticker,
27083,60410,69932A20,69932A20,PSKY,Q,2025-08-07,2025-12-31,True,2041610,ticker,
27092,60411,05369T10,05369T10,AVBC,N,2025-08-01,2025-12-31,True,2058758,ticker,
27118,60417,31816X10,31816X10,FLY,Q,2025-08-07,2025-12-31,True,1860160,ticker,
27120,60419,05368J10,05368J10,AVBH,Q,2025-08-08,2025-12-31,True,1443575,ticker,
27125,60422,42238D10,42238D10,HTFL,Q,2025-08-08,2025-12-31,True,1464521,ticker,
27149,60430,59356Q10,59356Q10,MIAX,N,2025-08-14,2025-12-31,True,1438472,ticker,
27154,60434,74346N70,74346N70,PPCB,Q,2025-08-15,2025-12-31,True,1517681,ticker,
27157,60435,67119K10,67119K10,NUTR,Q,2025-08-15,2025-12-31,True,,no_edgar_ticker,
27167,6473,03528H10,03528H10,ANIX,Q,2021-01-04,2025-12-31,True,715446,ticker,
27197,60439,28661C10,28661C10,ETS,Q,2025-08-21,2025-12-31,True,2053641,ticker,
27222,60440,23126K10,23126K10,CURX,Q,2025-08-26,2025-12-31,True,2025942,ticker,
27233,60447,71953R10,71953R10,PMI,A,2025-08-29,2025-12-31,True,2030617,ticker,
27288,60457,50180M10,50180M10,LBRX,Q,2025-09-11,2025-12-31,True,1691082,ticker,
27291,60458,34938110,34938110,FIGR,Q,2025-09-11,2025-12-31,True,2064124,ticker,
27295,60459,52476L10,52476L10,LGN,Q,2025-09-12,2025-12-31,True,2052568,ticker,
27296,60460,36866J10,36866J10,GEMI,Q,2025-09-12,2025-12-31,True,2055592,ticker,
27298,60461,09224410,09224410,BRCB,Q,2025-09-12,2025-12-31,True,2068577,ticker,
27302,60464,92556W10,92556W10,VIA,N,2025-09-12,2025-12-31,True,1603015,ticker,
27333,60468,94092310,94092310,WBI,N,2025-09-17,2025-12-31,True,2064947,ticker,
27334,20392,14233910,14233910,CSL,N,2021-01-04,2025-12-31,True,790051,ticker,
27336,60469,86384P10,86384P10,STUB,N,2025-09-17,2025-12-31,True,1337634,ticker,
27348,60475,64119N60,64119N60,NTSK,Q,2025-09-18,2025-12-31,True,2063196,ticker,
27356,60479,70339W10,70339W10,PTRN,Q,2025-09-19,2025-12-31,True,1811935,ticker,
27422,20462,18589910,18589910,CLF,N,2021-01-04,2025-12-31,True,764065,ticker,
27424,60495,64073B10,64073B10,NP,N,2025-10-01,2025-12-31,True,2067129,ticker,
27430,20518,21683110,,,X,2021-01-04,2021-06-07,False,,no_edgar_ticker,
27444,60497,31491110,31491110,FRMI,Q,2025-10-01,2025-12-31,True,2071778,ticker,
27456,60502,20112C10,20112C10,CBK,Q,2025-10-02,2025-12-31,True,1981546,ticker,
27471,60507,01862Q10,01862Q10,ALH,N,2025-10-09,2025-12-31,True,1317685,ticker,
27497,60510,90021W10,90021W10,TTRX,Q,2025-10-08,2025-12-31,True,2023016,ticker,
27501,60513,71896810,71896810,PXED,N,2025-10-09,2025-12-31,True,1600222,ticker,
27511,1072,22279550,22279550,CUZ,N,2021-01-04,2025-12-31,True,25232,ticker,
27532,60519,03835W10,03835W10,SEV,Q,2025-10-16,2025-12-31,True,1786471,ticker,
27549,60521,83443Q10,83443Q10,SOLS,Q,2025-10-30,2025-12-31,True,2064953,ticker,
27562,5169,22410J10,22410J10,CBRL,Q,2021-01-04,2025-12-31,True,1067294,ticker,
27592,60530,36118R10,36118R10,FUSE,Q,2025-10-23,2025-12-31,True,2033383,ticker,
27598,60532,74743L10,74743L10,Q,N,2025-11-03,2025-12-31,True,2058873,ticker,
27608,60533,56565P10,56565P10,MPLT,Q,2025-10-27,2025-12-31,True,1770069,ticker,
27617,7337,57847310,57847310,MAYS,Q,2021-01-04,2025-12-31,True,54187,ticker,
27618,1100,22463310,22463310,CRD,N,2021-01-04,2025-12-31,True,,no_edgar_ticker,
27632,60542,63919310,63919310,NAVN,Q,2025-10-30,2025-12-31,True,1639723,ticker,
27633,21541,78354910,78354910,R,N,2021-01-04,2025-12-31,True,85961,ticker,
27640,60546,65531Y10,65531Y10,NOMA,Q,2025-10-31,2025-12-31,True,1994214,ticker,
27644,60547,08692110,08692110,BETA,N,2025-11-04,2025-12-31,True,1784570,ticker,
27656,60548,09016810,09016810,BLLN,Q,2025-11-06,2025-12-31,True,2070849,ticker,
27666,60552,30234F10,30234F10,XZO,N,2025-11-05,2025-12-31,True,1873951,ticker,
27667,60553,28417M10,28417M10,ELWT,Q,2025-11-05,2025-12-31,True,2063863,ticker,
27670,60554,36094810,36094810,MEHA,Q,2025-11-05,2025-12-31,True,1837254,ticker,
27680,60557,30054Y10,30054Y10,EVMN,N,2025-11-06,2025-12-31,True,2044725,ticker,
27684,20239,05380710,05380710,AVT,Q,2021-01-04,2025-12-31,True,8858,ticker,
27711,60563,37959810,37959810,GLOO,Q,2025-11-19,2025-12-31,True,2069785,ticker,
27712,60564,15241310,15241310,CBC,Q,2025-11-20,2025-12-31,True,2065601,ticker,
27716,60567,67620610,67620610,OTH,A,2025-11-13,2025-12-31,True,,no_edgar_ticker,
27717,60568,14216J10,14216J10,CABR,Q,2025-11-13,2025-12-31,True,2020737,ticker,
27828,20908,40434L10,40434L10,HPQ,N,2021-01-04,2025-12-31,True,47217,ticker,
27855,60592,53090910,53090910,LLYVA,Q,2025-12-16,2025-12-31,True,2078416,ticker,
27856,60592,53090930,53090930,LLYVK,Q,2025-12-16,2025-12-31,True,2078416,ticker,
27859,60595,70040210,70040210,PARK,Q,2025-12-03,2025-12-31,True,2069604,ticker,
27862,60596,44916Y10,44916Y10,PURR,Q,2025-12-03,2025-12-31,True,2078856,ticker,
27864,60597,36975920,36975920,CITR,A,2025-12-04,2025-12-31,True,894556,ticker,
27868,60604,44326H10,44326H10,HYNE,Q,2025-12-04,2025-12-31,True,2073153,ticker,
27875,60607,58507V10,58507V10,MDLN,Q,2025-12-17,2025-12-31,True,2046386,ticker,
27882,60608,74277P10,74277P10,BRR,Q,2025-12-08,2025-12-31,True,2076163,ticker,
27886,60609,90138L10,90138L10,XXI,N,2025-12-09,2025-12-31,True,2070457,ticker,
27887,20277,07181310,07181310,BAX,N,2021-01-04,2025-12-31,True,10456,ticker,
27888,840,22989910,22989910,CFR,N,2021-01-04,2025-12-31,True,39263,ticker,
27909,6342,23021510,23021510,CULP,N,2021-01-04,2025-12-31,True,723603,ticker,
27910,60613,14154A10,14154A10,CDNL,Q,2025-12-10,2025-12-31,True,2079999,ticker,
27936,60619,55024910,55024910,LMRI,Q,2025-12-11,2025-12-31,True,2071288,ticker,
27945,60622,94700210,94700210,WLTH,Q,2025-12-12,2025-12-31,True,1524566,ticker,
27959,20608,26441C20,26441C20,DUK,N,2021-01-04,2025-12-31,True,1326160,ticker,
27977,60628,03385310,03385310,ANDG,N,2025-12-17,2025-12-31,True,2065708,ticker,
27981,60631,85529M10,85529M10,FJET,A,2025-12-18,2025-12-31,True,1947016,ticker,
27983,21945,98421M10,98421M10,XRX,Q,2021-01-04,2025-12-31,True,1770450,ticker,
27991,21409,72348410,72348410,PNW,N,2021-01-04,2025-12-31,True,764622,ticker,
28118,21247,62957910,62957910,NC,N,2021-01-04,2025-12-31,True,789933,ticker,
28222,20030,00915810,00915810,APD,N,2021-01-04,2025-12-31,True,2969,ticker,
28345,21236,62671710,62671710,MUR,N,2021-01-04,2025-12-31,True,717423,ticker,
28484,20064,42809H10,,,X,2021-01-04,2025-07-18,False,,no_edgar_ticker,
28564,20371,12650110,12650110,CTS,N,2021-01-04,2025-12-31,True,26058,ticker,
28629,1239,23769010,23769010,DAIO,Q,2021-01-04,2025-12-31,True,351998,ticker,
28804,20035,01165910,01165910,ALK,N,2021-01-04,2025-12-31,True,766421,ticker,
29058,6213,23946710,23946710,DXR,Q,2021-01-04,2025-12-31,True,27367,ticker,
29209,20217,04273510,04273510,ARW,N,2021-01-04,2025-12-31,True,7536,ticker,
29612,20283,03820C10,03820C10,AIT,N,2021-01-04,2025-12-31,True,109563,ticker,
29744,1308,36254L30,36254L30,GTBP,Q,2021-01-04,2025-12-31,True,109657,ticker,
29938,20340,11563710,11563710,BF,N,2021-01-04,2025-12-31,True,,no_edgar_ticker,
29946,20340,11563720,11563720,BF,N,2021-01-04,2025-12-31,True,,no_edgar_ticker,
30509,20442,16808810,16808810,CVR,A,2021-01-04,2025-12-31,True,19871,ticker,
30648,20470,19257610,19257610,COHU,Q,2021-01-04,2025-12-31,True,21535,ticker,
30680,20484,20172310,20172310,CMC,N,2021-01-04,2025-12-31,True,22444,ticker,
30681,1367,68191910,68191910,OMC,N,2021-01-04,2025-12-31,True,29989,ticker,
30940,1425,34354P10,34354P10,FLS,N,2021-01-04,2025-12-31,True,30625,ticker,
31051,6593,26815750,,,X,2021-01-04,2024-07-09,False,,no_edgar_ticker,
31077,20541,22966910,,,X,2021-01-04,2021-05-25,False,,no_edgar_ticker,
31480,20622,27631710,27631710,EML,Q,2021-01-04,2025-12-31,True,31107,ticker,
31500,1451,27826510,,,X,2021-01-04,2021-03-01,False,,no_edgar_ticker,
31668,1477,28147910,28147910,EDUC,Q,2021-01-04,2025-12-31,True,31667,ticker,
31691,20666,29665010,29665010,ESP,A,2021-01-04,2025-12-31,True,33533,ticker,
32062,1513,28523310,28523310,ELSE,Q,2021-01-04,2025-12-31,True,,no_edgar_ticker,
32651,20897,42270410,42270410,HL,N,2021-01-04,2025-12-31,True,719413,ticker,
32678,20898,42280610,42280610,HEI,N,2021-01-04,2025-12-31,True,46619,ticker,
32707,20902,42345210,42345210,HP,N,2021-01-04,2025-12-31,True,46765,ticker,
32803,20922,40394910,40394910,DINO,N,2021-01-04,2025-12-31,True,1915657,ticker,
32870,20932,44045210,44045210,HRL,N,2021-01-04,2025-12-31,True,48465,ticker,
32942,20945,44351060,44351060,HUBB,N,2021-01-04,2025-12-31,True,48898,ticker,
32986,6748,04956010,04956010,ATO,N,2021-01-04,2025-12-31,True,731802,ticker,
33209,1557,29410010,,,X,2021-01-04,2025-04-21,False,,no_edgar_ticker,
33532,1582,29605610,29605610,ESCA,Q,2021-01-04,2025-12-31,True,33488,ticker,
33770,1610,49671910,49671910,KINS,Q,2021-01-04,2025-12-31,True,33992,ticker,
33823,9028,23291C10,23291C10,BOOM,Q,2021-01-04,2025-12-31,True,34067,ticker,
33849,21125,50186A10,50186A10,LGL,A,2021-01-04,2025-12-31,True,61004,ticker,
34032,21161,57459910,57459910,MAS,N,2021-01-04,2025-12-31,True,62996,ticker,
34367,1632,30767510,30767510,FARM,Q,2021-01-04,2025-12-31,True,,no_edgar_ticker,
34497,21259,63721510,63721510,NPK,N,2021-01-04,2025-12-31,True,80172,ticker,
34666,1783,12805830,12805830,LSTA,Q,2021-01-04,2025-12-31,True,320017,ticker,
34673,24025,65171850,65171850,NPKI,N,2021-01-04,2025-12-31,True,71829,ticker,
34746,1741,31677310,31677310,FITB,Q,2021-01-04,2025-12-31,True,35527,ticker,
34817,21308,67034610,67034610,NUE,N,2021-01-04,2025-12-31,True,73309,ticker,
34833,21322,67459910,67459910,OXY,N,2021-01-04,2025-12-31,True,797468,ticker,
34936,34941,64121N10,64121N10,NTIP,A,2021-01-04,2025-12-31,True,1065078,ticker,
34948,21348,69149730,69149730,OXM,N,2021-01-04,2025-12-31,True,75288,ticker,
35044,1620,7591EP10,7591EP10,RF,N,2021-01-04,2025-12-31,True,1281761,ticker,
35107,21365,70014A10,70014A10,PKE,N,2021-01-04,2025-12-31,True,76267,ticker,
35124,1629,21871D10,,,X,2021-01-04,2021-06-04,False,,no_edgar_ticker,
35263,1658,89840210,89840210,TRMK,Q,2021-01-04,2025-12-31,True,36146,ticker,
35554,1689,55261F10,55261F10,MTB,N,2021-01-04,2025-12-31,True,36270,ticker,
35685,6736,32020910,32020910,FFBC,Q,2021-01-04,2025-12-31,True,708955,ticker,
35917,5908,32086710,,,X,2021-01-04,2022-02-16,False,,no_edgar_ticker,
35991,21526,77513310,77513310,ROG,N,2021-01-04,2025-12-31,True,84748,ticker,
36003,21530,77571110,77571110,ROL,N,2021-01-04,2025-12-31,True,84839,ticker,
36281,21587,81154310,81154310,SEB,A,2021-01-04,2025-12-31,True,88121,ticker,
36346,6281,33690110,33690110,SRCE,Q,2021-01-04,2025-12-31,True,34782,ticker,
36397,1856,32051710,32051710,FHN,N,2021-01-04,2025-12-31,True,36966,ticker,
36468,21609,82434810,82434810,SHW,N,2021-01-04,2025-12-31,True,89800,ticker,
36768,1768,33938210,33938210,FLXS,Q,2021-01-04,2025-12-31,True,37472,ticker,
36898,21669,85858610,85858610,SCL,N,2021-01-04,2025-12-31,True,94049,ticker,
37154,5152,34443740,34443740,FONR,Q,2021-01-04,2025-12-31,True,,no_edgar_ticker,
37381,1810,34986240,34986240,FWDI,Q,2021-01-04,2025-12-31,True,38264,ticker,
37402,1852,35006010,35006010,FSTR,Q,2021-01-04,2025-12-31,True,352825,ticker,
37568,1688,35351410,35351410,FELE,Q,2021-01-04,2025-12-31,True,38725,ticker,
37584,6407,35461310,35461310,BEN,N,2021-01-04,2025-12-31,True,38777,ticker,
37875,1868,35969410,35969410,FUL,N,2021-01-04,2025-12-31,True,39368,ticker,
38033,4905,96214910,96214910,WEYS,Q,2021-01-04,2025-12-31,True,106532,ticker,
38093,7094,36357610,36357610,AJG,N,2021-01-04,2025-12-31,True,354190,ticker,
38156,21923,96945710,96945710,WMB,N,2021-01-04,2025-12-31,True,107263,ticker,
38295,21948,84790A10,84790A10,SPB,N,2021-01-04,2025-12-31,True,109177,ticker,
38659,5242,37190110,37190110,GNTX,Q,2021-01-04,2025-12-31,True,355811,ticker,
38682,20594,25786720,,,X,2021-01-04,2022-02-28,False,,no_edgar_ticker,
38703,21305,94974610,94974610,WFC,N,2021-01-04,2025-12-31,True,72971,ticker,
38746,20193,03215910,03215910,AXR,N,2021-01-04,2025-12-31,True,6207,ticker,
38762,21244,65473P10,65473P10,NI,N,2021-01-04,2025-12-31,True,1111711,ticker,
38850,21623,83083010,83083010,SKY,N,2021-01-04,2025-12-31,True,90896,ticker,
39220,21658,85366610,85366610,SMP,N,2021-01-04,2025-12-31,True,93389,ticker,
39490,20204,03743Q10,03743Q10,APA,Q,2021-01-04,2025-12-31,True,1841666,ticker,
39538,21168,57708110,57708110,MAT,Q,2021-01-04,2025-12-31,True,63276,ticker,
39571,2002,38410910,38410910,GGG,N,2021-01-04,2025-12-31,True,42888,ticker,
39642,20284,07588710,07588710,BDX,N,2021-01-04,2025-12-31,True,10795,ticker,
39693,20270,06780610,,,X,2021-01-04,2025-01-27,False,,no_edgar_ticker,
39731,1908,38937520,38937520,GTN,N,2021-01-04,2025-12-31,True,43196,ticker,
39917,21914,96216610,96216610,WY,N,2021-01-04,2025-12-31,True,106535,ticker,
40125,20493,23355L10,23355L10,DXC,N,2021-01-04,2025-12-31,True,1688568,ticker,
40272,20991,45950610,45950610,IFF,N,2021-01-04,2025-12-31,True,51253,ticker,
40440,20582,25365110,,,X,2021-01-04,2023-05-30,False,,no_edgar_ticker,
40539,21949,87254010,87254010,TJX,N,2021-01-04,2025-12-31,True,109198,ticker,
41080,20543,23102110,23102110,CMI,N,2021-01-04,2025-12-31,True,26172,ticker,
41187,20890,41987010,41987010,HE,N,2021-01-04,2025-12-31,True,354707,ticker,
41188,2088,01933010,01933010,ALNT,Q,2021-01-04,2025-12-31,True,46129,ticker,
41217,2089,41959610,41959610,HVT,N,2021-01-04,2025-12-31,True,216085,ticker,
41241,2238,42026110,42026110,HWKN,Q,2021-01-04,2025-12-31,True,46250,ticker,
41292,6616,42190610,42190610,HCSG,Q,2021-01-04,2025-12-31,True,731012,ticker,
41355,21367,70109410,70109410,PH,N,2021-01-04,2025-12-31,True,76334,ticker,
41574,21594,46121H10,,,X,2021-01-04,2022-05-25,False,,no_edgar_ticker,
42059,21900,94884910,94884910,WMK,N,2021-01-04,2025-12-31,True,105418,ticker,
42200,20616,71404610,71404610,RVTY,N,2021-01-04,2025-12-31,True,31791,ticker,
42286,21935,97809710,97809710,WWW,N,2021-01-04,2025-12-31,True,110471,ticker,
42358,20271,06822110,06822110,BRN,A,2021-01-04,2025-12-31,True,10048,ticker,
42439,2191,40425110,40425110,HNI,N,2021-01-04,2025-12-31,True,48287,ticker,
42550,20672,65158710,65158710,NEU,N,2021-01-04,2025-12-31,True,1282637,ticker,
42585,21629,83269640,83269640,SJM,N,2021-01-04,2025-12-31,True,91419,ticker,
42614,21219,61539430,61539430,MOGB,N,2021-01-04,2025-12-31,True,67887,ticker,
42796,21189,58943310,,,X,2021-01-04,2021-12-02,False,,no_edgar_ticker,
42877,6606,44565810,44565810,JBHT,Q,2021-01-04,2025-12-31,True,728535,ticker,
42906,2093,44615010,44615010,HBAN,Q,2021-01-04,2025-12-31,True,49196,ticker,
42922,2235,44732410,44732410,HURC,Q,2021-01-04,2025-12-31,True,315374,ticker,
43123,21722,01741R10,01741R10,ATI,N,2021-01-04,2025-12-31,True,1018963,ticker,
43334,21696,87156510,87156510,ACNT,Q,2021-01-04,2025-12-31,True,95953,ticker,
43350,21664,85450210,85450210,SWK,N,2021-01-04,2025-12-31,True,93556,ticker,
43449,21177,58013510,58013510,MCD,N,2021-01-04,2025-12-31,True,63908,ticker,
43481,21662,85423110,85423110,SXI,N,2021-01-04,2025-12-31,True,310354,ticker,
43553,21849,91820410,91820410,VFC,N,2021-01-04,2025-12-31,True,103379,ticker,
43634,2293,87960W20,,,X,2021-01-04,2021-10-18,False,,no_edgar_ticker,
43837,5342,45344030,,,X,2021-01-04,2022-02-16,False,,no_edgar_ticker,
44134,21045,48917010,48917010,KMT,N,2021-01-04,2025-12-31,True,55242,ticker,
44206,21299,30040W10,30040W10,ES,N,2021-01-04,2025-12-31,True,72741,ticker,
44230,6104,69283050,,,X,2021-01-04,2023-12-21,False,,no_edgar_ticker,
44274,2366,00770F10,,,X,2021-01-04,2021-05-17,False,,no_edgar_ticker,
44329,21723,87936910,87936910,TFX,N,2021-01-04,2025-12-31,True,96943,ticker,
44601,20238,05361110,05361110,AVY,N,2021-01-04,2025-12-31,True,8818,ticker,
44644,20235,05301510,05301510,ADP,Q,2021-01-04,2025-12-31,True,8670,ticker,
44768,5925,45866530,45866530,TILE,Q,2021-01-04,2025-12-31,True,715787,ticker,
44813,6617,15083770,15083770,CVM,A,2021-01-04,2025-12-31,True,725363,ticker,
44943,20585,25454310,25454310,DIOD,Q,2021-01-04,2025-12-31,True,29002,ticker,
45225,21854,91890520,91890520,VHI,N,2021-01-04,2025-12-31,True,59255,ticker,
45306,5184,45867G10,45867G10,IDCC,Q,2021-01-04,2025-12-31,True,1405495,ticker,
45728,7029,46120310,,,X,2021-01-04,2023-02-02,False,,no_edgar_ticker,
45751,21158,57174810,57174810,MMC,N,2021-01-04,2025-12-31,True,,no_edgar_ticker,
45911,20058,83088M10,83088M10,SWKS,Q,2021-01-04,2025-12-31,True,4127,ticker,
46068,21893,94262210,94262210,WSO,N,2021-01-04,2025-12-31,True,105016,ticker,
46340,21551,78644930,,,X,2021-01-04,2024-02-12,False,,no_edgar_ticker,
46463,20981,39843310,39843310,GFF,N,2021-01-04,2025-12-31,True,50725,ticker,
46578,20463,18905410,18905410,CLX,N,2021-01-04,2025-12-31,True,21076,ticker,
46674,20807,37246010,37246010,GPC,N,2021-01-04,2025-12-31,True,40987,ticker,
46690,20374,12705510,12705510,CBT,N,2021-01-04,2025-12-31,True,16040,ticker,
46703,21157,44107P10,44107P10,HST,Q,2021-01-04,2025-12-31,True,1070750,ticker,
46834,20793,36165A10,36165A10,JOB,A,2021-01-04,2025-12-31,True,40570,ticker,
46886,2551,48248010,48248010,KLAC,Q,2021-01-04,2025-12-31,True,319201,ticker,
46922,21515,76775487,,,X,2021-01-04,2023-10-16,False,,no_edgar_ticker,
46923,2577,74158E10,74158E10,PNRG,Q,2021-01-04,2025-12-31,True,56868,ticker,
47002,2488,48354810,,,X,2021-01-04,2024-04-19,False,,no_edgar_ticker,
47379,2519,48815220,48815220,KELYA,Q,2021-01-04,2025-12-31,True,55135,ticker,
47387,2519,48815230,48815230,KELYB,Q,2021-01-04,2025-12-31,True,55135,ticker,
47466,21280,65011110,65011110,NYT,N,2021-01-04,2025-12-31,True,71691,ticker,
47511,20653,29338910,29338910,EBF,N,2021-01-04,2025-12-31,True,33002,ticker,
47571,2527,49285410,49285410,KEQU,Q,2021-01-04,2025-12-31,True,55529,ticker,
47619,6093,49314410,49314410,KTCC,Q,2021-01-04,2025-12-31,True,719733,ticker,
47626,20363,12611710,12611710,CNA,N,2021-01-04,2025-12-31,True,21175,ticker,
47677,20448,17187150,,,X,2021-01-04,2021-09-07,False,,no_edgar_ticker,
47706,20698,31385510,31385510,FSS,N,2021-01-04,2025-12-31,True,277509,ticker,
47715,2498,49427410,,,X,2021-01-04,2023-06-01,False,,no_edgar_ticker,
47723,2545,40609P10,40609P10,HNRG,Q,2021-01-04,2025-12-31,True,788965,ticker,
47730,20068,00095710,00095710,ABM,N,2021-01-04,2025-12-31,True,771497,ticker,
47861,21694,86835810,86835810,SGC,Q,2021-01-04,2025-12-31,True,95574,ticker,
47896,20436,46625H10,46625H10,JPM,N,2021-01-04,2025-12-31,True,19617,ticker,
47941,20782,87901J10,87901J10,TGNA,N,2021-01-04,2025-12-31,True,,no_edgar_ticker,
48072,2573,50069210,50069210,KOSS,Q,2021-01-04,2025-12-31,True,56701,ticker,
48144,2552,50124210,50124210,KLIC,Q,2021-01-04,2025-12-31,True,56978,ticker,
48347,2615,50533610,50533610,LZB,N,2021-01-04,2025-12-31,True,57131,ticker,
48486,7013,51280730,51280730,LRCX,Q,2021-01-04,2025-12-31,True,707549,ticker,
48506,20610,61536910,61536910,MCO,N,2021-01-04,2025-12-31,True,1059556,ticker,
48523,2600,51384710,51384710,MZTI,Q,2021-01-04,2025-12-31,True,57515,ticker,
48653,20950,44485910,44485910,HUM,N,2021-01-04,2025-12-31,True,49071,ticker,
48725,21810,90781810,90781810,UNP,N,2021-01-04,2025-12-31,True,100885,ticker,
48961,2612,52077610,52077610,DSGR,Q,2021-01-04,2025-12-31,True,703604,ticker,
49015,21105,53418710,53418710,LNC,N,2021-01-04,2025-12-31,True,59558,ticker,
49138,21617,82654610,82654610,SIF,A,2021-01-04,2025-12-31,True,90168,ticker,
49154,20561,87612E10,87612E10,TGT,N,2021-01-04,2025-12-31,True,27419,ticker,
49322,20098,02917410,02917410,ARL,N,2021-01-04,2025-12-31,True,1102238,ticker,
49330,20041,01475210,01475210,ALX,N,2021-01-04,2025-12-31,True,3499,ticker,
49373,20309,09367110,09367110,HRB,N,2021-01-04,2025-12-31,True,12659,ticker,
49429,20584,25406710,25406710,DDS,N,2021-01-04,2025-12-31,True,28917,ticker,
49488,21072,50216010,50216010,LXU,N,2021-01-04,2025-12-31,True,60714,ticker,
49656,20265,06405810,06405810,BK,N,2021-01-04,2025-12-31,True,,no_edgar_ticker,
49680,20557,23585110,23585110,DHR,N,2021-01-04,2025-12-31,True,313616,ticker,
49744,21431,73763010,73763010,PCH,Q,2021-01-04,2025-12-31,True,,no_edgar_ticker,
50017,2706,75281A10,75281A10,RRC,N,2021-01-04,2025-12-31,True,315852,ticker,
50243,21603,81773210,,,X,2021-01-04,2025-07-01,False,,no_edgar_ticker,
50286,21090,52376840,52376840,LEE,Q,2021-01-04,2025-12-31,True,58361,ticker,
50550,21385,90110910,90110910,TPC,N,2021-01-04,2025-12-31,True,,ambiguous_ticker,732717;77543
50585,20867,91728610,,,X,2021-01-04,2023-08-18,False,,no_edgar_ticker,
50606,21752,88642R10,88642R10,TDW,N,2021-01-04,2025-12-31,True,98222,ticker,
50623,3083,55377710,,,X,2021-01-04,2021-04-07,False,,no_edgar_ticker,
50789,2847,55277P10,55277P10,MGEE,Q,2021-01-04,2025-12-31,True,1161728,ticker,
50876,21102,53245710,53245710,LLY,N,2021-01-04,2025-12-31,True,59478,ticker,
50948,21596,81685010,81685010,SMTC,Q,2021-01-04,2025-12-31,True,88941,ticker,
51086,21927,97463710,97463710,WGO,N,2021-01-04,2025-12-31,True,107687,ticker,
51263,2767,56357140,56357140,MTW,N,2021-01-04,2025-12-31,True,61986,ticker,
51369,21731,88077010,88077010,TER,Q,2021-01-04,2025-12-31,True,97210,ticker,
51423,3031,56633010,56633010,MCS,N,2021-01-04,2025-12-31,True,62234,ticker,
51625,21599,81756510,81756510,SCI,N,2021-01-04,2025-12-31,True,89089,ticker,
51925,2784,57734510,57734510,MLP,N,2021-01-04,2025-12-31,True,63330,ticker,
52038,21698,87182910,87182910,SYY,N,2021-01-04,2025-12-31,True,96021,ticker,
52090,2801,57978020,57978020,MKC,N,2021-01-04,2025-12-31,True,63754,ticker,
52230,469,77032310,77032310,RHI,N,2021-01-04,2025-12-31,True,315213,ticker,
52231,3074,58354330,58354330,SLNH,Q,2021-01-04,2025-12-31,True,64463,ticker,
52250,2809,36867810,36867810,GENC,A,2021-01-04,2025-12-31,True,64472,ticker,
52329,21011,46982L10,46982L10,J,N,2021-01-04,2025-12-31,True,52988,ticker,
52337,21258,88033G40,88033G40,THC,N,2021-01-04,2025-12-31,True,70318,ticker,
52396,21693,86816810,,,X,2021-01-04,2025-06-25,False,,no_edgar_ticker,
52476,20659,29442910,29442910,EFX,N,2021-01-04,2025-12-31,True,33185,ticker,
52695,20841,38480210,38480210,GWW,N,2021-01-04,2025-12-31,True,277135,ticker,
52708,21095,52605710,52605710,LEN,N,2021-01-04,2025-12-31,True,920760,ticker,
52716,20913,43147510,,,X,2021-01-04,2021-12-13,False,,no_edgar_ticker,
52898,21397,29670G10,29670G10,WTRG,N,2021-01-04,2025-12-31,True,78128,ticker,
52936,7863,58940010,58940010,MCY,N,2021-01-04,2025-12-31,True,64996,ticker,
52978,20887,41805610,41805610,HAS,Q,2021-01-04,2025-12-31,True,46080,ticker,
53065,20997,46069010,,,X,2021-01-04,2025-11-28,False,,no_edgar_ticker,
53074,6883,59064R10,59064R10,MLAB,Q,2021-01-04,2025-12-31,True,724004,ticker,
53110,20250,05652510,05652510,BMI,N,2021-01-04,2025-12-31,True,9092,ticker,
53197,2881,59152020,59152020,MEI,N,2021-01-04,2025-12-31,True,65270,ticker,
53225,21888,38463710,38463710,GHC,N,2021-01-04,2025-12-31,True,104889,ticker,
53373,2913,82617610,82617610,SIEB,Q,2021-01-04,2025-12-31,True,65596,ticker,
53604,20836,38308210,38308210,GRC,N,2021-01-04,2025-12-31,True,42682,ticker,
53613,7065,59511210,59511210,MU,Q,2021-01-04,2025-12-31,True,723125,ticker,
53859,3048,59668010,59668010,MSEX,Q,2021-01-04,2025-12-31,True,66004,ticker,
54114,2949,60054410,60054410,MLKN,Q,2021-01-04,2025-12-31,True,66382,ticker,
54148,21349,74586710,74586710,PHM,N,2021-01-04,2025-12-31,True,822416,ticker,
54199,21545,78430510,78430510,HTO,Q,2021-01-04,2025-12-31,True,766829,ticker,
54244,20733,33851710,33851710,BDL,A,2021-01-04,2025-12-31,True,12040,ticker,
54253,2971,55349810,55349810,MSA,N,2021-01-04,2025-12-31,True,66570,ticker,
54594,20000,00036110,00036110,AIR,N,2021-01-04,2025-12-31,True,1750,ticker,
54704,7093,60782810,60782810,MOD,N,2021-01-04,2025-12-31,True,67347,ticker,
55001,21783,89652210,89652210,TRN,N,2021-01-04,2025-12-31,True,99780,ticker,
55029,9480,60972010,,,X,2021-01-04,2022-02-28,False,,no_edgar_ticker,
55212,21548,78473E10,78473E10,SPXC,N,2021-01-04,2025-12-31,True,88205,ticker,
55511,21457,69349H10,69349H10,TXNM,N,2021-01-04,2025-12-31,True,1108426,ticker,
55597,20345,57669010,57669010,MTRN,N,2021-01-04,2025-12-31,True,1104657,ticker,
55634,20866,40423210,,,X,2021-01-04,2022-01-25,False,,no_edgar_ticker,
55678,3091,45868510,45868510,INTG,Q,2021-01-04,2025-12-31,True,69422,ticker,
55862,3213,09061H40,09061H40,BMRA,Q,2021-01-04,2025-12-31,True,73290,ticker,
55976,21880,93114210,93114210,WMT,Q,2021-01-04,2025-12-31,True,104169,ticker,
55993,5253,63040210,63040210,NSSC,Q,2021-01-04,2025-12-31,True,69633,ticker,
56223,21121,54634710,54634710,LPX,N,2021-01-04,2025-12-31,True,60519,ticker,
56274,20495,20588710,20588710,CAG,N,2021-01-04,2025-12-31,True,23217,ticker,
56573,20968,45230810,45230810,ITW,N,2021-01-04,2025-12-31,True,49826,ticker,
56710,3262,63754610,,,X,2021-01-04,2022-07-01,False,,no_edgar_ticker,
56822,3305,63851710,,,X,2021-01-04,2024-07-09,False,,no_edgar_ticker,
56856,20247,05564530,05564530,BRT,N,2021-01-04,2025-12-31,True,14846,ticker,
56945,250,63902710,63902710,NATR,Q,2021-01-04,2025-12-31,True,275053,ticker,
57007,21718,87908010,87908010,TRC,N,2021-01-04,2025-12-31,True,96869,ticker,
57154,20819,55939A10,55939A10,MAGN,N,2021-01-04,2025-12-31,True,41719,ticker,
57568,20257,05849810,05849810,BALL,N,2021-01-04,2025-12-31,True,9389,ticker,
57665,3194,65410610,65410610,NKE,N,2021-01-04,2025-12-31,True,320187,ticker,
57808,21869,92829810,92829810,VSH,N,2021-01-04,2025-12-31,True,103730,ticker,
57809,3160,65566310,65566310,NDSN,Q,2021-01-04,2025-12-31,True,72331,ticker,
57817,3217,65566410,,,X,2021-01-04,2025-05-21,False,,no_edgar_ticker,
57904,92,00105510,00105510,AFL,N,2021-01-04,2025-12-31,True,4977,ticker,
57913,3133,92243A20,,,X,2021-01-04,2025-07-08,False,,no_edgar_ticker,
58246,3275,66585910,66585910,NTRS,Q,2021-01-04,2025-12-31,True,73124,ticker,
58318,3302,88077910,88077910,TEX,N,2021-01-04,2025-12-31,True,97216,ticker,
58334,3306,66765N10,66765N10,NWN,N,2021-01-04,2025-12-31,True,1733998,ticker,
58421,1824,35843510,35843510,FRD,Q,2021-01-04,2025-12-31,True,39092,ticker,
58501,3236,36225V10,,,X,2021-01-04,2021-10-15,False,,no_edgar_ticker,
58683,4181,84474110,84474110,LUV,N,2021-01-04,2025-12-31,True,92380,ticker,
58771,3840,75875010,75875010,RRX,N,2021-01-04,2025-12-31,True,82811,ticker,
58819,4980,01880210,01880210,LNT,Q,2021-01-04,2025-12-31,True,352541,ticker,
58836,579,65252620,65252620,NEWT,Q,2021-01-04,2025-12-31,True,,ambiguous_ticker,1587987;1895262
58975,3326,67523210,67523210,OII,N,2021-01-04,2025-12-31,True,73756,ticker,
59010,1892,36476010,36476010,GAP,N,2021-01-04,2025-12-31,True,39911,ticker,
59045,21057,49726610,49726610,KEX,N,2021-01-04,2025-12-31,True,56047,ticker,
59176,90,02581610,02581610,AXP,N,2021-01-04,2025-12-31,True,4962,ticker,
59185,3348,67786410,67786410,ODC,N,2021-01-04,2025-12-31,True,74046,ticker,
59248,33,60871R20,60871R20,TAP,N,2021-01-04,2025-12-31,True,24545,ticker,
59256,20538,22830910,22830910,CRWS,Q,2021-01-04,2025-12-31,True,25895,ticker,
59300,3334,90265310,90265310,UDR,N,2021-01-04,2025-12-31,True,74208,ticker,
59328,2367,45814010,45814010,INTC,Q,2021-01-04,2025-12-31,True,50863,ticker,
59396,3363,68022310,68022310,ORI,N,2021-01-04,2025-12-31,True,74260,ticker,
59408,3151,06050510,06050510,BAC,N,2021-01-04,2025-12-31,True,70858,ticker,
59459,4293,89417E10,89417E10,TRV,N,2021-01-04,2025-12-31,True,86312,ticker,
59483,5037,98551010,,,X,2021-01-04,2023-08-16,False,,no_edgar_ticker,
59600,4604,90147610,90147610,TWIN,Q,2021-01-04,2025-12-31,True,100378,ticker,
59619,4684,81725T10,81725T10,SXT,N,2021-01-04,2025-12-31,True,310142,ticker,
59627,4805,92765110,92765110,VIRC,Q,2021-01-04,2025-12-31,True,751365,ticker,
59628,5941,68240610,68240610,OLP,N,2021-01-04,2025-12-31,True,712770,ticker,
59774,2736,55081910,,,X,2021-01-04,2021-10-01,False,,no_edgar_ticker,
60038,370,00481610,00481610,ACU,A,2021-01-04,2025-12-31,True,2098,ticker,
60098,3418,68964810,68964810,OTTR,Q,2021-01-04,2025-12-31,True,1466593,ticker,
60186,3321,69073210,69073210,OMI,N,2021-01-04,2025-12-31,True,,no_edgar_ticker,
60206,4162,83303410,83303410,SNA,N,2021-01-04,2025-12-31,True,91440,ticker,
60442,3685,69347510,69347510,PNC,N,2021-01-04,2025-12-31,True,713676,ticker,
60468,2004,38455610,38455610,GHM,N,2021-01-04,2025-12-31,True,716314,ticker,
60506,3487,69371810,69371810,PCAR,Q,2021-01-04,2025-12-31,True,75362,ticker,
60580,4516,89109210,89109210,TTC,N,2021-01-04,2025-12-31,True,737758,ticker,
60599,20421,55024110,55024110,LUMN,N,2021-01-04,2025-12-31,True,18926,ticker,
60628,1685,31428X10,31428X10,FDX,N,2021-01-04,2025-12-31,True,1048911,ticker,
60687,21372,02593210,02593210,AFG,N,2021-01-04,2025-12-31,True,1042046,ticker,
60871,282,03265410,03265410,ADI,Q,2021-01-04,2025-12-31,True,6281,ticker,
60898,614,10256510,,,X,2021-01-04,2021-08-17,False,,no_edgar_ticker,
60943,2636,52466010,52466010,LEG,N,2021-01-04,2025-12-31,True,58492,ticker,
60986,3178,65122910,65122910,NWL,Q,2021-01-04,2025-12-31,True,814453,ticker,
61146,5708,69888410,69888410,PAR,N,2021-01-04,2025-12-31,True,708821,ticker,
61188,4342,84489510,84489510,SWX,N,2021-01-04,2025-12-31,True,1692115,ticker,
61241,211,00790310,00790310,AMD,Q,2021-01-04,2025-12-31,True,2488,ticker,
61269,3588,70066610,70066610,PKOH,Q,2021-01-04,2025-12-31,True,76282,ticker,
61313,1344,25765110,25765110,DCI,N,2021-01-04,2025-12-31,True,29644,ticker,
61399,2709,54866110,54866110,LOW,N,2021-01-04,2025-12-31,True,60667,ticker,
61487,59,00635130,,,X,2021-01-04,2025-02-05,False,,no_edgar_ticker,
61496,3466,70334310,70334310,PATK,Q,2021-01-04,2025-12-31,True,76605,ticker,
61508,655,09057210,09057210,BIO,N,2021-01-04,2025-12-31,True,12208,ticker,
61516,655,09057220,09057220,BIO,N,2021-01-04,2025-12-31,True,12208,ticker,
61567,2130,42829110,42829110,HXL,N,2021-01-04,2025-12-31,True,717605,ticker,
61621,6333,70432610,70432610,PAYX,Q,2021-01-04,2025-12-31,True,723531,ticker,
61743,1285,24801910,24801910,DLX,N,2021-01-04,2025-12-31,True,27996,ticker,
61807,21219,61539420,61539420,MOG,N,2021-01-04,2025-12-31,True,,no_edgar_ticker,
61946,511,09211310,09211310,BKH,N,2021-01-04,2025-12-31,True,1130464,ticker,
62033,3781,75421210,,,X,2021-01-04,2021-11-30,False,,no_edgar_ticker,
62092,4557,88355610,88355610,TMO,N,2021-01-04,2025-12-31,True,97745,ticker,
62148,20370,12640810,12640810,CSX,Q,2021-01-04,2025-12-31,True,277948,ticker,
62156,20378,09257W10,09257W10,BXMT,N,2021-01-04,2025-12-31,True,1061630,ticker,
62228,1686,35801010,35801010,FEIM,Q,2021-01-04,2025-12-31,True,39020,ticker,
62308,21764,37959E10,37959E10,GL,N,2021-01-04,2025-12-31,True,320335,ticker,
62341,3526,69327R10,,,X,2021-01-04,2023-08-07,False,,no_edgar_ticker,
62367,3641,37429710,37429710,GTY,N,2021-01-04,2025-12-31,True,1052752,ticker,
62498,4998,95530610,95530610,WST,N,2021-01-04,2025-12-31,True,105770,ticker,
62958,3659,81707010,81707010,SENEB,Q,2021-01-04,2025-12-31,True,88948,ticker,
63125,3580,00847J10,00847J10,AGYS,Q,2021-01-04,2025-12-31,True,78749,ticker,
63132,1418,26414710,26414710,DCO,N,2021-01-04,2025-12-31,True,30305,ticker,
63467,3624,11523610,11523610,BRO,N,2021-01-04,2025-12-31,True,79282,ticker,
63546,1409,90291C20,90291C20,USAU,Q,2021-01-04,2025-12-31,True,27093,ticker,
63715,3642,73912810,73912810,POWL,Q,2021-01-04,2025-12-31,True,80420,ticker,
63765,4338,84546710,,,X,2021-01-04,2024-10-01,False,,no_edgar_ticker,
63773,5230,87943382,87943382,TDS,N,2021-01-04,2025-12-31,True,1051512,ticker,
64020,2728,54928210,,,X,2021-01-04,2022-05-31,False,,no_edgar_ticker,
64186,20357,12552310,12552310,CI,N,2021-01-04,2025-12-31,True,1739940,ticker,
64194,20435,16359R10,16359R10,CHE,N,2021-01-04,2025-12-31,True,19584,ticker,
64282,2664,07083010,07083010,BBWI,N,2021-01-04,2025-12-31,True,701985,ticker,
64311,21294,65584410,65584410,NSC,N,2021-01-04,2025-12-31,True,702165,ticker,
64390,3682,74331510,74331510,PGR,N,2021-01-04,2025-12-31,True,80661,ticker,
64450,3200,64602510,64602510,NJR,N,2021-01-04,2025-12-31,True,356309,ticker,
64653,4289,74460D10,74460D10,PSA,N,2021-01-04,2025-12-31,True,1393311,ticker,
64742,3500,74622830,74622830,PCYO,Q,2021-01-04,2025-12-31,True,276720,ticker,
64785,5130,04010E10,04010E10,AGX,N,2021-01-04,2025-12-31,True,100591,ticker,
64899,1015,21036P20,,,X,2021-01-04,2022-11-11,False,,no_edgar_ticker,
64929,3741,74731610,74731610,KWR,N,2021-01-04,2025-12-31,True,81362,ticker,
64936,20592,25746U10,25746U10,D,N,2021-01-04,2025-12-31,True,715957,ticker,
64961,5703,65343C10,,,X,2021-01-04,2023-11-09,False,,no_edgar_ticker,
64995,2535,49326710,49326710,KEY,N,2021-01-04,2025-12-31,True,91576,ticker,
65008,6244,03233250,03233250,ASYS,Q,2021-01-04,2025-12-31,True,720500,ticker,
65270,5660,74936040,74936040,RCMT,Q,2021-01-04,2025-12-31,True,700841,ticker,
65285,20942,44248740,44248740,HOV,N,2021-01-04,2025-12-31,True,357294,ticker,
65294,3860,74960710,74960710,RLI,N,2021-01-04,2025-12-31,True,84246,ticker,
65306,6051,90470810,90470810,UNF,N,2021-01-04,2025-12-31,True,717954,ticker,
65307,3911,74968510,74968510,RPM,N,2021-01-04,2025-12-31,True,110621,ticker,
65365,3102,62846410,62846410,MYE,N,2021-01-04,2025-12-31,True,69488,ticker,
65402,21625,83186520,83186520,AOS,N,2021-01-04,2025-12-31,True,91142,ticker,
65429,21695,89656D10,,,X,2021-01-04,2024-07-31,False,,no_edgar_ticker,
65541,5780,21664850,21664850,COO,Q,2021-01-04,2025-12-31,True,711404,ticker,
65700,3772,91192210,91192210,USLM,Q,2021-01-04,2025-12-31,True,82020,ticker,
65752,4402,87815530,87815530,TISI,N,2021-01-04,2025-12-31,True,318833,ticker,
65875,20288,92343V10,92343V10,VZ,N,2021-01-04,2025-12-31,True,732712,ticker,
65947,2105,95040Q10,95040Q10,WELL,N,2021-01-04,2025-12-31,True,766704,ticker,
66093,21645,00206R10,00206R10,T,N,2021-01-04,2025-12-31,True,732717,ticker,
66157,1645,90297330,90297330,USB,N,2021-01-04,2025-12-31,True,36104,ticker,
66181,5085,43707610,43707610,HD,N,2021-01-04,2025-12-31,True,354950,ticker,
66245,21130,55267610,,,X,2021-01-04,2024-04-19,False,,no_edgar_ticker,
66325,6412,78442P10,78442P10,SLM,Q,2021-01-04,2025-12-31,True,1032033,ticker,
66376,21893,94262220,94262220,WSO,N,2021-01-04,2025-12-31,True,105016,ticker,
66384,4879,95810210,95810210,WDC,Q,2021-01-04,2025-12-31,True,106040,ticker,
66683,21482,74966010,74966010,RES,N,2021-01-04,2025-12-31,True,742278,ticker,
66739,4340,82836G10,,,X,2021-01-04,2024-07-30,False,,no_edgar_ticker,
66800,137,02687478,02687478,AIG,N,2021-01-04,2025-12-31,True,5272,ticker,
66852,6533,76316510,76316510,RELL,Q,2021-01-04,2025-12-31,True,355948,ticker,
67029,3333,46564T10,,,X,2021-01-04,2024-11-01,False,,no_edgar_ticker,
67360,21835,91325910,91325910,UTL,N,2021-01-04,2025-12-31,True,755001,ticker,
67467,20505,08930210,,,X,2021-01-04,2024-09-09,False,,no_edgar_ticker,
67598,20891,42250P10,42250P10,DOC,N,2021-01-04,2025-12-31,True,765880,ticker,
67847,3914,78028710,78028710,RGLD,Q,2021-01-04,2025-12-31,True,85535,ticker,
68021,21114,14067E50,,,X,2021-01-04,2021-10-19,False,,no_edgar_ticker,
68145,3984,64051M70,64051M70,NEON,Q,2021-01-04,2025-12-31,True,87050,ticker,
68196,4040,78411710,78411710,SEIC,Q,2021-01-04,2025-12-31,True,350894,ticker,
68292,4234,81630010,81630010,SIGI,Q,2021-01-04,2025-12-31,True,230557,ticker,
68830,7135,76162410,76162410,REX,N,2021-01-04,2025-12-31,True,744187,ticker,
69032,21224,61744644,61744644,MS,N,2021-01-04,2025-12-31,True,895421,ticker,
69586,6827,81170780,81170780,SBCF,Q,2021-01-04,2025-12-31,True,730708,ticker,
69649,6137,75473010,75473010,RJF,N,2021-01-04,2025-12-31,True,720005,ticker,
69796,1015,21036P10,21036P10,STZ,N,2021-01-04,2025-12-31,True,16918,ticker,
70033,20881,41282210,41282210,HOG,N,2021-01-04,2025-12-31,True,793952,ticker,
70092,21037,48666K10,48666K10,KBH,N,2021-01-04,2025-12-31,True,795266,ticker,
70228,8372,88947810,88947810,TOL,N,2021-01-04,2025-12-31,True,794170,ticker,
70519,20483,17296742,17296742,C,N,2021-01-04,2025-12-31,True,831001,ticker,
70578,1467,27886510,27886510,ECL,N,2021-01-04,2025-12-31,True,31462,ticker,
70704,4246,58039P30,58039P30,MUX,N,2021-01-04,2025-12-31,True,314203,ticker,
71175,21798,91529Y10,91529Y10,UNM,N,2021-01-04,2025-12-31,True,5513,ticker,
71176,4196,83549510,83549510,SON,N,2021-01-04,2025-12-31,True,91767,ticker,
71271,20043,01717510,,,X,2021-01-04,2022-10-19,False,,no_edgar_ticker,
71475,4350,02989910,02989910,AWR,N,2021-01-04,2025-12-31,True,1056903,ticker,
71563,4163,89832Q10,89832Q10,TFC,N,2021-01-04,2025-12-31,True,92230,ticker,
71985,7064,82569810,,,X,2021-01-04,2025-07-01,False,,no_edgar_ticker,
72119,20982,45816D10,,,X,2021-01-04,2025-10-31,False,,no_edgar_ticker,
72304,6144,85231230,85231230,STAA,Q,2021-01-04,2025-12-31,True,718937,ticker,
72338,21256,63590610,63590610,NHC,A,2021-01-04,2025-12-31,True,1047335,ticker,
72611,4262,67463110,,,X,2021-01-04,2022-08-09,False,,no_edgar_ticker,
72726,4260,85747710,85747710,STT,N,2021-01-04,2025-12-31,True,93751,ticker,
72980,4120,86037210,86037210,STC,N,2021-01-04,2025-12-31,True,94344,ticker,
72996,6185,86063010,86063010,SF,N,2021-01-04,2025-12-31,True,720672,ticker,
73139,4298,86366710,86366710,SYK,N,2021-01-04,2025-12-31,True,310764,ticker,
73219,4295,86415910,86415910,RGR,N,2021-01-04,2025-12-31,True,95029,ticker,
74500,4456,87288520,,,X,2021-01-04,2024-07-01,False,,no_edgar_ticker,
74740,4381,87716310,87716310,TAYD,Q,2021-01-04,2025-12-31,True,96536,ticker,
74836,6389,87840910,,,X,2021-01-04,2021-01-25,False,,no_edgar_ticker,
74908,4494,86737U10,,,X,2021-01-04,2025-08-15,False,,no_edgar_ticker,
75033,20232,91829F10,,,X,2021-01-04,2025-04-01,False,,no_edgar_ticker,
75034,20253,05722G10,05722G10,BKR,Q,2021-01-04,2025-12-31,True,1701605,ticker,
75069,20974,45292610,45292610,IOR,A,2021-01-04,2025-12-31,True,949961,ticker,
75070,8526,98147510,98147510,WKC,N,2021-01-04,2025-12-31,True,789460,ticker,
75100,21753,88654710,,,X,2021-01-04,2021-01-07,False,,no_edgar_ticker,
75104,21866,92556H10,,,X,2021-01-04,2025-08-07,False,,no_edgar_ticker,
75107,20018,00365410,,,X,2021-01-04,2022-12-22,False,,no_edgar_ticker,
75175,21128,55262C10,55262C10,MBI,N,2021-01-04,2025-12-31,True,814585,ticker,
75182,21425,73106810,73106810,PII,N,2021-01-04,2025-12-31,True,931015,ticker,
75186,21578,80851310,80851310,SCHW,N,2021-01-04,2025-12-31,True,316709,ticker,
75233,21100,92240M10,,,X,2021-01-04,2024-10-07,False,,no_edgar_ticker,
75241,21366,72378710,,,X,2021-01-04,2024-05-03,False,,no_edgar_ticker,
75269,21478,26817Q88,26817Q88,DX,N,2021-01-04,2025-12-31,True,826675,ticker,
75285,20312,56418H10,56418H10,MAN,N,2021-01-04,2025-12-31,True,871763,ticker,
75320,21826,91168410,91168410,AD,N,2021-01-04,2025-12-31,True,821130,ticker,
75341,20609,26441150,,,X,2021-01-04,2022-10-03,False,,no_edgar_ticker,
75342,20642,59001A10,59001A10,MTH,N,2021-01-04,2025-12-31,True,833079,ticker,
75460,4375,88034510,88034510,TNC,N,2021-01-04,2025-12-31,True,97134,ticker,
75470,9375,59627810,59627810,MIDD,Q,2021-01-04,2025-12-31,True,769520,ticker,
75510,8476,00724F10,00724F10,ADBE,Q,2021-01-04,2025-12-31,True,796343,ticker,
75517,8600,57307510,57307510,MRTN,Q,2021-01-04,2025-12-31,True,799167,ticker,
75556,9438,66405S10,66405S10,NBN,Q,2021-01-04,2025-12-31,True,,no_edgar_ticker,
75573,9798,88337F10,,,X,2021-01-04,2025-12-10,False,,no_edgar_ticker,
75578,9868,58805610,58805610,MERC,Q,2021-01-04,2025-12-31,True,1333274,ticker,
75591,22075,45167R10,45167R10,IEX,N,2021-01-04,2025-12-31,True,832101,ticker,
75603,10210,17275510,17275510,CRUS,Q,2021-01-04,2025-12-31,True,772406,ticker,
75605,10218,32081710,32081710,FRME,Q,2021-01-04,2025-12-31,True,712534,ticker,
75607,10224,66877110,66877110,GEN,Q,2021-01-04,2025-12-31,True,849399,ticker,
75649,22095,89465010,89465010,TG,N,2021-01-04,2025-12-31,True,850429,ticker,
75654,10256,19242210,19242210,CGNX,Q,2021-01-04,2025-12-31,True,851205,ticker,
75672,10070,96168420,96168420,WWR,A,2021-01-04,2025-12-31,True,839470,ticker,
75694,10107,09073M10,09073M10,TECH,Q,2021-01-04,2025-12-31,True,842023,ticker,
75714,10127,18506U20,18506U20,CLRO,Q,2021-01-04,2025-12-31,True,840715,ticker,
75754,10181,46520M20,46520M20,ACCS,A,2021-01-04,2025-12-31,True,843006,ticker,
75819,10302,92276F10,92276F10,VTR,N,2021-01-04,2025-12-31,True,740260,ticker,
75825,22113,26875P10,26875P10,EOG,N,2021-01-04,2025-12-31,True,821189,ticker,
75828,10303,28551210,28551210,EA,Q,2021-01-04,2025-12-31,True,,no_edgar_ticker,
75831,10323,25379810,25379810,DGII,Q,2021-01-04,2025-12-31,True,854775,ticker,
75846,22124,78646V10,78646V10,SAFE,N,2021-01-04,2025-12-31,True,1095651,ticker,
75853,10358,98974P10,,,X,2021-01-04,2021-12-23,False,,no_edgar_ticker,
75854,10359,51841510,51841510,LSCC,Q,2021-01-04,2025-12-31,True,855658,ticker,
75860,10380,45253H10,,,X,2021-01-04,2024-02-12,False,,no_edgar_ticker,
75905,10419,36237H10,36237H10,GIII,Q,2021-01-04,2025-12-31,True,821002,ticker,
75906,10421,39090510,39090510,GSBC,Q,2021-01-04,2025-12-31,True,854560,ticker,
75912,10408,69370C10,69370C10,PTC,Q,2021-01-04,2025-12-31,True,857005,ticker,
75976,10288,64049110,64049110,NEOG,Q,2021-01-04,2025-12-31,True,711377,ticker,
75985,10299,40624Q30,,,X,2021-01-04,2024-01-05,False,,no_edgar_ticker,
76038,10390,09062W20,09062W20,BLFS,Q,2021-01-04,2025-12-31,True,834365,ticker,
76052,10416,71416710,71416710,PPIH,Q,2021-01-04,2025-12-31,True,914122,ticker,
76076,10486,17275R10,17275R10,CSCO,Q,2021-01-04,2025-12-31,True,858877,ticker,
76081,6765,88516010,88516010,THO,N,2021-01-04,2025-12-31,True,730263,ticker,
76082,26024,12709710,12709710,CTRA,N,2021-01-04,2025-12-31,True,,no_edgar_ticker,
76095,10504,43644010,43644010,HOLX,Q,2021-01-04,2025-12-31,True,,no_edgar_ticker,
76123,26048,79014810,79014810,JOE,N,2021-01-04,2025-12-31,True,745308,ticker,
76127,10544,88162F10,88162F10,TTI,N,2021-01-04,2025-12-31,True,844965,ticker,
76128,10545,92581510,92581510,VICR,Q,2021-01-04,2025-12-31,True,751978,ticker,
76135,10561,38732810,38732810,GVA,N,2021-01-04,2025-12-31,True,861459,ticker,
76136,10563,48840110,48840110,KMPR,N,2021-01-04,2025-12-31,True,860748,ticker,
76185,26080,90225210,90225210,TYL,N,2021-01-04,2025-12-31,True,860731,ticker,
76201,10634,98391910,,,X,2021-01-04,2022-02-14,False,,no_edgar_ticker,
76215,10467,45105530,,,X,2021-01-04,2021-08-04,False,,no_edgar_ticker,
76224,26087,08160H10,08160H10,BHE,N,2021-01-04,2025-12-31,True,863436,ticker,
76226,21866,92556H20,,,X,2021-01-04,2025-08-07,False,,no_edgar_ticker,
76230,10691,89623910,89623910,TRMB,Q,2021-01-04,2025-12-31,True,864749,ticker,
76261,10724,30214U10,30214U10,EXPO,Q,2021-01-04,2025-12-31,True,851520,ticker,
76266,10743,70065810,70065810,PRK,A,2021-01-04,2025-12-31,True,805676,ticker,
76274,1100,22463320,22463320,CRD,N,2021-01-04,2025-12-31,True,,no_edgar_ticker,
76279,10758,57685310,57685310,MTRX,Q,2021-01-04,2025-12-31,True,866273,ticker,
76282,10594,05329W10,05329W10,AN,N,2021-01-04,2025-12-31,True,350698,ticker,
76360,10651,38214087,38214087,GTIM,Q,2021-01-04,2025-12-31,True,825324,ticker,
76392,10512,58988910,58988910,MMSI,Q,2021-01-04,2025-12-31,True,856982,ticker,
76461,10684,92536C20,92536C20,VERU,Q,2021-01-04,2025-12-31,True,863894,ticker,
76478,26113,29631510,29631510,ESE,N,2021-01-04,2025-12-31,True,866706,ticker,
76504,10805,14915010,14915010,CATY,Q,2021-01-04,2025-12-31,True,861842,ticker,
76515,28924,22282E10,,,X,2021-01-04,2021-11-30,False,,no_edgar_ticker,
76529,28947,66676210,66676210,NRIM,Q,2021-01-04,2025-12-31,True,1163370,ticker,
76573,22807,62475610,62475610,MLI,N,2021-01-04,2025-12-31,True,89439,ticker,
76582,10855,25827810,25827810,DORM,Q,2021-01-04,2025-12-31,True,868780,ticker,
76586,10867,92660E10,,,X,2021-01-04,2022-05-25,False,,no_edgar_ticker,
76591,10827,21979810,21979810,QDEL,Q,2021-01-04,2025-12-31,True,1906324,ticker,
76602,29005,69360J10,,,X,2021-01-04,2022-07-20,False,,no_edgar_ticker,
76605,29009,05333210,05333210,AZO,N,2021-01-04,2025-12-31,True,866787,ticker,
76613,10877,46204420,,,X,2021-01-04,2022-05-19,False,,no_edgar_ticker,
76614,10876,75886F10,75886F10,REGN,Q,2021-01-04,2025-12-31,True,872589,ticker,
76644,29028,91290910,,,X,2021-01-04,2025-06-18,False,,no_edgar_ticker,
76661,10937,46222210,46222210,IONS,Q,2021-01-04,2025-12-31,True,874015,ticker,
76672,27836,75049110,75049110,RDNT,Q,2021-01-04,2025-12-31,True,790526,ticker,
76684,10954,41012010,41012010,HWC,Q,2021-01-04,2025-12-31,True,750577,ticker,
76686,10959,53222Q10,53222Q10,LCUT,Q,2021-01-04,2025-12-31,True,874396,ticker,
76708,10992,00737L10,00737L10,ATGE,N,2021-01-04,2025-12-31,True,,no_edgar_ticker,
76709,10989,45168D10,45168D10,IDXX,Q,2021-01-04,2025-12-31,True,874716,ticker,
76711,37472,75893220,75893220,RGS,Q,2021-01-04,2025-12-31,True,716643,ticker,
76712,10996,00130H10,00130H10,AES,N,2021-01-04,2025-12-31,True,874761,ticker,
76721,11003,22100610,22100610,CRVL,Q,2021-01-04,2025-12-31,True,874866,ticker,
76722,11001,85570710,,,X,2021-01-04,2022-03-01,False,,no_edgar_ticker,
76732,11018,25442310,25442310,DIN,N,2021-01-04,2025-12-31,True,49754,ticker,
76744,11042,92532F10,92532F10,VRTX,Q,2021-01-04,2025-12-31,True,875320,ticker,
76750,11052,61023610,61023610,MNRO,Q,2021-01-04,2025-12-31,True,876427,ticker,
76752,11050,74331210,74331210,PRGS,Q,2021-01-04,2025-12-31,True,876167,ticker,
76788,11083,88870R10,,,X,2021-01-04,2022-06-28,False,,no_edgar_ticker,
76795,11092,98920710,98920710,ZBRA,Q,2021-01-04,2025-12-31,True,877212,ticker,
76798,11099,30230110,30230110,EZPW,Q,2021-01-04,2025-12-31,True,876523,ticker,
76804,29067,55284810,55284810,MTG,N,2021-01-04,2025-12-31,True,876437,ticker,
76837,2075,40502410,40502410,HAE,N,2021-01-04,2025-12-31,True,313143,ticker,
76838,11103,74267C10,74267C10,PRA,N,2021-01-04,2025-12-31,True,,no_edgar_ticker,
76839,11111,63501710,63501710,FIZZ,Q,2021-01-04,2025-12-31,True,69891,ticker,
76841,11112,09062X10,09062X10,BIIB,Q,2021-01-04,2025-12-31,True,875045,ticker,
76856,10905,33768G10,33768G10,FCFS,Q,2021-01-04,2025-12-31,True,840489,ticker,
76868,10817,00036020,00036020,AAON,Q,2021-01-04,2025-12-31,True,824142,ticker,
76869,11029,00674340,,,X,2021-01-04,2024-02-13,False,,no_edgar_ticker,
76888,10924,00383030,,,X,2021-01-04,2021-08-04,False,,no_edgar_ticker,
76892,11106,05561Q20,05561Q20,BOKF,Q,2021-01-04,2025-12-31,True,875357,ticker,
76908,11064,04367G10,,,X,2021-01-04,2024-08-22,False,,no_edgar_ticker,
76927,11011,85924110,85924110,STRL,Q,2021-01-04,2025-12-31,True,874238,ticker,
76928,10836,79957L10,79957L10,SMTI,Q,2021-01-04,2025-12-31,True,714256,ticker,
76934,10993,45765Y20,45765Y20,LDWY,Q,2021-01-04,2025-12-31,True,,no_edgar_ticker,
76946,4560,89352910,89352910,TRNS,Q,2021-01-04,2025-12-31,True,99302,ticker,
76963,11101,11408230,11408230,ERNA,Q,2021-01-04,2025-12-31,True,748592,ticker,
77007,11005,45246520,,,X,2021-01-04,2023-07-10,False,,no_edgar_ticker,
77037,11161,67958010,67958010,ODFL,Q,2021-01-04,2025-12-31,True,878927,ticker,
77057,29106,63633D10,63633D10,NHI,N,2021-01-04,2025-12-31,True,877860,ticker,
77090,11204,00215F10,00215F10,ATNI,Q,2021-01-04,2025-12-31,True,879585,ticker,
77114,11225,98141910,98141910,WRLD,Q,2021-01-04,2025-12-31,True,108385,ticker,
77117,29327,92956610,92956610,WNC,N,2021-01-04,2025-12-31,True,879526,ticker,
77120,29347,44032710,44032710,HMN,N,2021-01-04,2025-12-31,True,850141,ticker,
77129,29335,49446R10,49446R10,KIM,N,2021-01-04,2025-12-31,True,879101,ticker,
77157,22462,67098H10,67098H10,OI,N,2021-01-04,2025-12-31,True,812074,ticker,
77165,11238,80042210,80042210,JBSS,Q,2021-01-04,2025-12-31,True,880117,ticker,
77175,11248,03011120,03011120,AMSC,Q,2021-01-04,2025-12-31,True,880807,ticker,
77178,11253,74752510,74752510,QCOM,Q,2021-01-04,2025-12-31,True,804328,ticker,
77191,4589,88162G10,88162G10,TTEK,Q,2021-01-04,2025-12-31,True,831641,ticker,
77202,11186,47089W10,47089W10,ALTS,Q,2021-01-04,2025-12-31,True,,no_edgar_ticker,
77217,11235,97717P10,97717P10,WT,N,2021-01-04,2025-12-31,True,880631,ticker,
77235,11157,97652410,,,X,2021-01-04,2023-08-04,False,,no_edgar_ticker,
77236,11270,69291A10,,,X,2021-01-04,2025-06-23,False,,no_edgar_ticker,
77259,11282,01922220,,,X,2021-01-04,2023-02-03,False,,no_edgar_ticker,
77263,11283,74029440,74029440,POCI,Q,2021-01-04,2025-12-31,True,867840,ticker,
77274,11300,37555810,37555810,GILD,Q,2021-01-04,2025-12-31,True,882095,ticker,
77282,11304,60487110,,,X,2021-01-04,2021-10-29,False,,no_edgar_ticker,
77300,11324,81018610,81018610,SMG,N,2021-01-04,2025-12-31,True,825542,ticker,
77327,11335,00484820,00484820,ACFN,Q,2021-01-04,2025-12-31,True,880984,ticker,
77338,11344,77669610,77669610,ROP,Q,2021-01-04,2025-12-31,True,882835,ticker,
77354,11358,80706610,80706610,SCHL,Q,2021-01-04,2025-12-31,True,866729,ticker,
77357,11361,87160710,87160710,SNPS,Q,2021-01-04,2025-12-31,True,883241,ticker,
77366,29432,13119310,13119310,MODG,N,2021-01-04,2025-12-31,True,,no_edgar_ticker,
77379,11371,32021810,32021810,THFF,Q,2021-01-04,2025-12-31,True,714562,ticker,
77393,11383,53566P10,53566P10,LCTX,A,2021-01-04,2025-12-31,True,876343,ticker,
77415,11403,62877810,62877810,NBTB,Q,2021-01-04,2025-12-31,True,790359,ticker,
77425,11415,90292510,,,X,2021-01-04,2022-09-15,False,,no_edgar_ticker,
77437,11432,59503A20,59503A20,MBOT,Q,2021-01-04,2025-12-31,True,883975,ticker,
77447,11440,44930G10,44930G10,ICUI,Q,2021-01-04,2025-12-31,True,883984,ticker,
77453,25865,46636710,46636710,JACK,Q,2021-01-04,2025-12-31,True,807882,ticker,
77462,22856,55616P10,55616P10,M,N,2021-01-04,2025-12-31,True,794367,ticker,
77488,29468,66580910,66580910,NTIC,Q,2021-01-04,2025-12-31,True,875582,ticker,
77496,11446,60819010,60819010,MHK,N,2021-01-04,2025-12-31,True,851968,ticker,
77501,11454,21925D10,,,X,2021-01-04,2022-07-25,False,,no_edgar_ticker,
77505,11455,04649U10,04649U10,ASUR,Q,2021-01-04,2025-12-31,True,884144,ticker,
77515,11469,50060010,50060010,KOPN,Q,2021-01-04,2025-12-31,True,771266,ticker,
77519,5926,89834920,89834920,TRST,Q,2021-01-04,2025-12-31,True,357301,ticker,
77520,11473,00108410,00108410,AGCO,N,2021-01-04,2025-12-31,True,880266,ticker,
77526,11479,75970E10,75970E10,RNST,N,2021-01-04,2025-12-31,True,715072,ticker,
77528,11480,78385910,78385910,STBA,Q,2021-01-04,2025-12-31,True,719220,ticker,
77584,11506,11844010,11844010,BKE,N,2021-01-04,2025-12-31,True,885245,ticker,
77595,11512,03937C10,03937C10,ARCB,Q,2021-01-04,2025-12-31,True,894405,ticker,
77605,29489,10113710,10113710,BSX,N,2021-01-04,2025-12-31,True,885725,ticker,
77606,29494,50025510,50025510,KSS,N,2021-01-04,2025-12-31,True,885639,ticker,
77610,11522,91347P10,91347P10,OLED,Q,2021-01-04,2025-12-31,True,1005284,ticker,
77624,11537,46121E30,46121E30,INTZ,Q,2021-01-04,2025-12-31,True,736012,ticker,
77629,11542,90337L10,90337L10,USPH,N,2021-01-04,2025-12-31,True,885978,ticker,
77637,29506,35346910,35346910,FC,N,2021-01-04,2025-12-31,True,886206,ticker,
77643,29505,31982910,31982910,FCF,N,2021-01-04,2025-12-31,True,712537,ticker,
77659,11558,07589610,,,X,2021-01-04,2023-05-03,False,,no_edgar_ticker,
77660,11561,22531010,22531010,CACC,Q,2021-01-04,2025-12-31,True,885550,ticker,
77661,11559,23331A10,23331A10,DHI,N,2021-01-04,2025-12-31,True,882184,ticker,
77679,11576,19723610,19723610,COLB,Q,2021-01-04,2025-12-31,True,887343,ticker,
77699,11591,35952H70,35952H70,FCEL,Q,2021-01-04,2025-12-31,True,886128,ticker,
77702,11592,85524410,85524410,SBUX,Q,2021-01-04,2025-12-31,True,829224,ticker,
77730,4620,90249410,90249410,TSN,N,2021-01-04,2025-12-31,True,100493,ticker,
77780,11617,15352710,15352710,CENT,Q,2021-01-04,2025-12-31,True,887733,ticker,
77785,11621,29256210,,,X,2021-01-04,2024-07-02,False,,no_edgar_ticker,
77790,11600,86316720,86316720,STRS,Q,2021-01-04,2025-12-31,True,885508,ticker,
77857,29554,68193610,68193610,OHI,N,2021-01-04,2025-12-31,True,888491,ticker,
77878,29553,50217510,50217510,LTC,N,2021-01-04,2025-12-31,True,887905,ticker,
77889,11691,33741H10,33741H10,FUNC,Q,2021-01-04,2025-12-31,True,763907,ticker,
77900,11705,12591930,12591930,CVU,A,2021-01-04,2025-12-31,True,889348,ticker,
77902,11706,16307210,16307210,CAKE,Q,2021-01-04,2025-12-31,True,887596,ticker,
77917,11713,00191U10,00191U10,ASGN,N,2021-01-04,2025-12-31,True,,no_edgar_ticker,
77918,11709,53700810,53700810,LFUS,Q,2021-01-04,2025-12-31,True,889331,ticker,
77973,4678,90460710,,,X,2021-01-04,2023-06-15,False,,no_edgar_ticker,
78003,11758,92534K10,,,X,2021-01-04,2024-10-08,False,,no_edgar_ticker,
78015,29610,60315810,60315810,MTX,N,2021-01-04,2025-12-31,True,891014,ticker,
78018,11764,21050210,21050210,CPSS,Q,2021-01-04,2025-12-31,True,889609,ticker,
78034,11778,70339510,,,X,2021-01-04,2025-04-17,False,,no_edgar_ticker,
78038,29602,75023610,75023610,RDN,N,2021-01-04,2025-12-31,True,890926,ticker,
78044,4685,90467720,90467720,UFI,N,2021-01-04,2025-12-31,True,100726,ticker,
78054,11789,74906310,,,X,2021-01-04,2023-02-09,False,,no_edgar_ticker,
78066,11795,63937X20,,,X,2021-01-04,2023-10-06,False,,no_edgar_ticker,
78071,11801,09091170,,,X,2021-01-04,2024-06-20,False,,no_edgar_ticker,
78077,29710,48282T10,48282T10,KAI,N,2021-01-04,2025-12-31,True,886346,ticker,
78081,11806,53220K50,53220K50,LGND,Q,2021-01-04,2025-12-31,True,886163,ticker,
78091,11807,40251W50,40251W50,GURE,Q,2021-01-04,2025-12-31,True,885462,ticker,
78137,11865,81190410,,,X,2021-01-04,2021-04-16,False,,no_edgar_ticker,
78156,11871,40425J10,,,X,2021-01-04,2021-04-01,False,,no_edgar_ticker,
78170,11857,78454L10,78454L10,SM,N,2021-01-04,2025-12-31,True,893538,ticker,
78189,11830,71415720,71415720,PESI,Q,2021-01-04,2025-12-31,True,891532,ticker,
78211,11862,91359V10,91359V10,UVE,N,2021-01-04,2025-12-31,True,891166,ticker,
78213,11879,90389910,90389910,ULBI,Q,2021-01-04,2025-12-31,True,875657,ticker,
78451,26284,68379710,68379710,OPY,N,2021-01-04,2025-12-31,True,791963,ticker,
78664,26127,88554D20,88554D20,DDD,N,2021-01-04,2025-12-31,True,910638,ticker,
78690,26126,24345A50,,,X,2021-01-04,2024-07-05,False,,no_edgar_ticker,
78693,4643,91034010,91034010,UFCS,Q,2021-01-04,2025-12-31,True,101199,ticker,
78749,4690,91057110,91057110,UG,Q,2021-01-04,2025-12-31,True,101295,ticker,
78756,11486,68752M10,68752M10,OFIX,Q,2021-01-04,2025-12-31,True,884624,ticker,
78829,4673,90278810,90278810,UMBF,Q,2021-01-04,2025-12-31,True,101382,ticker,
78836,11922,14068E20,14068E20,CAPS,Q,2021-01-04,2025-12-31,True,887151,ticker,
78840,11901,44891N20,44891N20,IAC,Q,2021-01-04,2025-12-31,True,,no_edgar_ticker,
78841,11923,91851C20,91851C20,EGY,N,2021-01-04,2025-12-31,True,894627,ticker,
78875,11946,97785W10,97785W10,WOLF,N,2021-01-04,2025-12-31,True,895419,ticker,
78876,11958,22890310,22890310,AORT,N,2021-01-04,2025-12-31,True,784199,ticker,
78892,11963,44949L10,,,X,2021-01-04,2021-10-05,False,,no_edgar_ticker,
78900,11980,63234710,63234710,NATH,Q,2021-01-04,2025-12-31,True,69733,ticker,
78903,11950,70978910,70978910,PEBO,Q,2021-01-04,2025-12-31,True,318300,ticker,
78908,11934,77451510,77451510,RCKY,Q,2021-01-04,2025-12-31,True,895456,ticker,
78915,11960,91348310,91348310,UEIC,Q,2021-01-04,2025-12-31,True,101984,ticker,
78927,29753,82981J85,82981J85,SITC,N,2021-01-04,2025-12-31,True,894315,ticker,
78947,29758,29472R10,29472R10,ELS,N,2021-01-04,2025-12-31,True,895417,ticker,
78950,12025,01131110,01131110,ALG,N,2021-01-04,2025-12-31,True,897077,ticker,
78955,12009,05367P10,,,X,2021-01-04,2023-11-07,False,,no_edgar_ticker,
78960,4715,91154910,91154910,UAMY,A,2021-01-04,2025-12-31,True,101538,ticker,
78963,12036,16861510,,,X,2021-01-04,2024-01-05,False,,no_edgar_ticker,
78975,12011,46120210,46120210,INTU,Q,2021-01-04,2025-12-31,True,896878,ticker,
78981,28858,51509810,51509810,LSTR,Q,2021-01-04,2025-12-31,True,853816,ticker,
78987,12027,59501710,59501710,MCHP,Q,2021-01-04,2025-12-31,True,827054,ticker,
78988,10238,42727E10,42727E10,HGBL,Q,2021-01-04,2025-12-31,True,849145,ticker,
79007,12015,82488910,82488910,SCVL,Q,2021-01-04,2025-12-31,True,,no_edgar_ticker,
79013,12038,86102510,86102510,SYBT,Q,2021-01-04,2025-12-31,True,835324,ticker,
79019,11981,90991110,90991110,UBCP,Q,2021-01-04,2025-12-31,True,731653,ticker,
79022,12005,10802T20,,,X,2021-01-04,2023-12-19,False,,no_edgar_ticker,
79026,27849,17148410,17148410,CHDN,Q,2021-01-04,2025-12-31,True,20212,ticker,
79033,29768,78659830,78659830,SGA,Q,2021-01-04,2025-12-31,True,886136,ticker,
79037,29780,29760210,29760210,ETD,N,2021-01-04,2025-12-31,True,896156,ticker,
79039,4722,91180530,91180530,USEG,Q,2021-01-04,2025-12-31,True,,no_edgar_ticker,
79066,29298,64361110,64361110,GBR,A,2021-01-04,2025-12-31,True,105744,ticker,
79072,12058,05945F10,05945F10,BANF,Q,2021-01-04,2025-12-31,True,760498,ticker,
79089,12074,34988V10,34988V10,FOSL,Q,2021-01-04,2025-12-31,True,883569,ticker,
79094,12108,46631310,46631310,JBL,N,2021-01-04,2025-12-31,True,898293,ticker,
79103,12097,67103H10,67103H10,ORLY,Q,2021-01-04,2025-12-31,True,898173,ticker,
79108,12083,80105610,80105610,SANM,Q,2021-01-04,2025-12-31,True,897723,ticker,
79116,12086,89609510,89609510,TCBK,Q,2021-01-04,2025-12-31,True,356171,ticker,
79129,29807,11282X10,,,X,2021-01-04,2021-07-27,False,,no_edgar_ticker,
79133,29805,03833610,03833610,ATR,N,2021-01-04,2025-12-31,True,896622,ticker,
79150,12119,03525510,03525510,ANIK,Q,2021-01-04,2025-12-31,True,898437,ticker,
79166,12139,37386510,37386510,GABC,Q,2021-01-04,2025-12-31,True,714395,ticker,
79198,12147,88830M10,88830M10,TWI,N,2021-01-04,2025-12-31,True,899751,ticker,
79210,29863,75935160,75935160,RGA,N,2021-01-04,2025-12-31,True,898174,ticker,
79233,29844,42194610,,,X,2021-01-04,2022-07-21,False,,no_edgar_ticker,
79238,29867,87546510,87546510,SKT,N,2021-01-04,2025-12-31,True,899715,ticker,
79248,12194,37253A10,37253A10,THRM,Q,2021-01-04,2025-12-31,True,903129,ticker,
79249,12197,06846310,06846310,BBSI,Q,2021-01-04,2025-12-31,True,902791,ticker,
79265,12214,30244510,,,X,2021-01-04,2021-05-14,False,,no_edgar_ticker,
79280,12178,45875130,45875130,LINK,Q,2021-01-04,2025-12-31,True,828146,ticker,
79299,12185,69881310,69881310,PZZA,Q,2021-01-04,2025-12-31,True,901491,ticker,
79322,29244,65655310,65655310,NSYS,Q,2021-01-04,2025-12-31,True,722313,ticker,
79323,29870,02000210,02000210,ALL,N,2021-01-04,2025-12-31,True,899051,ticker,
79338,7195,80874P10,,,X,2021-01-04,2025-11-13,False,,no_edgar_ticker,
79382,12289,74052F10,,,X,2021-01-04,2025-03-03,False,,no_edgar_ticker,
79444,29930,87484T10,87484T10,TALO,N,2021-01-04,2025-12-31,True,1724965,ticker,
79490,12346,35967810,35967810,FLL,Q,2021-01-04,2025-12-31,True,891482,ticker,
79491,12378,97425010,97425010,WINA,Q,2021-01-04,2025-12-31,True,908315,ticker,
79499,12347,45764220,45764220,INOD,Q,2021-01-04,2025-12-31,True,903651,ticker,
79507,12339,60902710,60902710,MCRI,Q,2021-01-04,2025-12-31,True,907242,ticker,
79545,29936,09972410,09972410,BWA,N,2021-01-04,2025-12-31,True,908255,ticker,
79558,29951,80439510,80439510,BFS,N,2021-01-04,2025-12-31,True,907254,ticker,
79571,12412,59100U10,59100U10,CASH,Q,2021-01-04,2025-12-31,True,907471,ticker,
79573,4721,91382130,91382130,UUU,A,2021-01-04,2025-12-31,True,102109,ticker,
79586,12390,35952310,35952310,FTEK,Q,2021-01-04,2025-12-31,True,846913,ticker,
79611,27626,62458010,62458010,MOV,N,2021-01-04,2025-12-31,True,72573,ticker,
79618,12384,75419810,75419810,RAVE,Q,2021-01-04,2025-12-31,True,718332,ticker,
79637,4655,91390310,91390310,UHS,N,2021-01-04,2025-12-31,True,352915,ticker,
79666,29969,87538X10,87538X10,TLF,Q,2021-01-04,2025-12-31,True,909724,ticker,
79668,29956,07745410,07745410,BDC,N,2021-01-04,2025-12-31,True,913142,ticker,
79678,12499,00507V10,,,X,2021-01-04,2023-10-13,False,,no_edgar_ticker,
79686,12484,24353710,24353710,DECK,N,2021-01-04,2025-12-31,True,910521,ticker,
79698,12457,36665110,36665110,IT,N,2021-01-04,2025-12-31,True,749251,ticker,
79702,12516,69607760,69607760,PTN,A,2021-01-04,2025-12-31,True,911216,ticker,
79731,12462,74727A10,74727A10,QCRH,Q,2021-01-04,2025-12-31,True,906465,ticker,
79734,12503,76939710,76939710,RVSB,Q,2021-01-04,2025-12-31,True,1041368,ticker,
79747,12461,04911A10,04911A10,AUB,N,2021-01-04,2025-12-31,True,883948,ticker,
79758,29992,10330410,10330410,BYD,N,2021-01-04,2025-12-31,True,906553,ticker,
79770,30004,52904340,52904340,LXP,N,2021-01-04,2025-12-31,True,910108,ticker,
79776,5705,91748810,91748810,UTMD,Q,2021-01-04,2025-12-31,True,706698,ticker,
79782,30011,75884910,75884910,REG,Q,2021-01-04,2025-12-31,True,910606,ticker,
79785,21242,62944T10,62944T10,NVR,N,2021-01-04,2025-12-31,True,906163,ticker,
79791,12557,15649210,15649210,CNTY,Q,2021-01-04,2025-12-31,True,911147,ticker,
79824,12525,32020R10,32020R10,FFIN,Q,2021-01-04,2025-12-31,True,36029,ticker,
79839,12539,46574110,46574110,ITRI,Q,2021-01-04,2025-12-31,True,780571,ticker,
79841,12577,34986A10,34986A10,FWRD,Q,2021-01-04,2025-12-31,True,912728,ticker,
79851,12561,68027710,68027710,OSBC,Q,2021-01-04,2025-12-31,True,357173,ticker,
79857,12530,70348110,70348110,PTEN,Q,2021-01-04,2025-12-31,True,889900,ticker,
79859,12608,64944540,64944540,FLG,N,2021-01-04,2025-12-31,True,910073,ticker,
79862,12541,37468910,37468910,ROCK,Q,2021-01-04,2025-12-31,True,912562,ticker,
79864,5653,91828410,91828410,VSEC,Q,2021-01-04,2025-12-31,True,102752,ticker,
79866,12574,80688210,,,X,2021-01-04,2025-07-11,False,,no_edgar_ticker,
79878,12553,90278Q10,90278Q10,UFPI,Q,2021-01-04,2025-12-31,True,912767,ticker,
79879,12583,92555010,92555010,VIAV,Q,2021-01-04,2025-12-31,True,912093,ticker,
79881,12546,91704710,91704710,URBN,Q,2021-01-04,2025-12-31,True,912615,ticker,
79885,12618,92935810,,,X,2021-01-04,2022-06-13,False,,no_edgar_ticker,
79903,30030,41619620,41619620,HHS,Q,2021-01-04,2025-12-31,True,45919,ticker,
79906,30033,45337C10,45337C10,INCY,Q,2021-01-04,2025-12-31,True,879169,ticker,
79909,30036,55305B10,55305B10,MHO,N,2021-01-04,2025-12-31,True,799292,ticker,
80014,12702,12564W10,12564W10,CMCT,Q,2021-01-04,2025-12-31,True,908311,ticker,
80034,12669,55626910,55626910,SHOO,Q,2021-01-04,2025-12-31,True,913241,ticker,
80050,12706,90267310,90267310,UFPT,Q,2021-01-04,2025-12-31,True,914156,ticker,
80054,12740,58470H10,58470H10,MED,N,2021-01-04,2025-12-31,True,910329,ticker,
80069,12204,04280A10,04280A10,ARWR,Q,2021-01-04,2025-12-31,True,879407,ticker,
80072,4818,91979410,91979410,VLY,Q,2021-01-04,2025-12-31,True,714310,ticker,
80080,30070,27743210,27743210,EMN,N,2021-01-04,2025-12-31,True,915389,ticker,
80100,30086,82880610,82880610,SPG,N,2021-01-04,2025-12-31,True,1063761,ticker,
80102,30087,86667410,86667410,SUI,N,2021-01-04,2025-12-31,True,912593,ticker,
80114,12793,85809820,,,X,2021-01-04,2025-01-03,False,,no_edgar_ticker,
80128,4761,92025310,92025310,VMI,N,2021-01-04,2025-12-31,True,102729,ticker,
80167,12569,40521710,40521710,HAIN,Q,2021-01-04,2025-12-31,True,910406,ticker,
80168,28392,31314810,31314810,AGM,N,2021-01-04,2025-12-31,True,845877,ticker,
80169,28392,31314830,31314830,AGM,N,2021-01-04,2025-12-31,True,845877,ticker,
80179,5974,92043710,92043710,VALU,Q,2021-01-04,2025-12-31,True,717720,ticker,
80183,30104,59522J10,59522J10,MAA,N,2021-01-04,2025-12-31,True,912595,ticker,
80185,30106,72749310,,,X,2021-01-04,2022-08-29,False,,no_edgar_ticker,
80191,30249,01265310,01265310,ALB,N,2021-01-04,2025-12-31,True,915913,ticker,
80193,30251,07556Q88,07556Q88,BZH,N,2021-01-04,2025-12-31,True,915840,ticker,
80204,30260,57328410,57328410,MLM,N,2021-01-04,2025-12-31,True,916076,ticker,
80210,30265,75490710,75490710,RYN,N,2021-01-04,2025-12-31,True,52827,ticker,
80223,12848,10111910,,,X,2021-01-04,2021-07-01,False,,no_edgar_ticker,
80233,12843,23426410,23426410,DAKT,Q,2021-01-04,2025-12-31,True,915779,ticker,
80236,12846,23332B10,,,X,2021-01-04,2021-12-03,False,,no_edgar_ticker,
80274,12835,82661L10,,,X,2021-01-04,2025-07-28,False,,no_edgar_ticker,
80286,12863,89235610,89235610,TSCO,Q,2021-01-04,2025-12-31,True,916365,ticker,
80294,26503,74955L10,74955L10,RGCO,Q,2021-01-04,2025-12-31,True,1069533,ticker,
80306,12902,09058V10,09058V10,BCRX,Q,2021-01-04,2025-12-31,True,882796,ticker,
80320,12926,21720410,21720410,CPRT,Q,2021-01-04,2025-12-31,True,900075,ticker,
80336,12951,51504L10,51504L10,LARK,Q,2021-01-04,2025-12-31,True,1141688,ticker,
80341,12938,62007110,62007110,MPAA,Q,2021-01-04,2025-12-31,True,918251,ticker,
80343,12917,62933710,62933710,NNBR,Q,2021-01-04,2025-12-31,True,918541,ticker,
80362,12933,80603710,80603710,SCSC,Q,2021-01-04,2025-12-31,True,918965,ticker,
80375,12908,68162K10,68162K10,ZEUS,Q,2021-01-04,2025-12-31,True,,no_edgar_ticker,
80381,30345,05348410,05348410,AVB,N,2021-01-04,2025-12-31,True,915912,ticker,
80399,30362,55438210,55438210,MAC,N,2021-01-04,2025-12-31,True,912242,ticker,
80412,30378,00849210,00849210,ADC,N,2021-01-04,2025-12-31,True,917251,ticker,
80415,30381,26969P10,26969P10,EXP,N,2021-01-04,2025-12-31,True,918646,ticker,
80432,13001,02553E10,02553E10,AEO,N,2021-01-04,2025-12-31,True,919012,ticker,
80478,12994,84338010,84338010,SMBC,Q,2021-01-04,2025-12-31,True,916907,ticker,
80498,13092,03076K10,03076K10,ABCB,N,2021-01-04,2025-12-31,True,351569,ticker,
80534,13087,87165510,87165510,SYPR,Q,2021-01-04,2025-12-31,True,864240,ticker,
80539,13036,64026830,64026830,NKTR,Q,2021-01-04,2025-12-31,True,906709,ticker,
80563,13115,70756910,70756910,PENN,Q,2021-01-04,2025-12-31,True,921738,ticker,
80575,13114,82907310,82907310,SSD,N,2021-01-04,2025-12-31,True,920371,ticker,
80577,13099,04216R10,04216R10,ARMP,A,2021-01-04,2025-12-31,True,921114,ticker,
80633,13187,40424G10,,,X,2021-01-04,2024-10-10,False,,no_edgar_ticker,
80640,13125,50345960,,,X,2021-01-04,2022-08-22,False,,no_edgar_ticker,
80681,30421,29717810,29717810,ESS,N,2021-01-04,2025-12-31,True,920522,ticker,
80683,30423,32054K10,32054K10,FR,N,2021-01-04,2025-12-31,True,921825,ticker,
80688,30427,43128410,43128410,HIW,N,2021-01-04,2025-12-31,True,921082,ticker,
80711,30438,03748R74,03748R74,AIV,N,2021-01-04,2025-12-31,True,922864,ticker,
80719,30446,39365710,39365710,GBX,N,2021-01-04,2025-12-31,True,923120,ticker,
80759,13210,57712810,57712810,MATW,Q,2021-01-04,2025-12-31,True,63296,ticker,
80774,13225,36162J10,36162J10,GEO,N,2021-01-04,2025-12-31,True,923796,ticker,
80779,30458,55448910,55448910,VRE,N,2021-01-04,2025-12-31,True,,no_edgar_ticker,
80791,13252,00486H10,00486H10,ADTN,Q,2021-01-04,2025-12-31,True,926282,ticker,
80795,13269,02343610,,,X,2021-01-04,2025-08-15,False,,no_edgar_ticker,
80812,13276,29268T50,29268T50,EFOI,Q,2021-01-04,2025-12-31,True,924168,ticker,
80828,13240,60055120,60055120,MLR,N,2021-01-04,2025-12-31,True,924822,ticker,
80837,13294,70336F20,70336F20,PNBK,Q,2021-01-04,2025-12-31,True,1098146,ticker,
80857,4815,92710740,92710740,VLGEA,Q,2021-01-04,2025-12-31,True,103595,ticker,
80864,30474,75950910,75950910,RS,N,2021-01-04,2025-12-31,True,861884,ticker,
80912,27333,23936010,23936010,DWSN,Q,2021-01-04,2025-12-31,True,799165,ticker,
80924,13304,82993310,82993310,SIRI,Q,2021-01-04,2025-12-31,True,908937,ticker,
80926,13311,13123X50,,,X,2021-01-04,2024-04-01,False,,no_edgar_ticker,
80928,13300,23726610,23726610,DAR,N,2021-01-04,2025-12-31,True,916540,ticker,
80951,13338,87238610,,,X,2021-01-04,2023-07-17,False,,no_edgar_ticker,
80955,13302,96913610,96913610,WVVI,Q,2021-01-04,2025-12-31,True,838875,ticker,
80957,13398,04532710,,,X,2021-01-04,2022-05-17,False,,no_edgar_ticker,
80960,13396,14687560,,,X,2021-01-04,2025-12-08,False,,no_edgar_ticker,
80969,13402,22284P10,22284P10,CVLG,N,2021-01-04,2025-12-31,True,928658,ticker,
81021,13346,90338N20,,,X,2021-01-04,2023-07-03,False,,no_edgar_ticker,
81045,30500,75610910,75610910,O,N,2021-01-04,2025-12-31,True,726728,ticker,
81055,30513,14040H10,14040H10,COF,N,2021-01-04,2025-12-31,True,927628,ticker,
81061,30521,58155Q10,58155Q10,MCK,N,2021-01-04,2025-12-31,True,927653,ticker,
81073,30020,02358610,02358610,UHAL,N,2021-01-04,2025-12-31,True,4457,ticker,
81084,13407,44414410,44414410,HDSN,Q,2021-01-04,2025-12-31,True,925528,ticker,
81087,13449,20676Y40,,,X,2021-01-04,2021-12-31,False,,no_edgar_ticker,
81095,13413,66734010,66734010,NWBI,Q,2021-01-04,2025-12-31,True,1471265,ticker,
81116,13447,92241710,92241710,VECO,Q,2021-01-04,2025-12-31,True,103145,ticker,
81124,1519,29108720,29108720,MSN,A,2021-01-04,2025-12-31,True,32621,ticker,
81165,13487,60256630,60256630,MIND,Q,2021-01-04,2025-12-31,True,926423,ticker,
81182,13273,13811E10,13811E10,CPHC,Q,2021-01-04,2025-12-31,True,1672909,ticker,
81184,13466,91383710,,,X,2021-01-04,2025-01-23,False,,no_edgar_ticker,
81190,4825,92870310,,,X,2021-01-04,2022-04-26,False,,no_edgar_ticker,
81220,13521,45765U10,45765U10,NSIT,Q,2021-01-04,2025-12-31,True,932696,ticker,
81222,13524,76009N10,76009N10,UPBD,Q,2021-01-04,2025-12-31,True,933036,ticker,
81225,13536,80687020,,,X,2021-01-04,2023-01-17,False,,no_edgar_ticker,
81241,13539,11434010,11434010,AZTA,Q,2021-01-04,2025-12-31,True,933974,ticker,
81254,12949,86189610,86189610,SNEX,Q,2021-01-04,2025-12-31,True,913760,ticker,
81278,13585,86311110,86311110,STRT,Q,2021-01-04,2025-12-31,True,933034,ticker,
81282,13587,00449810,00449810,ACIW,Q,2021-01-04,2025-12-31,True,935036,ticker,
81294,4881,92923610,92923610,WDFC,Q,2021-01-04,2025-12-31,True,105132,ticker,
81481,13603,25674610,25674610,DLTR,Q,2021-01-04,2025-12-31,True,935703,ticker,
81501,13617,63651810,,,X,2021-01-04,2023-10-11,False,,no_edgar_ticker,
81527,30875,85256A10,85256A10,STGW,Q,2021-01-04,2025-12-31,True,876883,ticker,
81540,13650,03073E10,03073E10,COR,N,2021-01-04,2025-12-31,True,1140859,ticker,
81560,13662,40108P10,,,X,2021-01-04,2022-04-01,False,,no_edgar_ticker,
81577,5679,93882410,93882410,WAFD,Q,2021-01-04,2025-12-31,True,936528,ticker,
81584,13695,12480510,12480510,CBZ,N,2021-01-04,2025-12-31,True,944148,ticker,
81588,13682,87402810,,,X,2021-01-04,2025-12-04,False,,no_edgar_ticker,
81593,5849,62482R10,,,X,2021-01-04,2025-10-01,False,,no_edgar_ticker,
81621,13739,41316010,41316010,HLIT,Q,2021-01-04,2025-12-31,True,851310,ticker,
81624,13710,05330610,,,X,2021-01-04,2022-12-30,False,,no_edgar_ticker,
81655,30886,23719410,23719410,DRI,N,2021-01-04,2025-12-31,True,940944,ticker,
81665,30897,37892E10,37892E10,GIC,N,2021-01-04,2025-12-31,True,945114,ticker,
81666,30898,41987910,,,X,2021-01-04,2024-09-18,False,,no_edgar_ticker,
81675,30909,53223X10,,,X,2021-01-04,2023-07-20,False,,no_edgar_ticker,
81677,30913,92974010,92974010,WAB,N,2021-01-04,2025-12-31,True,943452,ticker,
81678,27454,53390010,53390010,LECO,Q,2021-01-04,2025-12-31,True,59527,ticker,
81696,13790,25470M10,,,X,2021-01-04,2024-01-02,False,,no_edgar_ticker,
81728,13796,63888P40,63888P40,NHTC,Q,2021-01-04,2025-12-31,True,912061,ticker,
81736,13753,76115210,76115210,RMD,N,2021-01-04,2025-12-31,True,943819,ticker,
81740,13758,82924210,82924210,SBGI,Q,2021-01-04,2025-12-31,True,1971213,ticker,
81741,13759,83368E20,83368E20,SCKT,Q,2021-01-04,2025-12-31,True,944075,ticker,
81761,13783,67443430,67443430,TWAV,Q,2021-01-04,2025-12-31,True,746210,ticker,
81774,20763,35671D85,35671D85,FCX,N,2021-01-04,2025-12-31,True,831259,ticker,
81869,13876,36227K20,,,X,2021-01-04,2024-11-01,False,,no_edgar_ticker,
81893,13852,94676010,94676010,CLMB,Q,2021-01-04,2025-12-31,True,945983,ticker,
82107,2253,95709010,95709010,WABC,Q,2021-01-04,2025-12-31,True,311094,ticker,
82156,13915,97382D60,,,X,2021-01-04,2025-08-21,False,,no_edgar_ticker,
82163,13934,00547W30,,,X,2021-01-04,2024-02-07,False,,no_edgar_ticker,
82171,13913,02341Q20,02341Q20,DIT,A,2021-01-04,2025-12-31,True,928465,ticker,
82179,13943,45798520,45798520,IART,Q,2021-01-04,2025-12-31,True,917520,ticker,
82212,13938,49373210,49373210,KFRC,N,2021-01-04,2025-12-31,True,930420,ticker,
82213,13912,75807540,75807540,RWT,N,2021-01-04,2025-12-31,True,930236,ticker,
82215,13950,29405E50,29405E50,ENVB,Q,2021-01-04,2025-12-31,True,890821,ticker,
82234,30943,30246210,,,X,2021-01-04,2024-03-01,False,,no_edgar_ticker,
82251,13966,05047310,05047310,AUBN,Q,2021-01-04,2025-12-31,True,750574,ticker,
82272,13979,58502B10,58502B10,MD,N,2021-01-04,2025-12-31,True,893949,ticker,
82279,3659,81707050,81707050,SENEA,Q,2021-01-04,2025-12-31,True,88948,ticker,
82281,13978,83215440,83215440,SMSI,Q,2021-01-04,2025-12-31,True,948708,ticker,
82292,30958,41086710,41086710,THG,N,2021-01-04,2025-12-31,True,944695,ticker,
82307,30975,23918K10,23918K10,DVA,N,2021-01-04,2025-12-31,True,927066,ticker,
82486,14013,29530P10,29530P10,ERIE,Q,2021-01-04,2025-12-31,True,922621,ticker,
82508,14031,62855J10,62855J10,MYGN,Q,2021-01-04,2025-12-31,True,899923,ticker,
82515,14046,73278L10,73278L10,POOL,Q,2021-01-04,2025-12-31,True,945841,ticker,
82518,14049,74934Q10,74934Q10,RICK,Q,2021-01-04,2025-12-31,True,935419,ticker,
82526,14043,00446850,00446850,ACHV,Q,2021-01-04,2025-12-31,True,949858,ticker,
82542,27456,16150R10,,,X,2021-01-04,2023-11-15,False,,no_edgar_ticker,
82547,14143,00797310,00797310,AEIS,Q,2021-01-04,2025-12-31,True,927003,ticker,
82567,14092,68375N10,68375N10,OPK,Q,2021-01-04,2025-12-31,True,944809,ticker,
82573,14157,34387310,34387310,FFIC,Q,2021-01-04,2025-12-31,True,,no_edgar_ticker,
82575,14091,06652V20,06652V20,BANR,Q,2021-01-04,2025-12-31,True,946673,ticker,
82581,14098,80640710,80640710,HSIC,Q,2021-01-04,2025-12-31,True,1000228,ticker,
82587,14161,46114810,,,X,2021-01-04,2025-03-31,False,,no_edgar_ticker,
82598,14152,64110D10,64110D10,NTAP,Q,2021-01-04,2025-12-31,True,1002047,ticker,
82599,14175,66774610,66774610,NWPX,Q,2021-01-04,2025-12-31,True,1001385,ticker,
82621,14097,59935P20,59935P20,MLSS,A,2021-01-04,2025-12-31,True,855683,ticker,
82634,31190,10055710,10055710,SAM,N,2021-01-04,2025-12-31,True,949870,ticker,
82639,31194,45254P50,,,X,2021-01-04,2023-04-27,False,,no_edgar_ticker,
82642,31196,51843910,51843910,EL,N,2021-01-04,2025-12-31,True,1001250,ticker,
82649,31205,80854110,80854110,MATV,N,2021-01-04,2025-12-31,True,1000623,ticker,
82651,31208,94184810,94184810,WAT,N,2021-01-04,2025-12-31,True,1000697,ticker,
82656,13987,21867A10,21867A10,CLB,N,2021-01-04,2025-12-31,True,1958086,ticker,
82670,14232,88322Q10,88322Q10,TGTX,Q,2021-01-04,2025-12-31,True,1001316,ticker,
82686,14201,17737610,,,X,2021-01-04,2022-09-30,False,,no_edgar_ticker,
82694,14268,29084Q10,29084Q10,EME,N,2021-01-04,2025-12-31,True,105634,ticker,
82702,14243,03168L10,03168L10,AMRX,Q,2021-01-04,2025-12-31,True,1723128,ticker,
82745,14221,83215610,83215610,SMID,Q,2021-01-04,2025-12-31,True,924719,ticker,
82747,14258,04648430,04648430,ASTC,Q,2021-01-04,2025-12-31,True,1001907,ticker,
82759,14205,67020Y10,,,X,2021-01-04,2022-03-04,False,,no_edgar_ticker,
82768,31377,09369810,,,X,2021-01-04,2022-06-27,False,,no_edgar_ticker,
82775,31386,41651510,41651510,HIG,N,2021-01-04,2025-12-31,True,874766,ticker,
82777,31388,55353010,55353010,MSM,N,2021-01-04,2025-12-31,True,1003078,ticker,
82779,31389,67000240,67000240,NVAX,Q,2021-01-04,2025-12-31,True,1000694,ticker,
82800,31574,84265V10,84265V10,SCCO,N,2021-01-04,2025-12-31,True,1001838,ticker,
82812,14283,11144470,11144470,BYFC,Q,2021-01-04,2025-12-31,True,1001171,ticker,
82824,14310,00445F10,,,X,2021-01-04,2023-08-22,False,,no_edgar_ticker,
82848,14293,88831470,,,X,2021-01-04,2025-10-02,False,,no_edgar_ticker,
82859,23373,76152560,,,X,2021-01-04,2022-10-21,False,,no_edgar_ticker,
82924,4922,96822320,96822320,WLY,N,2021-01-04,2025-12-31,True,107140,ticker,
82932,4922,96822330,96822330,WLYB,N,2021-01-04,2025-12-31,True,107140,ticker,
83011,6149,96990410,96990410,WSM,N,2021-01-04,2025-12-31,True,719955,ticker,
83111,14394,01535110,,,X,2021-01-04,2021-07-21,False,,no_edgar_ticker,
83112,14382,03416410,03416410,ANDE,Q,2021-01-04,2025-12-31,True,821026,ticker,
83120,14387,19933310,19933310,CMCO,Q,2021-01-04,2025-12-31,True,1005229,ticker,
83124,14393,12634910,12634910,CSGS,Q,2021-01-04,2025-12-31,True,,no_edgar_ticker,
83143,14330,46284V10,46284V10,IRM,N,2021-01-04,2025-12-31,True,1020569,ticker,
83145,14377,46268410,46268410,IRIX,Q,2021-01-04,2025-12-31,True,1006045,ticker,
83148,14374,51476610,51476610,LFCR,Q,2021-01-04,2025-12-31,True,1005286,ticker,
83149,14385,53225780,53225780,LPTH,Q,2021-01-04,2025-12-31,True,889971,ticker,
83155,14355,67771910,67771910,OVBC,Q,2021-01-04,2025-12-31,True,894671,ticker,
83233,27374,39762410,39762410,GEF,N,2021-01-04,2025-12-31,True,43920,ticker,
83244,14479,15643110,15643110,CENX,Q,2021-01-04,2025-12-31,True,949157,ticker,
83264,27374,39762420,39762420,GEF,N,2021-01-04,2025-12-31,True,43920,ticker,
83272,14427,44332010,44332010,HUBG,Q,2021-01-04,2025-12-31,True,940942,ticker,
83303,14398,78493310,78493310,SGRP,Q,2021-01-04,2025-12-31,True,1004989,ticker,
83304,14470,69357C50,,,X,2021-01-04,2021-03-04,False,,no_edgar_ticker,
83382,14568,89869720,89869720,TCX,Q,2021-01-04,2025-12-31,True,909494,ticker,
83390,14494,48273810,48273810,KVHI,Q,2021-01-04,2025-12-31,True,1007587,ticker,
83391,14535,86323X20,,,X,2021-01-04,2025-08-12,False,,no_edgar_ticker,
83399,14498,68382720,68382720,OCC,Q,2021-01-04,2025-12-31,True,1000230,ticker,
83411,14518,30049A10,30049A10,EPM,A,2021-01-04,2025-12-31,True,1006655,ticker,
83414,14531,80036310,,,X,2021-01-04,2025-04-01,False,,no_edgar_ticker,
83422,14572,87123710,,,X,2021-01-04,2021-08-27,False,,no_edgar_ticker,
83443,540,08467070,08467070,BRK,N,2021-01-04,2025-12-31,True,,no_edgar_ticker,
83462,31647,89989610,,,X,2021-01-04,2024-09-17,False,,no_edgar_ticker,
83469,14661,04311320,04311320,ARTNA,Q,2021-01-04,2025-12-31,True,863110,ticker,
83509,14602,30294110,30294110,FCN,N,2021-01-04,2025-12-31,True,887936,ticker,
83520,14582,47012E40,47012E40,JAKK,Q,2021-01-04,2025-12-31,True,1009829,ticker,
83534,14659,64125C10,64125C10,NBIX,Q,2021-01-04,2025-12-31,True,914475,ticker,
83547,14633,74050M10,,,X,2021-01-04,2021-09-20,False,,no_edgar_ticker,
83565,14648,58392810,58392810,MFIN,Q,2021-01-04,2025-12-31,True,1000209,ticker,
83577,14456,88583P20,88583P20,SCWO,Q,2021-01-04,2025-12-31,True,933972,ticker,
83597,31661,30307510,30307510,FDS,N,2021-01-04,2025-12-31,True,1013237,ticker,
83601,5009,98181110,98181110,WOR,N,2021-01-04,2025-12-31,True,108516,ticker,
83621,14744,03662Q10,,,X,2021-01-04,2025-07-17,False,,no_edgar_ticker,
83642,14751,20786W10,20786W10,CNOB,Q,2021-01-04,2025-12-31,True,712771,ticker,
83651,14715,G1933S10,G1933S10,CASI,Q,2021-01-04,2025-12-31,True,,no_edgar_ticker,
83671,14722,89785X10,89785X10,TBI,N,2021-01-04,2025-12-31,True,768899,ticker,
83683,14778,74386810,74386810,PROV,Q,2021-01-04,2025-12-31,True,1010470,ticker,
83690,14705,78184630,78184630,RUSHB,Q,2021-01-04,2025-12-31,True,1012019,ticker,
83720,31689,30239F10,,,X,2021-01-04,2021-05-26,False,,no_edgar_ticker,
83734,14858,96823520,,,X,2021-01-04,2024-12-30,False,,no_edgar_ticker,
83738,14781,14808P10,14808P10,CASS,Q,2021-01-04,2025-12-31,True,708781,ticker,
83756,14859,37416310,37416310,GERN,Q,2021-01-04,2025-12-31,True,886744,ticker,
83762,14093,00901B30,00901B30,AIM,A,2021-01-04,2025-12-31,True,946644,ticker,
83774,14795,67523410,67523410,OCFC,Q,2021-01-04,2025-12-31,True,1004702,ticker,
83779,14828,70557310,70557310,PEGA,Q,2021-01-04,2025-12-31,True,1013857,ticker,
83799,14838,86272C10,86272C10,STRA,Q,2021-01-04,2025-12-31,True,1013934,ticker,
83815,14762,25392210,,,X,2021-01-04,2021-02-01,False,,no_edgar_ticker,
83822,31710,40161710,40161710,GES,N,2021-01-04,2025-12-31,True,,no_edgar_ticker,
83827,31714,55315D10,,,X,2021-01-04,2021-08-13,False,,no_edgar_ticker,
83840,14880,00902F40,00902F40,AIMD,Q,2021-01-04,2025-12-31,True,1014763,ticker,
83844,14889,05453N10,05453N10,AWRE,Q,2021-01-04,2025-12-31,True,1015739,ticker,
83856,14888,14390510,14390510,CSV,N,2021-01-04,2025-12-31,True,1016281,ticker,
83879,14873,51281610,51281610,LAMR,Q,2021-01-04,2025-12-31,True,1090425,ticker,
83883,14905,68404L20,68404L20,OPCH,Q,2021-01-04,2025-12-31,True,1014739,ticker,
83885,14931,59496030,59496030,MVIS,Q,2021-01-04,2025-12-31,True,65770,ticker,
83906,14927,85891210,,,X,2021-01-04,2024-11-04,False,,no_edgar_ticker,
83910,14923,89291810,89291810,TACT,Q,2021-01-04,2025-12-31,True,1017303,ticker,
83916,14863,89854H10,89854H10,TTEC,Q,2021-01-04,2025-12-31,True,1013880,ticker,
83950,14977,84763A10,,,X,2021-01-04,2023-08-01,False,,no_edgar_ticker,
83969,14958,97064610,97064610,WLFC,Q,2021-01-04,2025-12-31,True,1018164,ticker,
83976,22200,00289620,00289620,ANF,N,2021-01-04,2025-12-31,True,1018840,ticker,
83989,1908,38937510,38937510,GTN,N,2021-01-04,2025-12-31,True,43196,ticker,
84007,14969,67574660,67574660,ONIT,N,2021-01-04,2025-12-31,True,873860,ticker,
84010,14845,90328M10,90328M10,USNA,N,2021-01-04,2025-12-31,True,896264,ticker,
84026,31764,26017410,,,X,2021-01-04,2021-12-22,False,,no_edgar_ticker,
84032,31769,62955J10,62955J10,NOV,N,2021-01-04,2025-12-31,True,1021860,ticker,
84041,31779,89681810,,,X,2021-01-04,2025-07-25,False,,no_edgar_ticker,
84042,31780,70959W10,70959W10,PAG,N,2021-01-04,2025-12-31,True,1019849,ticker,
84062,15025,09180C10,09180C10,BJRI,Q,2021-01-04,2025-12-31,True,1013488,ticker,
84084,15037,42856710,,,X,2021-01-04,2024-07-25,False,,no_edgar_ticker,
84129,5057,98970110,98970110,ZION,Q,2021-01-04,2025-12-31,True,109380,ticker,
84172,31802,67018T10,67018T10,NUS,N,2021-01-04,2025-12-31,True,1021561,ticker,
84176,31806,81105440,81105440,SSP,Q,2021-01-04,2025-12-31,True,832428,ticker,
84184,15158,00430H20,,,X,2021-01-04,2025-05-15,False,,no_edgar_ticker,
84185,15135,29976620,,,X,2021-01-04,2022-12-27,False,,no_edgar_ticker,
84203,15061,05551A10,,,X,2021-01-04,2022-09-28,False,,no_edgar_ticker,
84210,15190,34656310,34656310,FORR,Q,2021-01-04,2025-12-31,True,1023313,ticker,
84215,15152,20415710,,,X,2021-01-04,2024-04-01,False,,no_edgar_ticker,
84234,15147,29426810,29426810,PLUS,Q,2021-01-04,2025-12-31,True,1022408,ticker,
84255,15114,81169940,,,X,2021-01-04,2023-08-28,False,,no_edgar_ticker,
84262,15171,85811910,85811910,STLD,Q,2021-01-04,2025-12-31,True,1022671,ticker,
84275,15108,91116310,91116310,UNFI,N,2021-01-04,2025-12-31,True,1020859,ticker,
84302,15236,09175M80,09175M80,GPUS,A,2021-01-04,2025-12-31,True,896493,ticker,
84319,15243,53679710,53679710,LAD,N,2021-01-04,2025-12-31,True,1023128,ticker,
84321,15244,74365N30,74365N30,PTIX,Q,2021-01-04,2025-12-31,True,1022899,ticker,
84348,15199,92552V10,92552V10,VSAT,Q,2021-01-04,2025-12-31,True,797721,ticker,
84372,31832,62886E10,62886E10,VYX,N,2021-01-04,2025-12-31,True,70866,ticker,
84373,31838,74834L10,74834L10,DGX,N,2021-01-04,2025-12-31,True,1022079,ticker,
84375,31841,88034910,,,X,2021-01-04,2022-11-17,False,,no_edgar_ticker,
84381,31847,77390310,77390310,ROK,N,2021-01-04,2025-12-31,True,1024478,ticker,
84385,31890,45778Q10,45778Q10,NSP,N,2021-01-04,2025-12-31,True,1000753,ticker,
84387,31894,21868310,21868310,CMT,A,2021-01-04,2025-12-31,True,1026655,ticker,
84389,31896,84472E10,84472E10,SSB,N,2021-01-04,2025-12-31,True,764038,ticker,
84392,31899,49427F10,49427F10,KRC,N,2021-01-04,2025-12-31,True,1025996,ticker,
84397,31907,91329010,91329010,UNTY,Q,2021-01-04,2025-12-31,True,920427,ticker,
84403,27497,98074510,98074510,WWD,Q,2021-01-04,2025-12-31,True,108312,ticker,
84411,15276,22889510,22889510,CCEL,A,2021-01-04,2025-12-31,True,862692,ticker,
84413,15306,15708510,15708510,CERS,Q,2021-01-04,2025-12-31,True,1020214,ticker,
84438,15267,42328H10,42328H10,HLIO,N,2021-01-04,2025-12-31,True,1024795,ticker,
84511,15314,92346J10,92346J10,VCEL,Q,2021-01-04,2025-12-31,True,887359,ticker,
84516,15307,13967410,13967410,CCBG,Q,2021-01-04,2025-12-31,True,726601,ticker,
84519,15321,17177930,17177930,CIEN,N,2021-01-04,2025-12-31,True,936395,ticker,
84563,15339,82704810,82704810,SLGN,N,2021-01-04,2025-12-31,True,849869,ticker,
84588,31933,91879Q10,91879Q10,MTN,N,2021-01-04,2025-12-31,True,812011,ticker,
84604,15401,12648L60,,,X,2021-01-04,2023-06-26,False,,no_edgar_ticker,
84606,15376,29873610,29873610,EEFT,Q,2021-01-04,2025-12-31,True,1029199,ticker,
84607,15374,29084640,,,X,2021-01-04,2025-03-03,False,,no_edgar_ticker,
84636,15385,97650W10,97650W10,WTFC,Q,2021-01-04,2025-12-31,True,1015328,ticker,
84656,31946,05280010,05280010,ALV,N,2021-01-04,2025-12-31,True,1034670,ticker,
84723,15434,16411R20,16411R20,LNG,N,2021-01-04,2025-12-31,True,3570,ticker,
84725,15450,19202510,,,X,2021-01-04,2024-07-01,False,,no_edgar_ticker,
84734,15454,33793070,,,X,2021-01-04,2022-12-01,False,,no_edgar_ticker,
84737,15423,40230710,40230710,GIFI,Q,2021-01-04,2025-12-31,True,,no_edgar_ticker,
84757,15441,09060C50,09060C50,BKYI,Q,2021-01-04,2025-12-31,True,1019034,ticker,
84761,15436,87405410,87405410,TTWO,Q,2021-01-04,2025-12-31,True,946581,ticker,
84767,31965,01527110,01527110,ARE,N,2021-01-04,2025-12-31,True,1035443,ticker,
84769,31967,03209510,03209510,APH,N,2021-01-04,2025-12-31,True,820313,ticker,
84780,31979,49890420,,,X,2021-01-04,2021-07-19,False,,no_edgar_ticker,
84788,15473,02313510,02313510,AMZN,Q,2021-01-04,2025-12-31,True,1018724,ticker,
84819,15483,82001440,82001440,SBET,Q,2021-01-04,2025-12-31,True,1981535,ticker,
84825,15490,70319R10,70319R10,PBHC,Q,2021-01-04,2025-12-31,True,1609065,ticker,
84827,15471,75091710,75091710,RMBS,Q,2021-01-04,2025-12-31,True,917273,ticker,
85002,15507,80360710,80360710,SRPT,Q,2021-01-04,2025-12-31,True,873303,ticker,
85013,15529,46114710,46114710,INTT,A,2021-01-04,2025-12-31,True,1036262,ticker,
85020,15547,69478X10,,,X,2021-01-04,2025-09-02,False,,no_edgar_ticker,
85035,15506,74736K10,74736K10,QRVO,Q,2021-01-04,2025-12-31,True,1604778,ticker,
85040,15534,82921410,82921410,SLP,Q,2021-01-04,2025-12-31,True,1023459,ticker,
85058,31991,10112110,10112110,BXP,N,2021-01-04,2025-12-31,True,1037540,ticker,
85059,31994,19990810,19990810,FIX,N,2021-01-04,2025-12-31,True,1035983,ticker,
85067,32004,57793310,57793310,MMS,N,2021-01-04,2025-12-31,True,1032220,ticker,
85072,32009,75121210,75121210,RL,N,2021-01-04,2025-12-31,True,1037038,ticker,
85077,32014,85569C10,,,X,2021-01-04,2024-01-05,False,,no_edgar_ticker,
85082,32019,27727610,27727610,EGP,N,2021-01-04,2025-12-31,True,49600,ticker,
85168,15563,42330P10,42330P10,HLX,N,2021-01-04,2025-12-31,True,866829,ticker,
85176,15568,23337740,23337740,DXPE,Q,2021-01-04,2025-12-31,True,1020710,ticker,
85177,15567,28291410,28291410,EGHT,Q,2021-01-04,2025-12-31,True,1023731,ticker,
85187,15560,42805E30,,,X,2021-01-04,2023-06-13,False,,no_edgar_ticker,
85198,15596,06417N10,06417N10,OZK,Q,2021-01-04,2025-12-31,True,1569650,ticker,
85205,15580,74345W20,74345W20,PRPH,Q,2021-01-04,2025-12-31,True,868278,ticker,
85234,32025,21871N10,21871N10,CXW,N,2021-01-04,2025-12-31,True,1070985,ticker,
85246,32039,48020Q10,48020Q10,JLL,N,2021-01-04,2025-12-31,True,1037976,ticker,
85257,32054,03110010,03110010,AME,N,2021-01-04,2025-12-31,True,1037868,ticker,
85265,32062,78440X88,78440X88,SLG,N,2021-01-04,2025-12-31,True,1040971,ticker,
85269,32066,91913Y10,91913Y10,VLO,N,2021-01-04,2025-12-31,True,1035002,ticker,
85272,15658,00760J10,00760J10,AEHR,Q,2021-01-04,2025-12-31,True,1040470,ticker,
85293,15638,68760410,68760410,ORKA,Q,2021-01-04,2025-12-31,True,907654,ticker,
85299,15657,51165610,51165610,LKFN,Q,2021-01-04,2025-12-31,True,721994,ticker,
85314,15632,74727D20,,,X,2021-01-04,2021-11-05,False,,no_edgar_ticker,
85332,32069,06684910,06684910,BHB,A,2021-01-04,2025-12-31,True,743367,ticker,
85348,32093,98849810,98849810,YUM,N,2021-01-04,2025-12-31,True,1041061,ticker,
85349,32092,59001K10,,,X,2021-01-04,2022-08-03,False,,no_edgar_ticker,
85372,15692,31164210,,,X,2021-01-04,2025-07-21,False,,no_edgar_ticker,
85377,15683,31797010,31797010,AIFF,Q,2021-01-04,2025-12-31,True,803578,ticker,
85390,15697,16890510,16890510,PLCE,Q,2021-01-04,2025-12-31,True,1041859,ticker,
85394,15678,74151110,74151110,PSMT,Q,2021-01-04,2025-12-31,True,1041803,ticker,
85399,15711,00175J10,00175J10,POWW,Q,2021-01-04,2025-12-31,True,1015383,ticker,
85401,15686,82691710,82691710,SIGA,Q,2021-01-04,2025-12-31,True,1010086,ticker,
85414,32098,03571083,03571083,NLY,N,2021-01-04,2025-12-31,True,1043219,ticker,
85418,32101,13303410,13303410,CAC,Q,2021-01-04,2025-12-31,True,750686,ticker,
85419,32102,14047520,14047520,SNDA,N,2021-01-04,2025-12-31,True,1043000,ticker,
85424,32108,45765110,45765110,INVX,N,2021-01-04,2025-12-31,True,1042893,ticker,
85426,32110,78377T10,78377T10,RHP,N,2021-01-04,2025-12-31,True,1040829,ticker,
85427,32111,39890510,39890510,GPI,N,2021-01-04,2025-12-31,True,1031203,ticker,
85440,32122,86183P10,86183P10,SRI,N,2021-01-04,2025-12-31,True,1043337,ticker,
85459,15758,12541W20,12541W20,CHRW,Q,2021-01-04,2025-12-31,True,1043277,ticker,
85464,15783,14744810,14744810,CWST,Q,2021-01-04,2025-12-31,True,911177,ticker,
85488,15739,67104410,67104410,OSIS,Q,2021-01-04,2025-12-31,True,1039065,ticker,
85502,15745,45170X20,45170X20,INVE,Q,2021-01-04,2025-12-31,True,1036044,ticker,
85517,32132,16990510,16990510,CHH,N,2021-01-04,2025-12-31,True,1046311,ticker,
85526,15849,45783Q10,45783Q10,NOTV,Q,2021-01-04,2025-12-31,True,,no_edgar_ticker,
85539,15826,15976520,,,X,2021-01-04,2025-04-25,False,,no_edgar_ticker,
85540,15800,98873Q20,98873Q20,YHGJ,Q,2021-01-04,2025-12-31,True,1042187,ticker,
85565,15858,63007910,63007910,SLSN,Q,2021-01-04,2025-12-31,True,883107,ticker,
85567,15841,37364X10,37364X10,GEOS,Q,2021-01-04,2025-12-31,True,1001115,ticker,
85570,7556,12753720,12753720,CDZI,Q,2021-01-04,2025-12-31,True,727273,ticker,
85576,15843,75605L70,,,X,2021-01-04,2022-12-22,False,,no_edgar_ticker,
85586,7914,04071210,04071210,ARKR,Q,2021-01-04,2025-12-31,True,779544,ticker,
85592,32135,74340W10,74340W10,PLD,N,2021-01-04,2025-12-31,True,1045609,ticker,
85593,32136,00825210,00825210,AMG,N,2021-01-04,2025-12-31,True,1004434,ticker,
85621,32158,59268810,59268810,MTD,N,2021-01-04,2025-12-31,True,1037646,ticker,
85627,32164,83545G10,83545G10,SAH,N,2021-01-04,2025-12-31,True,1043509,ticker,
85631,7623,05276910,05276910,ADSK,Q,2021-01-04,2025-12-31,True,769397,ticker,
85645,32174,45718710,45718710,INGR,N,2021-01-04,2025-12-31,True,1046257,ticker,
85653,32183,04135620,,,X,2021-01-04,2023-12-14,False,,no_edgar_ticker,
85656,32185,59540G10,59540G10,MPB,Q,2021-01-04,2025-12-31,True,879635,ticker,
85663,32191,91136310,91136310,URI,N,2021-01-04,2025-12-31,True,1067701,ticker,
85686,15802,04546C30,04546C30,ASRT,Q,2021-01-04,2025-12-31,True,,no_edgar_ticker,
85705,15909,65373A10,65373A10,OMCC,Q,2021-01-04,2025-12-31,True,1000045,ticker,
85710,15890,73927610,73927610,POWI,Q,2021-01-04,2025-12-31,True,833640,ticker,
85724,15934,71363P10,71363P10,PRDO,Q,2021-01-04,2025-12-31,True,1046568,ticker,
85725,15926,12466Q10,12466Q10,CFFI,Q,2021-01-04,2025-12-31,True,913341,ticker,
85726,15916,24869P10,24869P10,DENN,Q,2021-01-04,2025-12-31,True,,no_edgar_ticker,
85731,15918,42722X10,42722X10,HFWA,Q,2021-01-04,2025-12-31,True,1046025,ticker,
85738,15939,58937810,58937810,MRCY,Q,2021-01-04,2025-12-31,True,1049521,ticker,
85741,15933,43940T10,43940T10,HOPE,Q,2021-01-04,2025-12-31,True,1128361,ticker,
85744,15928,77437430,77437430,RMTI,Q,2021-01-04,2025-12-31,True,1041024,ticker,
85751,15921,88709810,88709810,TSBK,Q,2021-01-04,2025-12-31,True,1046050,ticker,
85753,15940,92343E10,92343E10,VRSN,Q,2021-01-04,2025-12-31,True,1014473,ticker,
85757,34622,G6005C10,G6005C10,MPU,A,2021-01-04,2025-12-31,True,1953021,ticker,
85763,34627,92936U10,92936U10,WPC,N,2021-01-04,2025-12-31,True,1025378,ticker,
85768,34633,44951W10,44951W10,IESC,Q,2021-01-04,2025-12-31,True,1048268,ticker,
85789,7784,12740C10,12740C10,CADE,N,2021-01-04,2025-12-31,True,,no_edgar_ticker,
85792,34660,74762E10,74762E10,PWR,N,2021-01-04,2025-12-31,True,1050915,ticker,
85796,34665,85815520,,,X,2021-01-04,2025-12-10,False,,no_edgar_ticker,
85860,16026,11373M10,,,X,2021-01-04,2025-09-02,False,,no_edgar_ticker,
85863,16029,19851610,19851610,COLM,Q,2021-01-04,2025-12-31,True,1050797,ticker,
85875,31854,45904410,45904410,IBOC,Q,2021-01-04,2025-12-31,True,315709,ticker,
85883,15993,66954910,66954910,NWFL,Q,2021-01-04,2025-12-31,True,1013272,ticker,
85886,15994,69318J10,69318J10,CNXN,Q,2021-01-04,2025-12-31,True,1050377,ticker,
85889,15995,86887310,,,X,2021-01-04,2025-11-19,False,,no_edgar_ticker,
85897,34672,03734710,,,X,2021-01-04,2021-03-22,False,,no_edgar_ticker,
85903,34680,20563P10,20563P10,CIX,A,2021-01-04,2025-12-31,True,1049606,ticker,
85908,34684,38388F10,,,X,2021-01-04,2021-09-22,False,,no_edgar_ticker,
85913,30005,57190320,57190320,MAR,Q,2021-01-04,2025-12-31,True,1048286,ticker,
85914,7506,08651610,08651610,BBY,N,2021-01-04,2025-12-31,True,764478,ticker,
85926,34702,81211K10,81211K10,SEE,N,2021-01-04,2025-12-31,True,,no_edgar_ticker,
85931,34707,93005910,,,X,2021-01-04,2021-05-03,False,,no_edgar_ticker,
85935,34710,55272X60,55272X60,MFA,N,2021-01-04,2025-12-31,True,1055160,ticker,
85939,34715,75676410,,,X,2021-01-04,2021-03-18,False,,no_edgar_ticker,
85945,20898,42280620,42280620,HEI,N,2021-01-04,2025-12-31,True,46619,ticker,
85953,34728,83545R20,,,X,2021-01-04,2023-12-05,False,,no_edgar_ticker,
85966,16037,19623P10,19623P10,CBAN,N,2021-01-04,2025-12-31,True,711669,ticker,
85972,16066,12618T10,12618T10,CRAI,Q,2021-01-04,2025-12-31,True,1053706,ticker,
85982,16075,45580R10,,,X,2021-01-04,2023-06-29,False,,no_edgar_ticker,
85992,16065,56275010,56275010,MANH,Q,2021-01-04,2025-12-31,True,1056696,ticker,
86004,16035,90421410,,,X,2021-01-04,2023-03-01,False,,no_edgar_ticker,
86026,34751,45768S10,45768S10,IOSP,Q,2021-01-04,2025-12-31,True,1054905,ticker,
86047,16080,03165210,03165210,AMKR,Q,2021-01-04,2025-12-31,True,1047127,ticker,
86048,16130,40460910,40460910,HCKT,Q,2021-01-04,2025-12-31,True,1057379,ticker,
86051,16121,00246W10,00246W10,AXTI,Q,2021-01-04,2025-12-31,True,1051627,ticker,
86062,16101,30049R20,,,X,2021-01-04,2022-04-25,False,,no_edgar_ticker,
86067,16115,40076410,,,X,2021-01-04,2025-10-01,False,,no_edgar_ticker,
86080,16110,74365A30,74365A30,PLX,A,2021-01-04,2025-12-31,True,1006281,ticker,
86083,16119,46062X30,,,X,2021-01-04,2021-02-25,False,,no_edgar_ticker,
86091,16107,84470P10,84470P10,SBSI,N,2021-01-04,2025-12-31,True,705432,ticker,
86092,16127,18270P10,18270P10,CLAR,Q,2021-01-04,2025-12-31,True,913277,ticker,
86098,16113,96759020,96759020,WYY,A,2021-01-04,2025-12-31,True,1034760,ticker,
86102,34765,31421110,31421110,FHI,N,2021-01-04,2025-12-31,True,1056288,ticker,
86111,34770,03027X10,03027X10,AMT,N,2021-01-04,2025-12-31,True,1053507,ticker,
86113,34772,05343P10,05343P10,AWX,A,2021-01-04,2025-12-31,True,1061069,ticker,
86122,34783,29330620,,,X,2021-01-04,2024-12-06,False,,no_edgar_ticker,
86124,7676,11766510,,,X,2021-01-04,2022-01-03,False,,no_edgar_ticker,
86128,34788,56790810,56790810,HZO,N,2021-01-04,2025-12-31,True,1057060,ticker,
86136,34798,81685110,81685110,SRE,N,2021-01-04,2025-12-31,True,1032208,ticker,
86158,16167,19244610,19244610,CTSH,Q,2021-01-04,2025-12-31,True,1058290,ticker,
86165,16147,02151310,02151310,ALTO,Q,2021-01-04,2025-12-31,True,778164,ticker,
86211,16149,59497240,59497240,MSTR,Q,2021-01-04,2025-12-31,True,1050446,ticker,
86228,34838,76075910,76075910,RSG,N,2021-01-04,2025-12-31,True,1060391,ticker,
86233,34843,15643U10,15643U10,LEU,N,2021-01-04,2025-12-31,True,1065059,ticker,
86242,6653,07734730,07734730,BELFB,Q,2021-01-04,2025-12-31,True,729580,ticker,
86287,16222,76028120,76028120,RBCAA,Q,2021-01-04,2025-12-31,True,921557,ticker,
86288,16188,22160N10,22160N10,CSGP,Q,2021-01-04,2025-12-31,True,1057352,ticker,
86290,7721,12660110,12660110,CVV,Q,2021-01-04,2025-12-31,True,766792,ticker,
86302,34846,42692710,42692710,HTBK,Q,2021-01-04,2025-12-31,True,,no_edgar_ticker,
86312,34857,79522610,,,X,2021-01-04,2023-08-14,False,,no_edgar_ticker,
86313,20867,91728620,,,X,2021-01-04,2023-08-18,False,,no_edgar_ticker,
86339,16268,22822V10,22822V10,CCI,N,2021-01-04,2025-12-31,True,1051470,ticker,
86356,16285,27864210,27864210,EBAY,Q,2021-01-04,2025-12-31,True,1065088,ticker,
86382,16290,31938320,31938320,BUSE,Q,2021-01-04,2025-12-31,True,314489,ticker,
86384,16300,12612810,12612810,CCNE,Q,2021-01-04,2025-12-31,True,736772,ticker,
86432,16313,74360610,74360610,PB,N,2021-01-04,2025-12-31,True,1068851,ticker,
86435,16310,31431B10,,,X,2021-01-04,2022-11-07,False,,no_edgar_ticker,
86444,34949,45773H40,45773H40,INO,Q,2021-01-04,2025-12-31,True,1055726,ticker,
86474,6992,74955210,74955210,RFIL,Q,2021-01-04,2025-12-31,True,740664,ticker,
86489,16332,83125X10,83125X10,SNBR,Q,2021-01-04,2025-12-31,True,,no_edgar_ticker,
86526,16365,12520L10,12520L10,CFBK,Q,2021-01-04,2025-12-31,True,1070680,ticker,
86536,16357,15713L10,15713L10,CRVO,Q,2021-01-04,2025-12-31,True,1053691,ticker,
86544,16347,09522910,,,X,2021-01-04,2023-11-28,False,,no_edgar_ticker,
86547,34964,02406110,02406110,AXL,N,2021-01-04,2025-12-31,True,,no_edgar_ticker,
86560,34977,05070N10,,,X,2021-01-04,2023-05-17,False,,no_edgar_ticker,
86573,16367,31942S10,31942S10,FCAP,Q,2021-01-04,2025-12-31,True,1070296,ticker,
86578,16368,38101310,38101310,GDEN,Q,2021-01-04,2025-12-31,True,,no_edgar_ticker,
86580,16382,67066G10,67066G10,NVDA,Q,2021-01-04,2025-12-31,True,1045810,ticker,
86582,16374,85917A10,,,X,2021-01-04,2022-02-01,False,,no_edgar_ticker,
86593,34992,36143810,,,X,2021-01-04,2022-10-07,False,,no_edgar_ticker,
86594,2572,50064320,50064320,KFY,N,2021-01-04,2025-12-31,True,56679,ticker,
86717,16410,10138810,,,X,2021-01-04,2022-05-13,False,,no_edgar_ticker,
86719,16402,27579R10,27579R10,EWBC,Q,2021-01-04,2025-12-31,True,1069157,ticker,
86728,16415,56377120,56377120,MTEX,Q,2021-01-04,2025-12-31,True,1056358,ticker,
86763,16449,05335B10,,,X,2021-01-04,2022-09-01,False,,no_edgar_ticker,
86778,16455,55306N10,55306N10,MKSI,Q,2021-01-04,2025-12-31,True,1049502,ticker,
86783,16454,09857L10,09857L10,BKNG,Q,2021-01-04,2025-12-31,True,1075531,ticker,
86799,35026,12653C10,12653C10,CNX,N,2021-01-04,2025-12-31,True,1070412,ticker,
86810,35037,89531P10,89531P10,TREX,N,2021-01-04,2025-12-31,True,1069878,ticker,
86812,16473,85236P10,85236P10,SLNG,Q,2021-01-04,2025-12-31,True,1043186,ticker,
86814,16487,02774510,,,X,2021-01-04,2024-04-01,False,,no_edgar_ticker,
86818,16470,25264R20,25264R20,DHIL,Q,2021-01-04,2025-12-31,True,,no_edgar_ticker,
86819,16488,04914Y10,04914Y10,ATLC,Q,2021-01-04,2025-12-31,True,1464343,ticker,
86820,16457,14057J10,14057J10,CFFN,Q,2021-01-04,2025-12-31,True,1490906,ticker,
86822,16466,30226D10,30226D10,EXTR,Q,2021-01-04,2025-12-31,True,1078271,ticker,
86827,16492,42281910,,,X,2021-01-04,2025-12-10,False,,no_edgar_ticker,
86866,8037,89904V20,,,X,2021-01-04,2023-01-03,False,,no_edgar_ticker,
86868,35048,38141G10,38141G10,GS,N,2021-01-04,2025-12-31,True,886982,ticker,
86876,35057,95082P10,95082P10,WCC,N,2021-01-04,2025-12-31,True,929008,ticker,
86887,16526,56280310,56280310,LOAN,Q,2021-01-04,2025-12-31,True,1080340,ticker,
86889,16506,63910B10,,,X,2021-01-04,2024-03-05,False,,no_edgar_ticker,
86896,7871,20360710,20360710,CBU,N,2021-01-04,2025-12-31,True,723188,ticker,
86916,16512,91705J10,91705J10,UONE,Q,2021-01-04,2025-12-31,True,1041657,ticker,
86949,35167,83056610,,,X,2021-01-04,2025-09-12,False,,no_edgar_ticker,
86964,16561,31561610,31561610,FFIV,Q,2021-01-04,2025-12-31,True,1048695,ticker,
86965,16609,31758540,31758540,FISI,Q,2021-01-04,2025-12-31,True,862831,ticker,
86979,16614,48203R10,,,X,2021-01-04,2025-07-02,False,,no_edgar_ticker,
86990,16581,39037G10,39037G10,GEG,Q,2021-01-04,2025-12-31,True,1831096,ticker,
86996,16584,78410G10,78410G10,SBAC,Q,2021-01-04,2025-12-31,True,1034054,ticker,
87000,16612,85285720,,,X,2021-01-04,2021-10-05,False,,no_edgar_ticker,
87006,16587,91307C10,91307C10,UTHR,Q,2021-01-04,2025-12-31,True,1082554,ticker,
87014,16578,82620P10,82620P10,BSRR,Q,2021-01-04,2025-12-31,True,1130144,ticker,
87016,16622,73931J10,73931J10,AIOT,Q,2021-01-04,2025-12-31,True,1774170,ticker,
87034,35177,52610710,52610710,LII,N,2021-01-04,2025-12-31,True,1069202,ticker,
87043,5722,74790660,74790660,QMCO,Q,2021-01-04,2025-12-31,True,709283,ticker,
87053,16636,36872P10,36872P10,GNSS,Q,2021-01-04,2025-12-31,True,924383,ticker,
87055,7882,22160K10,22160K10,COST,Q,2021-01-04,2025-12-31,True,909832,ticker,
87056,16668,09061G10,09061G10,BMRN,Q,2021-01-04,2025-12-31,True,1048477,ticker,
87066,16650,62914B10,,,X,2021-01-04,2021-04-21,False,,no_edgar_ticker,
87067,16649,31866P10,31866P10,FNLC,Q,2021-01-04,2025-12-31,True,765207,ticker,
87069,16640,39435710,39435710,GCBC,Q,2021-01-04,2025-12-31,True,1070524,ticker,
87075,16665,48123V10,48123V10,ZD,Q,2021-01-04,2025-12-31,True,1084048,ticker,
87077,16641,29255410,29255410,ECPG,Q,2021-01-04,2025-12-31,True,1084961,ticker,
87078,16666,01988P10,,,X,2021-01-04,2024-02-29,False,,no_edgar_ticker,
87084,16687,92823T20,92823T20,VHC,Q,2021-01-04,2025-12-31,True,1082324,ticker,
87086,16678,71375U10,,,X,2021-01-04,2024-10-02,False,,no_edgar_ticker,
87114,35205,58737610,58737610,MBWM,Q,2021-01-04,2025-12-31,True,1042729,ticker,
87121,16631,79409310,,,X,2021-01-04,2024-01-19,False,,no_edgar_ticker,
87137,35222,25179M10,25179M10,DVN,N,2021-01-04,2025-12-31,True,1090012,ticker,
87162,16695,68243Q10,68243Q10,FLWS,Q,2021-01-04,2025-12-31,True,1084869,ticker,
87179,16758,64115T10,64115T10,NTCT,Q,2021-01-04,2025-12-31,True,1078075,ticker,
87227,17135,28225C80,28225C80,EGAN,Q,2021-01-04,2025-12-31,True,1066194,ticker,
87267,36336,09290D10,09290D10,BLK,N,2021-01-04,2025-12-31,True,2012383,ticker,
87268,36337,17273K10,,,X,2021-01-04,2023-10-18,False,,no_edgar_ticker,
87269,36338,17471510,,,X,2021-01-04,2023-12-15,False,,no_edgar_ticker,
87299,17300,00971T10,00971T10,AKAM,Q,2021-01-04,2025-12-31,True,1086222,ticker,
87302,17210,11776U30,,,X,2021-01-04,2023-12-08,False,,no_edgar_ticker,
87318,17183,26894810,26894810,EGBN,Q,2021-01-04,2025-12-31,True,1050441,ticker,
87321,17298,36269P10,36269P10,GAIA,Q,2021-01-04,2025-12-31,True,1089872,ticker,
87337,17303,72919P20,72919P20,PLUG,Q,2021-01-04,2025-12-31,True,1093691,ticker,
87356,17205,87256C10,87256C10,TKO,N,2021-01-04,2025-12-31,True,1973266,ticker,
87361,17208,69325Q10,,,X,2021-01-04,2023-12-18,False,,no_edgar_ticker,
87364,17202,74837P40,74837P40,QUIK,Q,2021-01-04,2025-12-31,True,882508,ticker,
87373,17395,01167P10,,,X,2021-01-04,2021-07-23,False,,no_edgar_ticker,
87379,17317,19421R20,,,X,2021-01-04,2021-02-08,False,,no_edgar_ticker,
87394,17346,45252110,45252110,IMMR,Q,2021-01-04,2025-12-31,True,1058811,ticker,
87404,17399,22655210,22655210,CXDO,Q,2021-01-04,2025-12-31,True,1075736,ticker,
87426,7557,50189K10,50189K10,LCII,N,2021-01-04,2025-12-31,True,763744,ticker,
87430,17314,50077B20,50077B20,KTOS,Q,2021-01-04,2025-12-31,True,1069258,ticker,
87432,36364,00846U10,00846U10,A,N,2021-01-04,2025-12-31,True,1090872,ticker,
87437,36370,26929N10,26929N10,EVI,A,2021-01-04,2025-12-31,True,65312,ticker,
87439,36373,45817G20,45817G20,IDN,Q,2021-01-04,2025-12-31,True,1040896,ticker,
87445,36380,87936010,87936010,TDY,N,2021-01-04,2025-12-31,True,1094285,ticker,
87447,36383,91131210,91131210,UPS,N,2021-01-04,2025-12-31,True,1090727,ticker,
87464,36557,44845110,,,X,2021-01-04,2022-05-03,False,,no_edgar_ticker,
87471,36564,76665T10,76665T10,REPX,A,2021-01-04,2025-12-31,True,1001614,ticker,
87476,17669,06342510,06342510,BMRC,Q,2021-01-04,2025-12-31,True,1403475,ticker,
87487,17502,08892910,08892910,BGC,Q,2021-01-04,2025-12-31,True,1094831,ticker,
87488,17667,31205910,,,X,2021-01-04,2021-04-01,False,,no_edgar_ticker,
87501,17665,55422510,,,X,2021-01-04,2024-08-01,False,,no_edgar_ticker,
87505,17469,63486510,63486510,NKSH,Q,2021-01-04,2025-12-31,True,796534,ticker,
87508,17664,64115A40,64115A40,NTWK,Q,2021-01-04,2025-12-31,True,1039280,ticker,
87510,17473,71709820,,,X,2021-01-04,2023-10-24,False,,no_edgar_ticker,
87532,20454,75540810,75540810,RDI,Q,2021-01-04,2025-12-31,True,716634,ticker,
87533,20454,75540820,75540820,RDIB,Q,2021-01-04,2025-12-31,True,716634,ticker,
87541,23511,69515610,69515610,PKG,N,2021-01-04,2025-12-31,True,75677,ticker,
87583,17936,00847G80,00847G80,AGEN,Q,2021-01-04,2025-12-31,True,1098972,ticker,
87589,17970,07401420,07401420,BBGI,Q,2021-01-04,2025-12-31,True,1099160,ticker,
87614,18304,51163710,,,X,2021-01-04,2024-05-16,False,,no_edgar_ticker,
87656,36949,00289Y20,00289Y20,ABEO,Q,2021-01-04,2025-12-31,True,318306,ticker,
87657,36952,28176E10,28176E10,EW,N,2021-01-04,2025-12-31,True,1099800,ticker,
87658,36953,29076N20,,,X,2021-01-04,2023-10-18,False,,no_edgar_ticker,
87659,36954,28035Q10,28035Q10,EPC,N,2021-01-04,2025-12-31,True,1096752,ticker,
87717,7232,30213010,30213010,EXPD,N,2021-01-04,2025-12-31,True,746515,ticker,
87725,7518,45774W10,45774W10,IIIN,N,2021-01-04,2025-12-31,True,764401,ticker,
87753,17489,91731310,91731310,USIO,Q,2021-01-04,2025-12-31,True,1088034,ticker,
87759,18404,88080T10,88080T10,WULF,Q,2021-01-04,2025-12-31,True,1083301,ticker,
87789,18709,55027E10,,,X,2021-01-04,2021-07-14,False,,no_edgar_ticker,
87812,18455,82691910,82691910,SLAB,Q,2021-01-04,2025-12-31,True,1038074,ticker,
87832,37130,02077210,02077210,APT,A,2021-01-04,2025-12-31,True,884269,ticker,
87842,37138,59156R10,59156R10,MET,N,2021-01-04,2025-12-31,True,1099219,ticker,
87952,6944,37637Q10,37637Q10,GBCI,N,2021-01-04,2025-12-31,True,868671,ticker,
88031,7902,61174X10,61174X10,MNST,Q,2021-01-04,2025-12-31,True,865752,ticker,
88152,37148,12571T10,,,X,2021-01-04,2022-07-06,False,,no_edgar_ticker,
88159,37154,30161Q10,30161Q10,EXEL,Q,2021-01-04,2025-12-31,True,939767,ticker,
88167,37161,42222N10,42222N10,HSTM,Q,2021-01-04,2025-12-31,True,1095565,ticker,
88173,37167,52887230,52887230,LXRX,Q,2021-01-04,2025-12-31,True,1062822,ticker,
88174,37168,53814630,53814630,LPSN,Q,2021-01-04,2025-12-31,True,1102993,ticker,
88177,37171,81577F40,,,X,2021-01-04,2024-10-16,False,,no_edgar_ticker,
88182,37176,68218910,68218910,ON,Q,2021-01-04,2025-12-31,True,1097864,ticker,
88183,37177,68019410,,,X,2021-01-04,2025-09-02,False,,no_edgar_ticker,
88195,37188,80067710,80067710,SGMO,Q,2021-01-04,2025-12-31,True,,no_edgar_ticker,
88197,5440,36027110,36027110,FULT,Q,2021-01-04,2025-12-31,True,700564,ticker,
88203,37195,68287N10,68287N10,OSPN,Q,2021-01-04,2025-12-31,True,1044777,ticker,
88208,37489,15117N70,15117N70,IMNN,Q,2021-01-04,2025-12-31,True,749647,ticker,
88260,37524,72581M40,72581M40,PXLW,Q,2021-01-04,2025-12-31,True,1040161,ticker,
88264,37528,76254410,76254410,RBBN,Q,2021-01-04,2025-12-31,True,1708055,ticker,
88280,37659,08468010,08468010,BBT,N,2021-01-04,2025-12-31,True,1108134,ticker,
88281,37660,15986410,15986410,CRL,N,2021-01-04,2025-12-31,True,1100682,ticker,
88284,37664,20366810,20366810,CYH,N,2021-01-04,2025-12-31,True,1108109,ticker,
88287,37666,24736810,,,X,2021-01-04,2024-07-02,False,,no_edgar_ticker,
88319,37682,92839U20,92839U20,VC,Q,2021-01-04,2025-12-31,True,1111335,ticker,
88332,37707,14067D50,,,X,2021-01-04,2023-10-05,False,,no_edgar_ticker,
88341,37716,42047610,42047610,HWBK,Q,2021-01-04,2025-12-31,True,893847,ticker,
88343,37718,69526310,,,X,2021-01-04,2023-12-01,False,,no_edgar_ticker,
88351,37726,45766930,45766930,INSM,Q,2021-01-04,2025-12-31,True,1104506,ticker,
88352,37727,46120E60,46120E60,ISRG,Q,2021-01-04,2025-12-31,True,1035267,ticker,
88360,37731,57387410,57387410,MRVL,Q,2021-01-04,2025-12-31,True,1835632,ticker,
88368,37737,69455210,,,X,2021-01-04,2021-10-19,False,,no_edgar_ticker,
88372,16512,91705J20,91705J20,UONEK,Q,2021-01-04,2025-12-31,True,1041657,ticker,
88373,7257,63741710,63741710,NNN,N,2021-01-04,2025-12-31,True,751364,ticker,
88384,37750,33744V10,33744V10,FUSB,Q,2021-01-04,2025-12-31,True,717806,ticker,
88417,37913,05454020,05454020,ACLS,Q,2021-01-04,2025-12-31,True,1113232,ticker,
88421,37917,04004760,,,X,2021-01-04,2022-03-11,False,,no_edgar_ticker,
88434,37929,45665G30,,,X,2021-01-04,2023-09-14,False,,no_edgar_ticker,
88439,37932,29362U10,29362U10,ENTG,Q,2021-01-04,2025-12-31,True,1101302,ticker,
88446,37938,45232710,45232710,ILMN,Q,2021-01-04,2025-12-31,True,1110803,ticker,
88462,37952,14817C10,14817C10,SAVA,Q,2021-01-04,2025-12-31,True,,no_edgar_ticker,
88466,37956,83268220,,,X,2021-01-04,2021-04-05,False,,no_edgar_ticker,
88468,37958,86858W20,,,X,2021-01-04,2021-09-15,False,,no_edgar_ticker,
88471,37961,74019L60,74019L60,PRPO,Q,2021-01-04,2025-12-31,True,1043961,ticker,
88485,38389,29382R10,29382R10,EVC,N,2021-01-04,2025-12-31,True,1109116,ticker,
88504,38406,11679410,11679410,BRKR,Q,2021-01-04,2025-12-31,True,1109354,ticker,
88511,38412,23126930,23126930,CRIS,Q,2021-01-04,2025-12-31,True,1108205,ticker,
88518,38418,25400W10,25400W10,APPS,Q,2021-01-04,2025-12-31,True,317788,ticker,
88534,38432,45769N10,45769N10,ISSC,Q,2021-01-04,2025-12-31,True,836690,ticker,
88542,38439,51654820,51654820,LTRX,Q,2021-01-04,2025-12-31,True,1114925,ticker,
88564,38459,86882C20,,,X,2021-01-04,2023-07-03,False,,no_edgar_ticker,
88568,38463,84721510,,,X,2021-01-04,2025-09-22,False,,no_edgar_ticker,
88597,39140,05368V10,05368V10,AVNT,N,2021-01-04,2025-12-31,True,1122976,ticker,
88615,39150,45826H10,45826H10,ITGR,N,2021-01-04,2025-12-31,True,1114483,ticker,
88620,39154,04537Y20,,,X,2021-01-04,2025-04-17,False,,no_edgar_ticker,
88626,39159,26660550,,,X,2021-01-04,2025-09-11,False,,no_edgar_ticker,
88648,39177,87305R10,87305R10,TTMI,Q,2021-01-04,2025-12-31,True,1116942,ticker,
88661,40143,87603010,87603010,TPR,N,2021-01-04,2025-12-31,True,1116132,ticker,
88664,7864,42628110,42628110,JKHY,Q,2021-01-04,2025-12-31,True,779152,ticker,
88719,40193,02932610,,,X,2021-01-04,2021-08-09,False,,no_edgar_ticker,
88742,40213,82312B10,82312B10,SHEN,Q,2021-01-04,2025-12-31,True,354963,ticker,
88779,7343,44934S20,,,X,2021-01-04,2025-07-17,False,,no_edgar_ticker,
88807,40996,45782B30,45782B30,INSG,Q,2021-01-04,2025-12-31,True,1022652,ticker,
88810,40998,76655970,76655970,RIGL,Q,2021-01-04,2025-12-31,True,1034842,ticker,
88820,41007,70469910,70469910,PGC,Q,2021-01-04,2025-12-31,True,1050743,ticker,
88839,41060,41690610,41690610,HBIO,Q,2021-01-04,2025-12-31,True,1123494,ticker,
88841,41062,76122Q10,76122Q10,RGP,Q,2021-01-04,2025-12-31,True,1084765,ticker,
88853,41080,34341210,34341210,FLR,N,2021-01-04,2025-12-31,True,1124198,ticker,
88857,27610,98718410,98718410,YORW,Q,2021-01-04,2025-12-31,True,108985,ticker,
88860,41154,01625510,01625510,ALGN,Q,2021-01-04,2025-12-31,True,1097149,ticker,
88863,41157,30063P10,30063P10,EXAS,Q,2021-01-04,2025-12-31,True,,no_edgar_ticker,
88865,41159,41049520,41049520,HAFC,Q,2021-01-04,2025-12-31,True,1109242,ticker,
88871,41163,21075N20,,,X,2021-01-04,2021-12-08,False,,no_edgar_ticker,
88873,41168,37940X10,37940X10,GPN,N,2021-01-04,2025-12-31,True,1123360,ticker,
88895,41257,56842710,56842710,MPX,N,2021-01-04,2025-12-31,True,,no_edgar_ticker,
88897,41259,67802610,67802610,OIS,N,2021-01-04,2025-12-31,True,1121484,ticker,
88905,41265,03664210,,,X,2021-01-04,2022-05-24,False,,no_edgar_ticker,
88912,7720,45383860,45383860,IBCP,Q,2021-01-04,2025-12-31,True,39311,ticker,
88924,41367,34349810,34349810,FLO,N,2021-01-04,2025-12-31,True,1128928,ticker,
88937,13422,82932250,82932250,RIME,Q,2021-01-04,2025-12-31,True,923601,ticker,
88944,41388,31983A10,31983A10,FCBC,Q,2021-01-04,2025-12-31,True,859070,ticker,
88949,41391,81181C10,,,X,2021-01-04,2023-12-14,False,,no_edgar_ticker,
88951,41393,90945810,,,X,2021-01-04,2022-08-29,False,,no_edgar_ticker,
88963,8686,25770120,25770120,DGICA,Q,2021-01-04,2025-12-31,True,800457,ticker,
88965,41460,17886710,17886710,CIVB,Q,2021-01-04,2025-12-31,True,944745,ticker,
88970,41464,82510710,82510710,SHBI,Q,2021-01-04,2025-12-31,True,1035092,ticker,
88984,41564,91146010,91146010,UBFO,Q,2021-01-04,2025-12-31,True,,no_edgar_ticker,
88987,41577,96951A10,,,X,2021-01-04,2023-07-24,False,,no_edgar_ticker,
88988,14442,44894750,44894750,IDT,N,2021-01-04,2025-12-31,True,1005731,ticker,
88994,41584,76129W10,76129W10,RVP,A,2021-01-04,2025-12-31,True,946563,ticker,
89002,41671,01858110,01858110,BFH,N,2021-01-04,2025-12-31,True,1101215,ticker,
89003,41673,31620M10,31620M10,FIS,N,2021-01-04,2025-12-31,True,1136893,ticker,
89006,41680,60920710,60920710,MDLZ,Q,2021-01-04,2025-12-31,True,1103982,ticker,
89022,41698,37740710,,,X,2021-01-04,2025-12-23,False,,no_edgar_ticker,
89029,41702,71360T20,71360T20,PRSO,Q,2021-01-04,2025-12-31,True,890394,ticker,
89031,41562,05464C10,05464C10,AXON,Q,2021-01-04,2025-12-31,True,1069183,ticker,
89036,41813,63905010,,,X,2021-01-04,2022-07-21,False,,no_edgar_ticker,
89038,41815,29911Q20,,,X,2021-01-04,2025-05-05,False,,no_edgar_ticker,
89044,41820,69328210,69328210,PDFS,Q,2021-01-04,2025-12-31,True,1120914,ticker,
89063,41860,49690420,49690420,KFS,N,2021-01-04,2025-12-31,True,,no_edgar_ticker,
89070,41870,98956P10,98956P10,ZBH,N,2021-01-04,2025-12-31,True,1136869,ticker,
89109,41979,55457110,,,X,2021-01-04,2021-09-07,False,,no_edgar_ticker,
89110,41980,68213N10,68213N10,OMCL,Q,2021-01-04,2025-12-31,True,926326,ticker,
89134,42001,69047Q10,69047Q10,OVV,N,2021-01-04,2025-12-31,True,1792580,ticker,
89141,42114,74044410,74044410,PLPC,Q,2021-01-04,2025-12-31,True,80035,ticker,
89155,2801,57978010,57978010,MKC,N,2021-01-04,2025-12-31,True,63754,ticker,
89167,42265,22748310,22748310,CCRN,Q,2021-01-04,2025-12-31,True,,no_edgar_ticker,
89169,40199,24661P80,24661P80,DCTH,Q,2021-01-04,2025-12-31,True,872912,ticker,
89179,42273,03675210,03675210,ELV,N,2021-01-04,2025-12-31,True,1156039,ticker,
89195,42285,74251V10,74251V10,PFG,Q,2021-01-04,2025-12-31,True,1126328,ticker,
89202,33945,78408D10,78408D10,SBFG,Q,2021-01-04,2025-12-31,True,767405,ticker,
89211,42396,70843010,,,X,2021-01-04,2025-07-28,False,,no_edgar_ticker,
89215,42400,00174410,00174410,AMN,N,2021-01-04,2025-12-31,True,1142750,ticker,
89216,42401,00508Y10,00508Y10,AYI,N,2021-01-04,2025-12-31,True,1144215,ticker,
89217,42402,00751Y10,00751Y10,AAP,N,2021-01-04,2025-12-31,True,1158449,ticker,
89244,42430,98262P20,98262P20,WW,Q,2021-01-04,2025-12-31,True,105319,ticker,
89252,42517,33832D20,,,X,2021-01-04,2023-03-20,False,,no_edgar_ticker,
89258,42524,74432010,74432010,PRU,N,2021-01-04,2025-12-31,True,1137774,ticker,
89262,42533,95889210,95889210,WNEB,Q,2021-01-04,2025-12-31,True,1157647,ticker,
89269,42540,15135B10,15135B10,CNC,N,2021-01-04,2025-12-31,True,1071739,ticker,
89270,42541,31986N10,,,X,2021-01-04,2022-01-07,False,,no_edgar_ticker,
89279,42549,90540010,90540010,UNB,Q,2021-01-04,2025-12-31,True,706863,ticker,
89290,42651,87157D10,87157D10,SYNA,Q,2021-01-04,2025-12-31,True,817720,ticker,
89297,42769,19239V30,19239V30,CCOI,Q,2021-01-04,2025-12-31,True,1158324,ticker,
89301,42775,36467W10,36467W10,GME,N,2021-01-04,2025-12-31,True,1326380,ticker,
89307,42784,56456310,,,X,2021-01-04,2022-09-14,False,,no_edgar_ticker,
89317,21022,89361720,89361720,TCI,N,2021-01-04,2025-12-31,True,733590,ticker,
89323,42912,90984P30,90984P30,UCB,N,2021-01-04,2025-12-31,True,857855,ticker,
89327,42915,04343610,04343610,ABG,N,2021-01-04,2025-12-31,True,1144980,ticker,
89353,42997,47714310,47714310,JBLU,Q,2021-01-04,2025-12-31,True,1158463,ticker,
89369,43014,51601220,,,X,2021-01-04,2023-04-20,False,,no_edgar_ticker,
89387,43140,20530610,20530610,TBRG,Q,2021-01-04,2025-12-31,True,,no_edgar_ticker,
89393,43145,64110L10,64110L10,NFLX,Q,2021-01-04,2025-12-31,True,1065280,ticker,
89394,43146,69037010,69037010,BBBY,N,2021-01-04,2025-12-31,True,1130713,ticker,
89395,43147,72346Q10,72346Q10,PNFP,Q,2021-01-04,2025-12-31,True,2082866,ticker,
89397,43149,92343X10,,,X,2021-01-04,2025-11-26,False,,no_edgar_ticker,
89406,43159,29355X10,29355X10,NPO,N,2021-01-04,2025-12-31,True,1164863,ticker,
89411,43166,29014R20,,,X,2021-01-04,2023-10-16,False,,no_edgar_ticker,
89413,43250,08915P10,,,X,2021-01-04,2025-10-02,False,,no_edgar_ticker,
89416,43253,43903810,43903810,HOFT,Q,2021-01-04,2025-12-31,True,1077688,ticker,
89424,43260,81811M10,,,X,2021-01-04,2021-11-01,False,,no_edgar_ticker,
89425,43261,95123P10,95123P10,WTBA,Q,2021-01-04,2025-12-31,True,1166928,ticker,
89443,43281,96176510,96176510,WHG,N,2021-01-04,2025-12-31,True,1165002,ticker,
89445,43249,09060J10,,,X,2021-01-04,2022-03-23,False,,no_edgar_ticker,
89447,43326,12824610,12824610,CVGW,Q,2021-01-04,2025-12-31,True,,no_edgar_ticker,
89449,43328,49749810,49749810,TBHC,Q,2021-01-04,2025-12-31,True,,no_edgar_ticker,
89453,43332,75689M10,75689M10,RRGB,Q,2021-01-04,2025-12-31,True,1171759,ticker,
89455,14705,78184620,78184620,RUSHA,Q,2021-01-04,2025-12-31,True,1012019,ticker,
89456,7459,50216C10,50216C10,LYTS,Q,2021-01-04,2025-12-31,True,763532,ticker,
89482,43449,05990K10,05990K10,BANC,N,2021-01-04,2025-12-31,True,1169770,ticker,
89506,43508,78709Y10,78709Y10,SAIA,Q,2021-01-04,2025-12-31,True,1177702,ticker,
89508,43519,14313010,14313010,KMX,N,2021-01-04,2025-12-31,True,1170010,ticker,
89509,43520,17179810,,,X,2021-01-04,2021-10-01,False,,no_edgar_ticker,
89525,43613,20030N10,20030N10,CMCSA,Q,2021-01-04,2025-12-31,True,1166691,ticker,
89533,43620,98313410,98313410,WYNN,Q,2021-01-04,2025-12-31,True,1174922,ticker,
89540,43626,25339310,25339310,DKS,N,2021-01-04,2025-12-31,True,1089063,ticker,
89546,43631,63886Q10,63886Q10,NGS,N,2021-01-04,2025-12-31,True,1084991,ticker,
89548,43633,26207710,,,X,2021-01-04,2023-01-03,False,,no_edgar_ticker,
89572,43688,15721010,15721010,CEVA,Q,2021-01-04,2025-12-31,True,1173489,ticker,
89573,43689,70088510,70088510,PKBK,Q,2021-01-04,2025-12-31,True,1315399,ticker,
89574,43690,69354N10,69354N10,PRAA,Q,2021-01-04,2025-12-31,True,1185348,ticker,
89575,43691,78648T10,78648T10,SAFT,Q,2021-01-04,2025-12-31,True,1172052,ticker,
89576,43692,92705T20,,,X,2021-01-04,2025-04-01,False,,no_edgar_ticker,
89606,43722,83175410,83175410,SWBI,Q,2021-01-04,2025-12-31,True,1092796,ticker,
89611,14801,00388130,00388130,ACTG,Q,2021-01-04,2025-12-31,True,934549,ticker,
89617,38419,29444U70,29444U70,EQIX,Q,2021-01-04,2025-12-31,True,1101239,ticker,
89626,43791,12572Q10,12572Q10,CME,Q,2021-01-04,2025-12-31,True,1156375,ticker,
89643,43845,31983510,31983510,FCCO,Q,2021-01-04,2025-12-31,True,932781,ticker,
89653,43857,74386T10,74386T10,PFS,N,2021-01-04,2025-12-31,True,1178970,ticker,
89655,43861,62944520,62944520,NVEC,Q,2021-01-04,2025-12-31,True,724910,ticker,
89698,43976,44378720,44378720,STRR,Q,2021-01-04,2025-12-31,True,1210708,ticker,
89731,21095,52605730,52605730,LEN,N,2021-01-04,2025-12-31,True,920760,ticker,
89736,44055,42234Q10,,,X,2021-01-04,2025-02-03,False,,no_edgar_ticker,
89741,44059,68401P40,68401P40,OPHC,A,2021-01-04,2025-12-31,True,1288855,ticker,
89753,44115,34637510,34637510,FORM,Q,2021-01-04,2025-12-31,True,1039399,ticker,
89756,44117,75955K30,,,X,2021-01-04,2024-02-14,False,,no_edgar_ticker,
89781,44184,60855R10,60855R10,MOH,N,2021-01-04,2025-12-31,True,1179929,ticker,
89790,3021,87968A10,,,X,2021-01-04,2024-10-09,False,,no_edgar_ticker,
89792,44168,14956810,14956810,CVCO,Q,2021-01-04,2025-12-31,True,278166,ticker,
89800,44176,64111Q10,64111Q10,NTGR,Q,2021-01-04,2025-12-31,True,1122904,ticker,
89803,44265,04410379,04410379,AHT,N,2021-01-04,2025-12-31,True,1232582,ticker,
89810,44272,38868910,38868910,GPK,N,2021-01-04,2025-12-31,True,1408075,ticker,
89823,44289,37653610,37653610,GOOD,Q,2021-01-04,2025-12-31,True,1234006,ticker,
89824,44290,60783X10,,,X,2021-01-04,2025-08-28,False,,no_edgar_ticker,
89826,44292,88224Q10,88224Q10,TCBI,Q,2021-01-04,2025-12-31,True,1077428,ticker,
89828,44293,91527110,91527110,UVSP,Q,2021-01-04,2025-12-31,True,102212,ticker,
89841,7850,12621E10,12621E10,CNO,N,2021-01-04,2025-12-31,True,1224608,ticker,
89857,27321,59277010,59277010,MXC,A,2021-01-04,2025-12-31,True,66418,ticker,
89866,44497,50188920,50188920,LKQ,Q,2021-01-04,2025-12-31,True,1065696,ticker,
89875,44505,00182C10,00182C10,ANIP,Q,2021-01-04,2025-12-31,True,1023024,ticker,
89876,44506,14622910,14622910,CRI,N,2021-01-04,2025-12-31,True,1060822,ticker,
89889,44600,17240630,17240630,CNVS,Q,2021-01-04,2025-12-31,True,1173204,ticker,
89891,44602,03837C10,03837C10,APYX,Q,2021-01-04,2025-12-31,True,719135,ticker,
89898,44608,67611820,67611820,OMEX,Q,2021-01-04,2025-12-31,True,798528,ticker,
89900,44612,87162W10,87162W10,SNX,N,2021-01-04,2025-12-31,True,1177394,ticker,
89901,44613,96638750,,,X,2021-01-04,2022-07-01,False,,no_edgar_ticker,
89908,44619,20824210,,,X,2021-01-04,2024-08-06,False,,no_edgar_ticker,
89913,44623,57115710,,,X,2021-01-04,2022-01-20,False,,no_edgar_ticker,
89915,7301,58058910,58058910,MGRC,Q,2021-01-04,2025-12-31,True,752714,ticker,
89916,44625,65336K10,65336K10,NXST,Q,2021-01-04,2025-12-31,True,1142417,ticker,
89922,44631,00676P10,00676P10,ADEA,Q,2021-01-04,2025-12-31,True,1803696,ticker,
89925,44633,26821110,,,X,2021-01-04,2024-08-08,False,,no_edgar_ticker,
89935,44689,55279B30,55279B30,LITS,Q,2021-01-04,2025-12-31,True,1262104,ticker,
89941,44695,89421Q20,89421Q20,TZOO,Q,2021-01-04,2025-12-31,True,1133311,ticker,
89942,44696,37959R10,37959R10,GBLI,Q,2021-01-04,2025-12-31,True,1494904,ticker,
89946,44699,02567620,,,X,2021-01-04,2024-05-03,False,,no_edgar_ticker,
89948,44702,12562N10,12562N10,CKX,A,2021-01-04,2025-12-31,True,352955,ticker,
89952,44705,20451N10,20451N10,CMP,N,2021-01-04,2025-12-31,True,1227654,ticker,
89960,44712,50105F10,50105F10,KRO,N,2021-01-04,2025-12-31,True,1257640,ticker,
89964,44717,64031N10,64031N10,NNI,N,2021-01-04,2025-12-31,True,1258602,ticker,
89968,44721,72407810,72407810,PIPR,N,2021-01-04,2025-12-31,True,1230245,ticker,
89971,44726,88023U10,88023U10,SGI,N,2021-01-04,2025-12-31,True,1206264,ticker,
89973,44727,91391510,91391510,UTI,N,2021-01-04,2025-12-31,True,1261654,ticker,
89986,44803,03816920,03816920,APLD,Q,2021-01-04,2025-12-31,True,1144879,ticker,
90011,25268,55907920,,,X,2021-01-04,2022-01-04,False,,no_edgar_ticker,
90012,44816,71638210,71638210,PETS,Q,2021-01-04,2025-12-31,True,1040130,ticker,
90029,44885,26815820,26815820,DVAX,Q,2021-01-04,2025-12-31,True,,no_edgar_ticker,
90031,44887,68236P20,,,X,2021-01-04,2024-12-03,False,,no_edgar_ticker,
90037,44892,43274810,43274810,HTH,N,2021-01-04,2025-12-31,True,1265131,ticker,
90038,44893,04621X10,04621X10,AIZ,N,2021-01-04,2025-12-31,True,1267238,ticker,
90071,37496,62937750,62937750,NRG,N,2021-01-04,2025-12-31,True,1013871,ticker,
90077,44990,19249M10,19249M10,COHN,A,2021-01-04,2025-12-31,True,1270436,ticker,
90081,44994,23210910,,,X,2021-01-04,2025-03-13,False,,no_edgar_ticker,
90082,44995,20393710,20393710,CWBC,Q,2021-01-04,2025-12-31,True,1127371,ticker,
90088,44998,56624R10,56624R10,MCHX,Q,2021-01-04,2025-12-31,True,1224133,ticker,
90090,44999,82669G10,,,X,2021-01-04,2023-03-13,False,,no_edgar_ticker,
90092,29931,78573L10,78573L10,SBRA,Q,2021-01-04,2025-12-31,True,1492298,ticker,
90097,45004,90385V10,90385V10,UCTT,Q,2021-01-04,2025-12-31,True,1275014,ticker,
90098,45005,23254L87,23254L87,BGMS,Q,2021-01-04,2025-12-31,True,1130166,ticker,
90101,45058,80511110,80511110,SVRA,Q,2021-01-04,2025-12-31,True,1160308,ticker,
90102,45059,03892310,03892310,ABR,N,2021-01-04,2025-12-31,True,1253986,ticker,
90125,45081,21835210,21835210,CORT,Q,2021-01-04,2025-12-31,True,1088856,ticker,
90126,45082,23282W60,23282W60,CYTK,Q,2021-01-04,2025-12-31,True,1061983,ticker,
90162,45174,37247D10,37247D10,GNW,N,2021-01-04,2025-12-31,True,1276520,ticker,
90164,45176,39525910,,,X,2021-01-04,2023-12-01,False,,no_edgar_ticker,
90170,45180,68402360,68402360,OGEN,A,2021-01-04,2025-12-31,True,1174940,ticker,
90175,45186,98379310,98379310,XPO,N,2021-01-04,2025-12-31,True,1166003,ticker,
90177,45190,00422510,00422510,ACAD,Q,2021-01-04,2025-12-31,True,1070494,ticker,
90178,45191,02043Q10,02043Q10,ALNY,Q,2021-01-04,2025-12-31,True,1178670,ticker,
90179,45192,03475V10,03475V10,ANGO,Q,2021-01-04,2025-12-31,True,1275187,ticker,
90188,45197,67070410,,,X,2021-01-04,2023-09-01,False,,no_edgar_ticker,
90194,45203,78469C10,,,X,2021-01-04,2024-05-16,False,,no_edgar_ticker,
90199,45270,12504L10,12504L10,CBRE,N,2021-01-04,2025-12-31,True,1138118,ticker,
90213,45286,60935Y20,,,X,2021-01-04,2023-06-01,False,,no_edgar_ticker,
90214,45287,64960484,64960484,ADAM,Q,2021-01-04,2025-12-31,True,1273685,ticker,
90215,45288,79466L30,79466L30,CRM,N,2021-01-04,2025-12-31,True,1108524,ticker,
90221,45295,06424J10,,,X,2021-01-04,2021-10-01,False,,no_edgar_ticker,
90223,45297,85513Q30,,,X,2021-01-04,2025-08-22,False,,no_edgar_ticker,
90248,45379,25754A20,25754A20,DPZ,Q,2021-01-04,2025-12-31,True,1286681,ticker,
90249,45380,29275Y10,29275Y10,ENS,N,2021-01-04,2025-12-31,True,1289308,ticker,
90276,45417,09227Q10,09227Q10,BLKB,Q,2021-01-04,2025-12-31,True,1280058,ticker,
90285,45425,56400P70,56400P70,MNKD,Q,2021-01-04,2025-12-31,True,899460,ticker,
90288,45428,64125588,,,X,2021-01-04,2025-05-02,False,,no_edgar_ticker,
90300,45464,02483510,,,X,2021-01-04,2022-08-10,False,,no_edgar_ticker,
90303,45467,19247A10,19247A10,CNS,N,2021-01-04,2025-12-31,True,1284812,ticker,
90305,45469,30225T10,30225T10,EXR,N,2021-01-04,2025-12-31,True,1289490,ticker,
90307,45471,49803T30,49803T30,KRG,N,2021-01-04,2025-12-31,True,1286043,ticker,
90312,45475,96041310,96041310,WLK,N,2021-01-04,2025-12-31,True,1262823,ticker,
90313,45477,G2125H10,G2125H10,CAAS,Q,2021-01-04,2025-12-31,True,2037400,ticker,
90314,45478,20260810,20260810,CVGI,Q,2021-01-04,2025-12-31,True,1290900,ticker,
90319,45483,02079K30,02079K30,GOOGL,Q,2021-01-04,2025-12-31,True,1652044,ticker,
90325,45488,85916J40,85916J40,STXS,A,2021-01-04,2025-12-31,True,1289340,ticker,
90353,45555,07368510,,,X,2021-01-04,2025-04-29,False,,no_edgar_ticker,
90358,45559,84287310,84287310,SFST,Q,2021-01-04,2025-12-31,True,1090009,ticker,
90366,45566,86184W10,,,X,2021-01-04,2022-11-04,False,,no_edgar_ticker,
90371,45680,12007610,12007610,BBW,N,2021-01-04,2025-12-31,True,1113809,ticker,
90373,45684,25386810,25386810,DLR,N,2021-01-04,2025-12-31,True,1297996,ticker,
90377,7317,68334410,68334410,ONTO,N,2021-01-04,2025-12-31,True,704532,ticker,
90386,45695,61945C10,61945C10,MOS,N,2021-01-04,2025-12-31,True,1285785,ticker,
90394,45703,86789210,86789210,SHO,N,2021-01-04,2025-12-31,True,1295810,ticker,
90400,45708,00770C10,00770C10,ARQ,Q,2021-01-04,2025-12-31,True,1515156,ticker,
90409,45716,44746210,44746210,HURN,Q,2021-01-04,2025-12-31,True,1289848,ticker,
90423,45728,45781M10,45781M10,INVA,Q,2021-01-04,2025-12-31,True,1080014,ticker,
90427,45732,88268110,88268110,TXRH,Q,2021-01-04,2025-12-31,True,1289460,ticker,
90436,45865,40637H10,40637H10,HALO,Q,2021-01-04,2025-12-31,True,1159036,ticker,
90440,45869,64007910,,,X,2021-01-04,2022-07-06,False,,no_edgar_ticker,
90444,45871,68668810,68668810,ORA,N,2021-01-04,2025-12-31,True,1296445,ticker,
90454,45878,57060D10,57060D10,MKTX,Q,2021-01-04,2025-12-31,True,1278021,ticker,
90455,45879,60983910,60983910,MPWR,Q,2021-01-04,2025-12-31,True,1280452,ticker,
90458,3309,66807430,66807430,NWE,Q,2021-01-04,2025-12-31,True,1993004,ticker,
90464,45886,84863T10,84863T10,SPOK,Q,2021-01-04,2025-12-31,True,1289945,ticker,
90470,45993,03100110,03100110,ATLO,Q,2021-01-04,2025-12-31,True,1132651,ticker,
90476,45998,20568420,20568420,CHCI,Q,2021-01-04,2025-12-31,True,1299969,ticker,
90490,44891,05969A10,05969A10,TBBK,Q,2021-01-04,2025-12-31,True,1295401,ticker,
90494,46014,43114K20,,,X,2021-01-04,2021-04-05,False,,no_edgar_ticker,
90496,46016,09624H20,09624H20,BXC,N,2021-01-04,2025-12-31,True,1301787,ticker,
90505,46024,51783410,51783410,LVS,N,2021-01-04,2025-12-31,True,1300514,ticker,
90506,46025,83600C10,83600C10,SOHO,Q,2021-01-04,2025-12-31,True,,no_edgar_ticker,
90507,46026,55608B10,,,X,2021-01-04,2022-07-21,False,,no_edgar_ticker,
90520,46091,15087010,15087010,CE,N,2021-01-04,2025-12-31,True,1306830,ticker,
90533,46102,92922P10,92922P10,WTI,N,2021-01-04,2025-12-31,True,1288403,ticker,
90534,46103,17292210,17292210,CZNC,Q,2021-01-04,2025-12-31,True,810958,ticker,
90539,46107,73109420,,,X,2021-01-04,2023-06-16,False,,no_edgar_ticker,
90542,46110,30233G20,30233G20,EYPT,Q,2021-01-04,2025-12-31,True,1314102,ticker,
90544,46112,86606G10,,,X,2021-01-04,2024-05-03,False,,no_edgar_ticker,
90548,46146,00191G10,,,X,2021-01-04,2024-11-22,False,,no_edgar_ticker,
90550,46149,25659T10,25659T10,DLB,N,2021-01-04,2025-12-31,True,1308547,ticker,
90558,46156,44701110,44701110,HUN,N,2021-01-04,2025-12-31,True,1307954,ticker,
90562,33,60871R10,60871R10,TAP,N,2021-01-04,2025-12-31,True,24545,ticker,
90564,46162,74112D10,74112D10,PBH,N,2021-01-04,2025-12-31,True,1295947,ticker,
90568,46168,56342010,,,X,2021-01-04,2025-01-02,False,,no_edgar_ticker,
90569,46169,96208T10,96208T10,WEX,N,2021-01-04,2025-12-31,True,1309108,ticker,
90590,46272,29366810,,,X,2021-01-04,2025-07-01,False,,no_edgar_ticker,
90591,46273,29371210,29371210,EFSC,Q,2021-01-04,2025-12-31,True,1025835,ticker,
90600,46281,48716P10,48716P10,KRNY,Q,2021-01-04,2025-12-31,True,1617242,ticker,
90601,46282,63110310,63110310,NDAQ,Q,2021-01-04,2025-12-31,True,1120193,ticker,
90603,46284,74036740,74036740,PFBC,Q,2021-01-04,2025-12-31,True,1492165,ticker,
90604,46285,60855020,,,X,2021-01-04,2024-12-26,False,,no_edgar_ticker,
90605,46287,91388P10,91388P10,ULH,Q,2021-01-04,2025-12-31,True,1308208,ticker,
90608,46418,46122W30,46122W30,INUV,A,2021-01-04,2025-12-31,True,829323,ticker,
90634,46441,05465C10,05465C10,AX,N,2021-01-04,2025-12-31,True,1299709,ticker,
90636,46443,49129210,49129210,KFFB,Q,2021-01-04,2025-12-31,True,1297341,ticker,
90637,46444,74431A10,,,X,2021-01-04,2022-07-01,False,,no_edgar_ticker,
90640,46446,05474830,05474830,SBLX,Q,2021-01-04,2025-12-31,True,,no_edgar_ticker,
90664,46559,25213110,25213110,DXCM,Q,2021-01-04,2025-12-31,True,1093557,ticker,
90672,46566,35702310,35702310,RAIL,Q,2021-01-04,2025-12-31,True,1320854,ticker,
90679,46668,19217610,19217610,JVA,Q,2021-01-04,2025-12-31,True,1007019,ticker,
90680,46669,25278430,25278430,DRH,Q,2021-01-04,2025-12-31,True,1298946,ticker,
90682,46671,26745T10,26745T10,DYAI,Q,2021-01-04,2025-12-31,True,1213809,ticker,
90701,46687,52110M10,52110M10,LAZ,N,2021-01-04,2025-12-31,True,1311370,ticker,
90706,46691,17306X10,17306X10,CTRN,Q,2021-01-04,2025-12-31,True,1318484,ticker,
90708,46692,61770010,61770010,MORN,Q,2021-01-04,2025-12-31,True,1289419,ticker,
90710,46694,72927310,72927310,PLBC,Q,2021-01-04,2025-12-31,True,1168455,ticker,
90715,46697,98981710,98981710,ZUMZ,Q,2021-01-04,2025-12-31,True,1318008,ticker,
90716,46701,00922R10,,,X,2021-01-04,2025-04-11,False,,no_edgar_ticker,
90718,46844,06643P10,06643P10,BFIN,Q,2021-01-04,2025-12-31,True,,no_edgar_ticker,
90720,46846,12008R10,12008R10,BLDR,N,2021-01-04,2025-12-31,True,1316835,ticker,
90734,46857,50187A10,,,X,2021-01-04,2023-02-22,False,,no_edgar_ticker,
90735,46858,53353510,53353510,LINC,Q,2021-01-04,2025-12-31,True,1286613,ticker,
90751,46874,25056510,25056510,DBI,N,2021-01-04,2025-12-31,True,1319947,ticker,
90755,46878,35471R10,35471R10,FSP,A,2021-01-04,2025-12-31,True,1031316,ticker,
90756,7765,68823920,68823920,OSK,N,2021-01-04,2025-12-31,True,775158,ticker,
90775,46889,89469A10,89469A10,THS,N,2021-01-04,2025-12-31,True,,no_edgar_ticker,
90776,46890,95763810,95763810,WAL,N,2021-01-04,2025-12-31,True,1212545,ticker,
90783,46992,34338940,34338940,FTK,N,2021-01-04,2025-12-31,True,928054,ticker,
90790,47000,58463J30,58463J30,MPW,N,2021-01-04,2025-12-31,True,,no_edgar_ticker,
90803,47009,20903410,,,X,2021-01-04,2024-12-27,False,,no_edgar_ticker,
90805,47011,25470F10,,,X,2021-01-04,2022-04-11,False,,no_edgar_ticker,
90806,47011,25470F20,,,X,2021-01-04,2022-04-11,False,,no_edgar_ticker,
90808,47013,30212P30,30212P30,EXPE,Q,2021-01-04,2025-12-31,True,1324424,ticker,
90825,47179,00081T10,00081T10,ACCO,N,2021-01-04,2025-12-31,True,712034,ticker,
90829,47183,12526910,12526910,CF,N,2021-01-04,2025-12-31,True,1324404,ticker,
90856,47203,04963C20,04963C20,ATRC,Q,2021-01-04,2025-12-31,True,1323885,ticker,
90868,47214,68209510,68209510,OFLX,Q,2021-01-04,2025-12-31,True,1317945,ticker,
90870,47216,75524B10,75524B10,RBC,N,2021-01-04,2025-12-31,True,1324948,ticker,
90871,47217,78333210,,,X,2021-01-04,2023-06-14,False,,no_edgar_ticker,
90875,47220,64107N20,64107N20,LSAK,Q,2021-01-04,2025-12-31,True,1041514,ticker,
90880,47422,03076C10,03076C10,AMP,N,2021-01-04,2025-12-31,True,820027,ticker,
90885,47428,30034T10,,,X,2021-01-04,2025-07-01,False,,no_edgar_ticker,
90907,47447,92765F10,,,X,2021-01-04,2025-02-04,False,,no_edgar_ticker,
90925,47864,31620R30,31620R30,FNF,N,2021-01-04,2025-12-31,True,1331875,ticker,
90926,46994,02155H20,02155H20,ALT,Q,2021-01-04,2025-12-31,True,1326190,ticker,
90949,47877,31939010,31939010,FBIZ,Q,2021-01-04,2025-12-31,True,1521951,ticker,
90952,47880,46146L10,,,X,2021-01-04,2022-04-07,False,,no_edgar_ticker,
90955,47883,86272A30,86272A30,SSKN,Q,2021-01-04,2025-12-31,True,,no_edgar_ticker,
90961,47887,94188P10,94188P10,WSBF,Q,2021-01-04,2025-12-31,True,1569994,ticker,
90963,48766,03071H10,03071H10,AMSF,Q,2021-01-04,2025-12-31,True,1018979,ticker,
90971,48773,46272610,,,X,2021-01-04,2025-12-22,False,,no_edgar_ticker,
90978,48778,86765240,,,X,2021-01-04,2024-08-16,False,,no_edgar_ticker,
90979,48779,90431110,90431110,UAA,N,2021-01-04,2025-12-31,True,1336917,ticker,
90983,7788,71057710,71057710,PEBK,Q,2021-01-04,2025-12-31,True,1093672,ticker,
90988,48786,11246310,11246310,BKD,N,2021-01-04,2025-12-31,True,1332349,ticker,
90989,48787,18453H10,18453H10,CCO,N,2021-01-04,2025-12-31,True,1334978,ticker,
90993,48793,45866F10,45866F10,ICE,N,2021-01-04,2025-12-31,True,1571949,ticker,
91015,49991,05529810,05529810,BCBP,Q,2021-01-04,2025-12-31,True,1228454,ticker,
91018,49994,21868110,,,X,2021-01-04,2021-09-02,False,,no_edgar_ticker,
91021,49997,72941H50,72941H50,PSTV,Q,2021-01-04,2025-12-31,True,,no_edgar_ticker,
91024,50000,54388110,,,X,2021-01-04,2021-11-19,False,,no_edgar_ticker,
91041,50016,53803410,53803410,LYV,N,2021-01-04,2025-12-31,True,1335258,ticker,
91068,50184,16965610,16965610,CMG,N,2021-01-04,2025-12-31,True,1058090,ticker,
91076,50195,13142810,13142810,CLMT,Q,2021-01-04,2025-12-31,True,2013745,ticker,
91080,50199,40403010,,,X,2021-01-04,2025-06-02,False,,no_edgar_ticker,
91083,50202,55977T20,55977T20,MGYR,Q,2021-01-04,2025-12-31,True,1337068,ticker,
91086,50290,00484M70,,,X,2021-01-04,2024-04-12,False,,no_edgar_ticker,
91090,50293,22704610,22704610,CROX,Q,2021-01-04,2025-12-31,True,1334036,ticker,
91095,50297,53635B10,53635B10,LQDT,Q,2021-01-04,2025-12-31,True,1235468,ticker,
91103,21793,91004710,91004710,UAL,Q,2021-01-04,2025-12-31,True,100517,ticker,
91114,50314,50060P10,50060P10,KOP,N,2021-01-04,2025-12-31,True,1315257,ticker,
91119,50319,00489Q10,00489Q10,ACR,N,2021-01-04,2025-12-31,True,1332551,ticker,
91152,50481,89364110,89364110,TDG,N,2021-01-04,2025-12-31,True,1260221,ticker,
91161,50489,39322210,39322210,GPRE,Q,2021-01-04,2025-12-31,True,1309402,ticker,
91176,50594,51070410,51070410,LSBK,Q,2021-01-04,2025-12-31,True,2059653,ticker,
91184,50600,40378310,40378310,GYRE,Q,2021-01-04,2025-12-31,True,1124105,ticker,
91186,50601,92165910,92165910,VNDA,Q,2021-01-04,2025-12-31,True,1347178,ticker,
91201,50471,45408X30,45408X30,IGC,A,2021-01-04,2025-12-31,True,1326205,ticker,
91204,21430,73650884,73650884,POR,N,2021-01-04,2025-12-31,True,784977,ticker,
91215,50694,24665A10,24665A10,DK,N,2021-01-04,2025-12-31,True,1694426,ticker,
91233,50700,57636Q10,57636Q10,MA,N,2021-01-04,2025-12-31,True,1141391,ticker,
91234,50701,62475810,62475810,MWA,N,2021-01-04,2025-12-31,True,1350593,ticker,
91237,50706,92886T20,,,X,2021-01-04,2022-07-21,False,,no_edgar_ticker,
91262,13927,04916420,,,X,2021-01-04,2023-03-20,False,,no_edgar_ticker,
91269,50727,14986C10,14986C10,CBAT,Q,2021-01-04,2025-12-31,True,2086841,ticker,
91274,50731,31891610,,,X,2021-01-04,2025-04-01,False,,no_edgar_ticker,
91277,41998,74915M60,74915M60,QVCGA,Q,2021-01-04,2025-12-31,True,,no_edgar_ticker,
91278,41998,74915M70,,,X,2021-01-04,2025-05-28,False,,no_edgar_ticker,
91279,50732,69937430,,,X,2021-01-04,2023-09-21,False,,no_edgar_ticker,
91283,50735,07134L10,07134L10,BATL,A,2021-01-04,2025-12-31,True,1282648,ticker,
91287,27739,90295210,90295210,GROW,Q,2021-01-04,2025-12-31,True,754811,ticker,
91299,50609,36982210,,,X,2021-01-04,2021-05-26,False,,no_edgar_ticker,
91348,50854,02081G20,02081G20,ATEC,Q,2021-01-04,2025-12-31,True,1350653,ticker,
91355,50860,43146610,,,X,2021-01-04,2022-12-27,False,,no_edgar_ticker,
91356,50861,43689320,43689320,HOMB,N,2021-01-04,2025-12-31,True,1331520,ticker,
91357,50862,44244K10,,,X,2021-01-04,2021-06-16,False,,no_edgar_ticker,
91359,50864,55035110,,,X,2021-01-04,2025-01-07,False,,no_edgar_ticker,
91360,50865,81617L10,,,X,2021-01-04,2021-10-18,False,,no_edgar_ticker,
91363,50867,69336V10,,,X,2021-01-04,2024-03-28,False,,no_edgar_ticker,
91365,50869,14161910,,,X,2021-01-04,2023-04-28,False,,no_edgar_ticker,
91366,50870,87157B40,87157B40,SNCR,Q,2021-01-04,2025-12-31,True,,no_edgar_ticker,
91379,50954,44183U30,44183U30,AGIG,A,2021-01-04,2025-12-31,True,1156041,ticker,
91392,50965,89416410,89416410,TNL,N,2021-01-04,2025-12-31,True,1361658,ticker,
91395,50969,85756110,,,X,2021-01-04,2023-01-12,False,,no_edgar_ticker,
91402,29717,16115Q30,16115Q30,GTLS,N,2021-01-04,2025-12-31,True,,no_edgar_ticker,
91403,23285,48300770,48300770,KALU,Q,2021-01-04,2025-12-31,True,811596,ticker,
91408,50979,86626420,86626420,SSBI,Q,2021-01-04,2025-12-31,True,,no_edgar_ticker,
91413,51094,29977A10,29977A10,EVR,N,2021-01-04,2025-12-31,True,1360901,ticker,
91416,51096,41034510,,,X,2021-01-04,2025-12-01,False,,no_edgar_ticker,
91421,51103,8342EP10,8342EP10,XPL,A,2021-01-04,2025-12-31,True,917225,ticker,
91428,50968,04363580,04363580,ASTI,Q,2021-01-04,2025-12-31,True,1350102,ticker,
91437,51184,35639010,35639010,FRHC,Q,2021-01-04,2025-12-31,True,924805,ticker,
91446,50830,20361210,,,X,2021-01-04,2021-12-06,False,,no_edgar_ticker,
91461,51196,95980210,95980210,WU,N,2021-01-04,2025-12-31,True,1365135,ticker,
91463,51198,20416610,20416610,CVLT,Q,2021-01-04,2025-12-31,True,1169561,ticker,
91468,51205,44925C10,44925C10,ICFI,Q,2021-01-04,2025-12-31,True,1362004,ticker,
91471,51208,00444P10,,,X,2021-01-04,2023-11-09,False,,no_edgar_ticker,
91472,51209,53262L10,,,X,2021-01-04,2023-05-01,False,,no_edgar_ticker,
91488,51213,98973P30,98973P30,TCRT,Q,2021-01-04,2025-12-31,True,1107421,ticker,
91498,51306,28238P10,28238P10,EHTH,Q,2021-01-04,2025-12-31,True,1333493,ticker,
91500,51308,30208110,30208110,EXLS,Q,2021-01-04,2025-12-31,True,1297989,ticker,
91503,51311,52555820,52555820,LMAT,Q,2021-01-04,2025-12-31,True,1158895,ticker,
91516,51321,04247X10,04247X10,AWI,N,2021-01-04,2025-12-31,True,7431,ticker,
91519,51326,25960P10,25960P10,DEI,N,2021-01-04,2025-12-31,True,1364250,ticker,
91522,51092,29271Q10,29271Q10,ESOA,Q,2021-01-04,2025-12-31,True,1357971,ticker,
91531,51337,69074210,69074210,OC,N,2021-01-04,2025-12-31,True,1370946,ticker,
91547,51338,52532710,52532710,LDOS,N,2021-01-04,2025-12-31,True,1336920,ticker,
91556,7684,77829610,77829610,ROST,Q,2021-01-04,2025-12-31,True,745732,ticker,
91571,51421,29089Q10,29089Q10,EBS,N,2021-01-04,2025-12-31,True,1367644,ticker,
91575,51423,42704L10,42704L10,HRI,N,2021-01-04,2025-12-31,True,1364479,ticker,
91579,51426,48242W10,48242W10,KBR,N,2021-01-04,2025-12-31,True,1357615,ticker,
91594,51433,84857410,,,X,2021-01-04,2025-12-08,False,,no_edgar_ticker,
91606,51442,14888U10,14888U10,CPRX,Q,2021-01-04,2025-12-31,True,,no_edgar_ticker,
91609,51445,17490310,17490310,CZWI,Q,2021-01-04,2025-12-31,True,1367859,ticker,
91611,51447,33643310,33643310,FSLR,Q,2021-01-04,2025-12-31,True,1274494,ticker,
91612,51448,37897350,37897350,GSAT,Q,2021-01-04,2025-12-31,True,1366868,ticker,
91615,51451,98585K85,,,X,2021-01-04,2024-05-16,False,,no_edgar_ticker,
91618,51454,68555P10,,,X,2021-01-04,2021-09-01,False,,no_edgar_ticker,
91622,51457,74167B10,74167B10,FRST,Q,2021-01-04,2025-12-31,True,1325670,ticker,
91625,51459,96924N10,96924N10,WLDN,Q,2021-01-04,2025-12-31,True,1370450,ticker,
91627,51408,75903M30,,,X,2021-01-04,2025-02-04,False,,no_edgar_ticker,
91658,51546,02208R10,,,X,2021-01-04,2023-03-27,False,,no_edgar_ticker,
91659,51547,01748X10,01748X10,ALGT,Q,2021-01-04,2025-12-31,True,1362468,ticker,
91665,51552,39060710,39060710,GLDD,Q,2021-01-04,2025-12-31,True,,no_edgar_ticker,
91668,51555,44980X10,44980X10,IPGP,Q,2021-01-04,2025-12-31,True,1111928,ticker,
91672,51559,58468P20,58468P20,MNOV,Q,2021-01-04,2025-12-31,True,1226616,ticker,
91678,51565,14574X10,,,X,2021-01-04,2024-05-16,False,,no_edgar_ticker,
91683,51568,79546E10,79546E10,SBH,N,2021-01-04,2025-12-31,True,1368458,ticker,
91688,51635,29221810,29221810,EIG,N,2021-01-04,2025-12-31,True,1379041,ticker,
91727,51645,89421B10,,,X,2021-01-04,2023-05-15,False,,no_edgar_ticker,
91733,51651,00807310,00807310,AVAV,Q,2021-01-04,2025-12-31,True,1368622,ticker,
91742,51660,83558L30,83558L30,SNOA,Q,2021-01-04,2025-12-31,True,1367083,ticker,
91754,51792,45675Y10,45675Y10,III,Q,2021-01-04,2025-12-31,True,1371489,ticker,
91801,51798,21870U50,,,X,2021-01-04,2023-12-04,False,,no_edgar_ticker,
91814,51803,00439710,00439710,ARAY,Q,2021-01-04,2025-12-31,True,1138723,ticker,
91815,11617,15352720,15352720,CENTA,Q,2021-01-04,2025-12-31,True,887733,ticker,
91822,51811,63530920,63530920,NCMI,Q,2021-01-04,2025-12-31,True,1377630,ticker,
91826,51815,14427M10,14427M10,PRTS,Q,2021-01-04,2025-12-31,True,1378950,ticker,
91832,51819,55886810,55886810,MDGL,Q,2021-01-04,2025-12-31,True,1157601,ticker,
91836,51949,05366Y20,05366Y20,AVNW,Q,2021-01-04,2025-12-31,True,1377789,ticker,
91849,51962,11133T10,11133T10,BR,N,2021-01-04,2025-12-31,True,1383312,ticker,
91854,51966,25755920,,,X,2021-01-04,2021-11-30,False,,no_edgar_ticker,
91855,7460,82873020,82873020,SFNC,Q,2021-01-04,2025-12-31,True,90498,ticker,
91900,51992,37989010,,,X,2021-01-04,2021-04-29,False,,no_edgar_ticker,
91901,51993,36241U10,36241U10,GSIT,Q,2021-01-04,2025-12-31,True,1126741,ticker,
91902,29231,42087720,,,X,2021-01-04,2024-11-21,False,,no_edgar_ticker,
91907,51998,86800U30,86800U30,SMCI,Q,2021-01-04,2025-12-31,True,1375365,ticker,
91909,52000,86564630,,,X,2021-01-04,2022-06-22,False,,no_edgar_ticker,
91910,52001,13810310,13810310,CTLP,Q,2021-01-04,2025-12-31,True,,no_edgar_ticker,
91915,52115,17243V10,17243V10,CNK,N,2021-01-04,2025-12-31,True,1385280,ticker,
91926,20569,24736170,24736170,DAL,N,2021-01-04,2025-12-31,True,27904,ticker,
91937,52120,87259010,87259010,TMUS,Q,2021-01-04,2025-12-31,True,1283699,ticker,
91959,52134,29667D10,,,X,2021-01-04,2025-07-24,False,,no_edgar_ticker,
91964,52138,67487050,67487050,OPTT,A,2021-01-04,2025-12-31,True,1378140,ticker,
91968,52142,87240R10,87240R10,TFSL,Q,2021-01-04,2025-12-31,True,1381668,ticker,
91975,52247,00766T10,00766T10,ACM,N,2021-01-04,2025-12-31,True,868857,ticker,
91977,45679,05508R10,05508R10,BGS,N,2021-01-04,2025-12-31,True,1278027,ticker,
91979,52251,12477X10,,,X,2021-01-04,2021-11-23,False,,no_edgar_ticker,
91983,52253,21201510,,,X,2021-01-04,2022-11-23,False,,no_edgar_ticker,
92010,52268,46629U10,,,X,2021-01-04,2021-11-16,False,,no_edgar_ticker,
92020,52278,37185X10,,,X,2021-01-04,2021-03-26,False,,no_edgar_ticker,
92029,10110,89621520,89621520,TRS,Q,2021-01-04,2025-12-31,True,842633,ticker,
92032,52284,01345P10,,,X,2021-01-04,2023-03-03,False,,no_edgar_ticker,
92035,52287,18449910,18449910,CLNE,Q,2021-01-04,2025-12-31,True,1368265,ticker,
92040,52292,03152W10,03152W10,FOLD,Q,2021-01-04,2025-12-31,True,,no_edgar_ticker,
92043,52295,45841N10,45841N10,IBKR,Q,2021-01-04,2025-12-31,True,1381197,ticker,
92050,52301,45784P10,45784P10,PODD,Q,2021-01-04,2025-12-31,True,1145197,ticker,
92052,52303,87874R30,87874R30,TTGT,Q,2021-01-04,2025-12-31,True,2018064,ticker,
92089,52369,39270910,39270910,GRBK,N,2021-01-04,2025-12-31,True,1373670,ticker,
92091,52371,10807Q70,10807Q70,BLIN,Q,2021-01-04,2025-12-31,True,1378590,ticker,
92095,52376,45667G10,,,X,2021-01-04,2025-02-28,False,,no_edgar_ticker,
92097,52378,53261M20,,,X,2021-01-04,2024-09-18,False,,no_edgar_ticker,
92102,52381,20564W20,20564W20,SCOR,Q,2021-01-04,2025-12-31,True,1158172,ticker,
92108,52388,09260D10,09260D10,BX,N,2021-01-04,2025-12-31,True,1393818,ticker,
92111,52391,88822Q10,88822Q10,TIPT,Q,2021-01-04,2025-12-31,True,1393726,ticker,
92121,52396,25470910,,,X,2021-01-04,2025-05-19,False,,no_edgar_ticker,
92130,52404,87164U50,87164U50,TOVX,A,2021-01-04,2025-12-31,True,894158,ticker,
92143,52408,74346Y10,,,X,2021-01-04,2025-12-09,False,,no_edgar_ticker,
92172,52520,23331S10,23331S10,DHX,N,2021-01-04,2025-12-31,True,1393883,ticker,
92203,52547,55002110,55002110,LULU,Q,2021-01-04,2025-12-31,True,1397187,ticker,
92213,52663,76729210,76729210,RIOT,Q,2021-01-04,2025-12-31,True,1167419,ticker,
92218,52667,87288V10,87288V10,TSSI,Q,2021-01-04,2025-12-31,True,1320760,ticker,
92220,52669,57479510,57479510,MASI,Q,2021-01-04,2025-12-31,True,,no_edgar_ticker,
92221,52670,58733R10,58733R10,MELI,Q,2021-01-04,2025-12-31,True,1099590,ticker,
92229,52677,92827P10,,,X,2021-01-04,2021-02-11,False,,no_edgar_ticker,
92239,52684,20605P10,,,X,2021-01-04,2021-01-19,False,,no_edgar_ticker,
92245,52690,03957W10,03957W10,AROC,N,2021-01-04,2025-12-31,True,1389050,ticker,
92252,52697,69638940,69638940,PALI,Q,2021-01-04,2025-12-31,True,1357459,ticker,
92257,52705,92856340,,,X,2021-01-04,2023-11-22,False,,no_edgar_ticker,
92293,52762,88076W10,88076W10,TDC,N,2021-01-04,2025-12-31,True,816761,ticker,
92294,52763,91689610,91689610,UEC,A,2021-01-04,2025-12-31,True,1334933,ticker,
92303,52773,32022K10,,,X,2021-01-04,2025-04-22,False,,no_edgar_ticker,
92318,52785,89214P10,89214P10,TOWN,Q,2021-01-04,2025-12-31,True,,no_edgar_ticker,
92322,52788,90384S30,90384S30,ULTA,Q,2021-01-04,2025-12-31,True,1403568,ticker,
92326,52793,12662P10,12662P10,CVI,N,2021-01-04,2025-12-31,True,1376139,ticker,
92343,52807,76131N10,,,X,2021-01-04,2025-02-13,False,,no_edgar_ticker,
92345,52809,66987P40,66987P40,NBY,A,2021-01-04,2025-12-31,True,,no_edgar_ticker,
92354,52811,74731Q10,,,X,2021-01-04,2022-10-31,False,,no_edgar_ticker,
92385,52825,16934Q80,16934Q80,CIM,N,2021-01-04,2025-12-31,True,1409493,ticker,
92400,52839,55003T10,,,X,2021-01-04,2024-08-12,False,,no_edgar_ticker,
92402,52840,55354G10,55354G10,MSCI,N,2021-01-04,2025-12-31,True,1408198,ticker,
92405,52843,81124610,,,X,2021-01-04,2023-11-17,False,,no_edgar_ticker,
92428,52854,02913V10,02913V10,APEI,Q,2021-01-04,2025-12-31,True,1201792,ticker,
92432,52858,29358P10,29358P10,ENSG,Q,2021-01-04,2025-12-31,True,1125376,ticker,
92443,52863,66611T10,66611T10,NFBK,Q,2021-01-04,2025-12-31,True,,no_edgar_ticker,
92448,52867,78112T20,,,X,2021-01-04,2022-12-30,False,,no_edgar_ticker,
92449,52868,75833840,75833840,REED,A,2021-01-04,2025-12-31,True,1140215,ticker,
92456,52874,04744L20,,,X,2021-01-04,2023-10-18,False,,no_edgar_ticker,
92466,52884,68627520,68627520,OESX,Q,2021-01-04,2025-12-31,True,1409375,ticker,
92467,52885,68628V30,68628V30,ORN,N,2021-01-04,2025-12-31,True,1402829,ticker,
92468,52886,72942G20,72942G20,PLUR,Q,2021-01-04,2025-12-31,True,1158780,ticker,
92469,52887,27876810,27876810,SATS,Q,2021-01-04,2025-12-31,True,,no_edgar_ticker,
92471,52889,88830R10,88830R10,TITN,Q,2021-01-04,2025-12-31,True,1409171,ticker,
92477,52831,04231570,04231570,ARR,N,2021-01-04,2025-12-31,True,1428205,ticker,
92486,52838,34380C20,34380C20,FLNT,Q,2021-01-04,2025-12-31,True,1460329,ticker,
92493,52898,86333M10,86333M10,LRN,N,2021-01-04,2025-12-31,True,1157408,ticker,
92502,52845,48939810,48939810,KW,N,2021-01-04,2025-12-31,True,,no_edgar_ticker,
92506,52907,89674910,,,X,2021-01-04,2022-02-01,False,,no_edgar_ticker,
92521,52918,25382T40,25382T40,DGLY,Q,2021-01-04,2025-12-31,True,,no_edgar_ticker,
92523,52920,58958U10,,,X,2021-01-04,2021-11-15,False,,no_edgar_ticker,
92528,52924,23505010,,,X,2021-01-04,2025-09-25,False,,no_edgar_ticker,
92557,52950,53814230,53814230,LIVE,Q,2021-01-04,2025-12-31,True,1045742,ticker,
92570,52956,23582520,23582520,DAN,N,2021-01-04,2025-12-31,True,26780,ticker,
92571,52960,13200M60,,,X,2021-01-04,2024-08-08,False,,no_edgar_ticker,
92583,7329,89671220,89671220,TRT,A,2021-01-04,2025-12-31,True,732026,ticker,
92587,52967,09067210,,,X,2021-01-04,2021-02-09,False,,no_edgar_ticker,
92588,52968,42726M10,,,X,2021-01-04,2023-10-17,False,,no_edgar_ticker,
92589,52969,G5214E10,G5214E10,KNDI,Q,2021-01-04,2025-12-31,True,1720250,ticker,
92593,52970,59851110,59851110,MOFG,Q,2021-01-04,2025-12-31,True,,no_edgar_ticker,
92594,52971,81642T20,81642T20,SLS,Q,2021-01-04,2025-12-31,True,1390478,ticker,
92596,52958,46269C10,46269C10,IRDM,Q,2021-01-04,2025-12-31,True,1418819,ticker,
92597,52975,43157110,43157110,HI,N,2021-01-04,2025-12-31,True,,no_edgar_ticker,
92601,52977,66553130,66553130,NOG,N,2021-01-04,2025-12-31,True,1104485,ticker,
92602,52978,71817210,71817210,PM,N,2021-01-04,2025-12-31,True,1413329,ticker,
92611,52983,92826C83,92826C83,V,N,2021-01-04,2025-12-31,True,1403161,ticker,
92614,52985,03042010,03042010,AWK,N,2021-01-04,2025-12-31,True,1410636,ticker,
92619,52991,38500T20,38500T20,GTE,A,2021-01-04,2025-12-31,True,1273441,ticker,
92621,52993,46121Y20,46121Y20,IPI,N,2021-01-04,2025-12-31,True,1421461,ticker,
92635,53000,74761910,74761910,NX,N,2021-01-04,2025-12-31,True,1423221,ticker,
92648,53008,19401450,19401450,ENOV,N,2021-01-04,2025-12-31,True,1420800,ticker,
92655,7267,91324P10,91324P10,UNH,N,2021-01-04,2025-12-31,True,731766,ticker,
92665,53015,67577R10,67577R10,IRD,Q,2021-01-04,2025-12-31,True,1228627,ticker,
92680,53021,00123Q10,00123Q10,AGNC,Q,2021-01-04,2025-12-31,True,1423689,ticker,
92685,53026,56140910,,,X,2021-01-04,2023-07-17,False,,no_edgar_ticker,
92686,53027,14070B30,14070B30,CAPR,Q,2021-01-04,2025-12-31,True,1133869,ticker,
92688,53029,82935V30,82935V30,SGLY,Q,2021-01-04,2025-12-31,True,1422892,ticker,
92690,7428,90300210,90300210,UMH,N,2021-01-04,2025-12-31,True,752642,ticker,
92716,53043,25432X10,25432X10,DCOM,Q,2021-01-04,2025-12-31,True,846617,ticker,
92729,53050,47783910,47783910,JBTM,N,2021-01-04,2025-12-31,True,1433660,ticker,
92753,53059,29270J10,29270J10,ERII,Q,2021-01-04,2025-12-31,True,1421517,ticker,
92773,53076,74164F10,74164F10,PRIM,N,2021-01-04,2025-12-31,True,1361538,ticker,
92775,53077,52603B10,52603B10,TREE,Q,2021-01-04,2025-12-31,True,1434621,ticker,
92778,47011,25470F30,,,X,2021-01-04,2022-04-11,False,,no_edgar_ticker,
92780,53060,40416E10,40416E10,HCI,N,2021-01-04,2025-12-31,True,1400810,ticker,
92782,53082,55405W10,55405W10,MYRG,Q,2021-01-04,2025-12-31,True,700923,ticker,
92797,53085,57633B10,57633B10,MHH,A,2021-01-04,2025-12-31,True,1437226,ticker,
92807,7407,03074A10,03074A10,ASRV,Q,2021-01-04,2025-12-31,True,707605,ticker,
92808,53096,25381B10,25381B10,DMRC,Q,2021-01-04,2025-12-31,True,2119322,ticker,
92809,53097,33621E10,33621E10,FSFG,Q,2021-01-04,2025-12-31,True,,no_edgar_ticker,
92810,53098,43689E10,43689E10,HBCP,Q,2021-01-04,2025-12-31,True,1436425,ticker,
92852,53106,38526M10,38526M10,LOPE,Q,2021-01-04,2025-12-31,True,1434588,ticker,
92854,53108,18538R10,18538R10,CLW,N,2021-01-04,2025-12-31,True,1441236,ticker,
92871,53113,92828Q10,92828Q10,VRTS,N,2021-01-04,2025-12-31,True,883237,ticker,
92878,53116,67180710,67180710,OVLY,Q,2021-01-04,2025-12-31,True,1431567,ticker,
92897,53126,16943W20,,,X,2021-01-04,2025-10-14,False,,no_edgar_ticker,
92902,53132,98979V10,,,X,2021-01-04,2022-11-10,False,,no_edgar_ticker,
92917,53139,11161T20,11161T20,BWEN,Q,2021-01-04,2025-12-31,True,1120370,ticker,
92919,53141,68738010,68738010,ORRF,Q,2021-01-04,2025-12-31,True,826154,ticker,
92935,53155,82001710,,,X,2021-01-04,2022-08-23,False,,no_edgar_ticker,
92951,53168,46131B70,46131B70,IVR,N,2021-01-04,2025-12-31,True,1437071,ticker,
92966,53174,81784E10,81784E10,SEVN,Q,2021-01-04,2025-12-31,True,1452477,ticker,
92987,53187,88145X10,,,X,2021-01-04,2025-04-02,False,,no_edgar_ticker,
92999,53194,85571B10,85571B10,STWD,N,2021-01-04,2025-12-31,True,1465128,ticker,
93002,53196,11135F10,11135F10,AVGO,Q,2021-01-04,2025-12-31,True,1730168,ticker,
93004,53198,23077010,23077010,CPIX,Q,2021-01-04,2025-12-31,True,1087294,ticker,
93012,53203,72703U20,72703U20,PLAG,A,2021-01-04,2025-12-31,True,1117057,ticker,
93014,53205,03762U10,03762U10,ARI,N,2021-01-04,2025-12-31,True,1467760,ticker,
93016,53207,16941T40,16941T40,CPHI,A,2021-01-04,2025-12-31,True,1106644,ticker,
93035,53214,81619Q10,81619Q10,SEM,N,2021-01-04,2025-12-31,True,,no_edgar_ticker,
93065,53234,60649T10,60649T10,MG,N,2021-01-04,2025-12-31,True,1436126,ticker,
93069,53237,36117V30,36117V30,FTFT,Q,2021-01-04,2025-12-31,True,1066923,ticker,
93070,53238,90187B80,90187B80,TWO,N,2021-01-04,2025-12-31,True,1465740,ticker,
93073,53242,00673910,00673910,ADUS,Q,2021-01-04,2025-12-31,True,1468328,ticker,
93079,53247,27875T10,,,X,2021-01-04,2021-11-23,False,,no_edgar_ticker,
93083,53251,53224K30,53224K30,LTBR,Q,2021-01-04,2025-12-31,True,1084554,ticker,
93085,53252,68214310,68214310,OMER,Q,2021-01-04,2025-12-31,True,1285819,ticker,
93089,53256,92345Y10,92345Y10,VRSK,Q,2021-01-04,2025-12-31,True,1442145,ticker,
93096,53264,25667710,25667710,DG,N,2021-01-04,2025-12-31,True,29534,ticker,
93098,53266,44857910,44857910,H,N,2021-01-04,2025-12-31,True,1468174,ticker,
93101,30388,52186520,52186520,LEA,N,2021-01-04,2025-12-31,True,842162,ticker,
93128,53282,22362260,,,X,2021-01-04,2023-03-01,False,,no_edgar_ticker,
93130,53284,16948F10,,,X,2021-01-04,2021-10-29,False,,no_edgar_ticker,
93131,53285,29082810,,,X,2021-01-04,2023-01-03,False,,no_edgar_ticker,
93132,53286,34959E10,34959E10,FTNT,Q,2021-01-04,2025-12-31,True,1262039,ticker,
93149,53293,98884U10,,,X,2021-01-04,2021-02-23,False,,no_edgar_ticker,
93150,43340,12558180,,,X,2021-01-04,2022-01-04,False,,no_edgar_ticker,
93174,53300,48238T10,48238T10,OPLN,N,2021-01-04,2025-12-31,True,1395942,ticker,
93175,53301,50077C10,,,X,2021-01-04,2022-03-15,False,,no_edgar_ticker,
93177,53303,46527C20,46527C20,ITP,A,2021-01-04,2025-12-31,True,1358190,ticker,
93179,53305,72147K10,72147K10,PPC,Q,2021-01-04,2025-12-31,True,802481,ticker,
93233,53332,55357310,,,X,2021-01-04,2021-07-09,False,,no_edgar_ticker,
93237,53335,88032L60,88032L60,TENX,Q,2021-01-04,2025-12-31,True,34956,ticker,
93246,53339,36873610,36873610,GNRC,N,2021-01-04,2025-12-31,True,1474735,ticker,
93251,53342,72019020,72019020,PDM,N,2021-01-04,2025-12-31,True,1042776,ticker,
93261,53344,88146M10,88146M10,TRNO,N,2021-01-04,2025-12-31,True,1476150,ticker,
93263,53346,15118V20,15118V20,CELH,Q,2021-01-04,2025-12-31,True,1341766,ticker,
93264,53347,46333X10,46333X10,IRWD,Q,2021-01-04,2025-12-31,True,1446847,ticker,
93266,53349,74874Q10,74874Q10,QNST,Q,2021-01-04,2025-12-31,True,1117297,ticker,
93272,53353,13100M50,13100M50,CALX,N,2021-01-04,2025-12-31,True,1406666,ticker,
93274,53355,98880R30,98880R30,CNET,Q,2021-01-04,2025-12-31,True,1376321,ticker,
93285,53358,38111940,,,X,2021-01-04,2024-12-16,False,,no_edgar_ticker,
93289,53359,57776J10,57776J10,MXL,Q,2021-01-04,2025-12-31,True,1288469,ticker,
93301,53366,05358830,,,X,2021-01-04,2023-01-20,False,,no_edgar_ticker,
93302,53367,16891340,16891340,CREG,Q,2021-01-04,2025-12-31,True,721693,ticker,
93304,53368,32055Y20,32055Y20,FIBK,Q,2021-01-04,2025-12-31,True,860413,ticker,
93312,53374,78467J10,78467J10,SSNC,Q,2021-01-04,2025-12-31,True,1402436,ticker,
93330,53383,74164M10,74164M10,PRI,N,2021-01-04,2025-12-31,True,1475922,ticker,
93339,53386,01625920,,,X,2021-01-04,2024-09-16,False,,no_edgar_ticker,
93345,53389,19200510,19200510,CDXS,Q,2021-01-04,2025-12-31,True,1200375,ticker,
93347,53391,G2124G12,G2124G12,RDGT,Q,2021-01-04,2025-12-31,True,1856084,ticker,
93356,53399,78463M10,78463M10,SPSC,Q,2021-01-04,2025-12-31,True,1092699,ticker,
93368,53402,26942G10,26942G10,EBMT,Q,2021-01-04,2025-12-31,True,1478454,ticker,
93369,53403,77634L10,,,X,2021-01-04,2024-11-19,False,,no_edgar_ticker,
93371,53357,21900C30,21900C30,CRMD,Q,2021-01-04,2025-12-31,True,1410098,ticker,
93372,53405,25960R10,25960R10,PLOW,N,2021-01-04,2025-12-31,True,1287213,ticker,
93373,53406,30219E20,,,X,2021-01-04,2024-03-07,False,,no_edgar_ticker,
93374,53407,31847R10,31847R10,FAF,N,2021-01-04,2025-12-31,True,1472787,ticker,
93393,53419,37230910,,,X,2021-01-04,2021-04-22,False,,no_edgar_ticker,
93397,53423,53274610,53274610,LMNR,Q,2021-01-04,2025-12-31,True,1342423,ticker,
93401,53428,87945510,,,X,2021-01-04,2021-02-17,False,,no_edgar_ticker,
93419,53437,44409740,44409740,HPP,N,2021-01-04,2025-12-31,True,1482512,ticker,
93422,53439,74733V10,,,X,2021-01-04,2021-03-17,False,,no_edgar_ticker,
93423,53440,83001A10,,,X,2021-01-04,2024-07-02,False,,no_edgar_ticker,
93426,53443,92835K10,92835K10,VPG,N,2021-01-04,2025-12-31,True,1487952,ticker,
93429,53447,12503M10,12503M10,CBOE,B,2021-01-04,2025-12-31,True,1374310,ticker,
93434,53427,78513530,,,X,2021-01-04,2025-08-04,False,,no_edgar_ticker,
93436,53453,88160R10,88160R10,TSLA,Q,2021-01-04,2025-12-31,True,1318605,ticker,
